gear,speed_bin_mph,pedal_bin_pct,LOCKED,OPEN,PARTIAL,total_time_s,frac_locked,frac_partial,frac_open,LOCKED_smoothed,PARTIAL_smoothed,OPEN_smoothed,total_time_s_smoothed,frac_locked_smoothed,frac_partial_smoothed,frac_open_smoothed
3,20,0,0.0,13.3429999999978,0.0,13.3429999999978,0.0,0.0,1.0,0.0,0.0,7.522749999999803,7.522749999999803,0.0,0.0,1.0
3,20,1,0.0,0.02200000000084401,0.0,0.02200000000084401,0.0,0.0,1.0,0.0,0.0,5.026666666666377,5.026666666666377,0.0,0.0,1.0
3,20,2,0.0,0.029999999998835847,0.0,0.029999999998835847,0.0,0.0,1.0,0.0,0.0,0.06366666666667697,0.06366666666667697,0.0,0.0,1.0
3,20,3,0.0,0.09900000000016007,0.0,0.09900000000016007,0.0,0.0,1.0,0.0,0.0,0.11966666666648962,0.11966666666648962,0.0,0.0,1.0
3,20,4,0.0,0.03099999999994907,0.0,0.03099999999994907,0.0,0.0,1.0,0.0,0.0,0.1563333333332745,0.1563333333332745,0.0,0.0,1.0
3,20,5,0.0,0.009000000000014552,0.0,0.009000000000014552,0.0,0.0,1.0,0.0,0.0,0.12666666666662726,0.12666666666662726,0.0,0.0,1.0
3,20,7,0.0,4.992000000000189,0.0,4.992000000000189,0.0,0.0,1.0,0.0,0.0,1.0790000000000266,1.0790000000000266,0.0,0.0,1.0
3,20,9,0.0,0.05999999999994543,0.0,0.05999999999994543,0.0,0.0,1.0,0.0,0.0,0.09683333333346884,0.09683333333346884,0.0,0.0,1.0
3,20,11,0.0,0.049999999999954525,0.0,0.049999999999954525,0.0,0.0,1.0,0.0,0.0,0.033166666666602396,0.033166666666602396,0.0,0.0,1.0
3,20,12,0.0,0.01999999999998181,0.0,0.01999999999998181,0.0,0.0,1.0,0.0,0.0,0.028333333333269668,0.028333333333269668,0.0,0.0,1.0
3,20,13,0.0,0.010999999999967258,0.0,0.010999999999967258,0.0,0.0,1.0,0.0,0.0,0.025166666666602094,0.025166666666602094,0.0,0.0,1.0
3,20,14,0.0,0.009999999999990905,0.0,0.009999999999990905,0.0,0.0,1.0,0.0,0.0,0.02500000000001516,0.02500000000001516,0.0,0.0,1.0
3,20,15,0.0,0.08900000000016917,0.0,0.08900000000016917,0.0,0.0,1.0,0.0,0.0,0.37999999999995754,0.37999999999995754,0.0,0.0,1.0
3,20,16,0.0,0.4700000000000273,0.0,0.4700000000000273,0.0,0.0,1.0,0.0,0.0,0.6153333333332208,0.6153333333332208,0.0,0.0,1.0
3,20,17,0.0,0.41699999999968895,0.0,0.41699999999968895,0.0,0.0,1.0,0.0,0.0,0.801999999999822,0.801999999999822,0.0,0.0,1.0
3,20,18,0.0,0.666999999999689,0.0,0.666999999999689,0.0,0.0,1.0,0.0,0.0,0.5051666666666487,0.5051666666666487,0.0,0.0,1.0
3,20,19,0.0,0.2130000000004202,0.0,0.2130000000004202,0.0,0.0,1.0,0.0,0.0,0.40916666666672086,0.40916666666672086,0.0,0.0,1.0
3,20,20,0.0,0.049999999999954525,0.0,0.049999999999954525,0.0,0.0,1.0,0.0,0.0,0.2161666666667467,0.2161666666667467,0.0,0.0,1.0
3,20,21,0.0,0.03099999999994907,0.0,0.03099999999994907,0.0,0.0,1.0,0.0,0.0,0.2226666666666688,0.2226666666666688,0.0,0.0,1.0
3,21,0,0.0,16.674000000000433,0.0,16.674000000000433,0.0,0.0,1.0,0.0,0.0,6.025666666666382,6.025666666666382,0.0,0.0,1.0
3,21,1,0.0,0.052000000000134605,0.0,0.052000000000134605,0.0,0.0,1.0,0.0,0.0,4.039222222221939,4.039222222221939,0.0,0.0,1.0
3,21,2,0.0,0.03900000000021464,0.0,0.03900000000021464,0.0,0.0,1.0,0.0,0.0,0.08788888888885697,0.08788888888885697,0.0,0.0,1.0
3,21,3,0.0,0.13999999999987267,0.0,0.13999999999987267,0.0,0.0,1.0,0.0,0.0,0.1273333333332529,0.1273333333332529,0.0,0.0,1.0
3,21,4,0.0,0.3789999999999054,0.0,0.3789999999999054,0.0,0.0,1.0,0.0,0.0,0.35555555555548485,0.35555555555548485,0.0,0.0,1.0
3,21,5,0.0,0.27999999999974534,0.0,0.27999999999974534,0.0,0.0,1.0,0.0,0.0,0.3158888888888214,0.3158888888888214,0.0,0.0,1.0
3,21,6,0.0,0.06100000000014916,0.0,0.06100000000014916,0.0,0.0,1.0,0.0,0.0,0.9679999999998472,0.9679999999998472,0.0,0.0,1.0
3,21,7,0.0,1.2499999999990905,0.0,1.2499999999990905,0.0,0.0,1.0,0.0,0.0,0.8777777777777879,0.8777777777777879,0.0,0.0,1.0
3,21,8,0.0,0.17100000000073123,0.0,0.17100000000073123,0.0,0.0,1.0,0.0,0.0,0.9186666666667457,0.9186666666667457,0.0,0.0,1.0
3,21,9,0.0,0.3100000000001728,0.0,0.3100000000001728,0.0,0.0,1.0,0.0,0.0,0.22700000000008913,0.22700000000008913,0.0,0.0,1.0
3,21,10,0.0,0.03999999999996362,0.0,0.03999999999996362,0.0,0.0,1.0,0.0,0.0,0.37455555555559134,0.37455555555559134,0.0,0.0,1.0
3,21,11,0.0,0.019000000000005457,0.0,0.019000000000005457,0.0,0.0,1.0,0.0,0.0,0.5206666666666832,0.5206666666666832,0.0,0.0,1.0
3,21,12,0.0,0.06999999999970896,0.0,0.06999999999970896,0.0,0.0,1.0,0.0,0.0,0.5318888888889686,0.5318888888889686,0.0,0.0,1.0
3,21,14,0.0,0.03999999999996362,0.0,0.03999999999996362,0.0,0.0,1.0,0.0,0.0,0.2752222222222068,0.2752222222222068,0.0,0.0,1.0
3,21,16,0.0,1.6709999999995944,0.0,1.6709999999995944,0.0,0.0,1.0,0.0,0.0,1.1819999999999657,1.1819999999999657,0.0,0.0,1.0
3,21,17,0.0,1.0449999999998454,0.0,1.0449999999998454,0.0,0.0,1.0,0.0,0.0,1.5732222222222403,1.5732222222222403,0.0,0.0,1.0
3,21,18,0.0,0.5420000000000869,0.0,0.5420000000000869,0.0,0.0,1.0,0.0,0.0,1.4526666666667565,1.4526666666667565,0.0,0.0,1.0
3,21,19,0.0,0.1470000000001619,0.0,0.1470000000001619,0.0,0.0,1.0,0.0,0.0,1.2725555555556158,1.2725555555556158,0.0,0.0,1.0
3,21,20,0.0,0.8360000000000127,0.0,0.8360000000000127,0.0,0.0,1.0,0.0,0.0,0.8998888888888689,0.8998888888888689,0.0,0.0,1.0
3,21,21,0.0,0.01999999999998181,0.0,0.01999999999998181,0.0,0.0,1.0,0.0,0.0,0.5028888888887827,0.5028888888887827,0.0,0.0,1.0
3,21,22,0.0,0.3990000000001146,0.0,0.3990000000001146,0.0,0.0,1.0,0.0,0.0,0.2188888888887972,0.2188888888887972,0.0,0.0,1.0
3,21,23,0.0,0.21100000000001273,0.0,0.21100000000001273,0.0,0.0,1.0,0.0,0.0,0.12211111111107836,0.12211111111107836,0.0,0.0,1.0
3,21,34,0.0,0.0409999999997126,0.0,0.0409999999997126,0.0,0.0,1.0,0.0,0.0,0.008666666666663837,0.008666666666663837,0.0,0.0,1.0
3,21,35,0.0,0.01900000000023283,0.0,0.01900000000023283,0.0,0.0,1.0,0.0,0.0,0.007888888888879187,0.007888888888879187,0.0,0.0,1.0
3,21,36,0.0,0.010999999999967258,0.0,0.010999999999967258,0.0,0.0,1.0,0.0,0.0,0.005666666666709515,0.005666666666709515,0.0,0.0,1.0
3,21,37,0.0,0.021000000000185537,0.0,0.021000000000185537,0.0,0.0,1.0,0.0,0.0,0.0256666666666408,0.0256666666666408,0.0,0.0,1.0
3,21,38,0.0,0.19899999999961437,0.0,0.19899999999961437,0.0,0.0,1.0,0.0,0.0,0.02988888888886423,0.02988888888886423,0.0,0.0,1.0
3,21,39,0.0,0.04899999999997817,0.0,0.04899999999997817,0.0,0.0,1.0,0.0,0.0,0.056444444444423425,0.056444444444423425,0.0,0.0,1.0
3,21,40,0.0,0.068000000000211,0.0,0.068000000000211,0.0,0.0,1.0,0.0,0.0,0.06333333333335152,0.06333333333335152,0.0,0.0,1.0
3,22,0,0.0,6.002999999999588,0.0,6.002999999999588,0.0,0.0,1.0,0.0,0.0,3.8783333333332926,3.8783333333332926,0.0,0.0,1.0
3,22,1,0.0,0.05999999999949068,0.0,0.05999999999949068,0.0,0.0,1.0,0.0,0.0,2.6043333333333423,2.6043333333333423,0.0,0.0,1.0
3,22,2,0.0,0.13000000000010914,0.0,0.13000000000010914,0.0,0.0,1.0,0.0,0.0,0.07111111111109697,0.07111111111109697,0.0,0.0,1.0
3,22,3,0.0,0.21900000000005093,0.0,0.21900000000005093,0.0,0.0,1.0,0.0,0.0,0.10955555555559233,0.10955555555559233,0.0,0.0,1.0
3,22,4,0.0,0.07900000000017826,0.0,0.07900000000017826,0.0,0.0,1.0,0.0,0.0,0.3401111111110266,0.3401111111110266,0.0,0.0,1.0
3,22,5,0.0,1.963999999999487,0.0,1.963999999999487,0.0,0.0,1.0,0.0,0.0,0.31144444444438096,0.31144444444438096,0.0,0.0,1.0
3,22,6,0.0,0.03999999999996362,0.0,0.03999999999996362,0.0,0.0,1.0,0.0,0.0,0.42222222222204026,0.42222222222204026,0.0,0.0,1.0
3,22,7,0.0,0.11599999999998545,0.0,0.11599999999998545,0.0,0.0,1.0,0.0,0.0,0.38199999999996076,0.38199999999996076,0.0,0.0,1.0
3,22,8,0.0,1.2699999999999818,0.0,1.2699999999999818,0.0,0.0,1.0,0.0,0.0,0.41622222222225796,0.41622222222225796,0.0,0.0,1.0
3,22,9,0.0,0.09900000000061482,0.0,0.09900000000061482,0.0,0.0,1.0,0.0,0.0,0.4483333333333929,0.4483333333333929,0.0,0.0,1.0
3,22,10,0.0,0.09299999999939246,0.0,0.09299999999939246,0.0,0.0,1.0,0.0,0.0,0.5647777777778376,0.5647777777778376,0.0,0.0,1.0
3,22,11,0.0,2.700000000000273,0.0,2.700000000000273,0.0,0.0,1.0,0.0,0.0,0.7895555555556054,0.7895555555556054,0.0,0.0,1.0
3,22,12,0.0,1.6940000000008695,0.0,1.6940000000008695,0.0,0.0,1.0,0.0,0.0,0.7148888888890369,0.7148888888890369,0.0,0.0,1.0
3,22,13,0.0,0.22299999999995634,0.0,0.22299999999995634,0.0,0.0,1.0,0.0,0.0,0.5515555555557007,0.5515555555557007,0.0,0.0,1.0
3,22,14,0.0,1.2100000000004911,0.0,1.2100000000004911,0.0,0.0,1.0,0.0,0.0,0.42966666666663716,0.42966666666663716,0.0,0.0,1.0
3,22,15,0.0,0.8939999999993233,0.0,0.8939999999993233,0.0,0.0,1.0,0.0,0.0,0.9207777777777565,0.9207777777777565,0.0,0.0,1.0
3,22,16,0.0,2.916000000000622,0.0,2.916000000000622,0.0,0.0,1.0,0.0,0.0,1.3654444444444243,1.3654444444444243,0.0,0.0,1.0
3,22,17,0.0,3.136000000000422,0.0,3.136000000000422,0.0,0.0,1.0,0.0,0.0,1.871666666666796,1.871666666666796,0.0,0.0,1.0
3,22,18,0.0,3.2950000000001864,0.0,3.2950000000001864,0.0,0.0,1.0,0.0,0.0,2.010777777777959,2.010777777777959,0.0,0.0,1.0
3,22,19,0.0,3.6120000000003074,0.0,3.6120000000003074,0.0,0.0,1.0,0.0,0.0,1.875111111111159,1.875111111111159,0.0,0.0,1.0
3,22,20,0.0,2.090999999999724,0.0,2.090999999999724,0.0,0.0,1.0,0.0,0.0,1.7039999999999698,1.7039999999999698,0.0,0.0,1.0
3,22,21,0.0,1.0989999999993074,0.0,1.0989999999993074,0.0,0.0,1.0,0.0,0.0,1.0346666666666173,1.0346666666666173,0.0,0.0,1.0
3,22,23,0.0,0.209999999999809,0.0,0.209999999999809,0.0,0.0,1.0,0.0,0.0,0.19566666666666302,0.19566666666666302,0.0,0.0,1.0
3,22,24,0.0,0.278999999999769,0.0,0.278999999999769,0.0,0.0,1.0,0.0,0.0,0.19677777777772262,0.19677777777772262,0.0,0.0,1.0
3,22,25,0.0,0.009000000000014552,0.0,0.009000000000014552,0.0,0.0,1.0,0.0,0.0,0.11777777777777172,0.11777777777777172,0.0,0.0,1.0
3,22,28,0.0,0.010000000000218279,0.0,0.010000000000218279,0.0,0.0,1.0,0.0,0.0,0.05233333333333374,0.05233333333333374,0.0,0.0,1.0
3,22,29,0.0,0.021999999999934516,0.0,0.021999999999934516,0.0,0.0,1.0,0.0,0.0,0.04011111111117316,0.04011111111117316,0.0,0.0,1.0
3,22,30,0.0,0.009999999999763531,0.0,0.009999999999763531,0.0,0.0,1.0,0.0,0.0,0.036888888888900816,0.036888888888900816,0.0,0.0,1.0
3,22,31,0.0,0.010000000000218279,0.0,0.010000000000218279,0.0,0.0,1.0,0.0,0.0,0.0388888888890051,0.0388888888890051,0.0,0.0,1.0
3,22,32,0.0,0.021999999999934516,0.0,0.021999999999934516,0.0,0.0,1.0,0.0,0.0,0.033222222222219794,0.033222222222219794,0.0,0.0,1.0
3,22,33,0.0,0.018000000000029104,0.0,0.018000000000029104,0.0,0.0,1.0,0.0,0.0,0.03544444444444,0.03544444444444,0.0,0.0,1.0
3,22,40,0.0,0.19200000000000728,0.0,0.19200000000000728,0.0,0.0,1.0,0.0,0.0,0.06333333333335152,0.06333333333335152,0.0,0.0,1.0
3,22,41,0.0,0.26099999999996726,0.0,0.26099999999996726,0.0,0.0,1.0,0.0,0.0,0.0578888888889095,0.0578888888889095,0.0,0.0,1.0
3,23,0,0.0,0.48100000000010823,0.0,0.48100000000010823,0.0,0.0,1.0,0.0,0.0,1.2273333333332062,1.2273333333332062,0.0,0.0,1.0
3,23,7,0.0,0.08899999999994179,0.0,0.08899999999994179,0.0,0.0,1.0,0.0,0.0,0.23288888888885143,0.23288888888885143,0.0,0.0,1.0
3,23,8,0.0,0.44099999999980355,0.0,0.44099999999980355,0.0,0.0,1.0,0.0,0.0,0.23400000000003732,0.23400000000003732,0.0,0.0,1.0
3,23,10,0.0,1.6109999999998763,0.0,1.6109999999998763,0.0,0.0,1.0,0.0,0.0,1.1114444444445504,1.1114444444445504,0.0,0.0,1.0
3,23,11,0.0,0.2110000000002401,0.0,0.2110000000002401,0.0,0.0,1.0,0.0,0.0,1.4874444444445014,1.4874444444445014,0.0,0.0,1.0
3,23,12,0.0,0.66800000000012,0.0,0.66800000000012,0.0,0.0,1.0,0.0,0.0,1.3365555555556943,1.3365555555556943,0.0,0.0,1.0
3,23,13,0.0,0.8490000000001601,0.0,0.8490000000001601,0.0,0.0,1.0,0.0,0.0,1.1684444444446045,1.1684444444446045,0.0,0.0,1.0
3,23,14,0.0,0.21000000000003638,0.0,0.21000000000003638,0.0,0.0,1.0,0.0,0.0,0.9783333333333909,0.9783333333333909,0.0,0.0,1.0
3,23,15,0.0,0.44099999999980355,0.0,0.44099999999980355,0.0,0.0,1.0,0.0,0.0,1.5726666666667295,1.5726666666667295,0.0,0.0,1.0
3,23,16,0.0,0.9049999999999727,0.0,0.9049999999999727,0.0,0.0,1.0,0.0,0.0,1.6776666666666087,1.6776666666666087,0.0,0.0,1.0
3,23,17,0.0,1.2810000000002333,0.0,1.2810000000002333,0.0,0.0,1.0,0.0,0.0,2.8215555555555816,2.8215555555555816,0.0,0.0,1.0
3,23,18,0.0,2.054000000000201,0.0,2.054000000000201,0.0,0.0,1.0,0.0,0.0,3.2373333333333867,3.2373333333333867,0.0,0.0,1.0
3,23,19,0.0,2.985000000000184,0.0,2.985000000000184,0.0,0.0,1.0,0.0,0.0,3.1422222222222254,3.1422222222222254,0.0,0.0,1.0
3,23,20,0.0,1.3139999999995666,0.0,1.3139999999995666,0.0,0.0,1.0,0.0,0.0,2.871555555555467,2.871555555555467,0.0,0.0,1.0
3,23,21,0.0,3.2320000000004825,0.0,3.2320000000004825,0.0,0.0,1.0,0.0,0.0,1.8368888888887038,1.8368888888887038,0.0,0.0,1.0
3,23,22,0.0,0.32100000000036744,0.0,0.32100000000036744,0.0,0.0,1.0,0.0,0.0,1.5123333333331364,1.5123333333331364,0.0,0.0,1.0
3,23,23,0.0,0.3199999999994816,0.0,0.3199999999994816,0.0,0.0,1.0,0.0,0.0,0.5208888888888058,0.5208888888888058,0.0,0.0,1.0
3,23,24,0.0,0.02100000000041291,0.0,0.02100000000041291,0.0,0.0,1.0,0.0,0.0,0.6949999999999302,0.6949999999999302,0.0,0.0,1.0
3,23,25,0.0,0.7210000000000036,0.0,0.7210000000000036,0.0,0.0,1.0,0.0,0.0,0.4311111111112245,0.4311111111112245,0.0,0.0,1.0
3,23,26,0.0,0.02999999999974534,0.0,0.02999999999974534,0.0,0.0,1.0,0.0,0.0,0.44777777777783817,0.44777777777783817,0.0,0.0,1.0
3,23,27,0.0,0.25900000000001455,0.0,0.25900000000001455,0.0,0.0,1.0,0.0,0.0,0.14222222222235845,0.14222222222235845,0.0,0.0,1.0
3,23,28,0.0,0.06000000000040018,0.0,0.06000000000040018,0.0,0.0,1.0,0.0,0.0,0.12122222222219818,0.12122222222219818,0.0,0.0,1.0
3,23,29,0.0,0.11999999999943611,0.0,0.11999999999943611,0.0,0.0,1.0,0.0,0.0,0.04333333333334474,0.04333333333334474,0.0,0.0,1.0
3,23,30,0.0,0.1390000000008058,0.0,0.1390000000008058,0.0,0.0,1.0,0.0,0.0,0.045777777777781914,0.045777777777781914,0.0,0.0,1.0
3,23,31,0.0,0.03099999999994907,0.0,0.03099999999994907,0.0,0.0,1.0,0.0,0.0,0.04888888888892051,0.04888888888892051,0.0,0.0,1.0
3,23,32,0.0,0.1380000000003747,0.0,0.1380000000003747,0.0,0.0,1.0,0.0,0.0,0.04088888888885705,0.04088888888885705,0.0,0.0,1.0
3,23,33,0.0,0.0799999999994725,0.0,0.0799999999994725,0.0,0.0,1.0,0.0,0.0,0.05977777777770349,0.05977777777770349,0.0,0.0,1.0
3,23,34,0.0,0.020000000000436557,0.0,0.020000000000436557,0.0,0.0,1.0,0.0,0.0,0.1015555555555039,0.1015555555555039,0.0,0.0,1.0
3,24,0,0.0,0.7799999999999727,0.0,0.7799999999999727,0.0,0.0,1.0,0.0,0.0,0.21683333333335972,0.21683333333335972,0.0,0.0,1.0
3,24,1,0.0,0.04000000000007731,0.0,0.04000000000007731,0.0,0.0,1.0,0.0,0.0,0.14666666666668485,0.14666666666668485,0.0,0.0,1.0
3,24,2,0.0,0.019000000000005457,0.0,0.019000000000005457,0.0,0.0,1.0,0.0,0.0,0.014555555555565055,0.014555555555565055,0.0,0.0,1.0
3,24,3,0.0,0.07200000000000273,0.0,0.07200000000000273,0.0,0.0,1.0,0.0,0.0,0.01555555555555404,0.01555555555555404,0.0,0.0,1.0
3,24,4,0.0,0.04899999999997817,0.0,0.04899999999997817,0.0,0.0,1.0,0.0,0.0,0.09211111111109303,0.09211111111109303,0.0,0.0,1.0
3,24,5,0.0,0.6299999999998818,0.0,0.6299999999998818,0.0,0.0,1.0,0.0,0.0,0.09188888888887607,0.09188888888887607,0.0,0.0,1.0
3,24,6,0.0,0.07000000000005002,0.0,0.07000000000005002,0.0,0.0,1.0,0.0,0.0,0.09844444444442818,0.09844444444442818,0.0,0.0,1.0
3,24,7,0.0,0.019000000000005457,0.0,0.019000000000005457,0.0,0.0,1.0,0.0,0.0,0.07444444444441463,0.07444444444441463,0.0,0.0,1.0
3,24,8,0.0,0.05099999999993088,0.0,0.05099999999993088,0.0,0.0,1.0,0.0,0.0,0.06899999999997262,0.06899999999997262,0.0,0.0,1.0
3,24,9,0.0,0.02100000000007185,0.0,0.02100000000007185,0.0,0.0,1.0,0.0,0.0,0.3613333333333408,0.3613333333333408,0.0,0.0,1.0
3,24,10,0.0,1.1280000000003838,0.0,1.1280000000003838,0.0,0.0,1.0,0.0,0.0,0.9540000000000646,0.9540000000000646,0.0,0.0,1.0
3,24,11,0.0,4.1400000000001,0.0,4.1400000000001,0.0,0.0,1.0,0.0,0.0,1.3441111111111972,1.3441111111111972,0.0,0.0,1.0
3,24,12,0.0,1.141999999999257,0.0,1.141999999999257,0.0,0.0,1.0,0.0,0.0,1.229777777777833,1.229777777777833,0.0,0.0,1.0
3,24,13,0.0,0.40200000000027103,0.0,0.40200000000027103,0.0,0.0,1.0,0.0,0.0,1.4618888888890005,1.4618888888890005,0.0,0.0,1.0
3,24,14,0.0,4.118000000000279,0.0,4.118000000000279,0.0,0.0,1.0,0.0,0.0,1.218111111111164,1.218111111111164,0.0,0.0,1.0
3,24,15,0.0,0.45800000000019736,0.0,0.45800000000019736,0.0,0.0,1.0,0.0,0.0,1.9716666666667304,1.9716666666667304,0.0,0.0,1.0
3,24,16,0.0,3.001999999999839,0.0,3.001999999999839,0.0,0.0,1.0,0.0,0.0,1.5842222222221192,1.5842222222221192,0.0,0.0,1.0
3,24,17,0.0,2.0659999999990646,0.0,2.0659999999990646,0.0,0.0,1.0,0.0,0.0,2.905222222222202,2.905222222222202,0.0,0.0,1.0
3,24,18,0.0,6.738999999999692,0.0,6.738999999999692,0.0,0.0,1.0,0.0,0.0,2.921666666666668,2.921666666666668,0.0,0.0,1.0
3,24,19,0.0,3.9680000000001883,0.0,3.9680000000001883,0.0,0.0,1.0,0.0,0.0,2.946000000000071,2.946000000000071,0.0,0.0,1.0
3,24,20,0.0,2.22199999999998,0.0,2.22199999999998,0.0,0.0,1.0,0.0,0.0,2.681666666666659,2.681666666666659,0.0,0.0,1.0
3,24,21,0.0,5.320999999999458,0.0,5.320999999999458,0.0,0.0,1.0,0.0,0.0,1.9064444444443704,1.9064444444443704,0.0,0.0,1.0
3,24,22,0.0,0.9319999999994479,0.0,0.9319999999994479,0.0,0.0,1.0,0.0,0.0,1.77244444444428,1.77244444444428,0.0,0.0,1.0
3,24,23,0.0,2.175999999999874,0.0,2.175999999999874,0.0,0.0,1.0,0.0,0.0,0.6536666666666014,0.6536666666666014,0.0,0.0,1.0
3,24,24,0.0,0.4290000000000873,0.0,0.4290000000000873,0.0,0.0,1.0,0.0,0.0,0.8986666666666059,0.8986666666666059,0.0,0.0,1.0
3,24,25,0.0,2.089999999999918,0.0,2.089999999999918,0.0,0.0,1.0,0.0,0.0,0.5993333333334349,0.5993333333334349,0.0,0.0,1.0
3,24,26,0.0,0.30100000000106775,0.0,0.30100000000106775,0.0,0.0,1.0,0.0,0.0,0.6562222222222291,0.6562222222222291,0.0,0.0,1.0
3,24,27,0.0,0.6199999999997772,0.0,0.6199999999997772,0.0,0.0,1.0,0.0,0.0,0.23311111111119462,0.23311111111119462,0.0,0.0,1.0
3,24,30,0.0,0.028999999999541615,0.0,0.028999999999541615,0.0,0.0,1.0,0.0,0.0,0.04111111111112417,0.04111111111112417,0.0,0.0,1.0
3,24,31,0.0,0.051000000000385626,0.0,0.051000000000385626,0.0,0.0,1.0,0.0,0.0,0.044222222222262776,0.044222222222262776,0.0,0.0,1.0
3,24,32,0.0,0.009999999999308784,0.0,0.009999999999308784,0.0,0.0,1.0,0.0,0.0,0.03533333333328091,0.03533333333328091,0.0,0.0,1.0
3,24,33,0.0,0.008000000000038199,0.0,0.008000000000038199,0.0,0.0,1.0,0.0,0.0,0.05533333333326273,0.05533333333326273,0.0,0.0,1.0
3,24,34,0.0,0.24199999999973443,0.0,0.24199999999973443,0.0,0.0,1.0,0.0,0.0,0.11544444444439243,0.11544444444439243,0.0,0.0,1.0
3,24,35,0.0,0.5459999999998217,0.0,0.5459999999998217,0.0,0.0,1.0,0.0,0.0,0.13133333333333508,0.13133333333333508,0.0,0.0,1.0
3,24,36,0.0,0.08100000000013097,0.0,0.08100000000013097,0.0,0.0,1.0,0.0,0.0,0.10555555555553527,0.10555555555553527,0.0,0.0,1.0
3,25,5,0.0,0.07799999999997453,0.0,0.07799999999997453,0.0,0.0,1.0,0.0,0.0,0.16977777777776107,0.16977777777776107,0.0,0.0,1.0
3,25,11,0.0,1.474999999999909,0.0,1.474999999999909,0.0,0.0,1.0,0.0,0.0,1.3729999999999842,1.3729999999999842,0.0,0.0,1.0
3,25,12,0.0,1.7220000000008895,0.0,1.7220000000008895,0.0,0.0,1.0,0.0,0.0,2.8289999999999442,2.8289999999999442,0.0,0.0,1.0
3,25,13,0.0,0.45899999999954844,0.0,0.45899999999954844,0.0,0.0,1.0,0.0,0.0,4.8978888888889545,4.8978888888889545,0.0,0.0,1.0
3,25,14,0.0,3.587000000000444,0.0,3.587000000000444,0.0,0.0,1.0,0.0,0.0,4.873666666666736,4.873666666666736,0.0,0.0,1.0
3,25,15,0.0,0.43899999999973716,0.0,0.43899999999973716,0.0,0.0,1.0,0.0,0.0,4.751444444444492,4.751444444444492,0.0,0.0,1.0
3,25,16,0.0,4.585000000000264,0.0,4.585000000000264,0.0,0.0,1.0,0.0,0.0,2.681666666666603,2.681666666666603,0.0,0.0,1.0
3,25,17,0.0,1.0809999999999604,0.0,1.0809999999999604,0.0,0.0,1.0,0.0,0.0,4.257444444444452,4.257444444444452,0.0,0.0,1.0
3,25,18,0.0,4.434000000000594,0.0,4.434000000000594,0.0,0.0,1.0,0.0,0.0,3.6567777777778043,3.6567777777778043,0.0,0.0,1.0
3,25,19,0.0,1.6869999999998981,0.0,1.6869999999998981,0.0,0.0,1.0,0.0,0.0,3.6353333333333544,3.6353333333333544,0.0,0.0,1.0
3,25,20,0.0,1.111000000000331,0.0,1.111000000000331,0.0,0.0,1.0,0.0,0.0,2.8559999999999506,2.8559999999999506,0.0,0.0,1.0
3,25,21,0.0,2.2949999999998454,0.0,2.2949999999998454,0.0,0.0,1.0,0.0,0.0,2.179111111110925,2.179111111110925,0.0,0.0,1.0
3,25,22,0.0,0.4099999999998545,0.0,0.4099999999998545,0.0,0.0,1.0,0.0,0.0,2.0552222222220977,2.0552222222220977,0.0,0.0,1.0
3,25,23,0.0,0.944999999999709,0.0,0.944999999999709,0.0,0.0,1.0,0.0,0.0,0.9653333333332506,0.9653333333332506,0.0,0.0,1.0
3,25,24,0.0,0.32900000000017826,0.0,0.32900000000017826,0.0,0.0,1.0,0.0,0.0,1.2928888888889047,1.2928888888889047,0.0,0.0,1.0
3,25,25,0.0,1.056999999999789,0.0,1.056999999999789,0.0,0.0,1.0,0.0,0.0,0.918333333333345,0.918333333333345,0.0,0.0,1.0
3,25,26,0.0,0.4159999999997126,0.0,0.4159999999997126,0.0,0.0,1.0,0.0,0.0,0.9376666666666506,0.9376666666666506,0.0,0.0,1.0
3,25,27,0.0,0.41200000000003456,0.0,0.41200000000003456,0.0,0.0,1.0,0.0,0.0,0.40222222222226117,0.40222222222226117,0.0,0.0,1.0
3,25,35,0.0,0.1430000000000291,0.0,0.1430000000000291,0.0,0.0,1.0,0.0,0.0,0.159111111111063,0.159111111111063,0.0,0.0,1.0
3,25,36,0.0,0.14999999999986358,0.0,0.14999999999986358,0.0,0.0,1.0,0.0,0.0,0.15677777777775956,0.15677777777775956,0.0,0.0,1.0
3,25,37,0.0,0.029999999999972715,0.0,0.029999999999972715,0.0,0.0,1.0,0.0,0.0,0.052555555555551296,0.052555555555551296,0.0,0.0,1.0
3,26,0,0.03900000000021464,0.4469999999999459,0.01999999999998181,0.5060000000001423,0.07707509881463176,0.03952569169955768,0.8833992094858105,0.04516666666669759,0.04016666666658845,0.16999999999999696,0.255333333333283,0.17689295039180086,0.15731070496056018,0.6657963446476389
3,26,3,0.0,0.1750000000000682,0.0,0.1750000000000682,0.0,0.0,1.0,0.0,0.0,0.02466666666667076,0.02466666666667076,0.0,0.0,1.0
3,26,4,0.0,0.016999999999939064,0.0,0.016999999999939064,0.0,0.0,1.0,0.0,0.0,0.10377777777781856,0.10377777777781856,0.0,0.0,1.0
3,26,5,0.0,0.6430000000003133,0.0,0.6430000000003133,0.0,0.0,1.0,0.0,0.0,0.09299999999999248,0.09299999999999248,0.0,0.0,1.0
3,26,6,0.0,0.0409999999997126,0.0,0.0409999999997126,0.0,0.0,1.0,0.0,0.0,0.09866666666668937,0.09866666666668937,0.0,0.0,1.0
3,26,7,0.0,0.01900000000023283,0.0,0.01900000000023283,0.0,0.0,1.0,0.0,0.0,0.030777777777763683,0.030777777777763683,0.0,0.0,1.0
3,26,8,0.0,0.03099999999994907,0.0,0.03099999999994907,0.0,0.0,1.0,0.0,0.0,0.036888888888881866,0.036888888888881866,0.0,0.0,1.0
3,26,9,0.0,0.02999999999974534,0.0,0.02999999999974534,0.0,0.0,1.0,0.0,0.0,0.1246666666666556,0.1246666666666556,0.0,0.0,1.0
3,26,10,0.0,0.6480000000001382,0.0,0.6480000000001382,0.0,0.0,1.0,0.0,0.0,0.42722222222219997,0.42722222222219997,0.0,0.0,1.0
3,26,11,0.0,0.7599999999999909,0.0,0.7599999999999909,0.0,0.0,1.0,0.0,0.0,1.1278888888889596,1.1278888888889596,0.0,0.0,1.0
3,26,12,0.0,1.3419999999991887,0.0,1.3419999999991887,0.0,0.0,1.0,0.0,0.0,3.075333333333383,3.075333333333383,0.0,0.0,1.0
3,26,13,0.0,14.019000000000347,0.0,14.019000000000347,0.0,0.0,1.0,0.0,0.0,5.850111111111214,5.850111111111214,0.0,0.0,1.0
3,26,14,0.0,17.29000000000036,0.0,17.29000000000036,0.0,0.0,1.0,0.0,0.0,6.12255555555548,6.12255555555548,0.0,0.0,1.0
3,26,15,0.0,3.0909999999994398,0.0,3.0909999999994398,0.0,0.0,1.0,0.0,0.0,5.586777777777697,5.586777777777697,0.0,0.0,1.0
3,26,16,0.0,6.19299999999987,0.0,6.19299999999987,0.0,0.0,1.0,0.0,0.0,3.7425555555555547,3.7425555555555547,0.0,0.0,1.0
3,26,17,0.0,3.2200000000010505,0.0,3.2200000000010505,0.0,0.0,1.0,0.0,0.0,4.46255555555574,4.46255555555574,0.0,0.0,1.0
3,26,18,0.0,6.99699999999973,0.0,6.99699999999973,0.0,0.0,1.0,0.0,0.0,3.608333333333469,3.608333333333469,0.0,0.0,1.0
3,26,19,0.0,2.719000000000051,0.0,2.719000000000051,0.0,0.0,1.0,0.0,0.0,3.2097777777778447,3.2097777777778447,0.0,0.0,1.0
3,26,20,0.0,2.840999999999724,0.0,2.840999999999724,0.0,0.0,1.0,0.0,0.0,2.4130000000000424,2.4130000000000424,0.0,0.0,1.0
3,26,21,0.0,3.5400000000000773,0.0,3.5400000000000773,0.0,0.0,1.0,0.0,0.0,1.9956666666666492,1.9956666666666492,0.0,0.0,1.0
3,26,22,0.0,0.9399999999995998,0.0,0.9399999999995998,0.0,0.0,1.0,0.0,0.0,1.7477777777778176,1.7477777777778176,0.0,0.0,1.0
3,26,23,0.0,1.9380000000010114,0.0,1.9380000000010114,0.0,0.0,1.0,0.0,0.0,1.0544444444445211,1.0544444444445211,0.0,0.0,1.0
3,26,24,0.0,0.588999999999487,0.0,0.588999999999487,0.0,0.0,1.0,0.0,0.0,1.3742222222223923,1.3742222222223923,0.0,0.0,1.0
3,26,25,0.0,2.0830000000000837,0.0,2.0830000000000837,0.0,0.0,1.0,0.0,0.0,1.0825555555555233,1.0825555555555233,0.0,0.0,1.0
3,26,26,0.0,0.9709999999997763,0.0,0.9709999999997763,0.0,0.0,1.0,0.0,0.0,1.0575555555554577,1.0575555555554577,0.0,0.0,1.0
3,26,27,0.0,0.4889999999996917,0.0,0.4889999999996917,0.0,0.0,1.0,0.0,0.0,0.7024444444443816,0.7024444444443816,0.0,0.0,1.0
3,26,28,0.0,0.4110000000002856,0.0,0.4110000000002856,0.0,0.0,1.0,0.0,0.0,0.39611111111111724,0.39611111111111724,0.0,0.0,1.0
3,26,35,0.0,0.2699999999999818,0.0,0.2699999999999818,0.0,0.0,1.0,0.0,0.0,0.10377777777777432,0.10377777777777432,0.0,0.0,1.0
3,26,37,0.0,0.19100000000003092,0.0,0.19100000000003092,0.0,0.0,1.0,0.0,0.0,0.04777777777775959,0.04777777777775959,0.0,0.0,1.0
3,26,38,0.0,0.020999999999958163,0.0,0.020999999999958163,0.0,0.0,1.0,0.0,0.0,0.030111111111106464,0.030111111111106464,0.0,0.0,1.0
3,27,0,0.2319999999999709,0.5340000000001055,0.2209999999995489,0.9869999999996253,0.2350557244174863,0.2239108409317455,0.5410334346507683,0.06066666666667212,0.044833333333296345,0.16999999999999696,0.27549999999996544,0.22020568663041645,0.1627344222624391,0.6170598911071444
3,27,1,0.0,0.038999999999930424,0.0,0.038999999999930424,0.0,0.0,1.0,0.04044444444444808,0.02988888888886423,0.11555555555555151,0.18588888888886382,0.21757322175737107,0.16078900179307493,0.621637776449554
3,27,2,0.0,0.01999999999998181,0.0,0.01999999999998181,0.0,0.0,1.0,0.0,0.0,0.02599999999999783,0.02599999999999783,0.0,0.0,1.0
3,27,4,0.0,0.010000000000047748,0.0,0.010000000000047748,0.0,0.0,1.0,0.0,0.0,0.09511111111115471,0.09511111111115471,0.0,0.0,1.0
3,27,5,0.0,0.011000000000024102,0.0,0.011000000000024102,0.0,0.0,1.0,0.0,0.0,0.09355555555554751,0.09355555555554751,0.0,0.0,1.0
3,27,6,0.0,0.036999999999920874,0.0,0.036999999999920874,0.0,0.0,1.0,0.0,0.0,0.10366666666669742,0.10366666666669742,0.0,0.0,1.0
3,27,7,0.0,0.05900000000002592,0.0,0.05900000000002592,0.0,0.0,1.0,0.0,0.0,0.05111111111109621,0.05111111111109621,0.0,0.0,1.0
3,27,8,0.0,0.09000000000003183,0.0,0.09000000000003183,0.0,0.0,1.0,0.0,0.0,0.0514444444444406,0.0514444444444406,0.0,0.0,1.0
3,27,9,0.0,0.1029999999999518,0.0,0.1029999999999518,0.0,0.0,1.0,0.0,0.0,0.14233333333331502,0.14233333333331502,0.0,0.0,1.0
3,27,10,0.0,0.22000000000008413,0.0,0.22000000000008413,0.0,0.0,1.0,0.0,0.0,0.2965555555555473,0.2965555555555473,0.0,0.0,1.0
3,27,11,0.0,0.6089999999999804,0.0,0.6089999999999804,0.0,0.0,1.0,0.0,0.0,0.8614444444444301,0.8614444444444301,0.0,0.0,1.0
3,27,12,0.0,3.3750000000004547,0.0,3.3750000000004547,0.0,0.0,1.0,0.0,0.0,2.784777777777789,2.784777777777789,0.0,0.0,1.0
3,27,13,0.0,3.9170000000001437,0.0,3.9170000000001437,0.0,0.0,1.0,0.0,0.0,5.344333333333384,5.344333333333384,0.0,0.0,1.0
3,27,14,0.0,6.939999999999543,0.0,6.939999999999543,0.0,0.0,1.0,0.0,0.0,5.751444444444424,5.751444444444424,0.0,0.0,1.0
3,27,15,0.0,5.360999999999763,0.0,5.360999999999763,0.0,0.0,1.0,0.0,0.0,4.9931111111109905,4.9931111111109905,0.0,0.0,1.0
3,27,16,0.0,2.7949999999998454,0.0,2.7949999999998454,0.0,0.0,1.0,0.0,0.0,3.7707777777776976,3.7707777777776976,0.0,0.0,1.0
3,27,17,0.0,6.918000000000063,0.0,6.918000000000063,0.0,0.0,1.0,0.0,0.0,4.138111111111155,4.138111111111155,0.0,0.0,1.0
3,27,18,0.0,3.940000000000282,0.0,3.940000000000282,0.0,0.0,1.0,0.0,0.0,3.390888888889,3.390888888889,0.0,0.0,1.0
3,27,19,0.0,1.478999999999587,0.0,1.478999999999587,0.0,0.0,1.0,0.0,0.0,2.8128888888888297,2.8128888888888297,0.0,0.0,1.0
3,27,20,0.0,3.6800000000004047,0.0,3.6800000000004047,0.0,0.0,1.0,0.0,0.0,2.253333333333312,2.253333333333312,0.0,0.0,1.0
3,27,21,0.0,2.365000000000464,0.0,2.365000000000464,0.0,0.0,1.0,0.0,0.0,1.9593333333332152,1.9593333333332152,0.0,0.0,1.0
3,27,22,0.0,0.7789999999995416,0.0,0.7789999999995416,0.0,0.0,1.0,0.0,0.0,1.6267777777778878,1.6267777777778878,0.0,0.0,1.0
3,27,23,0.0,2.5180000000002565,0.0,2.5180000000002565,0.0,0.0,1.0,0.0,0.0,1.1256666666667525,1.1256666666667525,0.0,0.0,1.0
3,27,24,0.0,1.0420000000010532,0.0,1.0420000000010532,0.0,0.0,1.0,0.0,0.0,1.4504444444446316,1.4504444444446316,0.0,0.0,1.0
3,27,25,0.0,1.8669999999999618,0.0,1.8669999999999618,0.0,0.0,1.0,0.0,0.0,1.1784444444444444,1.1784444444444444,0.0,0.0,1.0
3,27,26,0.0,1.388999999999669,0.0,1.388999999999669,0.0,0.0,1.0,0.0,0.0,1.0851111111111076,1.0851111111111076,0.0,0.0,1.0
3,27,27,0.0,0.8340000000004011,0.0,0.8340000000004011,0.0,0.0,1.0,0.0,0.0,0.8103333333333346,0.8103333333333346,0.0,0.0,1.0
3,27,28,0.0,1.3999999999998636,0.0,1.3999999999998636,0.0,0.0,1.0,0.0,0.0,0.48344444444447016,0.48344444444447016,0.0,0.0,1.0
3,27,29,0.0,0.018999999999778083,0.0,0.018999999999778083,0.0,0.0,1.0,0.0,0.0,0.28200000000002706,0.28200000000002706,0.0,0.0,1.0
3,27,30,0.0,0.009000000000014552,0.0,0.009000000000014552,0.0,0.0,1.0,0.0,0.0,0.008888888888881397,0.008888888888881397,0.0,0.0,1.0
3,27,31,0.0,0.021999999999934516,0.0,0.021999999999934516,0.0,0.0,1.0,0.0,0.0,0.008888888888881397,0.008888888888881397,0.0,0.0,1.0
3,27,32,0.0,0.009000000000014552,0.0,0.009000000000014552,0.0,0.0,1.0,0.0,0.0,0.009222222222181583,0.009222222222181583,0.0,0.0,1.0
3,27,33,0.0,0.010999999999967258,0.0,0.010999999999967258,0.0,0.0,1.0,0.0,0.0,0.006444444444418964,0.006444444444418964,0.0,0.0,1.0
3,27,34,0.0,0.008000000000038199,0.0,0.008000000000038199,0.0,0.0,1.0,0.0,0.0,0.07477777777780384,0.07477777777780384,0.0,0.0,1.0
3,27,35,0.0,0.3430000000000746,0.0,0.3430000000000746,0.0,0.0,1.0,0.0,0.0,0.09666666666670566,0.09666666666670566,0.0,0.0,1.0
3,27,36,0.0,0.01999999999998181,0.0,0.01999999999998181,0.0,0.0,1.0,0.0,0.0,0.12244444444450547,0.12244444444450547,0.0,0.0,1.0
3,27,37,0.0,0.008000000000038199,0.0,0.008000000000038199,0.0,0.0,1.0,0.0,0.0,0.05655555555555777,0.05655555555555777,0.0,0.0,1.0
3,27,38,0.0,0.009999999999990905,0.0,0.009999999999990905,0.0,0.0,1.0,0.0,0.0,0.03700000000003515,0.03700000000003515,0.0,0.0,1.0
3,27,39,0.0,0.010999999999967258,0.0,0.010999999999967258,0.0,0.0,1.0,0.0,0.0,0.012444444444428666,0.012444444444428666,0.0,0.0,1.0
3,28,0,0.0929999999998472,0.0,0.028000000000247383,0.12100000000009459,0.7685950413204504,0.23140495867954955,0.0,0.08399999999998424,0.04149999999996604,0.09550000000000598,0.2209999999999563,0.38009049773756043,0.18778280542974773,0.4321266968326917
3,28,6,0.0,0.08299999999996999,0.0,0.08299999999996999,0.0,0.0,1.0,0.0,0.0,0.02555555555555758,0.02555555555555758,0.0,0.0,1.0
3,28,7,0.0,0.04000000000007731,0.0,0.04000000000007731,0.0,0.0,1.0,0.0,0.0,0.04099999999999682,0.04099999999999682,0.0,0.0,1.0
3,28,8,0.0,0.05999999999994543,0.0,0.05999999999994543,0.0,0.0,1.0,0.0,0.0,0.042555555555559794,0.042555555555559794,0.0,0.0,1.0
3,28,9,0.0,0.03100000000000591,0.0,0.03100000000000591,0.0,0.0,1.0,0.0,0.0,0.06355555555555585,0.06355555555555585,0.0,0.0,1.0
3,28,10,0.0,0.06799999999998363,0.0,0.06799999999998363,0.0,0.0,1.0,0.0,0.0,0.1367777777777835,0.1367777777777835,0.0,0.0,1.0
3,28,11,0.0,0.20000000000004547,0.0,0.20000000000004547,0.0,0.0,1.0,0.0,0.0,0.5958888888889646,0.5958888888889646,0.0,0.0,1.0
3,28,12,0.0,0.5310000000000059,0.0,0.5310000000000059,0.0,0.0,1.0,0.0,0.0,1.0367777777778302,1.0367777777778302,0.0,0.0,1.0
3,28,13,0.0,0.30999999999994543,0.0,0.30999999999994543,0.0,0.0,1.0,0.0,0.0,1.76544444444449,1.76544444444449,0.0,0.0,1.0
3,28,14,0.0,0.37500000000045475,0.0,0.37500000000045475,0.0,0.0,1.0,0.0,0.0,1.9409999999999428,1.9409999999999428,0.0,0.0,1.0
3,28,15,0.0,0.459999999999809,0.0,0.459999999999809,0.0,0.0,1.0,0.0,0.0,2.1137777777777083,2.1137777777777083,0.0,0.0,1.0
3,28,16,0.0,2.432999999999822,0.0,2.432999999999822,0.0,0.0,1.0,0.0,0.0,2.722444444444338,2.722444444444338,0.0,0.0,1.0
3,28,17,0.0,3.4659999999996103,0.0,3.4659999999996103,0.0,0.0,1.0,0.0,0.0,2.7282222222221755,2.7282222222221755,0.0,0.0,1.0
3,28,18,0.0,1.2810000000001196,0.0,1.2810000000001196,0.0,0.0,1.0,0.0,0.0,2.420222222222252,2.420222222222252,0.0,0.0,1.0
3,28,19,0.0,0.49800000000050204,0.0,0.49800000000050204,0.0,0.0,1.0,0.0,0.0,2.036000000000065,2.036000000000065,0.0,0.0,1.0
3,28,20,0.0,1.8809999999990623,0.0,1.8809999999990623,0.0,0.0,1.0,0.0,0.0,2.024333333333478,2.024333333333478,0.0,0.0,1.0
3,28,21,0.0,1.27699999999993,0.0,1.27699999999993,0.0,0.0,1.0,0.0,0.0,1.882000000000075,1.882000000000075,0.0,0.0,1.0
3,28,22,0.0,0.33100000000013097,0.0,0.33100000000013097,0.0,0.0,1.0,0.0,0.0,1.4412222222223365,1.4412222222223365,0.0,0.0,1.0
3,28,23,0.0,0.9529999999999745,0.0,0.9529999999999745,0.0,0.0,1.0,0.0,0.0,1.2000000000000204,1.2000000000000204,0.0,0.0,1.0
3,28,24,0.0,1.0409999999997126,0.0,1.0409999999997126,0.0,0.0,1.0,0.0,0.0,1.4335555555556365,1.4335555555556365,0.0,0.0,1.0
3,28,25,0.0,1.0230000000001382,0.0,1.0230000000001382,0.0,0.0,1.0,0.0,0.0,1.2122222222222316,1.2122222222222316,0.0,0.0,1.0
3,28,26,0.0,0.6010000000001128,0.0,0.6010000000001128,0.0,0.0,1.0,0.0,0.0,1.0509999999999946,1.0509999999999946,0.0,0.0,1.0
3,28,27,0.0,0.5090000000001282,0.0,0.5090000000001282,0.0,0.0,1.0,0.0,0.0,0.9963333333332814,0.9963333333332814,0.0,0.0,1.0
3,28,28,0.0,0.6890000000000782,0.0,0.6890000000000782,0.0,0.0,1.0,0.0,0.0,0.6230000000000097,0.6230000000000097,0.0,0.0,1.0
3,28,30,0.0,0.010000000000218279,0.0,0.010000000000218279,0.0,0.0,1.0,0.0,0.0,0.0444444444445559,0.0444444444445559,0.0,0.0,1.0
3,28,31,0.0,0.01999999999998181,0.0,0.01999999999998181,0.0,0.0,1.0,0.0,0.0,0.03900000000006335,0.03900000000006335,0.0,0.0,1.0
3,28,32,0.0,0.009999999999763531,0.0,0.009999999999763531,0.0,0.0,1.0,0.0,0.0,0.039333333333363536,0.039333333333363536,0.0,0.0,1.0
3,28,33,0.0,0.010999999999967258,0.0,0.010999999999967258,0.0,0.0,1.0,0.0,0.0,0.006444444444418668,0.006444444444418668,0.0,0.0,1.0
3,28,34,0.0,0.009000000000014552,0.0,0.009000000000014552,0.0,0.0,1.0,0.0,0.0,0.04477777777780556,0.04477777777780556,0.0,0.0,1.0
3,28,35,0.0,0.021000000000185537,0.0,0.021000000000185537,0.0,0.0,1.0,0.0,0.0,0.06666666666670738,0.06666666666670738,0.0,0.0,1.0
3,28,36,0.0,0.19900000000006912,0.0,0.19900000000006912,0.0,0.0,1.0,0.0,0.0,0.07444444444450335,0.07444444444450335,0.0,0.0,1.0
3,28,37,0.0,0.0500000000001819,0.0,0.0500000000001819,0.0,0.0,1.0,0.0,0.0,0.057444444444425334,0.057444444444425334,0.0,0.0,1.0
3,28,38,0.0,0.009999999999763531,0.0,0.009999999999763531,0.0,0.0,1.0,0.0,0.0,0.03977777777782274,0.03977777777782274,0.0,0.0,1.0
3,28,39,0.0,0.03200000000038017,0.0,0.03200000000038017,0.0,0.0,1.0,0.0,0.0,0.03322222222222009,0.03322222222222009,0.0,0.0,1.0
3,28,40,0.0,0.027999999999792635,0.0,0.027999999999792635,0.0,0.0,1.0,0.0,0.0,0.01633333333337688,0.01633333333337688,0.0,0.0,1.0
3,28,41,0.0,0.05899999999996908,0.0,0.05899999999996908,0.0,0.0,1.0,0.0,0.0,0.012111111111102918,0.012111111111102918,0.0,0.0,1.0
3,28,42,0.0,0.02200000000016189,0.0,0.02200000000016189,0.0,0.0,1.0,0.0,0.0,0.01344444444445525,0.01344444444445525,0.0,0.0,1.0
3,28,43,0.0,0.03999999999996362,0.0,0.03999999999996362,0.0,0.0,1.0,0.0,0.0,0.01133333333331827,0.01133333333331827,0.0,0.0,1.0
3,28,44,0.0,0.03999999999973625,0.0,0.03999999999973625,0.0,0.0,1.0,0.0,0.0,0.016666666666651803,0.016666666666651803,0.0,0.0,1.0
3,28,45,0.0,0.03000000000020009,0.0,0.03000000000020009,0.0,0.0,1.0,0.0,0.0,0.023333333333287142,0.023333333333287142,0.0,0.0,1.0
3,28,46,0.0,0.009000000000014552,0.0,0.009000000000014552,0.0,0.0,1.0,0.0,0.0,0.03888888888890434,0.03888888888890434,0.0,0.0,1.0
3,29,0,0.1790000000000873,0.0,0.0,0.1790000000000873,1.0,0.0,0.0,0.07666666666667273,0.004666666666707897,0.0,0.08133333333338062,0.9426229508191986,0.05737704918080144,0.0
3,29,12,0.0,0.36000000000012733,0.0,0.36000000000012733,0.0,0.0,1.0,0.0,0.0,0.19566666666666935,0.19566666666666935,0.0,0.0,1.0
3,29,13,0.0,0.02899999999976899,0.0,0.02899999999976899,0.0,0.0,1.0,0.0,0.0,0.22088888888893302,0.22088888888893302,0.0,0.0,1.0
3,29,14,0.0,0.051999999999964075,0.0,0.051999999999964075,0.0,0.0,1.0,0.0,0.0,0.1390000000000037,0.1390000000000037,0.0,0.0,1.0
3,29,15,0.0,0.02500000000009095,0.0,0.02500000000009095,0.0,0.0,1.0,0.0,0.0,0.43644444444446934,0.43644444444446934,0.0,0.0,1.0
3,29,16,0.0,0.5830000000000837,0.0,0.5830000000000837,0.0,0.0,1.0,0.0,0.0,1.0475555555554859,1.0475555555554859,0.0,0.0,1.0
3,29,17,0.0,2.460999999999956,0.0,2.460999999999956,0.0,0.0,1.0,0.0,0.0,1.211222222222154,1.211222222222154,0.0,0.0,1.0
3,29,18,0.0,0.6769999999997935,0.0,0.6769999999997935,0.0,0.0,1.0,0.0,0.0,1.1026666666667087,1.1026666666667087,0.0,0.0,1.0
3,29,19,0.0,1.0620000000003529,0.0,1.0620000000003529,0.0,0.0,1.0,0.0,0.0,1.3526666666666831,1.3526666666666831,0.0,0.0,1.0
3,29,20,0.0,3.8260000000004766,0.0,3.8260000000004766,0.0,0.0,1.0,0.0,0.0,1.6524444444445152,1.6524444444445152,0.0,0.0,1.0
3,29,21,0.0,2.151000000000522,0.0,2.151000000000522,0.0,0.0,1.0,0.0,0.0,1.560222222222175,1.560222222222175,0.0,0.0,1.0
3,29,22,0.0,0.6480000000001382,0.0,0.6480000000001382,0.0,0.0,1.0,0.0,0.0,1.070222222222229,1.070222222222229,0.0,0.0,1.0
3,29,23,0.0,1.9490000000000691,0.0,1.9490000000000691,0.0,0.0,1.0,0.0,0.0,0.9417777777775882,0.9417777777775882,0.0,0.0,1.0
3,29,24,0.0,1.5389999999993051,0.0,1.5389999999993051,0.0,0.0,1.0,0.0,0.0,1.121222222222059,1.121222222222059,0.0,0.0,1.0
3,29,25,0.0,0.9700000000002547,0.0,0.9700000000002547,0.0,0.0,1.0,0.0,0.0,1.0071111111110185,1.0071111111110185,0.0,0.0,1.0
3,29,26,0.0,1.4379999999998745,0.0,1.4379999999998745,0.0,0.0,1.0,0.0,0.0,0.7977777777777847,0.7977777777777847,0.0,0.0,1.0
3,29,27,0.0,0.8279999999994061,0.0,0.8279999999994061,0.0,0.0,1.0,0.0,0.0,0.8142222222222445,0.8142222222222445,0.0,0.0,1.0
3,29,28,0.0,1.2789999999999964,0.0,1.2789999999999964,0.0,0.0,1.0,0.0,0.0,0.5518888888888996,0.5518888888888996,0.0,0.0,1.0
3,29,29,0.0,0.04900000000043292,0.0,0.04900000000043292,0.0,0.0,1.0,0.0,0.0,0.3734444444445317,0.3734444444445317,0.0,0.0,1.0
3,29,31,0.0,0.2710000000006403,0.0,0.2710000000006403,0.0,0.0,1.0,0.0,0.0,0.05999999999999581,0.05999999999999581,0.0,0.0,1.0
3,29,37,0.0,0.028999999999996362,0.0,0.028999999999996362,0.0,0.0,1.0,0.0,0.0,0.053222222222201465,0.053222222222201465,0.0,0.0,1.0
3,29,38,0.0,0.19099999999980355,0.0,0.19099999999980355,0.0,0.0,1.0,0.0,0.0,0.05555555555558067,0.05555555555558067,0.0,0.0,1.0
3,29,39,0.0,0.017000000000280124,0.0,0.017000000000280124,0.0,0.0,1.0,0.0,0.0,0.04988888888887116,0.04988888888887116,0.0,0.0,1.0
3,29,45,0.0,0.03999999999996362,0.0,0.03999999999996362,0.0,0.0,1.0,0.0,0.0,0.023333333333286698,0.023333333333286698,0.0,0.0,1.0
3,29,46,0.0,0.09099999999966712,0.0,0.09099999999966712,0.0,0.0,1.0,0.0,0.0,0.0388888888889039,0.0388888888889039,0.0,0.0,1.0
3,29,47,0.0,0.18000000000029104,0.0,0.18000000000029104,0.0,0.0,1.0,0.0,0.0,0.04577777777778146,0.04577777777778146,0.0,0.0,1.0
3,29,48,0.0,0.11100000000010368,0.0,0.11100000000010368,0.0,0.0,1.0,0.0,0.0,0.06877777777779338,0.06877777777779338,0.0,0.0,1.0
3,29,49,0.0,0.15699999999969805,0.0,0.15699999999969805,0.0,0.0,1.0,0.0,0.0,0.056555555555557024,0.056555555555557024,0.0,0.0,1.0
3,29,50,0.0,0.01999999999998181,0.0,0.01999999999998181,0.0,0.0,1.0,0.0,0.0,0.053555555555552165,0.053555555555552165,0.0,0.0,1.0
3,30,0,0.18800000000010186,0.0,0.0,0.18800000000010186,1.0,0.0,0.0,0.15266666666669454,0.0,0.0,0.15266666666669454,1.0,0.0,0.0
3,30,12,0.0,0.33100000000013097,0.0,0.33100000000013097,0.0,0.0,1.0,0.0,0.0,0.08000000000000303,0.08000000000000303,0.0,0.0,1.0
3,30,19,0.0,0.47900000000004184,0.0,0.47900000000004184,0.0,0.0,1.0,0.001000000000001617,0.0,1.0711111111111349,1.0721111111111365,0.0009327391439542274,0.0,0.9990672608560457
3,30,20,0.0,2.4699999999998,0.0,2.4699999999998,0.0,0.0,1.0,0.0,0.0,1.6546666666667733,1.6546666666667733,0.0,0.0,1.0
3,30,21,0.0,1.2279999999999518,0.0,1.2279999999999518,0.0,0.0,1.0,0.0011111111110848368,0.0,1.6530000000000704,1.6541111111111553,0.0006717270101271757,0.0,0.9993282729898728
3,30,22,0.0,0.22999999999956344,0.0,0.22999999999956344,0.0,0.0,1.0,0.0011111111110848368,0.0,1.3576666666666724,1.3587777777777572,0.0008177283506225924,0.0,0.9991822716493773
3,30,23,0.0,0.8649999999997817,0.0,0.8649999999997817,0.0,0.0,1.0,0.0011111111110848368,0.0,1.1619999999998072,1.163111111110892,0.0009552923194273418,0.0,0.9990447076805726
3,30,24,0.0,0.919999999999618,0.0,0.919999999999618,0.0,0.0,1.0,0.0,0.0,1.3599999999997736,1.3599999999997736,0.0,0.0,1.0
3,30,25,0.0,0.8309999999996762,0.0,0.8309999999996762,0.0,0.0,1.0,0.0011111111111353643,0.0,1.1961111111110463,1.1972222222221816,0.0009280742459599646,0.0,0.9990719257540401
3,30,26,0.0,0.7010000000004766,0.0,0.7010000000004766,0.0,0.0,1.0,0.0011111111111353643,0.0,0.9328888888888969,0.9340000000000322,0.001189626457318336,0.0,0.9988103735426817
3,30,27,0.0,0.27899999999999636,0.0,0.27899999999999636,0.0,0.0,1.0,0.0011111111111353643,0.0,0.9596666666666982,0.9607777777778336,0.001156470452205123,0.0,0.9988435295477949
3,30,28,0.0,1.0040000000001328,0.0,1.0040000000001328,0.0,0.0,1.0,0.0,0.0,0.7044444444444227,0.7044444444444227,0.0,0.0,1.0
3,30,29,0.0,0.32999999999992724,0.0,0.32999999999992724,0.0,0.0,1.0,0.0011111111110848368,0.0,0.5045555555555994,0.5056666666666843,0.002197319270437966,0.0,0.997802680729562
3,30,31,0.0,0.22899999999935972,0.0,0.22899999999935972,0.0,0.0,1.0,0.0034444444444387853,0.0,0.09211111111118143,0.09555555555562022,0.03604651162782336,0.0,0.9639534883721766
3,30,39,0.0,0.17099999999982174,0.0,0.17099999999982174,0.0,0.0,1.0,0.0,0.0,0.07011111111114586,0.07011111111114586,0.0,0.0,1.0
3,30,48,0.0,0.020999999999958163,0.0,0.020999999999958163,0.0,0.0,1.0,0.0,0.0,0.09322222222221575,0.09322222222221575,0.0,0.0,1.0
3,30,49,0.0,0.15000000000009095,0.0,0.15000000000009095,0.0,0.0,1.0,0.0,0.0,0.08099999999997938,0.08099999999997938,0.0,0.0,1.0
3,30,50,0.0,0.0500000000001819,0.0,0.0500000000001819,0.0,0.0,1.0,0.0,0.0,0.07799999999997452,0.07799999999997452,0.0,0.0,1.0
3,30,51,0.0,0.10500000000001819,0.0,0.10500000000001819,0.0,0.0,1.0,0.0,0.0,0.019444444444464647,0.019444444444464647,0.0,0.0,1.0
3,31,0,0.5389999999997599,0.0,0.0,0.5389999999997599,1.0,0.0,0.0,0.14333333333327875,0.03683333333333394,0.06799999999998363,0.24816666666659631,0.5775688381463507,0.14842175957022585,0.2740094022834234
3,31,1,0.010000000000218279,0.0,0.0,0.010000000000218279,1.0,0.0,0.0,0.09555555555551916,0.02455555555555596,0.04533333333332242,0.16544444444439754,0.5775688381463507,0.14842175957022585,0.2740094022834234
3,31,4,0.010000000000218279,0.0,0.0,0.010000000000218279,1.0,0.0,0.0,0.0021111111111369813,0.0011111111111101006,0.0,0.003222222222247082,0.6551724137960774,0.34482758620392256,0.0
3,31,5,0.009000000000014552,0.0,0.0,0.009000000000014552,1.0,0.0,0.0,0.004333333333357183,0.0011111111111101006,0.0,0.005444444444467284,0.7959183673479805,0.2040816326520195,0.0
3,31,6,0.01999999999998181,0.0,0.0,0.01999999999998181,1.0,0.0,0.0,0.0032222222222218176,0.0011111111111101006,0.0,0.0043333333333319185,0.743589743589893,0.25641025641010695,0.0
3,31,8,0.010999999999967258,0.0,0.0,0.010999999999967258,1.0,0.0,0.0,0.0012222222222185843,0.0011111111111101006,0.0,0.002333333333328685,0.5238095238090082,0.4761904761909918,0.0
3,31,10,0.009000000000014552,0.0,0.0,0.009000000000014552,1.0,0.0,0.0,0.001000000000001617,0.0013333333333523318,0.0,0.0023333333333539485,0.4285714285683351,0.571428571431665,0.0
3,31,14,0.010999999999967258,0.0,0.0,0.010999999999967258,1.0,0.0,0.0,0.0012222222222185843,0.18755555555554163,0.04122222222223273,0.22999999999999293,0.005314009661820095,0.8154589371980321,0.1792270531401478
3,31,16,0.010000000000218279,0.0,0.0,0.010000000000218279,1.0,0.0,0.0,0.0011111111111353643,0.1854444444444299,0.04122222222223273,0.227777777777798,0.004878048780593849,0.8141463414632785,0.18097560975612761
3,31,18,0.009000000000014552,0.0,0.0,0.009000000000014552,1.0,0.0,0.0,0.001000000000001617,0.0,0.0623333333333499,0.06333333333335152,0.015789473684231524,0.0,0.9842105263157684
3,31,19,0.0,0.08200000000010732,0.0,0.08200000000010732,0.0,0.0,1.0,0.001000000000001617,0.0,0.45277777777773237,0.453777777777734,0.0022037218413358036,0.0,0.9977962781586642
3,31,20,0.0,1.0439999999996417,0.0,1.0439999999996417,0.0,0.0,1.0,0.0,0.0,0.9247777777777123,0.9247777777777123,0.0,0.0,1.0
3,31,21,0.0,2.550000000000068,0.0,2.550000000000068,0.0,0.0,1.0,0.0011111111110848368,0.0,1.0457777777776553,1.0468888888887402,0.001061345786432281,0.0,0.9989386542135676
3,31,22,0.009999999999763531,0.7300000000004729,0.0,0.7400000000002365,0.013513513513189643,0.0,0.9864864864868104,0.0011111111110848368,0.0,1.216444444444379,1.2175555555554638,0.0009125752874397047,0.0,0.9990874247125603
3,31,23,0.0,1.8679999999994834,0.0,1.8679999999994834,0.0,0.0,1.0,0.0011111111110848368,0.0,1.2844444444443122,1.285555555555397,0.0008643042350704204,0.0,0.9991356957649296
3,31,24,0.0,1.7089999999998327,0.0,1.7089999999998327,0.0,0.0,1.0,0.0,0.032111111111109696,1.5909999999998945,1.6231111111110041,0.0,0.01978368017524687,0.9802163198247532
3,31,25,0.0,1.5889999999999418,0.0,1.5889999999999418,0.0,0.0,1.0,0.0011111111111353643,0.032111111111109696,1.3645555555555244,1.3977777777777696,0.0007949125596357978,0.022972972972972096,0.976232114467392
3,31,26,0.010000000000218279,1.0680000000004384,0.0,1.0780000000006567,0.009276437848063254,0.0,0.9907235621519368,0.0011111111111353643,0.032111111111109696,0.9678888888889282,1.0011111111111732,0.00110987791345368,0.0320754716981098,0.9668146503884365
3,31,27,0.0,0.6920000000000073,0.0,0.6920000000000073,0.0,0.0,1.0,0.0011111111111353643,0.0,0.8873333333334079,0.8884444444445433,0.0012506253126834874,0.0,0.9987493746873165
3,31,28,0.0,1.3479999999999563,0.0,1.3479999999999563,0.0,0.0,1.0,0.0,0.0,0.6771111111111042,0.6771111111111042,0.0,0.0,1.0
3,31,29,0.0,0.5309999999999491,0.0,0.5309999999999491,0.0,0.0,1.0,0.0011111111110848368,0.0,0.5360000000000077,0.5371111111110926,0.0020686801819950096,0.0,0.997931319818005
3,31,30,0.009999999999763531,0.0,0.0,0.009999999999763531,1.0,0.0,0.0,0.002333333333303421,0.0,0.2343333333332743,0.23666666666657774,0.009859154929454779,0.0,0.9901408450705451
3,31,31,0.010999999999967258,0.329000000000633,0.0,0.34000000000060027,0.03235294117631717,0.0,0.9676470588236828,0.0034444444444387853,0.0,0.109888888888842,0.11333333333328079,0.030392156862709255,0.0,0.9696078431372908
3,31,32,0.010000000000218279,0.0,0.0,0.010000000000218279,1.0,0.0,0.0,0.0023333333333539485,0.0,0.1076666666666218,0.10999999999997574,0.0212121212123133,0.0,0.9787878787876867
3,31,35,0.010999999999967258,0.0,0.0,0.010999999999967258,1.0,0.0,0.0,0.02333333333333738,0.03311111111108605,0.021222222222250925,0.07766666666667435,0.3004291845493786,0.4263233190268168,0.27324749642380464
3,31,36,0.19900000000006912,0.12199999999984357,0.29799999999977445,0.6189999999996871,0.3214862681747491,0.4814216478189419,0.19709208400630893,0.02333333333333738,0.03311111111108605,0.025555555555608105,0.08200000000003153,0.2845528455283952,0.40379403793991847,0.3116531165316863
3,31,37,0.0,0.03900000000021464,0.0,0.03900000000021464,0.0,0.0,1.0,0.022111111111118794,0.03311111111108605,0.022444444444469507,0.07766666666667435,0.2846924177396988,0.4263233190268168,0.28898426323348436
3,31,38,0.0,0.021000000000185537,0.0,0.021000000000185537,0.0,0.0,1.0,0.0,0.0,0.0547777777777709,0.0547777777777709,0.0,0.0,1.0
3,31,39,0.0,0.21199999999998909,0.0,0.21199999999998909,0.0,0.0,1.0,0.0,0.0,0.08477777777776889,0.08477777777776889,0.0,0.0,1.0
3,31,40,0.0,0.01900000000023283,0.0,0.01900000000023283,0.0,0.0,1.0,0.0,0.0,0.08688888888885533,0.08688888888885533,0.0,0.0,1.0
3,31,49,0.0,0.2199999999997999,0.0,0.2199999999997999,0.0,0.0,1.0,0.0,0.0,0.04900000000000344,0.04900000000000344,0.0,0.0,1.0
3,32,0,0.12299999999959255,0.4079999999999018,0.22100000000000364,0.751999999999498,0.16356382978680142,0.2938829787236053,0.5425531914895932,0.11199999999992846,0.03683333333333394,0.07466666666664423,0.22349999999990663,0.5011185682325514,0.1648023862789679,0.33407904548848066
3,32,4,0.0,0.0,0.009999999999990905,0.009999999999990905,0.0,1.0,0.0,0.0021111111111369813,0.0011111111111101006,0.0,0.003222222222247082,0.6551724137960774,0.34482758620392256,0.0
3,32,7,0.0,0.0,0.009999999999990905,0.009999999999990905,0.0,1.0,0.0,0.0034444444444387853,0.0011111111111101006,0.0,0.004555555555548886,0.7560975609754745,0.24390243902452552,0.0
3,32,10,0.0,0.0,0.012000000000170985,0.012000000000170985,0.0,1.0,0.0,0.001000000000001617,0.0013333333333523318,0.0,0.0023333333333539485,0.4285714285683351,0.571428571431665,0.0
3,32,12,0.0,0.0,0.009000000000014552,0.009000000000014552,0.0,1.0,0.0,0.0,0.0021111111111117176,0.0,0.0021111111111117176,0.0,1.0,0.0
3,32,13,0.0,0.0,0.009999999999990905,0.009999999999990905,0.0,1.0,0.0,0.0012222222222185843,0.003111111111113335,0.0,0.004333333333331919,0.28205128205053454,0.7179487179494654,0.0
3,32,14,0.0,0.0,0.009000000000014552,0.009000000000014552,0.0,1.0,0.0,0.0012222222222185843,0.18755555555554163,0.04122222222223273,0.22999999999999293,0.005314009661820095,0.8154589371980321,0.1792270531401478
3,32,15,0.0,0.3710000000000946,1.668999999999869,2.0399999999999636,0.0,0.8181372549019111,0.18186274509808883,0.0023333333333539485,0.18644444444443153,0.04122222222223273,0.23000000000001822,0.010144927536320712,0.8106280193235511,0.1792270531401281
3,32,21,0.0,0.4699999999997999,0.0,0.4699999999997999,0.0,0.0,1.0,0.0011111111110848368,0.0,0.6516666666666046,0.6527777777776894,0.0017021276595344484,0.0,0.9982978723404655
3,32,22,0.0,0.6899999999995998,0.0,0.6899999999995998,0.0,0.0,1.0,0.0011111111110848368,0.0,1.065222222222259,1.0663333333333438,0.0010419922892324093,0.0,0.9989580077107676
3,32,23,0.0,2.3170000000006894,0.0,2.3170000000006894,0.0,0.0,1.0,0.0011111111110848368,0.0,1.3068888888887813,1.3079999999998662,0.0008494733265175462,0.0,0.9991505266734825
3,32,24,0.0,2.230999999999767,0.0,2.230999999999767,0.0,0.0,1.0,0.0,0.0631111111111093,1.6007777777778198,1.6638888888889292,0.0,0.03792988313856227,0.9620701168614377
3,32,25,0.0,1.9890000000002601,0.28899999999998727,2.2780000000002474,0.0,0.12686567164177168,0.8731343283582284,0.0011111111111353643,0.0631111111111093,1.391444444444384,1.4556666666666287,0.0007633005114280238,0.04335546904816415,0.9558812304404078
3,32,26,0.0,1.2429999999997108,0.0,1.2429999999997108,0.0,0.0,1.0,0.0011111111111353643,0.0631111111111093,0.9181111111111907,0.9823333333334354,0.0011310937676979119,0.0642461260038372,0.9346227802284648
3,32,27,0.0,0.3189999999998463,0.0,0.3189999999998463,0.0,0.0,1.0,0.0011111111111353643,0.0,0.8346666666666224,0.8357777777777577,0.0013294336612893537,0.0,0.9986705663387107
3,32,28,0.0,1.3320000000001073,0.0,1.3320000000001073,0.0,0.0,1.0,0.0,0.0,0.5933333333333621,0.5933333333333621,0.0,0.0,1.0
3,32,29,0.0,0.25900000000001455,0.0,0.25900000000001455,0.0,0.0,1.0,0.0011111111110848368,0.0,0.49200000000001226,0.4931111111110971,0.002253267237441148,0.0,0.9977467327625588
3,32,30,0.0,0.01999999999998181,0.0,0.01999999999998181,0.0,0.0,1.0,0.002333333333303421,0.0,0.2156666666666954,0.21799999999999883,0.010703363914235932,0.0,0.989296636085764
3,32,31,0.0,0.41099999999960346,0.0,0.41099999999960346,0.0,0.0,1.0,0.0034444444444387853,0.0,0.1400000000000748,0.14344444444451357,0.024012393493364932,0.0,0.9759876065066351
3,32,35,0.0,0.06900000000041473,0.0,0.06900000000041473,0.0,0.0,1.0,0.02333333333333738,0.03311111111108605,0.08822222222230873,0.14466666666673217,0.1612903225806001,0.22887864823321008,0.6098310291861898
3,32,38,0.0,0.01999999999998181,0.0,0.01999999999998181,0.0,0.0,1.0,0.0,0.0,0.04133333333331595,0.04133333333331595,0.0,0.0,1.0
3,32,39,0.0,0.02999999999974534,0.0,0.02999999999974534,0.0,0.0,1.0,0.0,0.0,0.09000000000004447,0.09000000000004447,0.0,0.0,1.0
3,32,40,0.0,0.2899999999999636,0.0,0.2899999999999636,0.0,0.0,1.0,0.0,0.0,0.09322222222221577,0.09322222222221577,0.0,0.0,1.0
3,32,41,0.0,0.05999999999994543,0.0,0.05999999999994543,0.0,0.0,1.0,0.0,0.0,0.08311111111116688,0.08311111111116688,0.0,0.0,1.0
3,32,42,0.0,0.11900000000014188,0.0,0.11900000000014188,0.0,0.0,1.0,0.0,0.0,0.02677777777777615,0.02677777777777615,0.0,0.0,1.0
3,33,0,0.0,0.03999999999996362,0.0,0.03999999999996362,0.0,0.0,1.0,0.02049999999993209,0.03683333333333394,0.08133333333330484,0.13866666666657085,0.14783653846115088,0.2656250000001879,0.5865384615386613
3,33,18,0.0,0.0500000000001819,0.0,0.0500000000001819,0.0,0.0,1.0,0.0,0.0,0.04988888888889657,0.04988888888889657,0.0,0.0,1.0
3,33,19,0.0,0.05999999999994543,0.0,0.05999999999994543,0.0,0.0,1.0,0.0,0.0,0.04433333333332081,0.04433333333332081,0.0,0.0,1.0
3,33,20,0.0,0.0989999999999327,0.0,0.0989999999999327,0.0,0.0,1.0,0.0,0.0,0.09411111111113414,0.09411111111113414,0.0,0.0,1.0
3,33,21,0.0,0.10800000000017462,0.0,0.10800000000017462,0.0,0.0,1.0,0.0,0.0,0.2178888888888145,0.2178888888888145,0.0,0.0,1.0
3,33,22,0.0,0.1739999999997508,0.0,0.1739999999997508,0.0,0.0,1.0,0.0,0.0,0.5412222222222832,0.5412222222222832,0.0,0.0,1.0
3,33,23,0.0,0.680000000000291,0.0,0.680000000000291,0.0,0.0,1.0,0.0,0.0,1.074888888888836,1.074888888888836,0.0,0.0,1.0
3,33,24,0.0,1.362999999999147,0.0,1.362999999999147,0.0,0.0,1.0,0.0,0.13322222222221727,1.4188888888890512,1.5521111111112684,0.0,0.08583291574198826,0.9141670842580117
3,33,25,0.0,0.6610000000009677,0.27899999999999636,0.9400000000009641,0.0,0.2968085106379896,0.7031914893620104,0.0,0.13322222222221727,1.3914444444443588,1.524666666666576,0.0,0.08737793324588447,0.9126220667541155
3,33,26,0.0,0.6699999999993906,0.0,0.6699999999993906,0.0,0.0,1.0,0.0,0.13322222222221727,0.825777777777767,0.9589999999999842,0.0,0.13891785424631853,0.8610821457536815
3,33,27,0.0,0.032000000000152795,0.0,0.032000000000152795,0.0,0.0,1.0,0.0,0.0,0.727444444444321,0.727444444444321,0.0,0.0,1.0
3,33,28,0.0,0.8079999999999927,0.0,0.8079999999999927,0.0,0.0,1.0,0.0,0.0,0.44922222222224817,0.44922222222224817,0.0,0.0,1.0
3,33,29,0.0,0.01900000000023283,0.0,0.01900000000023283,0.0,0.0,1.0,0.0,0.0,0.4247777777777881,0.4247777777777881,0.0,0.0,1.0
3,33,30,0.0,0.11099999999987631,0.0,0.11099999999987631,0.0,0.0,1.0,0.0,0.0,0.16344444444444486,0.16344444444444486,0.0,0.0,1.0
3,33,31,0.0,0.26099999999996726,0.0,0.26099999999996726,0.0,0.0,1.0,0.0,0.0,0.1467777777778186,0.1467777777778186,0.0,0.0,1.0
3,33,32,0.0,0.12800000000061118,0.0,0.12800000000061118,0.0,0.0,1.0,0.0,0.0,0.1467777777778186,0.1467777777778186,0.0,0.0,1.0
3,33,33,0.0,0.13099999999985812,0.0,0.13099999999985812,0.0,0.0,1.0,0.0,0.0,0.04311111111110222,0.04311111111110222,0.0,0.0,1.0
3,33,34,0.0,0.09899999999970532,0.0,0.09899999999970532,0.0,0.0,1.0,0.0,0.0,0.16888888888888687,0.16888888888888687,0.0,0.0,1.0
3,33,35,0.0,0.4040000000004511,0.0,0.4040000000004511,0.0,0.0,1.0,0.0,0.0,0.18100000000004002,0.18100000000004002,0.0,0.0,1.0
3,33,36,0.0,0.1000000000003638,0.0,0.1000000000003638,0.0,0.0,1.0,0.0,0.0,0.20900000000013583,0.20900000000013583,0.0,0.0,1.0
3,33,37,0.0,0.02999999999974534,0.0,0.02999999999974534,0.0,0.0,1.0,0.0,0.0,0.08877777777790169,0.08877777777790169,0.0,0.0,1.0
3,33,38,0.0,0.010000000000218279,0.0,0.010000000000218279,0.0,0.0,1.0,0.0,0.0,0.06988888888895418,0.06988888888895418,0.0,0.0,1.0
3,33,39,0.0,0.009999999999763531,0.0,0.009999999999763531,0.0,0.0,1.0,0.0,0.0,0.11522222222222607,0.11522222222222607,0.0,0.0,1.0
3,33,40,0.0,0.19800000000032014,0.0,0.19800000000032014,0.0,0.0,1.0,0.0,0.0,0.11188888888884524,0.11188888888884524,0.0,0.0,1.0
3,33,41,0.0,0.01999999999998181,0.0,0.01999999999998181,0.0,0.0,1.0,0.0,0.0,0.12544444444443395,0.12544444444443395,0.0,0.0,1.0
3,33,42,0.0,0.041999999999916326,0.0,0.041999999999916326,0.0,0.0,1.0,0.0,0.0,0.041999999999966876,0.041999999999966876,0.0,0.0,1.0
3,34,0,0.0,0.03999999999996362,0.0,0.03999999999996362,0.0,0.0,1.0,0.0,0.0,0.01983333333335698,0.01983333333335698,0.0,0.0,1.0
3,34,16,0.0,0.22899999999981446,0.0,0.22899999999981446,0.0,0.0,1.0,0.0,0.0,0.044222222222212317,0.044222222222212317,0.0,0.0,1.0
3,34,17,0.0,0.1690000000000964,0.0,0.1690000000000964,0.0,0.0,1.0,0.0,0.0,0.06544444444443798,0.06544444444443798,0.0,0.0,1.0
3,34,18,0.0,0.14099999999984902,0.0,0.14099999999984902,0.0,0.0,1.0,0.0,0.0,0.04988888888889657,0.04988888888889657,0.0,0.0,1.0
3,34,19,0.0,0.028999999999996362,0.0,0.028999999999996362,0.0,0.0,1.0,0.0,0.0,0.04433333333332081,0.04433333333332081,0.0,0.0,1.0
3,34,20,0.0,0.01999999999998181,0.0,0.01999999999998181,0.0,0.0,1.0,0.0,0.0,0.04188888888893417,0.04188888888893417,0.0,0.0,1.0
3,34,21,0.0,0.06100000000037653,0.0,0.06100000000037653,0.0,0.0,1.0,0.0,0.0,0.08899999999999232,0.08899999999999232,0.0,0.0,1.0
3,34,22,0.0,0.3389999999997144,0.0,0.3389999999997144,0.0,0.0,1.0,0.0,0.0,0.15944444444450154,0.15944444444450154,0.0,0.0,1.0
3,34,23,0.0,0.032000000000152795,0.0,0.032000000000152795,0.0,0.0,1.0,0.0,0.0,0.5143333333333607,0.5143333333333607,0.0,0.0,1.0
3,34,24,0.0,1.848000000000411,0.0,1.848000000000411,0.0,0.0,1.0,0.0,0.1435555555555589,0.7666666666668536,0.9102222222224124,0.0,0.15771484374997072,0.8422851562500293
3,34,25,0.0,1.6489999999997735,0.6309999999999718,2.2799999999997453,0.0,0.27675438596493085,0.7232456140350692,0.0,0.1435555555555589,0.9057777777778583,1.0493333333334172,0.0,0.13680643795001343,0.8631935620499865
3,34,26,0.0,0.8689999999998008,0.0,0.8689999999998008,0.0,0.0,1.0,0.0,0.1435555555555589,0.5458888888889153,0.6894444444444742,0.0,0.20821917808218765,0.7917808219178124
3,34,28,0.0,1.2739999999998872,0.0,1.2739999999998872,0.0,0.0,1.0,0.0,0.0,0.3255555555555878,0.3255555555555878,0.0,0.0,1.0
3,34,31,0.0,0.3900000000003274,0.0,0.3900000000003274,0.0,0.0,1.0,0.0,0.0,0.13322222222222982,0.13322222222222982,0.0,0.0,1.0
3,34,34,0.0,0.02999999999974534,0.0,0.02999999999974534,0.0,0.0,1.0,0.0,0.0,0.20477777777771022,0.20477777777771022,0.0,0.0,1.0
3,34,35,0.0,0.7869999999998072,0.0,0.7869999999998072,0.0,0.0,1.0,0.0,0.0,0.21688888888886337,0.21688888888886337,0.0,0.0,1.0
3,34,36,0.0,0.13999999999987267,0.0,0.13999999999987267,0.0,0.0,1.0,0.0,0.0,0.26388888888888884,0.26388888888888884,0.0,0.0,1.0
3,34,37,0.0,0.3510000000005675,0.0,0.3510000000005675,0.0,0.0,1.0,0.0,0.0,0.12777777777781307,0.12777777777781307,0.0,0.0,1.0
3,34,38,0.0,0.14800000000036562,0.0,0.14800000000036562,0.0,0.0,1.0,0.0,0.0,0.12466666666667447,0.12466666666667447,0.0,0.0,1.0
3,34,39,0.0,0.03000000000020009,0.0,0.03000000000020009,0.0,0.0,1.0,0.0,0.0,0.13977777777778197,0.13977777777778197,0.0,0.0,1.0
3,34,40,0.0,0.30099999999947613,0.0,0.30099999999947613,0.0,0.0,1.0,0.0,0.0,0.12199999999994454,0.12199999999994454,0.0,0.0,1.0
3,34,41,0.0,0.068000000000211,0.0,0.068000000000211,0.0,0.0,1.0,0.0,0.0,0.1222222222221615,0.1222222222221615,0.0,0.0,1.0
3,34,42,0.0,0.03099999999994907,0.0,0.03099999999994907,0.0,0.0,1.0,0.0,0.0,0.04999999999992919,0.04999999999992919,0.0,0.0,1.0
3,34,43,0.0,0.03799999999955617,0.0,0.03799999999955617,0.0,0.0,1.0,0.0,0.0,0.038222222222227806,0.038222222222227806,0.0,0.0,1.0
3,34,44,0.0,0.09200000000055297,0.0,0.09200000000055297,0.0,0.0,1.0,0.0,0.0,0.016666666666676697,0.016666666666676697,0.0,0.0,1.0
3,34,45,0.0,0.01999999999998181,0.0,0.01999999999998181,0.0,0.0,1.0,0.0,0.0,0.01466666666672399,0.01466666666672399,0.0,0.0,1.0
3,34,46,0.0,0.01999999999998181,0.0,0.01999999999998181,0.0,0.0,1.0,0.0,0.0,0.005666666666658913,0.005666666666658913,0.0,0.0,1.0
3,35,0,0.0,0.03900000000021464,0.0,0.03900000000021464,0.0,0.0,1.0,0.0,0.007999999999962407,0.018500000000055177,0.026500000000017586,0.0,0.30188679245121125,0.6981132075487887
3,35,23,0.0,0.04100000000005366,0.0,0.04100000000005366,0.0,0.0,1.0,0.0,0.0,0.3037777777779082,0.3037777777779082,0.0,0.0,1.0
3,35,24,0.0,0.15200000000072578,0.0,0.15200000000072578,0.0,0.0,1.0,0.0,0.1125555555555593,0.4785555555557089,0.5911111111112681,0.0,0.1904135338345422,0.8095864661654579
3,35,25,0.0,0.47400000000016007,0.38200000000006185,0.8560000000002219,0.0,0.4462616822429472,0.5537383177570527,0.0,0.1125555555555593,0.6190000000001167,0.731555555555676,0.0,0.15385783718102475,0.8461421628189753
3,35,26,0.0,0.46600000000034925,0.0,0.46600000000034925,0.0,0.0,1.0,0.0,0.1125555555555593,0.46133333333328763,0.5738888888888469,0.0,0.1961277831558776,0.8038722168441225
3,35,27,0.0,0.09199999999964348,0.0,0.09199999999964348,0.0,0.0,1.0,0.0,0.0,0.5041111111111024,0.5041111111111024,0.0,0.0,1.0
3,35,28,0.0,0.705000000000382,0.0,0.705000000000382,0.0,0.0,1.0,0.0,0.0,0.34888888888887476,0.34888888888887476,0.0,0.0,1.0
3,35,31,0.0,0.16999999999916326,0.0,0.16999999999916326,0.0,0.0,1.0,0.0,0.0,0.17222222222221717,0.17222222222221717,0.0,0.0,1.0
3,35,32,0.0,0.1390000000001237,0.0,0.1390000000001237,0.0,0.0,1.0,0.0,0.0,0.17333333333330203,0.17333333333330203,0.0,0.0,1.0
3,35,35,0.0,0.3919999999998254,0.0,0.3919999999998254,0.0,0.0,1.0,0.0,0.0,0.22633333333326136,0.22633333333326136,0.0,0.0,1.0
3,35,37,0.0,0.170999999999367,0.0,0.170999999999367,0.0,0.0,1.0,0.0,0.0,0.2087777777777673,0.2087777777777673,0.0,0.0,1.0
3,35,38,0.0,0.1999999999998181,0.0,0.1999999999998181,0.0,0.0,1.0,0.0,0.0,0.22666666666671317,0.22666666666671317,0.0,0.0,1.0
3,35,39,0.0,0.17200000000002547,0.0,0.17200000000002547,0.0,0.0,1.0,0.0,0.0,0.20322222222224204,0.20322222222224204,0.0,0.0,1.0
3,35,40,0.0,0.18899999999985084,0.0,0.18899999999985084,0.0,0.0,1.0,0.0,0.0,0.13433333333331474,0.13433333333331474,0.0,0.0,1.0
3,35,41,0.0,0.10999999999967258,0.0,0.10999999999967258,0.0,0.0,1.0,0.0,0.0,0.17199999999994967,0.17199999999994967,0.0,0.0,1.0
3,35,42,0.0,0.1410000000000764,0.0,0.1410000000000764,0.0,0.0,1.0,0.0,0.0,0.0974444444443634,0.0974444444443634,0.0,0.0,1.0
3,35,47,0.0,0.010999999999967258,0.0,0.010999999999967258,0.0,0.0,1.0,0.0,0.0,0.004333333333306655,0.004333333333306655,0.0,0.0,1.0
3,35,48,0.0,0.007999999999810825,0.0,0.007999999999810825,0.0,0.0,1.0,0.0,0.0,0.005666666666658986,0.005666666666658986,0.0,0.0,1.0
3,35,49,0.0,0.032000000000152795,0.0,0.032000000000152795,0.0,0.0,1.0,0.0,0.0,0.006555555555526856,0.006555555555526856,0.0,0.0,1.0
3,35,50,0.0,0.018999999999778083,0.0,0.018999999999778083,0.0,0.0,1.0,0.0,0.0,0.007888888888929715,0.007888888888929715,0.0,0.0,1.0
3,35,51,0.0,0.020000000000436557,0.0,0.020000000000436557,0.0,0.0,1.0,0.0,0.0,0.0054444444444420185,0.0054444444444420185,0.0,0.0,1.0
3,35,52,0.0,0.009999999999763531,0.0,0.009999999999763531,0.0,0.0,1.0,0.0,0.0,0.004666666666707897,0.004666666666707897,0.0,0.0,1.0
3,35,53,0.0,0.012000000000170985,0.0,0.012000000000170985,0.0,0.0,1.0,0.0,0.0,0.0033333333333050376,0.0033333333333050376,0.0,0.0,1.0
3,35,54,0.0,0.007999999999810825,0.0,0.007999999999810825,0.0,0.0,1.0,0.0,0.0,0.0034444444444387858,0.0034444444444387858,0.0,0.0,1.0
3,35,55,0.0,0.010999999999967258,0.0,0.010999999999967258,0.0,0.0,1.0,0.0,0.0,0.004333333333306655,0.004333333333306655,0.0,0.0,1.0
3,35,60,0.0,0.009999999999763531,0.0,0.009999999999763531,0.0,0.0,1.0,0.0,0.0,0.004444444444440402,0.004444444444440402,0.0,0.0,1.0
3,35,62,0.0,0.010999999999967258,0.0,0.010999999999967258,0.0,0.0,1.0,0.0,0.0,0.0032222222222723453,0.0032222222222723453,0.0,0.0,1.0
3,35,63,0.0,0.008000000000265572,0.0,0.008000000000265572,0.0,0.0,1.0,0.0,0.0,0.004444444444440402,0.004444444444440402,0.0,0.0,1.0
3,35,64,0.0,0.02099999999973079,0.0,0.02099999999973079,0.0,0.0,1.0,0.0,0.0,0.004333333333357182,0.004333333333357182,0.0,0.0,1.0
3,35,65,0.0,0.010000000000218279,0.0,0.010000000000218279,0.0,0.0,1.0,0.0,0.0,0.004555555555523622,0.004555555555523622,0.0,0.0,1.0
3,35,66,0.0,0.009999999999763531,0.0,0.009999999999763531,0.0,0.0,1.0,0.0,0.0,0.003333333333355565,0.003333333333355565,0.0,0.0,1.0
3,36,0,0.0,0.032000000000152795,0.047999999999774445,0.07999999999992724,0.0,0.5999999999977262,0.40000000000227376,0.0,0.014833333333323631,0.06950000000006185,0.08433333333338548,0.0,0.1758893280630173,0.8241106719369826
3,36,8,0.0,0.0,0.06899999999995998,0.06899999999995998,0.0,1.0,0.0,0.09011111111112768,0.03444444444443838,0.0,0.12455555555556606,0.7234611953613566,0.2765388046386434,0.0
3,36,16,0.0,0.032000000000152795,0.0,0.032000000000152795,0.0,0.0,1.0,0.0,0.007555555555528473,0.020222222222198778,0.02777777777772725,0.0,0.2719999999995198,0.7280000000004803
3,36,17,0.0,0.028999999999996362,0.0,0.028999999999996362,0.0,0.0,1.0,0.0,0.003222222222221818,0.02755555555561134,0.030777777777833158,0.0,0.10469314079402231,0.8953068592059777
3,36,18,0.0,0.027999999999792635,0.0,0.027999999999792635,0.0,0.0,1.0,0.0,0.0,0.03977777777779718,0.03977777777779718,0.0,0.0,1.0
3,36,19,0.0,0.18200000000024374,0.0,0.18200000000024374,0.0,0.0,1.0,0.0,0.0,0.07100000000006428,0.07100000000006428,0.0,0.0,1.0
3,36,20,0.0,0.3389999999999418,0.0,0.3389999999999418,0.0,0.0,1.0,0.0,0.0,0.07644444444440524,0.07644444444440524,0.0,0.0,1.0
3,36,21,0.0,0.09899999999970532,0.0,0.09899999999970532,0.0,0.0,1.0,0.0,0.0,0.08099999999995412,0.08099999999995412,0.0,0.0,1.0
3,36,22,0.0,0.23099999999999454,0.0,0.23099999999999454,0.0,0.0,1.0,0.0,0.0,0.05311111111110576,0.05311111111110576,0.0,0.0,1.0
3,36,23,0.0,0.060000000000172804,0.0,0.060000000000172804,0.0,0.0,1.0,0.0,0.0,0.06177777777789592,0.06177777777789592,0.0,0.0,1.0
3,36,24,0.0,0.03099999999994907,0.0,0.03099999999994907,0.0,0.0,1.0,0.0,0.042444444444451314,0.09188888888900237,0.13433333333345368,0.0,0.315963606285955,0.684036393714045
3,36,25,0.0,0.01999999999998181,0.0,0.01999999999998181,0.0,0.0,1.0,0.0,0.042444444444451314,0.13844444444453075,0.18088888888898205,0.0,0.23464373464365176,0.7653562653563483
3,36,26,0.0,0.06199999999989814,0.0,0.06199999999989814,0.0,0.0,1.0,0.0,0.042444444444451314,0.2492222222221648,0.2916666666666161,0.0,0.1455238095238583,0.8544761904761418
3,36,27,0.0,0.5199999999999818,0.0,0.5199999999999818,0.0,0.0,1.0,0.0,0.0,0.39611111111109193,0.39611111111109193,0.0,0.0,1.0
3,36,28,0.0,0.5489999999999782,0.0,0.5489999999999782,0.0,0.0,1.0,0.0,0.0,0.33988888888883495,0.33988888888883495,0.0,0.0,1.0
3,36,31,0.0,0.4690000000005057,0.0,0.4690000000005057,0.0,0.0,1.0,0.0,0.0,0.22322222222217336,0.22322222222217336,0.0,0.0,1.0
3,36,32,0.0,0.38199999999983447,0.0,0.38199999999983447,0.0,0.0,1.0,0.0,0.0,0.1912222222221721,0.1912222222221721,0.0,0.0,1.0
3,36,33,0.0,0.009999999999763531,0.0,0.009999999999763531,0.0,0.0,1.0,0.0,0.0,0.062444444444407894,0.062444444444407894,0.0,0.0,1.0
3,36,34,0.0,0.009000000000014552,0.0,0.009000000000014552,0.0,0.0,1.0,0.0,0.0,0.19166666666670715,0.19166666666670715,0.0,0.0,1.0
3,36,35,0.0,0.6790000000000873,0.0,0.6790000000000873,0.0,0.0,1.0,0.0,0.0,0.20966666666673625,0.20966666666673625,0.0,0.0,1.0
3,36,37,0.0,0.41899999999986903,0.0,0.41899999999986903,0.0,0.0,1.0,0.0,0.0,0.21911111111108364,0.21911111111108364,0.0,0.0,1.0
3,36,38,0.0,0.4500000000000455,0.0,0.4500000000000455,0.0,0.0,1.0,0.0,0.0,0.23011111111110147,0.23011111111110147,0.0,0.0,1.0
3,36,39,0.0,0.09900000000016007,0.0,0.09900000000016007,0.0,0.0,1.0,0.0,0.0,0.21344444444442467,0.21344444444442467,0.0,0.0,1.0
3,36,40,0.0,0.24000000000023647,0.0,0.24000000000023647,0.0,0.0,1.0,0.0,0.0,0.12233333333329538,0.12233333333329538,0.0,0.0,1.0
3,36,42,0.0,0.4680000000000746,0.0,0.4680000000000746,0.0,0.0,1.0,0.0,0.0,0.12555555555554246,0.12555555555554246,0.0,0.0,1.0
3,36,43,0.0,0.02099999999973079,0.0,0.02099999999973079,0.0,0.0,1.0,0.0,0.0,0.11333333333335661,0.11333333333335661,0.0,0.0,1.0
3,36,56,0.0,0.01999999999998181,0.0,0.01999999999998181,0.0,0.0,1.0,0.0,0.0,0.0034444444444388217,0.0034444444444388217,0.0,0.0,1.0
3,36,58,0.0,0.009000000000014552,0.0,0.009000000000014552,0.0,0.0,1.0,0.0,0.0,0.002111111111137018,0.002111111111137018,0.0,0.0,1.0
3,36,59,0.0,0.010000000000218279,0.0,0.010000000000218279,0.0,0.0,1.0,0.0,0.0,0.004333333333306692,0.004333333333306692,0.0,0.0,1.0
3,36,60,0.0,0.009999999999763531,0.0,0.009999999999763531,0.0,0.0,1.0,0.0,0.0,0.004444444444440439,0.004444444444440439,0.0,0.0,1.0
3,36,61,0.0,0.010000000000218279,0.0,0.010000000000218279,0.0,0.0,1.0,0.0,0.0,0.0045555555555236585,0.0045555555555236585,0.0,0.0,1.0
3,36,67,0.0,0.010000000000218279,0.0,0.010000000000218279,0.0,0.0,1.0,0.0,0.0,0.004444444444440439,0.004444444444440439,0.0,0.0,1.0
3,36,68,0.0,0.01999999999998181,0.0,0.01999999999998181,0.0,0.0,1.0,0.0,0.0,0.006000000000009738,0.006000000000009738,0.0,0.0,1.0
3,36,69,0.0,0.023999999999887223,0.0,0.023999999999887223,0.0,0.0,1.0,0.0,0.0,0.005555555555525275,0.005555555555525275,0.0,0.0,1.0
3,36,70,0.0,0.005999999999858119,0.0,0.005999999999858119,0.0,0.0,1.0,0.0,0.0,0.005888888888825463,0.005888888888825463,0.0,0.0,1.0
3,36,71,0.0,0.022999999999683496,0.0,0.022999999999683496,0.0,0.0,1.0,0.0,0.0,0.005111111111091341,0.005111111111091341,0.0,0.0,1.0
3,36,72,0.0,0.017000000000280124,0.0,0.017000000000280124,0.0,0.0,1.0,0.0,0.0,0.015555555555591972,0.015555555555591972,0.0,0.0,1.0
3,36,73,0.0,0.08000000000038199,0.0,0.08000000000038199,0.0,0.0,1.0,0.0,0.0,0.03200000000005177,0.03200000000005177,0.0,0.0,1.0
3,36,74,0.0,0.12299999999959255,0.0,0.12299999999959255,0.0,0.0,1.0,0.0,0.0,0.030111111111131756,0.030111111111131756,0.0,0.0,1.0
3,37,0,0.0,0.34600000000000364,0.04100000000016735,0.387000000000171,0.0,0.10594315245516597,0.894056847544834,0.0,0.018166666666653935,0.22966666666669272,0.24783333333334664,0.0,0.07330195023531792,0.9266980497646821
3,37,3,0.0,0.010000000000218279,0.0,0.010000000000218279,0.0,0.0,1.0,0.0,0.0,0.0020000000000032336,0.0020000000000032336,0.0,0.0,1.0
3,37,8,0.8110000000001492,0.0,0.21099999999978536,1.0219999999999345,0.793542074364189,0.20645792563581103,0.0,0.09011111111112768,0.03444444444443838,0.0013333333333523318,0.1258888888889184,0.7157987643424176,0.2736098852602584,0.010591350397324072
3,37,9,0.0,0.0,0.03000000000020009,0.03000000000020009,0.0,1.0,0.0,0.09011111111112768,0.03655555555552483,0.0013333333333523318,0.12800000000000486,0.7039930555556583,0.2855902777775269,0.010416666666814697
3,37,10,0.0,0.0,0.018999999999778083,0.018999999999778083,0.0,1.0,0.0,0.0,0.007555555555579001,0.0012222222222185843,0.008777777777797586,0.0,0.8607594936716146,0.13924050632838528
3,37,11,0.0,0.0,0.01900000000023283,0.01900000000023283,0.0,1.0,0.0,0.0,0.006555555555526856,0.0024444444444371685,0.008999999999964025,0.0,0.7283950617281177,0.2716049382718822
3,37,12,0.0,0.010999999999967258,0.02099999999973079,0.03199999999969805,0.0,0.6562499999977796,0.34375000000222045,0.10144444444439514,0.04877777777781173,0.04688888888889172,0.1971111111110986,0.5146561443064341,0.24746335963942134,0.23788049605414446
3,37,13,0.8419999999996435,0.30999999999994543,0.37900000000036016,1.530999999999949,0.5499673416065783,0.2475506205097144,0.20248203788370722,0.10144444444439514,0.051222222222248905,0.04766666666667637,0.20033333333332043,0.5063782584579118,0.2556849694954353,0.23793677204665278
3,37,14,0.0,0.018000000000029104,0.04100000000016735,0.05900000000019645,0.0,0.6949152542378106,0.3050847457621893,0.10144444444439514,0.05322222222225214,0.04777777777775958,0.20244444444440685,0.5010976948406838,0.26289791437999904,0.23600439077931729
3,37,15,0.0,0.011999999999716238,0.03899999999975989,0.05099999999947613,0.0,0.7647058823560882,0.23529411764391178,0.0,0.012111111111102623,0.013444444444454954,0.025555555555557576,0.0,0.47391304347789126,0.5260869565221088
3,37,16,0.0,0.05900000000019645,0.028999999999996362,0.08800000000019281,0.0,0.32954545454469114,0.6704545454553088,0.0,0.007555555555528473,0.020222222222198778,0.02777777777772725,0.0,0.2719999999995198,0.7280000000004803
3,37,17,0.0,0.04999999999972715,0.0,0.04999999999972715,0.0,0.0,1.0,0.0,0.003222222222221818,0.02755555555561134,0.030777777777833158,0.0,0.10469314079402231,0.8953068592059777
3,37,18,0.0,0.050000000000636646,0.0,0.050000000000636646,0.0,0.0,1.0,0.0,0.0,0.03977777777779718,0.03977777777779718,0.0,0.0,1.0
3,37,19,0.0,0.018999999999778083,0.0,0.018999999999778083,0.0,0.0,1.0,0.0,0.0,0.07100000000006428,0.07100000000006428,0.0,0.0,1.0
3,37,20,0.0,0.021000000000185537,0.0,0.021000000000185537,0.0,0.0,1.0,0.0,0.0,0.07644444444440524,0.07644444444440524,0.0,0.0,1.0
3,37,21,0.0,0.027999999999792635,0.0,0.027999999999792635,0.0,0.0,1.0,0.0,0.0,0.08099999999995412,0.08099999999995412,0.0,0.0,1.0
3,37,22,0.0,0.010999999999967258,0.0,0.010999999999967258,0.0,0.0,1.0,0.0,0.0,0.04855555555554425,0.04855555555554425,0.0,0.0,1.0
3,37,23,0.0,0.008000000000265572,0.0,0.008000000000265572,0.0,0.0,1.0,0.0,0.0,0.04033333333336487,0.04033333333336487,0.0,0.0,1.0
3,37,24,0.0,0.021999999999934516,0.0,0.021999999999934516,0.0,0.0,1.0,0.0,0.0,0.01777777777778688,0.01777777777778688,0.0,0.0,1.0
3,37,25,0.0,0.018999999999778083,0.0,0.018999999999778083,0.0,0.0,1.0,0.0,0.0,0.018222222222195553,0.018222222222195553,0.0,0.0,1.0
3,37,27,0.0,0.5899999999996908,0.0,0.5899999999996908,0.0,0.0,1.0,0.0,0.0,0.2925555555555093,0.2925555555555093,0.0,0.0,1.0
3,37,28,0.0,0.5809999999999036,0.0,0.5809999999999036,0.0,0.0,1.0,0.0,0.0,0.29788888888881754,0.29788888888881754,0.0,0.0,1.0
3,37,29,0.0,0.021999999999934516,0.0,0.021999999999934516,0.0,0.0,1.0,0.0,0.0,0.20888888888887577,0.20888888888887577,0.0,0.0,1.0
3,37,30,0.0,0.29799999999977445,0.0,0.29799999999977445,0.0,0.0,1.0,0.0,0.0,0.1966666666667657,0.1966666666667657,0.0,0.0,1.0
3,37,31,0.0,0.5290000000002237,0.0,0.5290000000002237,0.0,0.0,1.0,0.0,0.0,0.23144444444447898,0.23144444444447898,0.0,0.0,1.0
3,37,32,0.0,0.021999999999934516,0.0,0.021999999999934516,0.0,0.0,1.0,0.0,0.0,0.19144444444443956,0.19144444444443956,0.0,0.0,1.0
3,37,35,0.0,0.635000000000673,0.0,0.635000000000673,0.0,0.0,1.0,0.0,0.0,0.20877777777786832,0.20877777777786832,0.0,0.0,1.0
3,37,36,0.0,0.17200000000002547,0.0,0.17200000000002547,0.0,0.0,1.0,0.0,0.0,0.29444444444450507,0.29444444444450507,0.0,0.0,1.0
3,37,37,0.0,0.28000000000065484,0.0,0.28000000000065484,0.0,0.0,1.0,0.0,0.0,0.21788888888889027,0.21788888888889027,0.0,0.0,1.0
3,37,38,0.0,0.2799999999999727,0.0,0.2799999999999727,0.0,0.0,1.0,0.0,0.0,0.20977777777779416,0.20977777777779416,0.0,0.0,1.0
3,37,40,0.0,0.2909999999997126,0.0,0.2909999999997126,0.0,0.0,1.0,0.0,0.0,0.08422222222225173,0.08422222222225173,0.0,0.0,1.0
3,37,42,0.0,0.29899999999997817,0.0,0.29899999999997817,0.0,0.0,1.0,0.0,0.0,0.11755555555558002,0.11755555555558002,0.0,0.0,1.0
3,37,43,0.0,0.09100000000034925,0.0,0.09100000000034925,0.0,0.0,1.0,0.0,0.0,0.11755555555558002,0.11755555555558002,0.0,0.0,1.0
3,37,73,0.0,0.01999999999998181,0.0,0.01999999999998181,0.0,0.0,1.0,0.0,0.0,0.03200000000005176,0.03200000000005176,0.0,0.0,1.0
3,37,74,0.0,0.04800000000022919,0.0,0.04800000000022919,0.0,0.0,1.0,0.0,0.0,0.03011111111113174,0.03011111111113174,0.0,0.0,1.0
3,38,0,0.0,0.9920000000001892,0.01999999999998181,1.012000000000171,0.0,0.01976284584978106,0.980237154150219,0.004999999999957557,0.010166666666691526,0.26283333333337094,0.27800000000002,0.0179856115106374,0.03657074340536257,0.9454436450840001
3,38,1,0.0,0.007999999999810825,0.0,0.007999999999810825,0.0,0.0,1.0,0.0033333333333050376,0.006777777777794351,0.1752222222222473,0.18533333333334667,0.0179856115106374,0.03657074340536257,0.945443645084
3,38,3,0.0,0.007999999999810825,0.0,0.007999999999810825,0.0,0.0,1.0,0.0,0.0,0.0020000000000032336,0.0020000000000032336,0.0,0.0,1.0
3,38,8,0.0,0.012000000000170985,0.0,0.012000000000170985,0.0,0.0,1.0,0.09011111111112768,0.026777777777776162,0.0013333333333523318,0.11822222222225619,0.7622180451127032,0.2265037593984175,0.011278195488879265
3,38,11,0.0,0.010999999999967258,0.0,0.010999999999967258,0.0,0.0,1.0,0.0,0.006555555555526856,0.0024444444444371685,0.008999999999964025,0.0,0.7283950617281177,0.2716049382718822
3,38,13,0.07099999999991269,0.09000000000014552,0.01999999999998181,0.18100000000004002,0.39226519336959664,0.11049723756893584,0.49723756906146754,0.10144444444439514,0.051222222222248905,0.04766666666667637,0.20033333333332043,0.5063782584579118,0.2556849694954353,0.23793677204665278
3,38,26,0.0,0.010000000000218279,0.0,0.010000000000218279,0.0,0.0,1.0,0.0,0.0,0.08533333333326076,0.08533333333326076,0.0,0.0,1.0
3,38,27,0.0,0.09099999999966712,0.0,0.09099999999966712,0.0,0.0,1.0,0.0,0.0,0.17899999999996097,0.17899999999996097,0.0,0.0,1.0
3,38,28,0.0,0.23000000000024556,0.0,0.23000000000024556,0.0,0.0,1.0,0.0,0.0,0.2465555555554854,0.2465555555554854,0.0,0.0,1.0
3,38,29,0.0,0.09799999999995634,0.0,0.09799999999995634,0.0,0.0,1.0,0.0,0.0,0.220111111111161,0.220111111111161,0.0,0.0,1.0
3,38,30,0.0,0.10200000000008913,0.0,0.10200000000008913,0.0,0.0,1.0,0.0,0.0,0.24566666666674386,0.24566666666674386,0.0,0.0,1.0
3,38,31,0.0,0.25200000000040745,0.0,0.25200000000040745,0.0,0.0,1.0,0.0,0.0,0.1803333333333891,0.1803333333333891,0.0,0.0,1.0
3,38,32,0.0,0.028999999999541615,0.0,0.028999999999541615,0.0,0.0,1.0,0.0,0.0,0.13144444444441836,0.13144444444441836,0.0,0.0,1.0
3,38,33,0.0,0.02999999999974534,0.0,0.02999999999974534,0.0,0.0,1.0,0.0,0.0,0.02011111111106501,0.02011111111106501,0.0,0.0,1.0
3,38,34,0.0,0.1000000000003638,0.0,0.1000000000003638,0.0,0.0,1.0,0.0,0.0,0.1585555555555705,0.1585555555555705,0.0,0.0,1.0
3,38,35,0.0,0.28399999999965075,0.0,0.28399999999965075,0.0,0.0,1.0,0.0,0.0,0.1743333333333794,0.1743333333333794,0.0,0.0,1.0
3,38,37,0.0,0.18099999999958527,0.0,0.18099999999958527,0.0,0.0,1.0,0.0,0.0,0.18900000000000242,0.18900000000000242,0.0,0.0,1.0
3,38,38,0.0,0.17899999999985994,0.0,0.17899999999985994,0.0,0.0,1.0,0.0,0.0,0.1698888888888885,0.1698888888888885,0.0,0.0,1.0
3,38,40,0.0,0.12800000000015643,0.0,0.12800000000015643,0.0,0.0,1.0,0.0,0.0,0.07777777777775755,0.07777777777775755,0.0,0.0,1.0
3,38,42,0.0,0.1790000000000873,0.0,0.1790000000000873,0.0,0.0,1.0,0.0,0.0,0.08311111111114161,0.08311111111114161,0.0,0.0,1.0
3,39,0,0.02999999999974534,0.23100000000022192,0.0,0.26099999999996726,0.1149425287346709,0.0,0.8850574712653291,0.004999999999957557,0.0033333333333303017,0.23366666666667393,0.2419999999999618,0.020661157024621263,0.01377410468318524,0.9655647382921935
3,39,18,0.0,0.01099999999951251,0.0,0.01099999999951251,0.0,0.0,1.0,0.0,0.0,0.03577777777779072,0.03577777777779072,0.0,0.0,1.0
3,39,19,0.0,0.18000000000029104,0.0,0.18000000000029104,0.0,0.0,1.0,0.0,0.0,0.04311111111120328,0.04311111111120328,0.0,0.0,1.0
3,39,20,0.0,0.08899999999994179,0.0,0.08899999999994179,0.0,0.0,1.0,0.0,0.0,0.04199999999996686,0.04199999999996686,0.0,0.0,1.0
3,39,21,0.0,0.0500000000001819,0.0,0.0500000000001819,0.0,0.0,1.0,0.0,0.0,0.022222222222303068,0.022222222222303068,0.0,0.0,1.0
3,39,22,0.0,0.011000000000422006,0.0,0.011000000000422006,0.0,0.0,1.0,0.0,0.0,0.01577777777775838,0.01577777777775838,0.0,0.0,1.0
3,39,23,0.0,0.029999999998835847,0.0,0.029999999998835847,0.0,0.0,1.0,0.0,0.0,0.012111111111052099,0.012111111111052099,0.0,0.0,1.0
3,39,24,0.0,0.009000000000014552,0.0,0.009000000000014552,0.0,0.0,1.0,0.0,0.0,0.01088888888878299,0.01088888888878299,0.0,0.0,1.0
3,39,25,0.0,0.010000000000218279,0.0,0.010000000000218279,0.0,0.0,1.0,0.0,0.0,0.011000000000017789,0.011000000000017789,0.0,0.0,1.0
3,39,26,0.0,0.02099999999973079,0.0,0.02099999999973079,0.0,0.0,1.0,0.0,0.0,0.022333333333361027,0.022333333333361027,0.0,0.0,1.0
3,39,27,0.0,0.027000000000043656,0.0,0.027000000000043656,0.0,0.0,1.0,0.0,0.0,0.05255555555560124,0.05255555555560124,0.0,0.0,1.0
3,39,28,0.0,0.06100000000014916,0.0,0.06100000000014916,0.0,0.0,1.0,0.0,0.0,0.13966666666659777,0.13966666666659777,0.0,0.0,1.0
3,39,29,0.0,0.5189999999997781,0.0,0.5189999999997781,0.0,0.0,1.0,0.0,0.0,0.14433333333340673,0.14433333333340673,0.0,0.0,1.0
3,39,30,0.0,0.07000000000061846,0.0,0.07000000000061846,0.0,0.0,1.0,0.0,0.0,0.17566666666673178,0.17566666666673178,0.0,0.0,1.0
3,39,31,0.0,0.3209999999999127,0.0,0.3209999999999127,0.0,0.0,1.0,0.0,0.0,0.08600000000006329,0.08600000000006329,0.0,0.0,1.0
3,39,35,0.0,0.3779999999997017,0.0,0.3779999999997017,0.0,0.0,1.0,0.0,0.0,0.12177777777782872,0.12177777777782872,0.0,0.0,1.0
3,39,37,0.0,0.32999999999992724,0.0,0.32999999999992724,0.0,0.0,1.0,0.0,0.0,0.14566666666660746,0.14566666666660746,0.0,0.0,1.0
3,39,38,0.0,0.27899999999999636,0.0,0.27899999999999636,0.0,0.0,1.0,0.0,0.0,0.1332222222221541,0.1332222222221541,0.0,0.0,1.0
3,39,40,0.0,0.28099999999994907,0.0,0.28099999999994907,0.0,0.0,1.0,0.0,0.0,0.06444444444443638,0.06444444444443638,0.0,0.0,1.0
3,39,42,0.0,0.17899999999985994,0.0,0.17899999999985994,0.0,0.0,1.0,0.0,0.0,0.058888888888885875,0.058888888888885875,0.0,0.0,1.0
3,39,44,0.0,0.03000000000020009,0.0,0.03000000000020009,0.0,0.0,1.0,0.0,0.0,0.006555555555577402,0.006555555555577402,0.0,0.0,1.0
3,40,0,0.0,0.17099999999982174,0.0,0.17099999999982174,0.0,0.0,1.0,0.004999999999957557,0.0,0.11850000000004002,0.12349999999999757,0.0404858299591713,0.0,0.9595141700408287
3,40,9,0.0,0.01099999999951251,0.0,0.01099999999951251,0.0,0.0,1.0,0.0,0.0,0.012222222222185842,0.012222222222185842,0.0,0.0,1.0
3,40,10,0.0,0.09900000000016007,0.0,0.09900000000016007,0.0,0.0,1.0,0.0,0.0,0.018888888888896973,0.018888888888896973,0.0,0.0,1.0
3,40,11,0.0,0.06000000000040018,0.0,0.06000000000040018,0.0,0.0,1.0,0.0,0.0,0.027666666666644028,0.027666666666644028,0.0,0.0,1.0
3,40,12,0.0,0.08999999999923602,0.0,0.08999999999923602,0.0,0.0,1.0,0.0,0.0,0.02011111111106503,0.02011111111106503,0.0,0.0,1.0
3,40,13,0.0,0.03099999999994907,0.0,0.03099999999994907,0.0,0.0,1.0,0.0,0.0,0.014444444444355517,0.014444444444355517,0.0,0.0,1.0
3,40,14,0.0,0.009000000000014552,0.0,0.009000000000014552,0.0,0.0,1.0,0.0,0.0,0.055777777777722,0.055777777777722,0.0,0.0,1.0
3,40,15,0.0,0.2899999999999636,0.0,0.2899999999999636,0.0,0.0,1.0,0.0,0.0,0.061999999999999195,0.061999999999999195,0.0,0.0,1.0
3,40,16,0.0,0.08700000000044383,0.0,0.08700000000044383,0.0,0.0,1.0,0.0,0.0,0.06677777777773979,0.06677777777773979,0.0,0.0,1.0
3,40,17,0.0,0.042999999999665306,0.0,0.042999999999665306,0.0,0.0,1.0,0.0,0.0,0.02333333333343843,0.02333333333343843,0.0,0.0,1.0
3,40,18,0.0,0.06000000000130967,0.0,0.06000000000130967,0.0,0.0,1.0,0.0,0.0,0.03677777777779233,0.03677777777779233,0.0,0.0,1.0
3,40,19,0.0,0.027999999999337888,0.0,0.027999999999337888,0.0,0.0,1.0,0.0,0.0,0.04311111111120327,0.04311111111120327,0.0,0.0,1.0
3,40,20,0.0,0.020000000000436557,0.0,0.020000000000436557,0.0,0.0,1.0,0.0,0.0,0.04199999999996685,0.04199999999996685,0.0,0.0,1.0
3,40,21,0.0,0.01099999999951251,0.0,0.01099999999951251,0.0,0.0,1.0,0.0,0.0,0.022222222222303065,0.022222222222303065,0.0,0.0,1.0
3,40,22,0.0,0.01900000000023283,0.0,0.01900000000023283,0.0,0.0,1.0,0.0,0.0,0.015777777777758375,0.015777777777758375,0.0,0.0,1.0
3,40,23,0.0,0.021000000000640284,0.0,0.021000000000640284,0.0,0.0,1.0,0.0,0.0,0.012111111111052094,0.012111111111052094,0.0,0.0,1.0
3,40,24,0.0,0.018999999999323336,0.0,0.018999999999323336,0.0,0.0,1.0,0.0,0.0,0.010888888888782984,0.010888888888782984,0.0,0.0,1.0
3,40,25,0.0,0.009000000000014552,0.0,0.009000000000014552,0.0,0.0,1.0,0.0,0.0,0.009888888888882421,0.009888888888882421,0.0,0.0,1.0
3,40,26,0.0,0.021000000000640284,0.0,0.021000000000640284,0.0,0.0,1.0,0.0,0.0,0.011111111111151532,0.011111111111151532,0.0,0.0,1.0
3,40,27,0.0,0.011999999999716238,0.0,0.011999999999716238,0.0,0.0,1.0,0.0,0.0,0.016888888888919002,0.016888888888919002,0.0,0.0,1.0
3,40,29,0.0,0.21899999999982356,0.0,0.21899999999982356,0.0,0.0,1.0,0.0,0.0,0.10466666666669273,0.10466666666669273,0.0,0.0,1.0
3,40,35,0.0,0.2220000000006621,0.0,0.2220000000006621,0.0,0.0,1.0,0.0,0.0,0.17899999999988522,0.17899999999988522,0.0,0.0,1.0
3,40,36,0.0,0.11200000000008004,0.0,0.11200000000008004,0.0,0.0,1.0,0.0,0.0,0.2155555555555111,0.2155555555555111,0.0,0.0,1.0
3,40,37,0.0,0.057999999999992724,0.0,0.057999999999992724,0.0,0.0,1.0,0.0,0.0,0.1764444444443901,0.1764444444443901,0.0,0.0,1.0
3,40,38,0.0,0.17200000000002547,0.0,0.17200000000002547,0.0,0.0,1.0,0.0,0.0,0.12644444444441028,0.12644444444441028,0.0,0.0,1.0
3,40,40,0.0,0.17099999999982174,0.0,0.17099999999982174,0.0,0.0,1.0,0.0,0.0,0.08988888888891071,0.08988888888891071,0.0,0.0,1.0
3,40,42,0.0,0.17200000000002547,0.0,0.17200000000002547,0.0,0.0,1.0,0.0,0.0,0.07444444444445251,0.07444444444445251,0.0,0.0,1.0
3,40,44,0.0,0.028999999999996362,0.0,0.028999999999996362,0.0,0.0,1.0,0.0,0.0,0.014444444444456554,0.014444444444456554,0.0,0.0,1.0
3,41,0,0.0,0.30900000000019645,0.0,0.30900000000019645,0.0,0.0,1.0,0.0631666666667267,0.0,0.08000000000000303,0.14316666666672972,0.44121071012828084,0.0,0.5587892898717192
3,41,15,0.0,0.17199999999957072,0.0,0.17199999999957072,0.0,0.0,1.0,0.0,0.0,0.09544444444448648,0.09544444444448648,0.0,0.0,1.0
3,41,17,0.0,0.009000000000014552,0.0,0.009000000000014552,0.0,0.0,1.0,0.0,0.0,0.027444444444679698,0.027444444444679698,0.0,0.0,1.0
3,41,28,0.0,0.009999999999990905,0.0,0.009999999999990905,0.0,0.0,1.0,0.0,0.0,0.034666666666579554,0.034666666666579554,0.0,0.0,1.0
3,41,29,0.0,0.05100000000015825,0.0,0.05100000000015825,0.0,0.0,1.0,0.0,0.0,0.03688888888885029,0.03688888888885029,0.0,0.0,1.0
3,41,30,0.0,0.011999999999716238,0.0,0.011999999999716238,0.0,0.0,1.0,0.0,0.0,0.03477777777773857,0.03477777777773857,0.0,0.0,1.0
3,41,34,0.0,0.058999999999286956,0.0,0.058999999999286956,0.0,0.0,1.0,0.0,0.0,0.17022222222223918,0.17022222222223918,0.0,0.0,1.0
3,41,35,0.0,0.501999999999498,0.0,0.501999999999498,0.0,0.0,1.0,0.0,0.0,0.2560000000000097,0.2560000000000097,0.0,0.0,1.0
3,41,36,0.0,0.33799999999973807,0.0,0.33799999999973807,0.0,0.0,1.0,0.0,0.0,0.19800000000001697,0.19800000000001697,0.0,0.0,1.0
3,41,38,0.0,0.2989999999997508,0.0,0.2989999999997508,0.0,0.0,1.0,0.0,0.0,0.0964444444444376,0.0964444444444376,0.0,0.0,1.0
3,41,40,0.0,0.34700000000020736,0.0,0.34700000000020736,0.0,0.0,1.0,0.0,0.0,0.08977777777782751,0.08977777777782751,0.0,0.0,1.0
3,41,41,0.0,0.010000000000218279,0.0,0.010000000000218279,0.0,0.0,1.0,0.0,0.0,0.16655555555560872,0.16655555555560872,0.0,0.0,1.0
3,41,42,0.0,0.28899999999998727,0.0,0.28899999999998727,0.0,0.0,1.0,0.0,0.0,0.08011111111113679,0.08011111111113679,0.0,0.0,1.0
3,41,43,0.0,0.01999999999998181,0.0,0.01999999999998181,0.0,0.0,1.0,0.0,0.0,0.08788888888888224,0.08788888888888224,0.0,0.0,1.0
3,41,44,0.0,0.05099999999993088,0.0,0.05099999999993088,0.0,0.0,1.0,0.0,0.0,0.011111111111101024,0.011111111111101024,0.0,0.0,1.0
3,42,0,0.37900000000036016,0.0,0.0,0.37900000000036016,1.0,0.0,0.0,0.12816666666670548,0.011833333333318782,0.05800000000006852,0.1980000000000928,0.6473063973062899,0.05976430976420826,0.2929292929295017
3,42,15,0.0,0.2709999999997308,0.0,0.2709999999997308,0.0,0.0,1.0,0.0,0.0,0.09488888888891879,0.09488888888891879,0.0,0.0,1.0
3,42,16,0.0,0.030000000000654836,0.0,0.030000000000654836,0.0,0.0,1.0,0.0,0.0,0.09711111111108846,0.09711111111108846,0.0,0.0,1.0
3,42,17,0.0,0.01099999999951251,0.0,0.01099999999951251,0.0,0.0,1.0,0.0,0.0,0.006333333333410944,0.006333333333410944,0.0,0.0,1.0
3,42,18,0.0,0.007000000000516593,0.0,0.007000000000516593,0.0,0.0,1.0,0.0,0.0,0.004222222222172907,0.004222222222172907,0.0,0.0,1.0
3,42,19,0.0,0.01099999999951251,0.0,0.01099999999951251,0.0,0.0,1.0,0.0,0.0,0.004333333333407709,0.004333333333407709,0.0,0.0,1.0
3,42,20,0.0,0.021000000000640284,0.0,0.021000000000640284,0.0,0.0,1.0,0.0,0.0,0.0046666666666068425,0.0046666666666068425,0.0,0.0,1.0
3,42,21,0.0,0.009999999999308784,0.0,0.009999999999308784,0.0,0.0,1.0,0.0,0.0,0.004555555555574149,0.004555555555574149,0.0,0.0,1.0
3,42,22,0.0,0.010000000000218279,0.0,0.010000000000218279,0.0,0.0,1.0,0.0,0.0,0.0034444444444387853,0.0034444444444387853,0.0,0.0,1.0
3,42,23,0.0,0.011000000000422006,0.0,0.011000000000422006,0.0,0.0,1.0,0.0,0.0,0.003333333333406093,0.003333333333406093,0.0,0.0,1.0
3,42,24,0.0,0.009000000000014552,0.0,0.009000000000014552,0.0,0.0,1.0,0.0,0.0,0.0033333333333050376,0.0033333333333050376,0.0,0.0,1.0
3,42,25,0.0,0.009999999999308784,0.0,0.009999999999308784,0.0,0.0,1.0,0.0,0.0,0.003111111111037543,0.003111111111037543,0.0,0.0,1.0
3,42,26,0.0,0.009000000000014552,0.0,0.009000000000014552,0.0,0.0,1.0,0.0,0.0,0.002111111111035926,0.002111111111035926,0.0,0.0,1.0
3,42,28,0.0,0.009000000000014552,0.0,0.009000000000014552,0.0,0.0,1.0,0.0,0.0,0.008999999999964025,0.008999999999964025,0.0,0.0,1.0
3,42,29,0.0,0.01099999999951251,0.0,0.01099999999951251,0.0,0.0,1.0,0.0,0.0,0.012555555555536557,0.012555555555536557,0.0,0.0,1.0
3,42,30,0.0,0.020000000000436557,0.0,0.020000000000436557,0.0,0.0,1.0,0.0,0.0,0.010444444444424841,0.010444444444424841,0.0,0.0,1.0
3,42,32,0.0,0.011000000000422006,0.0,0.011000000000422006,0.0,0.0,1.0,0.0,0.0,0.0022222222222707286,0.0022222222222707286,0.0,0.0,1.0
3,42,33,0.0,0.009000000000014552,0.0,0.009000000000014552,0.0,0.0,1.0,0.0,0.0,0.09111111111117982,0.09111111111117982,0.0,0.0,1.0
3,42,34,0.0,0.5210000000006403,0.0,0.5210000000006403,0.0,0.0,1.0,0.0,0.0,0.16999999999997173,0.16999999999997173,0.0,0.0,1.0
3,42,35,0.0,0.21900000000005093,0.0,0.21900000000005093,0.0,0.0,1.0,0.0,0.0,0.2691111111110634,0.2691111111110634,0.0,0.0,1.0
3,42,36,0.0,0.33100000000013097,0.0,0.33100000000013097,0.0,0.0,1.0,0.0,0.0,0.18022222222215434,0.18022222222215434,0.0,0.0,1.0
3,42,38,0.0,0.33900000000016917,0.0,0.33900000000016917,0.0,0.0,1.0,0.0,0.0,0.10422222222220827,0.10422222222220827,0.0,0.0,1.0
3,42,40,0.0,0.2800000000002001,0.0,0.2800000000002001,0.0,0.0,1.0,0.0,0.0,0.11011111111116001,0.11011111111116001,0.0,0.0,1.0
3,42,42,0.0,0.2300000000000182,0.0,0.2300000000000182,0.0,0.0,1.0,0.0,0.0,0.07422222222226083,0.07422222222226083,0.0,0.0,1.0
3,43,0,0.38999999999987267,0.03900000000021464,0.07099999999991269,0.5,0.7799999999997453,0.14199999999982538,0.07800000000042928,0.22000000000002728,0.01666666666665151,0.021666666666684858,0.25833333333336367,0.8516129032258121,0.06451612903219181,0.08387096774199605
3,43,15,0.0,0.38100000000031287,0.0,0.38100000000031287,0.0,0.0,1.0,0.0,0.0,0.0757777777778554,0.0757777777778554,0.0,0.0,1.0
3,43,34,0.0,0.22000000000025466,0.0,0.22000000000025466,0.0,0.0,1.0,0.0,0.0,0.1944444444444697,0.1944444444444697,0.0,0.0,1.0
3,43,36,0.0,0.2319999999999709,0.0,0.2319999999999709,0.0,0.0,1.0,0.0,0.0,0.13844444444450546,0.13844444444450546,0.0,0.0,1.0
3,43,38,0.0,0.27099999999995816,0.0,0.27099999999995816,0.0,0.0,1.0,0.0,0.0,0.10211111111112181,0.10211111111112181,0.0,0.0,1.0
3,43,39,0.0,0.028999999999996362,0.0,0.028999999999996362,0.0,0.0,1.0,0.0,0.0,0.19344444444446807,0.19344444444446807,0.0,0.0,1.0
3,43,40,0.0,0.22299999999972897,0.0,0.22299999999972897,0.0,0.0,1.0,0.0,0.0,0.10722222222223839,0.10722222222223839,0.0,0.0,1.0
3,43,41,0.0,0.10200000000008913,0.0,0.10200000000008913,0.0,0.0,1.0,0.0,0.0,0.15811111111113657,0.15811111111113657,0.0,0.0,1.0
3,43,42,0.0,0.01700000000005275,0.0,0.01700000000005275,0.0,0.0,1.0,0.0,0.0,0.06544444444446323,0.06544444444446323,0.0,0.0,1.0
3,43,47,0.0,0.10999999999967258,0.0,0.10999999999967258,0.0,0.0,1.0,0.0,0.0,0.04888888888884443,0.04888888888884443,0.0,0.0,1.0
3,44,0,0.5509999999999309,0.0909999999998945,0.028999999999996362,0.6709999999998217,0.8211624441133789,0.04321907600596731,0.13561847988065376,0.24833333333333485,0.01666666666665151,0.0983333333333197,0.3633333333333061,0.6834862385321655,0.045871559632989244,0.27064220183484516
3,44,29,0.0,0.009000000000014552,0.0,0.009000000000014552,0.0,0.0,1.0,0.0,0.0,0.015444444444483446,0.015444444444483446,0.0,0.0,1.0
3,44,30,0.0,0.031000000000176442,0.0,0.031000000000176442,0.0,0.0,1.0,0.0,0.0,0.01633333333337658,0.01633333333337658,0.0,0.0,1.0
3,44,31,0.0,0.02800000000002001,0.0,0.02800000000002001,0.0,0.0,1.0,0.0,0.0,0.017555555555670954,0.017555555555670954,0.0,0.0,1.0
3,44,32,0.0,0.04099999999993997,0.0,0.04099999999993997,0.0,0.0,1.0,0.0,0.0,0.016444444444434537,0.016444444444434537,0.0,0.0,1.0
3,44,33,0.0,0.01999999999998181,0.0,0.01999999999998181,0.0,0.0,1.0,0.0,0.0,0.13255555555540213,0.13255555555540213,0.0,0.0,1.0
3,44,34,0.0,0.7049999999992451,0.0,0.7049999999992451,0.0,0.0,1.0,0.0,0.0,0.13566666666661653,0.13566666666661653,0.0,0.0,1.0
3,44,35,0.0,0.05600000000004002,0.0,0.05600000000004002,0.0,0.0,1.0,0.0,0.0,0.21088888888882842,0.21088888888882842,0.0,0.0,1.0
3,44,36,0.0,0.3960000000004129,0.0,0.3960000000004129,0.0,0.0,1.0,0.0,0.0,0.09322222222229153,0.09322222222229153,0.0,0.0,1.0
3,44,37,0.0,0.011999999999943611,0.0,0.011999999999943611,0.0,0.0,1.0,0.0,0.0,0.18699999999994868,0.18699999999994868,0.0,0.0,1.0
3,44,38,0.0,0.2680000000000291,0.0,0.2680000000000291,0.0,0.0,1.0,0.0,0.0,0.10922222222219109,0.10922222222219109,0.0,0.0,1.0
3,44,40,0.0,0.33100000000013097,0.0,0.33100000000013097,0.0,0.0,1.0,0.0,0.0,0.11277777777776361,0.11277777777776361,0.0,0.0,1.0
3,44,42,0.0,0.2400000000000091,0.0,0.2400000000000091,0.0,0.0,1.0,0.0,0.0,0.07688888888888967,0.07688888888888967,0.0,0.0,1.0
3,44,47,0.0,0.32999999999992724,0.0,0.32999999999992724,0.0,0.0,1.0,0.0,0.0,0.08000000000002828,0.08000000000002828,0.0,0.0,1.0
3,44,58,0.0,0.021000000000185537,0.0,0.021000000000185537,0.0,0.0,1.0,0.0,0.0,0.007555555555528455,0.007555555555528455,0.0,0.0,1.0
3,44,60,0.0,0.04100000000016735,0.0,0.04100000000016735,0.0,0.0,1.0,0.0,0.0,0.05222222222219997,0.05222222222219997,0.0,0.0,1.0
3,45,0,0.5199999999999818,0.45099999999979445,0.0,0.9709999999997763,0.535530381050568,0.0,0.4644696189494319,0.18333333333335608,0.004833333333332727,0.09183333333328392,0.2799999999999727,0.6547619047620498,0.01726190476190428,0.3279761904760459
3,45,1,0.029000000000223736,0.009000000000014552,0.0,0.03800000000023829,0.7631578947379444,0.0,0.23684210526205568,0.16455555555555493,0.003222222222221818,0.06122222222218928,0.22899999999996604,0.7185832120330975,0.014070839398350637,0.2673459485685518
3,45,2,0.3809999999998581,0.0,0.0,0.3809999999998581,1.0,0.0,0.0,0.04877777777778647,0.0,0.0021111111111117176,0.050888888888898184,0.9585152838427905,0.0,0.041484716157209583
3,45,3,0.028999999999996362,0.009999999999990905,0.0,0.03899999999998727,0.743589743589893,0.0,0.2564102564101069,0.047999999999976554,0.0,0.0011111111111101006,0.04911111111108665,0.9773755656108691,0.0,0.022624434389130962
3,45,4,0.021999999999934516,0.0,0.0,0.021999999999934516,1.0,0.0,0.0,0.01777777777778687,0.0,0.0011111111111101006,0.018888888888896973,0.9411764705883139,0.0,0.05882352941168603
3,45,5,0.10900000000015098,0.0,0.0,0.10900000000015098,1.0,0.0,0.0,0.01555555555556667,0.0,0.001000000000001617,0.016555555555568285,0.9395973154361904,0.0,0.060402684563809615
3,45,6,0.009000000000014552,0.009000000000014552,0.0,0.018000000000029104,0.5,0.0,0.5,0.01555555555556667,0.0,0.001000000000001617,0.016555555555568285,0.9395973154361904,0.0,0.060402684563809615
3,45,7,0.021999999999934516,0.0,0.0,0.021999999999934516,1.0,0.0,0.0,0.0044444444444404025,0.0,0.001000000000001617,0.005444444444442019,0.8163265306118661,0.0,0.18367346938813392
3,45,8,0.009000000000014552,0.0,0.0,0.009000000000014552,1.0,0.0,0.0,0.008999999999989287,0.0,0.001222222222243848,0.010222222222233136,0.8804347826067077,0.0,0.11956521739329225
3,45,9,0.049999999999954525,0.011000000000194632,0.0,0.06100000000014916,0.8196721311447912,0.0,0.18032786885520877,0.009888888888882421,0.0011111111111101006,0.002444444444462432,0.013444444444454954,0.7355371900815886,0.08264462809903379,0.18181818181937762
3,45,10,0.019000000000005457,0.010999999999967258,0.009999999999990905,0.03999999999996362,0.4750000000005684,0.25,0.2749999999994316,0.013222222222212724,0.020000000000007075,0.002444444444462432,0.03566666666668223,0.37071651090299873,0.5607476635513555,0.06853582554564576
3,45,11,0.0,0.0,0.13799999999991996,0.13799999999991996,0.0,1.0,0.0,0.007666666666662221,0.020000000000007075,0.0012222222222185843,0.02888888888888788,0.2653846153844708,0.6923076923079613,0.042307692307567854
3,45,14,0.0,0.10000000000013642,0.0,0.10000000000013642,0.0,0.0,1.0,0.0,0.0,0.014555555555565055,0.014555555555565055,0.0,0.0,1.0
3,45,15,0.0,0.03099999999994907,0.0,0.03099999999994907,0.0,0.0,1.0,0.0,0.0,0.028999999999920572,0.028999999999920572,0.0,0.0,1.0
3,45,16,0.0,0.12999999999919964,0.0,0.12999999999919964,0.0,0.0,1.0,0.0,0.0,0.01999999999993128,0.01999999999993128,0.0,0.0,1.0
3,45,17,0.0,0.01900000000023283,0.0,0.01900000000023283,0.0,0.0,1.0,0.0,0.0,0.0198888888888228,0.0198888888888228,0.0,0.0,1.0
3,45,18,0.0,0.029999999999972715,0.0,0.029999999999972715,0.0,0.0,1.0,0.0,0.0,0.006333333333335152,0.006333333333335152,0.0,0.0,1.0
3,45,19,0.0,0.007999999999810825,0.0,0.007999999999810825,0.0,0.0,1.0,0.0,0.0,0.00733333333333677,0.00733333333333677,0.0,0.0,1.0
3,45,20,0.0,0.028000000000247383,0.0,0.028000000000247383,0.0,0.0,1.0,0.0,0.0,0.005000000000008085,0.005000000000008085,0.0,0.0,1.0
3,45,21,0.0,0.009000000000014552,0.0,0.009000000000014552,0.0,0.0,1.0,0.0,0.0,0.006888888888902835,0.006888888888902835,0.0,0.0,1.0
3,45,22,0.0,0.024999999999863576,0.0,0.024999999999863576,0.0,0.0,1.0,0.0,0.0,0.01511111111108221,0.01511111111108221,0.0,0.0,1.0
3,45,23,0.0,0.10199999999986176,0.0,0.10199999999986176,0.0,0.0,1.0,0.0,0.0,0.023555555555529083,0.023555555555529083,0.0,0.0,1.0
3,45,24,0.0,0.08500000000003638,0.0,0.08500000000003638,0.0,0.0,1.0,0.0,0.0,0.027777777777803048,0.027777777777803048,0.0,0.0,1.0
3,45,25,0.0,0.06300000000032924,0.0,0.06300000000032924,0.0,0.0,1.0,0.0,0.0,0.020888888888849683,0.020888888888849683,0.0,0.0,1.0
3,45,26,0.0,0.0399999999992815,0.0,0.0399999999992815,0.0,0.0,1.0,0.0,0.0,0.05077777777781497,0.05077777777781497,0.0,0.0,1.0
3,45,27,0.0,0.35400000000072396,0.0,0.35400000000072396,0.0,0.0,1.0,0.0,0.0,0.0470000000000002,0.0470000000000002,0.0,0.0,1.0
3,45,28,0.0,0.028999999999996362,0.0,0.028999999999996362,0.0,0.0,1.0,0.0,0.0,0.04788888888889333,0.04788888888889333,0.0,0.0,1.0
3,45,29,0.0,0.038999999999305146,0.0,0.038999999999305146,0.0,0.0,1.0,0.0,0.0,0.015444444444483446,0.015444444444483446,0.0,0.0,1.0
3,45,30,0.0,0.031000000000858563,0.0,0.031000000000858563,0.0,0.0,1.0,0.0,0.0,0.01633333333337658,0.01633333333337658,0.0,0.0,1.0
3,45,31,0.0,0.009000000000014552,0.0,0.009000000000014552,0.0,0.0,1.0,0.0,0.0,0.017555555555670954,0.017555555555670954,0.0,0.0,1.0
3,45,32,0.0,0.018000000000029104,0.0,0.018000000000029104,0.0,0.0,1.0,0.0,0.0,0.016444444444434537,0.016444444444434537,0.0,0.0,1.0
3,45,33,0.0,0.03199999999992542,0.0,0.03199999999992542,0.0,0.0,1.0,0.0,0.0,0.1081111111109294,0.1081111111109294,0.0,0.0,1.0
3,45,34,0.0,0.1569999999992433,0.0,0.1569999999992433,0.0,0.0,1.0,0.0,0.0,0.11122222222214379,0.11122222222214379,0.0,0.0,1.0
3,45,35,0.0,0.031000000000858563,0.0,0.031000000000858563,0.0,0.0,1.0,0.0,0.0,0.16299999999990986,0.16299999999990986,0.0,0.0,1.0
3,45,36,0.0,0.10099999999943066,0.0,0.10099999999943066,0.0,0.0,1.0,0.0,0.0,0.0730000000000675,0.0730000000000675,0.0,0.0,1.0
3,45,37,0.0,0.010999999999967258,0.0,0.010999999999967258,0.0,0.0,1.0,0.0,0.0,0.15655555555551673,0.15655555555551673,0.0,0.0,1.0
3,45,38,0.0,0.3919999999998254,0.0,0.3919999999998254,0.0,0.0,1.0,0.0,0.0,0.0989999999999832,0.0989999999999832,0.0,0.0,1.0
3,45,40,0.0,0.32999999999992724,0.0,0.32999999999992724,0.0,0.0,1.0,0.0,0.0,0.09333333333334948,0.09333333333334948,0.0,0.0,1.0
3,45,42,0.0,0.3329999999998563,0.0,0.3329999999998563,0.0,0.0,1.0,0.0,0.0,0.08355555555555028,0.08355555555555028,0.0,0.0,1.0
3,45,47,0.0,0.28000000000065484,0.0,0.28000000000065484,0.0,0.0,1.0,0.0,0.0,0.08777777777777372,0.08777777777777372,0.0,0.0,1.0
3,45,50,0.0,0.010000000000218279,0.0,0.010000000000218279,0.0,0.0,1.0,0.0,0.0,0.008888888888880786,0.008888888888880786,0.0,0.0,1.0
3,45,58,0.0,0.009000000000014552,0.0,0.009000000000014552,0.0,0.0,1.0,0.0,0.0,0.007555555555528455,0.007555555555528455,0.0,0.0,1.0
3,45,59,0.0,0.03799999999955617,0.0,0.03799999999955617,0.0,0.0,1.0,0.0,0.0,0.07777777777780807,0.07777777777780807,0.0,0.0,1.0
3,45,60,0.0,0.3910000000000764,0.0,0.3910000000000764,0.0,0.0,1.0,0.0,0.0,0.07444444444445251,0.07444444444445251,0.0,0.0,1.0
3,46,10,0.010999999999967258,0.0,0.0,0.010999999999967258,1.0,0.0,0.0,0.013222222222212724,0.020000000000007075,0.002444444444462432,0.03566666666668223,0.37071651090299873,0.5607476635513555,0.06853582554564576
3,46,11,0.03899999999998727,0.0,0.032000000000152795,0.07100000000014006,0.5492957746466244,0.4507042253533756,0.0,0.007666666666662221,0.020000000000007075,0.0023333333333286845,0.02999999999999798,0.2555555555554246,0.6666666666669474,0.07777777777762805
3,46,36,0.0,0.020999999999958163,0.0,0.020999999999958163,0.0,0.0,1.0,0.0,0.0,0.037000000000059825,0.037000000000059825,0.0,0.0,1.0
3,46,37,0.0,0.028999999999996362,0.0,0.028999999999996362,0.0,0.0,1.0,0.0,0.0,0.08655555555545409,0.08655555555545409,0.0,0.0,1.0
3,46,38,0.0,0.1790000000000873,0.0,0.1790000000000873,0.0,0.0,1.0,0.0,0.0,0.06977777777774462,0.06977777777774462,0.0,0.0,1.0
3,46,40,0.0,0.1790000000000873,0.0,0.1790000000000873,0.0,0.0,1.0,0.0,0.0,0.08777777777777374,0.08777777777777374,0.0,0.0,1.0
3,46,42,0.0,0.1790000000000873,0.0,0.1790000000000873,0.0,0.0,1.0,0.0,0.0,0.0879999999999907,0.0879999999999907,0.0,0.0,1.0
3,46,47,0.0,0.17999999999938154,0.0,0.17999999999938154,0.0,0.0,1.0,0.0,0.0,0.07666666666672325,0.07666666666672325,0.0,0.0,1.0
3,46,50,0.0,0.06999999999970896,0.0,0.06999999999970896,0.0,0.0,1.0,0.0,0.0,0.046666666666674746,0.046666666666674746,0.0,0.0,1.0
3,46,60,0.0,0.20000000000027285,0.0,0.20000000000027285,0.0,0.0,1.0,0.0,0.0,0.06988888888887838,0.06988888888887838,0.0,0.0,1.0
3,47,0,0.0,0.028999999999996362,0.0,0.028999999999996362,0.0,0.0,1.0,0.04716666666672609,0.013333333333321207,0.010166666666653631,0.07066666666670092,0.6674528301891965,0.18867924528275581,0.1438679245280477
3,47,1,0.0,0.020999999999958163,0.0,0.020999999999958163,0.0,0.0,1.0,0.032222222222268705,0.008888888888880805,0.0067777777777690874,0.047888888888918596,0.6728538283068177,0.1856148491876511,0.1415313225055312
3,47,3,0.0,0.011999999999943611,0.0,0.011999999999943611,0.0,0.0,1.0,0.02833333333334546,0.04366666666661937,0.003111111111113334,0.07511111111107817,0.3772189349115695,0.5813609467451875,0.04142011834324303
3,47,4,0.0,0.016000000000076398,0.0,0.016000000000076398,0.0,0.0,1.0,0.02755555555556081,0.04444444444440402,0.0043333333333319185,0.07633333333329674,0.36098981077171205,0.5822416302763143,0.05676855895197375
3,47,5,0.0,0.010999999999967258,0.0,0.010999999999967258,0.0,0.0,1.0,0.0,0.0020000000000032336,0.004222222222223435,0.006222222222226669,0.0,0.3214285714288614,0.6785714285711386
3,47,6,0.0,0.010999999999967258,0.0,0.010999999999967258,0.0,0.0,1.0,0.0,0.0020000000000032336,0.005777777777767471,0.007777777777770704,0.0,0.25714285714350676,0.7428571428564933
3,47,7,0.0,0.019000000000005457,0.0,0.019000000000005457,0.0,0.0,1.0,0.0,0.0023333333333539485,0.009888888888907687,0.012222222222261636,0.0,0.19090909091016198,0.809090909089838
3,47,8,0.0,0.009999999999990905,0.0,0.009999999999990905,0.0,0.0,1.0,0.0,0.0011111111111353643,0.023777777777796577,0.02488888888893194,0.0,0.04464285714375438,0.9553571428562457
3,47,12,0.0,0.009999999999990905,0.0,0.009999999999990905,0.0,0.0,1.0,0.0043333333333319185,0.0035555555555725326,0.030333333333272903,0.03822222222217735,0.11337209302335188,0.09302325581450685,0.7936046511621413
3,47,13,0.0,0.020999999999958163,0.0,0.020999999999958163,0.0,0.0,1.0,0.0,0.0,0.03566666666668223,0.03566666666668223,0.0,0.0,1.0
3,47,14,0.0,0.008000000000038199,0.0,0.008000000000038199,0.0,0.0,1.0,0.0,0.0022222222222202013,0.026888888888884646,0.029111111111104846,0.0,0.07633587786254242,0.9236641221374576
3,47,15,0.0,0.03199999999992542,0.0,0.03199999999992542,0.0,0.0,1.0,0.0,0.0034444444444387853,0.03200000000002647,0.035444444444465255,0.0,0.09717868338536322,0.9028213166146368
3,47,16,0.0,0.02800000000002001,0.0,0.02800000000002001,0.0,0.0,1.0,0.0,0.0034444444444387853,0.02788888888883573,0.03133333333327452,0.0,0.10992907801421013,0.8900709219857899
3,47,17,0.0,0.03199999999992542,0.0,0.03199999999992542,0.0,0.0,1.0,0.0,0.003222222222221818,0.024222222222205242,0.02744444444442706,0.0,0.11740890688265074,0.8825910931173493
3,47,18,0.0,0.01999999999998181,0.0,0.01999999999998181,0.0,0.0,1.0,0.0,0.002000000000003234,0.01033333333334162,0.012333333333344854,0.0,0.16216216216227292,0.8378378378377271
3,47,19,0.0,0.012000000000170985,0.0,0.012000000000170985,0.0,0.0,1.0,0.0,0.0031111111111385985,0.010777777777800817,0.013888888888939415,0.0,0.2240000000011642,0.7759999999988358
3,47,20,0.0,0.016999999999825377,0.0,0.016999999999825377,0.0,0.0,1.0,0.0,0.0022222222222202013,0.008666666666663837,0.010888888888884039,0.0,0.20408163265296653,0.7959183673470335
3,47,21,0.0,0.009000000000014552,0.0,0.009000000000014552,0.0,0.0,1.0,0.0,0.0022222222222202013,0.008555555555555353,0.010777777777775555,0.0,0.2061855670101643,0.7938144329898357
3,47,22,0.0,0.009999999999990905,0.0,0.009999999999990905,0.0,0.0,1.0,0.0,0.0022222222221696735,0.008111111111171946,0.010333333333341618,0.0,0.21505376343560242,0.7849462365643977
3,47,23,0.0,0.032000000000152795,0.0,0.032000000000152795,0.0,0.0,1.0,0.0,0.0034444444444387853,0.008111111111171946,0.011555555555610731,0.0,0.2980769230750101,0.7019230769249899
3,47,24,0.0,0.009000000000014552,0.0,0.009000000000014552,0.0,0.0,1.0,0.0,0.0034444444444387853,0.010444444444475369,0.013888888888914154,0.0,0.2479999999991414,0.7520000000008585
3,47,25,0.0,0.02299999999991087,0.0,0.02299999999991087,0.0,0.0,1.0,0.0,0.0032222222222723453,0.007555555555528473,0.010777777777800819,0.0,0.2989690721689599,0.70103092783104
3,47,26,0.0,0.01700000000005275,0.0,0.01700000000005275,0.0,0.0,1.0,0.0,0.002111111111136981,0.007555555555528473,0.009666666666665455,0.0,0.21839080460040472,0.7816091953995953
3,47,27,0.0,0.009000000000014552,0.0,0.009000000000014552,0.0,0.0,1.0,0.0,0.002111111111136981,0.005222222222225052,0.007333333333362033,0.0,0.2878787878811889,0.7121212121188111
3,47,28,0.0,0.009999999999990905,0.0,0.009999999999990905,0.0,0.0,1.0,0.0,0.0012222222222185843,0.006777777777743824,0.007999999999962409,0.0,0.1527777777780409,0.847222222221959
3,47,29,0.0,0.020999999999958163,0.0,0.020999999999958163,0.0,0.0,1.0,0.0,0.0,0.008666666666588047,0.008666666666588047,0.0,0.0,1.0
3,47,30,0.0,0.025999999999612555,0.0,0.025999999999612555,0.0,0.0,1.0,0.0,0.0,0.008666666666588047,0.008666666666588047,0.0,0.0,1.0
3,47,31,0.0,0.011999999999943611,0.0,0.011999999999943611,0.0,0.0,1.0,0.0,0.0,0.006555555555501593,0.006555555555501593,0.0,0.0,1.0
3,47,32,0.0,0.011999999999943611,0.0,0.011999999999943611,0.0,0.0,1.0,0.0,0.0,0.008000000000012934,0.008000000000012934,0.0,0.0,1.0
3,47,33,0.0,0.028000000000247383,0.0,0.028000000000247383,0.0,0.0,1.0,0.0,0.0,0.010333333333366883,0.010333333333366883,0.0,0.0,1.0
3,47,34,0.0,0.03199999999992542,0.0,0.03199999999992542,0.0,0.0,1.0,0.0,0.0,0.020333333333408313,0.020333333333408313,0.0,0.0,1.0
3,47,35,0.0,0.1020000000003165,0.0,0.1020000000003165,0.0,0.0,1.0,0.0,0.0,0.021555555555601635,0.021555555555601635,0.0,0.0,1.0
3,47,36,0.0,0.028999999999996362,0.0,0.028999999999996362,0.0,0.0,1.0,0.0,0.0,0.022555555555577988,0.022555555555577988,0.0,0.0,1.0
3,47,37,0.0,0.009000000000014552,0.0,0.009000000000014552,0.0,0.0,1.0,0.0,0.0,0.031999999999975944,0.031999999999975944,0.0,0.0,1.0
3,47,38,0.0,0.007999999999810825,0.0,0.007999999999810825,0.0,0.0,1.0,0.0,0.0,0.026444444444425442,0.026444444444425442,0.0,0.0,1.0
3,47,40,0.0,0.28099999999994907,0.0,0.28099999999994907,0.0,0.0,1.0,0.0,0.0,0.05211111111111677,0.05211111111111677,0.0,0.0,1.0
3,47,42,0.0,0.2799999999999727,0.0,0.2799999999999727,0.0,0.0,1.0,0.0,0.0,0.07844444444443373,0.07844444444443373,0.0,0.0,1.0
3,47,47,0.0,0.23000000000047294,0.0,0.23000000000047294,0.0,0.0,1.0,0.0,0.0,0.06777777777779193,0.06777777777779193,0.0,0.0,1.0
3,47,50,0.0,0.3400000000001455,0.0,0.3400000000001455,0.0,0.0,1.0,0.0,0.0,0.0509999999999814,0.0509999999999814,0.0,0.0,1.0
3,48,0,0.0,0.010999999999967258,0.0,0.010999999999967258,0.0,0.0,1.0,0.048833333333353345,0.013333333333321207,0.010166666666653631,0.07233333333332818,0.6751152073735966,0.1843317972348685,0.14055299539153487
3,48,1,0.2830000000003565,0.0,0.07999999999992724,0.36300000000028376,0.7796143250692432,0.22038567493075675,0.0,0.033333333333353546,0.008888888888880805,0.0067777777777690874,0.049000000000003444,0.6802721088439021,0.18140589569143226,0.13832199546466553
3,48,2,0.007000000000061846,0.0,0.0,0.007000000000061846,1.0,0.0,0.0,0.06888888888892729,0.05255555555550018,0.0036666666666557526,0.12511111111108322,0.5506216696274279,0.4200710479570222,0.02930728241554985
3,48,3,0.2480000000000473,0.0,0.39299999999957436,0.6409999999996217,0.3868954758193349,0.6131045241806651,0.0,0.0363333333333584,0.04366666666661937,0.003111111111113334,0.08311111111109111,0.43716577540147633,0.5254010695182739,0.03743315508024966
3,48,5,0.0,0.0,0.007000000000061846,0.007000000000061846,0.0,1.0,0.0,0.0,0.0020000000000032336,0.004222222222223435,0.006222222222226669,0.0,0.3214285714288614,0.6785714285711386
3,48,6,0.0,0.0,0.010999999999967258,0.010999999999967258,0.0,1.0,0.0,0.0,0.0031111111110880703,0.005777777777767471,0.00888888888885554,0.0,0.349999999998721,0.650000000001279
3,48,7,0.0,0.010999999999967258,0.0,0.010999999999967258,0.0,0.0,1.0,0.0,0.0034444444444387853,0.009888888888907687,0.013333333333346473,0.0,0.2583333333326543,0.7416666666673456
3,48,8,0.0,0.03800000000023829,0.010000000000218279,0.048000000000456566,0.0,0.20833333333589918,0.7916666666641008,0.0,0.0044444444444404025,0.03377777777781275,0.03822222222225315,0.0,0.11627906976724203,0.883720930232758
3,48,9,0.0,0.13599999999996726,0.0,0.13599999999996726,0.0,0.0,1.0,0.0,0.003333333333355565,0.03744444444449376,0.04077777777784933,0.0,0.08174386921021103,0.918256130789789
3,48,10,0.0,0.06300000000010186,0.0,0.06300000000010186,0.0,0.0,1.0,0.0,0.0034444444444387853,0.03566666666668223,0.03911111111112101,0.0,0.08806818181801483,0.9119318181819852
3,48,11,0.0,0.03199999999992542,0.0,0.03199999999992542,0.0,0.0,1.0,0.0,0.0012222222222185843,0.026111111111125258,0.027333333333343843,0.0,0.044715447154321256,0.9552845528456787
3,48,12,0.0,0.13000000000010914,0.0,0.13000000000010914,0.0,0.0,1.0,0.0,0.0033333333333555658,0.030333333333272903,0.033666666666628466,0.0,0.09900990099087173,0.9009900990091284
3,48,13,0.0,0.0799999999994725,0.0,0.0799999999994725,0.0,0.0,1.0,0.0,0.0033333333333555658,0.03566666666668223,0.039000000000037796,0.0,0.08547008547057271,0.9145299145294273
3,48,14,0.0,0.07200000000057116,0.0,0.07200000000057116,0.0,0.0,1.0,0.0,0.005555555555575767,0.026888888888884646,0.032444444444460416,0.0,0.17123287671286744,0.8287671232871325
3,48,15,0.0,0.028999999999996362,0.01999999999998181,0.04899999999997817,0.0,0.40816326530593305,0.591836734694067,0.0,0.004666666666657369,0.03200000000002647,0.03666666666668384,0.0,0.1272727272724141,0.872727272727586
3,48,16,0.0,0.11899999999968713,0.010999999999967258,0.1299999999996544,0.0,0.08461538461535771,0.9153846153846423,0.0,0.0034444444444387853,0.02788888888883573,0.03133333333327452,0.0,0.10992907801421013,0.8900709219857899
3,48,17,0.0,0.010999999999967258,0.0,0.010999999999967258,0.0,0.0,1.0,0.0,0.003222222222221818,0.024222222222205242,0.02744444444442706,0.0,0.11740890688265074,0.8825910931173493
3,48,18,0.0,0.008000000000265572,0.018000000000029104,0.026000000000294676,0.0,0.6923076923009652,0.3076923076990347,0.0,0.002000000000003234,0.01033333333334162,0.012333333333344854,0.0,0.16216216216227292,0.8378378378377271
3,48,19,0.0,0.009999999999763531,0.0,0.009999999999763531,0.0,0.0,1.0,0.0,0.0031111111111385985,0.010777777777800817,0.013888888888939415,0.0,0.2240000000011642,0.7759999999988358
3,48,20,0.0,0.03000000000020009,0.010000000000218279,0.04000000000041837,0.0,0.25000000000284217,0.7499999999971578,0.0,0.0022222222222202013,0.008666666666663837,0.010888888888884039,0.0,0.20408163265296653,0.7959183673470335
3,48,21,0.0,0.0,0.009999999999763531,0.009999999999763531,0.0,1.0,0.0,0.0,0.0022222222222202013,0.008555555555555353,0.010777777777775555,0.0,0.2061855670101643,0.7938144329898357
3,48,22,0.0,0.010999999999967258,0.0,0.010999999999967258,0.0,0.0,1.0,0.0,0.0022222222221696735,0.008111111111171946,0.010333333333341618,0.0,0.21505376343560242,0.7849462365643977
3,48,23,0.0,0.011000000000422006,0.009999999999763531,0.021000000000185537,0.0,0.4761904761750086,0.5238095238249914,0.0,0.0034444444444387853,0.008111111111171946,0.011555555555610731,0.0,0.2980769230750101,0.7019230769249899
3,48,24,0.0,0.0,0.021000000000185537,0.021000000000185537,0.0,1.0,0.0,0.0,0.0034444444444387853,0.010444444444475369,0.013888888888914154,0.0,0.2479999999991414,0.7520000000008585
3,48,25,0.0,0.018999999999778083,0.0,0.018999999999778083,0.0,0.0,1.0,0.0,0.0032222222222723453,0.007555555555528473,0.010777777777800819,0.0,0.2989690721689599,0.70103092783104
3,48,26,0.0,0.0,0.008000000000265572,0.008000000000265572,0.0,1.0,0.0,0.0,0.002111111111136981,0.007555555555528473,0.009666666666665455,0.0,0.21839080460040472,0.7816091953995953
3,48,27,0.0,0.0,0.010999999999967258,0.010999999999967258,0.0,1.0,0.0,0.0,0.002111111111136981,0.005222222222225052,0.007333333333362033,0.0,0.2878787878811889,0.7121212121188111
3,48,28,0.0,0.010999999999967258,0.0,0.010999999999967258,0.0,0.0,1.0,0.0,0.0012222222222185843,0.006777777777743824,0.007999999999962409,0.0,0.1527777777780409,0.847222222221959
3,48,29,0.0,0.009999999999763531,0.0,0.009999999999763531,0.0,0.0,1.0,0.0,0.0,0.008666666666588047,0.008666666666588047,0.0,0.0,1.0
3,48,31,0.0,0.009000000000014552,0.0,0.009000000000014552,0.0,0.0,1.0,0.0,0.0,0.006555555555501593,0.006555555555501593,0.0,0.0,1.0
3,48,33,0.0,0.010999999999967258,0.0,0.010999999999967258,0.0,0.0,1.0,0.0,0.0,0.010333333333366883,0.010333333333366883,0.0,0.0,1.0
3,48,34,0.0,0.010000000000218279,0.0,0.010000000000218279,0.0,0.0,1.0,0.0,0.0,0.020333333333408313,0.020333333333408313,0.0,0.0,1.0
3,48,37,0.0,0.012999999999919964,0.0,0.012999999999919964,0.0,0.0,1.0,0.0,0.0,0.006555555555526854,0.006555555555526854,0.0,0.0,1.0
3,48,40,0.0,0.009000000000014552,0.0,0.009000000000014552,0.0,0.0,1.0,0.0,0.0,0.032222222222218176,0.032222222222218176,0.0,0.0,1.0
3,48,42,0.0,0.22800000000006548,0.0,0.22800000000006548,0.0,0.0,1.0,0.0,0.0,0.09522222222219373,0.09522222222219373,0.0,0.0,1.0
3,48,43,0.0,0.018999999999778083,0.0,0.018999999999778083,0.0,0.0,1.0,0.0,0.0,0.09522222222219373,0.09522222222219373,0.0,0.0,1.0
3,48,46,0.0,0.008000000000265572,0.0,0.008000000000265572,0.0,0.0,1.0,0.0,0.0,0.0733333333333677,0.0733333333333677,0.0,0.0,1.0
3,48,47,0.0,0.19200000000000728,0.0,0.19200000000000728,0.0,0.0,1.0,0.0,0.0,0.0733333333333677,0.0733333333333677,0.0,0.0,1.0
3,48,49,0.0,0.03900000000021464,0.0,0.03900000000021464,0.0,0.0,1.0,0.0,0.0,0.04322222222223596,0.04322222222223596,0.0,0.0,1.0
3,48,50,0.0,0.009999999999763531,0.0,0.009999999999763531,0.0,0.0,1.0,0.0,0.0,0.04322222222223596,0.04322222222223596,0.0,0.0,1.0
3,48,52,0.0,0.07999999999992724,0.0,0.07999999999992724,0.0,0.0,1.0,0.0,0.0,0.042222222222234346,0.042222222222234346,0.0,0.0,1.0
3,49,1,0.009999999999763531,0.0,0.0,0.009999999999763531,1.0,0.0,0.0,0.033333333333353546,0.008888888888880805,0.0012222222222185843,0.04344444444445294,0.7672634271102896,0.20460358056243377,0.02813299232727649
3,49,3,0.07200000000011642,0.0,0.0,0.07200000000011642,1.0,0.0,0.0,0.0363333333333584,0.04366666666661937,0.0,0.07999999999997777,0.4541666666671062,0.5458333333328939,0.0
3,49,7,0.0,0.0,0.009999999999763531,0.009999999999763531,0.0,1.0,0.0,0.0,0.0034444444444387853,0.005444444444467283,0.008888888888906068,0.0,0.38749999999861445,0.6125000000013856
3,49,9,0.0,0.09000000000014552,0.01999999999998181,0.11000000000012733,0.0,0.18181818181780598,0.818181818182194,0.0,0.003333333333355565,0.036333333333383656,0.03966666666673922,0.0,0.0840336134457849,0.915966386554215
3,49,11,0.0,0.0,0.010999999999967258,0.010999999999967258,0.0,1.0,0.0,0.0,0.0012222222222185843,0.02500000000001516,0.026222222222233745,0.0,0.046610169491366205,0.9533898305086337
3,49,13,0.0,0.0,0.01900000000023283,0.01900000000023283,0.0,1.0,0.0,0.0,0.0033333333333555658,0.03133333333335031,0.03466666666670588,0.0,0.09615384615437872,0.9038461538456213
3,49,14,0.0,0.0,0.010999999999967258,0.010999999999967258,0.0,1.0,0.0,0.0,0.005555555555575767,0.02011111111111556,0.025666666666691325,0.0,0.21645021645079596,0.783549783549204
3,49,42,0.0,0.32999999999992724,0.0,0.32999999999992724,0.0,0.0,1.0,0.0,0.0,0.10099999999998645,0.10099999999998645,0.0,0.0,1.0
3,49,47,0.0,0.22999999999956344,0.0,0.22999999999956344,0.0,0.0,1.0,0.0,0.0,0.08455555555555193,0.08455555555555193,0.0,0.0,1.0
3,49,52,0.0,0.3000000000001819,0.0,0.3000000000001819,0.0,0.0,1.0,0.0,0.0,0.06788888888887515,0.06788888888887515,0.0,0.0,1.0
3,50,42,0.0,0.3320000000001073,0.0,0.3320000000001073,0.0,0.0,1.0,0.0,0.0,0.1000000000000101,0.1000000000000101,0.0,0.0,1.0
3,50,47,0.0,0.33100000000013097,0.0,0.33100000000013097,0.0,0.0,1.0,0.0,0.0,0.08211111111106421,0.08211111111106421,0.0,0.0,1.0
3,50,52,0.0,0.23099999999976717,0.0,0.23099999999976717,0.0,0.0,1.0,0.0,0.0,0.07988888888889455,0.07988888888889455,0.0,0.0,1.0
3,50,65,0.0,0.01900000000023283,0.0,0.01900000000023283,0.0,0.0,1.0,0.0,0.0,0.06666666666665656,0.06666666666665656,0.0,0.0,1.0
3,50,66,0.0,0.11900000000014188,0.0,0.11900000000014188,0.0,0.0,1.0,0.0,0.0,0.06666666666665656,0.06666666666665656,0.0,0.0,1.0
3,51,42,0.0,0.2380000000000564,0.0,0.2380000000000564,0.0,0.0,1.0,0.0,0.0,0.1000000000000101,0.1000000000000101,0.0,0.0,1.0
3,51,47,0.0,0.17799999999988358,0.0,0.17799999999988358,0.0,0.0,1.0,0.0,0.0,0.08788888888890749,0.08788888888890749,0.0,0.0,1.0
3,51,52,0.0,0.18800000000010186,0.0,0.18800000000010186,0.0,0.0,1.0,0.0,0.0,0.07733333333332364,0.07733333333332364,0.0,0.0,1.0
3,51,65,0.0,0.34999999999990905,0.0,0.34999999999990905,0.0,0.0,1.0,0.0,0.0,0.06988888888887838,0.06988888888887838,0.0,0.0,1.0
3,51,66,0.0,0.11199999999962529,0.0,0.11199999999962529,0.0,0.0,1.0,0.0,0.0,0.06988888888887838,0.06988888888887838,0.0,0.0,1.0
3,52,42,0.0,0.32999999999992724,0.0,0.32999999999992724,0.0,0.0,1.0,0.0,0.0,0.08755555555555677,0.08755555555555677,0.0,0.0,1.0
3,52,47,0.0,0.17199999999957072,0.0,0.17199999999957072,0.0,0.0,1.0,0.0,0.0,0.0711111111111475,0.0711111111111475,0.0,0.0,1.0
3,52,48,0.0,0.11000000000058208,0.0,0.11000000000058208,0.0,0.0,1.0,0.0,0.0,0.0711111111111475,0.0711111111111475,0.0,0.0,1.0
3,52,52,0.0,0.27700000000004366,0.0,0.27700000000004366,0.0,0.0,1.0,0.0,0.0,0.07100000000001375,0.07100000000001375,0.0,0.0,1.0
3,52,65,0.0,0.028999999999996362,0.0,0.028999999999996362,0.0,0.0,1.0,0.0,0.0,0.054555555555503406,0.054555555555503406,0.0,0.0,1.0
3,53,42,0.0,0.22000000000002728,0.0,0.22000000000002728,0.0,0.0,1.0,0.0,0.0,0.11555555555555151,0.11555555555555151,0.0,0.0,1.0
3,53,48,0.0,0.18000000000029104,0.0,0.18000000000029104,0.0,0.0,1.0,0.0,0.0,0.08244444444446546,0.08244444444446546,0.0,0.0,1.0
3,53,52,0.0,0.17399999999997817,0.0,0.17399999999997817,0.0,0.0,1.0,0.0,0.0,0.08122222222219636,0.08122222222219636,0.0,0.0,1.0
3,54,41,0.0,0.38000000000010914,0.0,0.38000000000010914,0.0,0.0,1.0,0.0,0.0,0.08911111111105029,0.08911111111105029,0.0,0.0,1.0
3,54,42,0.0,0.10999999999989996,0.0,0.10999999999989996,0.0,0.0,1.0,0.0,0.0,0.08444444444439292,0.08444444444439292,0.0,0.0,1.0
3,54,48,0.0,0.27999999999974534,0.0,0.27999999999974534,0.0,0.0,1.0,0.0,0.0,0.05877777777772685,0.05877777777772685,0.0,0.0,1.0
3,54,52,0.0,0.27999999999974534,0.0,0.27999999999974534,0.0,0.0,1.0,0.0,0.0,0.08177777777776403,0.08177777777776403,0.0,0.0,1.0
3,55,0,0.6269999999999527,0.6269999999999527,0.07199999999966167,1.325999999999567,0.4728506787331504,0.054298642533699225,0.4728506787331504,0.22966666666669275,0.017166666666601788,0.1349999999999909,0.38183333333328545,0.6014840680926797,0.04495853339136781,0.3535573985159524
3,55,2,0.0,0.009000000000014552,0.0,0.009000000000014552,0.0,0.0,1.0,0.0,0.0,0.002222222222169674,0.002222222222169674,0.0,0.0,1.0
3,55,3,0.0,0.01099999999951251,0.0,0.01099999999951251,0.0,0.0,1.0,0.0,0.0,0.002222222222169674,0.002222222222169674,0.0,0.0,1.0
3,55,7,0.0,0.009000000000014552,0.0,0.009000000000014552,0.0,0.0,1.0,0.0,0.0,0.001000000000001617,0.001000000000001617,0.0,0.0,1.0
3,55,12,0.0,0.010000000000218279,0.0,0.010000000000218279,0.0,0.0,1.0,0.0,0.0,0.0011111111111353643,0.0011111111111353643,0.0,0.0,1.0
3,55,15,0.0,0.01099999999951251,0.0,0.01099999999951251,0.0,0.0,1.0,0.0,0.0,0.0012222222221680568,0.0012222222221680568,0.0,0.0,1.0
3,55,18,0.0,0.011000000000422006,0.0,0.011000000000422006,0.0,0.0,1.0,0.0,0.0,0.0022222222222707286,0.0022222222222707286,0.0,0.0,1.0
3,55,19,0.0,0.009000000000014552,0.0,0.009000000000014552,0.0,0.0,1.0,0.0,0.0,0.0032222222222723453,0.0032222222222723453,0.0,0.0,1.0
3,55,20,0.0,0.009000000000014552,0.0,0.009000000000014552,0.0,0.0,1.0,0.0,0.0,0.0020000000000032336,0.0020000000000032336,0.0,0.0,1.0
3,55,22,0.0,0.010000000000218279,0.0,0.010000000000218279,0.0,0.0,1.0,0.0,0.0,0.0011111111111353643,0.0011111111111353643,0.0,0.0,1.0
3,55,24,0.0,0.010000000000218279,0.0,0.010000000000218279,0.0,0.0,1.0,0.0,0.0,0.0011111111111353643,0.0011111111111353643,0.0,0.0,1.0
3,55,26,0.0,0.019999999999527063,0.0,0.019999999999527063,0.0,0.0,1.0,0.0,0.0,0.0022222222221696735,0.0022222222221696735,0.0,0.0,1.0
3,55,29,0.0,0.010000000000218279,0.0,0.010000000000218279,0.0,0.0,1.0,0.0,0.0,0.0011111111111353643,0.0011111111111353643,0.0,0.0,1.0
3,55,31,0.0,0.01099999999951251,0.0,0.01099999999951251,0.0,0.0,1.0,0.0,0.0,0.0012222222221680568,0.0012222222221680568,0.0,0.0,1.0
3,55,34,0.0,0.010000000000218279,0.0,0.010000000000218279,0.0,0.0,1.0,0.0,0.0,0.0011111111111353643,0.0011111111111353643,0.0,0.0,1.0
3,55,36,0.0,0.010000000000218279,0.0,0.010000000000218279,0.0,0.0,1.0,0.0,0.0,0.0022222222222707286,0.0022222222222707286,0.0,0.0,1.0
3,55,37,0.0,0.010000000000218279,0.0,0.010000000000218279,0.0,0.0,1.0,0.0,0.0,0.0022222222222707286,0.0022222222222707286,0.0,0.0,1.0
3,55,40,0.0,0.041999999999916326,0.0,0.041999999999916326,0.0,0.0,1.0,0.0,0.0,0.05122222222222364,0.05122222222222364,0.0,0.0,1.0
3,55,41,0.0,0.03899999999998727,0.0,0.03899999999998727,0.0,0.0,1.0,0.0,0.0,0.06588888888882138,0.06588888888882138,0.0,0.0,1.0
3,55,42,0.0,0.01099999999951251,0.0,0.01099999999951251,0.0,0.0,1.0,0.0,0.0,0.06233333333324886,0.06233333333324886,0.0,0.0,1.0
3,55,45,0.0,0.012000000000625732,0.0,0.012000000000625732,0.0,0.0,1.0,0.0,0.0,0.006777777777844878,0.006777777777844878,0.0,0.0,1.0
3,55,46,0.0,0.007999999999810825,0.0,0.007999999999810825,0.0,0.0,1.0,0.0,0.0,0.007777777777745441,0.007777777777745441,0.0,0.0,1.0
3,55,47,0.0,0.009999999999308784,0.0,0.009999999999308784,0.0,0.0,1.0,0.0,0.0,0.04555555555543833,0.04555555555543833,0.0,0.0,1.0
3,55,48,0.0,0.05900000000019645,0.0,0.05900000000019645,0.0,0.0,1.0,0.0,0.0,0.04522222222213815,0.04522222222213815,0.0,0.0,1.0
3,55,50,0.0,0.009000000000014552,0.0,0.009000000000014552,0.0,0.0,1.0,0.0,0.0,0.006666666666660603,0.006666666666660603,0.0,0.0,1.0
3,55,51,0.0,0.02099999999973079,0.0,0.02099999999973079,0.0,0.0,1.0,0.0,0.0,0.06344444444443474,0.06344444444443474,0.0,0.0,1.0
3,55,52,0.0,0.261000000000422,0.0,0.261000000000422,0.0,0.0,1.0,0.0,0.0,0.06244444444443312,0.06244444444443312,0.0,0.0,1.0
3,56,0,0.7510000000002037,0.18299999999999272,0.03099999999994907,0.9650000000001455,0.7782383419690057,0.032124352331548596,0.18963730569944573,0.23316666666672367,0.018666666666604215,0.17999999999998786,0.43183333333331575,0.5399459668083362,0.0432265534541219,0.4168274797375419
3,56,42,0.0,0.010999999999967258,0.0,0.010999999999967258,0.0,0.0,1.0,0.0,0.0,0.010333333333240565,0.010333333333240565,0.0,0.0,1.0
3,56,43,0.0,0.009999999999763531,0.0,0.009999999999763531,0.0,0.0,1.0,0.0,0.0,0.004444444444389875,0.004444444444389875,0.0,0.0,1.0
3,56,44,0.0,0.008000000000265572,0.0,0.008000000000265572,0.0,0.0,1.0,0.0,0.0,0.004222222222273962,0.004222222222273962,0.0,0.0,1.0
3,56,45,0.0,0.007999999999810825,0.0,0.007999999999810825,0.0,0.0,1.0,0.0,0.0,0.0067777777778448775,0.0067777777778448775,0.0,0.0,1.0
3,56,46,0.0,0.02500000000009095,0.0,0.02500000000009095,0.0,0.0,1.0,0.0,0.0,0.00777777777774544,0.00777777777774544,0.0,0.0,1.0
3,56,47,0.0,0.007000000000061846,0.0,0.007000000000061846,0.0,0.0,1.0,0.0,0.0,0.014444444444355517,0.014444444444355517,0.0,0.0,1.0
3,56,48,0.0,0.02099999999973079,0.0,0.02099999999973079,0.0,0.0,1.0,0.0,0.0,0.014111111111055327,0.014111111111055327,0.0,0.0,1.0
3,56,49,0.0,0.03000000000020009,0.0,0.03000000000020009,0.0,0.0,1.0,0.0,0.0,0.013222222222237985,0.013222222222237985,0.0,0.0,1.0
3,56,54,0.0,0.1710000000002765,0.0,0.1710000000002765,0.0,0.0,1.0,0.0,0.0,0.06688888888892405,0.06688888888892405,0.0,0.0,1.0
3,57,0,0.021000000000185537,0.1910000000002583,0.009000000000014552,0.22100000000045839,0.09502262443503158,0.040723981900433866,0.8642533936645346,0.12866666666673154,0.006666666666660603,0.07549999999999576,0.2108333333333879,0.6102766798420469,0.03162055335964685,0.35810276679830616
3,57,1,0.0,0.07899999999972351,0.0,0.07899999999972351,0.0,0.0,1.0,0.08577777777782103,0.0044444444444404025,0.05155555555554909,0.14177777777781053,0.6050156739813565,0.03134796238240939,0.36363636363623403
3,57,2,0.0,0.010999999999967258,0.0,0.010999999999967258,0.0,0.0,1.0,0.0,0.0,0.013333333333321207,0.013333333333321207,0.0,0.0,1.0
3,57,3,0.0,0.03000000000020009,0.0,0.03000000000020009,0.0,0.0,1.0,0.0,0.0,0.005555555555575766,0.005555555555575766,0.0,0.0,1.0
3,57,4,0.0,0.009000000000014552,0.0,0.009000000000014552,0.0,0.0,1.0,0.0,0.0,0.009888888888882423,0.009888888888882423,0.0,0.0,1.0
3,57,5,0.0,0.04999999999972715,0.0,0.04999999999972715,0.0,0.0,1.0,0.0,0.0,0.00777777777774544,0.00777777777774544,0.0,0.0,1.0
3,57,6,0.0,0.010999999999967258,0.0,0.010999999999967258,0.0,0.0,1.0,0.0,0.0,0.011222222222184225,0.011222222222184225,0.0,0.0,1.0
3,57,7,0.0,0.03999999999996362,0.0,0.03999999999996362,0.0,0.0,1.0,0.0,0.0,0.011000000000017782,0.011000000000017782,0.0,0.0,1.0
3,57,8,0.0,0.04800000000022919,0.0,0.04800000000022919,0.0,0.0,1.0,0.0,0.0,0.020111111111115555,0.020111111111115555,0.0,0.0,1.0
3,57,9,0.0,0.0929999999998472,0.0,0.0929999999998472,0.0,0.0,1.0,0.0,0.0,0.021000000000033953,0.021000000000033953,0.0,0.0,1.0
3,57,10,0.0,0.04800000000022919,0.0,0.04800000000022919,0.0,0.0,1.0,0.0,0.0,0.015666666666675152,0.015666666666675152,0.0,0.0,1.0
3,57,12,0.0,0.027999999999792635,0.0,0.027999999999792635,0.0,0.0,1.0,0.0,0.0,0.005777777777742204,0.005777777777742204,0.0,0.0,1.0
3,57,13,0.0,0.023999999999887223,0.0,0.023999999999887223,0.0,0.0,1.0,0.0,0.0,0.007888888888879186,0.007888888888879186,0.0,0.0,1.0
3,57,14,0.0,0.01900000000023283,0.0,0.01900000000023283,0.0,0.0,1.0,0.0,0.0,0.004777777777791114,0.004777777777791114,0.0,0.0,1.0
3,57,16,0.0,0.010000000000218279,0.0,0.010000000000218279,0.0,0.0,1.0,0.0,0.0,0.0031111111110880677,0.0031111111110880677,0.0,0.0,1.0
3,57,17,0.0,0.017999999999574356,0.0,0.017999999999574356,0.0,0.0,1.0,0.0,0.0,0.004333333333306652,0.004333333333306652,0.0,0.0,1.0
3,57,18,0.0,0.010999999999967258,0.0,0.010999999999967258,0.0,0.0,1.0,0.0,0.0,0.003222222222171288,0.003222222222171288,0.0,0.0,1.0
3,57,20,0.0,0.009000000000014552,0.0,0.009000000000014552,0.0,0.0,1.0,0.0,0.0,0.0018888888889200112,0.0018888888889200112,0.0,0.0,1.0
3,57,21,0.0,0.008000000000265572,0.0,0.008000000000265572,0.0,0.0,1.0,0.0,0.0,0.0046666666667078945,0.0046666666667078945,0.0,0.0,1.0
3,57,22,0.0,0.02500000000009095,0.0,0.02500000000009095,0.0,0.0,1.0,0.0,0.0,0.0036666666667062773,0.0036666666667062773,0.0,0.0,1.0
3,57,24,0.0,0.007999999999810825,0.0,0.007999999999810825,0.0,0.0,1.0,0.0,0.0,0.0018888888888694835,0.0018888888888694835,0.0,0.0,1.0
3,57,25,0.0,0.009000000000014552,0.0,0.009000000000014552,0.0,0.0,1.0,0.0,0.0,0.0018888888888694835,0.0018888888888694835,0.0,0.0,1.0
3,57,27,0.0,0.008999999999559805,0.0,0.008999999999559805,0.0,0.0,1.0,0.0,0.0,0.0023333333333034182,0.0023333333333034182,0.0,0.0,1.0
3,57,28,0.0,0.012000000000170985,0.0,0.012000000000170985,0.0,0.0,1.0,0.0,0.0,0.0034444444444387823,0.0034444444444387823,0.0,0.0,1.0
3,57,29,0.0,0.010000000000218279,0.0,0.010000000000218279,0.0,0.0,1.0,0.0,0.0,0.0036666666667062773,0.0036666666667062773,0.0,0.0,1.0
3,57,30,0.0,0.010999999999967258,0.0,0.010999999999967258,0.0,0.0,1.0,0.0,0.0,0.003222222222272342,0.003222222222272342,0.0,0.0,1.0
3,57,31,0.0,0.008000000000265572,0.0,0.008000000000265572,0.0,0.0,1.0,0.0,0.0,0.002111111111136978,0.002111111111136978,0.0,0.0,1.0
3,57,33,0.0,0.011999999999716238,0.0,0.011999999999716238,0.0,0.0,1.0,0.0,0.0,0.001333333333301801,0.001333333333301801,0.0,0.0,1.0
3,57,35,0.0,0.009000000000014552,0.0,0.009000000000014552,0.0,0.0,1.0,0.0,0.0,0.0010000000000016137,0.0010000000000016137,0.0,0.0,1.0
3,57,37,0.0,0.01900000000023283,0.0,0.01900000000023283,0.0,0.0,1.0,0.0,0.0,0.002111111111136978,0.002111111111136978,0.0,0.0,1.0
3,57,39,0.0,0.009000000000014552,0.0,0.009000000000014552,0.0,0.0,1.0,0.0,0.0,0.0010000000000016135,0.0010000000000016135,0.0,0.0,1.0
3,57,41,0.0,0.021999999999934516,0.0,0.021999999999934516,0.0,0.0,1.0,0.0,0.0,0.003666666666655749,0.003666666666655749,0.0,0.0,1.0
3,57,53,0.0,0.1710000000002765,0.0,0.1710000000002765,0.0,0.0,1.0,0.0,0.0,0.08566666666668728,0.08566666666668728,0.0,0.0,1.0
3,57,54,0.0,0.25999999999976353,0.0,0.25999999999976353,0.0,0.0,1.0,0.0,0.0,0.08566666666668728,0.08566666666668728,0.0,0.0,1.0
3,57,69,0.0,0.032000000000152795,0.0,0.032000000000152795,0.0,0.0,1.0,0.0,0.0,0.006777777777794351,0.006777777777794351,0.0,0.0,1.0
3,58,53,0.0,0.16899999999986903,0.0,0.16899999999986903,0.0,0.0,1.0,0.0,0.0,0.09911111111109172,0.09911111111109172,0.0,0.0,1.0
3,58,69,0.0,0.028999999999996362,0.0,0.028999999999996362,0.0,0.0,1.0,0.0,0.0,0.037000000000009296,0.037000000000009296,0.0,0.0,1.0
3,59,53,0.0,0.2919999999999163,0.0,0.2919999999999163,0.0,0.0,1.0,0.0,0.0,0.08311111111106584,0.08311111111106584,0.0,0.0,1.0
3,59,69,0.0,0.13899999999966894,0.0,0.13899999999966894,0.0,0.0,1.0,0.0,0.0,0.03344444444443676,0.03344444444443676,0.0,0.0,1.0
3,59,70,0.0,0.13300000000026557,0.0,0.13300000000026557,0.0,0.0,1.0,0.0,0.0,0.04988888888889657,0.04988888888889657,0.0,0.0,1.0
3,59,71,0.0,0.10799999999971988,0.0,0.10799999999971988,0.0,0.0,1.0,0.0,0.0,0.03800000000001091,0.03800000000001091,0.0,0.0,1.0
3,59,72,0.0,0.06099999999969441,0.0,0.06099999999969441,0.0,0.0,1.0,0.0,0.0,0.02644444444442545,0.02644444444442545,0.0,0.0,1.0
3,59,73,0.0,0.01900000000023283,0.0,0.01900000000023283,0.0,0.0,1.0,0.0,0.0,0.013333333333321207,0.013333333333321207,0.0,0.0,1.0
3,60,53,0.0,0.2869999999998072,0.0,0.2869999999998072,0.0,0.0,1.0,0.0,0.0,0.08888888888885858,0.08888888888885858,0.0,0.0,1.0
3,60,71,0.0,0.04000000000041837,0.0,0.04000000000041837,0.0,0.0,1.0,0.0,0.0,0.038000000000010914,0.038000000000010914,0.0,0.0,1.0
3,60,73,0.0,0.009999999999763531,0.0,0.009999999999763531,0.0,0.0,1.0,0.0,0.0,0.013333333333321207,0.013333333333321207,0.0,0.0,1.0
3,60,74,0.0,0.03000000000020009,0.0,0.03000000000020009,0.0,0.0,1.0,0.0,0.0,0.009000000000014552,0.009000000000014552,0.0,0.0,1.0
3,60,75,0.0,0.021999999999934516,0.0,0.021999999999934516,0.0,0.0,1.0,0.0,0.0,0.00766666666666222,0.00766666666666222,0.0,0.0,1.0
3,60,76,0.0,0.016999999999825377,0.0,0.016999999999825377,0.0,0.0,1.0,0.0,0.0,0.010111111111099389,0.010111111111099389,0.0,0.0,1.0
3,60,77,0.0,0.052000000000134605,0.0,0.052000000000134605,0.0,0.0,1.0,0.0,0.0,0.02755555555556081,0.02755555555556081,0.0,0.0,1.0
3,60,78,0.0,0.1790000000000873,0.0,0.1790000000000873,0.0,0.0,1.0,0.0,0.0,0.038500000000036984,0.038500000000036984,0.0,0.0,1.0
3,61,53,0.0,0.22100000000000364,0.0,0.22100000000000364,0.0,0.0,1.0,0.0,0.0,0.08744444444442302,0.08744444444442302,0.0,0.0,1.0
3,62,53,0.0,0.27899999999999636,0.0,0.27899999999999636,0.0,0.0,1.0,0.0,0.0,0.07566666666667111,0.07566666666667111,0.0,0.0,1.0
3,63,53,0.0,0.18100000000004002,0.0,0.18100000000004002,0.0,0.0,1.0,0.0,0.0,0.08333333333333333,0.08333333333333333,0.0,0.0,1.0
3,64,53,0.0,0.2899999999999636,0.0,0.2899999999999636,0.0,0.0,1.0,0.0,0.0,0.08233333333333172,0.08233333333333172,0.0,0.0,1.0
3,64,66,0.0,0.01999999999998181,0.0,0.01999999999998181,0.0,0.0,1.0,0.0,0.0,0.035666666666656965,0.035666666666656965,0.0,0.0,1.0
3,65,0,0.15100000000029468,0.0,0.0,0.15100000000029468,1.0,0.0,0.0,0.16200000000011036,0.0,0.011166666666592088,0.17316666666670244,0.935514918191012,0.0,0.06448508180898814
3,65,53,0.0,0.2699999999999818,0.0,0.2699999999999818,0.0,0.0,1.0,0.0,0.0,0.08677777777777214,0.08677777777777214,0.0,0.0,1.0
3,65,66,0.0,0.3009999999999309,0.0,0.3009999999999309,0.0,0.0,1.0,0.0,0.0,0.055444444444421814,0.055444444444421814,0.0,0.0,1.0
3,66,0,0.8210000000003674,0.06699999999955253,0.0,0.88799999999992,0.9245495495500466,0.0,0.07545045044995334,0.2566666666667364,0.0,0.023499999999936943,0.28016666666667334,0.9161213563357415,0.0,0.08387864366425836
3,66,51,0.0,0.010000000000218279,0.0,0.010000000000218279,0.0,0.0,1.0,0.0,0.0,0.05611111111107272,0.05611111111107272,0.0,0.0,1.0
3,66,52,0.0,0.14199999999982538,0.0,0.14199999999982538,0.0,0.0,1.0,0.0,0.0,0.08433333333333497,0.08433333333333497,0.0,0.0,1.0
3,66,53,0.0,0.07900000000017826,0.0,0.07900000000017826,0.0,0.0,1.0,0.0,0.0,0.060111111111079175,0.060111111111079175,0.0,0.0,1.0
3,66,60,0.0,0.07200000000011642,0.0,0.07200000000011642,0.0,0.0,1.0,0.0,0.0,0.030222222222214948,0.030222222222214948,0.0,0.0,1.0
3,66,66,0.0,0.17799999999988358,0.0,0.17799999999988358,0.0,0.0,1.0,0.0,0.0,0.09011111111107717,0.09011111111107717,0.0,0.0,1.0
3,67,0,0.5679999999997563,0.07400000000006912,0.0,0.6419999999998254,0.8847352024920728,0.0,0.11526479750792717,0.2315000000000206,0.0,0.0836666666665072,0.3151666666665278,0.7345319936545402,0.0,0.26546800634545975
3,67,2,0.2909999999997126,0.0,0.2889999999997599,0.5799999999994725,0.5017241379309952,0.4982758620690047,0.0,0.06688888888887352,0.03211111111108443,0.005999999999908645,0.1049999999998666,0.6370370370377,0.3058201058202403,0.057142857142059696
3,67,49,0.0,0.0409999999997126,0.0,0.0409999999997126,0.0,0.0,1.0,0.0,0.0,0.022222222222252536,0.022222222222252536,0.0,0.0,1.0
3,67,50,0.0,0.11000000000012733,0.0,0.11000000000012733,0.0,0.0,1.0,0.0,0.0,0.04311111111110222,0.04311111111110222,0.0,0.0,1.0
3,67,51,0.0,0.2159999999998945,0.0,0.2159999999998945,0.0,0.0,1.0,0.0,0.0,0.05611111111107272,0.05611111111107272,0.0,0.0,1.0
3,67,52,0.0,0.02699999999958891,0.0,0.02699999999958891,0.0,0.0,1.0,0.0,0.0,0.054333333333336974,0.054333333333336974,0.0,0.0,1.0
3,67,53,0.0,0.015000000000327418,0.0,0.015000000000327418,0.0,0.0,1.0,0.0,0.0,0.030111111111081196,0.030111111111081196,0.0,0.0,1.0
3,67,54,0.0,0.007999999999810825,0.0,0.007999999999810825,0.0,0.0,1.0,0.0,0.0,0.012555555555587085,0.012555555555587085,0.0,0.0,1.0
3,67,55,0.0,0.010999999999967258,0.0,0.010999999999967258,0.0,0.0,1.0,0.0,0.0,0.004777777777740589,0.004777777777740589,0.0,0.0,1.0
3,67,56,0.0,0.012000000000170985,0.0,0.012000000000170985,0.0,0.0,1.0,0.0,0.0,0.007222222222228285,0.007222222222228285,0.0,0.0,1.0
3,67,57,0.0,0.011999999999716238,0.0,0.011999999999716238,0.0,0.0,1.0,0.0,0.0,0.008666666666714366,0.008666666666714366,0.0,0.0,1.0
3,67,58,0.0,0.015000000000327418,0.0,0.015000000000327418,0.0,0.0,1.0,0.0,0.0,0.013888888888939417,0.013888888888939417,0.0,0.0,1.0
3,67,59,0.0,0.06100000000014916,0.0,0.06100000000014916,0.0,0.0,1.0,0.0,0.0,0.03511111111113981,0.03511111111113981,0.0,0.0,1.0
3,67,60,0.0,0.13899999999966894,0.0,0.13899999999966894,0.0,0.0,1.0,0.0,0.0,0.034888888888872316,0.034888888888872316,0.0,0.0,1.0
3,67,65,0.0,0.11000000000012733,0.0,0.11000000000012733,0.0,0.0,1.0,0.0,0.0,0.08555555555555354,0.08555555555555354,0.0,0.0,1.0
3,67,66,0.0,0.22199999999975262,0.0,0.22199999999975262,0.0,0.0,1.0,0.0,0.0,0.08211111111111474,0.08211111111111474,0.0,0.0,1.0
3,68,0,0.0,0.32600000000002183,0.0,0.32600000000002183,0.0,0.0,1.0,0.09466666666662604,0.0,0.1109999999999521,0.20566666666657812,0.4602917341977316,0.0,0.5397082658022685
3,68,1,0.0,0.034999999999399733,0.0,0.034999999999399733,0.0,0.0,1.0,0.12755555555552037,0.03211111111108443,0.07488888888883594,0.23455555555544072,0.543818095689363,0.13690194220743787,0.31927996210319914
3,68,2,0.28900000000021464,0.007999999999810825,0.0,0.29700000000002547,0.9730639730646123,0.0,0.026936026935387675,0.06688888888887352,0.03211111111108443,0.005999999999908645,0.1049999999998666,0.6370370370377,0.3058201058202403,0.057142857142059696
3,68,3,0.021999999999934516,0.010999999999967258,0.0,0.032999999999901775,0.6666666666666666,0.0,0.3333333333333333,0.06888888888887676,0.03211111111108443,0.0032222222221712903,0.10422222222213248,0.6609808102349943,0.30810234541578757,0.030916844349218105
3,68,4,0.018000000000029104,0.009999999999763531,0.0,0.027999999999792635,0.6428571428629432,0.0,0.3571428571370568,0.005666666666658987,0.0,0.004666666666657369,0.010333333333316356,0.5483870967743513,0.0,0.4516129032256487
3,68,5,0.010999999999967258,0.021000000000185537,0.0,0.032000000000152795,0.34374999999733546,0.0,0.6562500000026645,0.004222222222223435,0.0,0.004555555555574149,0.008777777777797584,0.4810126582269009,0.0,0.5189873417730991
3,68,6,0.009000000000014552,0.010000000000218279,0.0,0.01900000000023283,0.473684210521277,0.0,0.5263157894787229,0.003222222222221818,0.0,0.003444444444489313,0.006666666666711131,0.4833333333300491,0.0,0.516666666669951
3,68,7,0.009000000000014552,0.0,0.0,0.009000000000014552,1.0,0.0,0.0,0.004333333333357183,0.0012222222222185843,0.0032222222222723453,0.008777777777848113,0.4936708860747107,0.13924050632758375,0.3670886075977055
3,68,8,0.021000000000185537,0.01900000000023283,0.010999999999967258,0.051000000000385626,0.41176470588287745,0.21568627450753106,0.37254901960959147,0.00444444444449093,0.008888888888880805,0.005111111111141832,0.01844444444451357,0.24096385542330398,0.48192771084112906,0.2771084337355668
3,68,9,0.010000000000218279,0.009000000000014552,0.06899999999995998,0.08800000000019281,0.1136363636385951,0.7840909090887364,0.10227272727266855,0.003444444444489313,0.011111111111101005,0.007555555555579001,0.02211111111116932,0.15577889447398094,0.5025125628122904,0.3417085427137286
3,68,10,0.0,0.0,0.01999999999998181,0.01999999999998181,0.0,1.0,0.0,0.0011111111111353643,0.010999999999967258,0.034333333333355164,0.046444444444457784,0.023923444976591882,0.2368421052623849,0.7392344497610233
3,68,11,0.0,0.009000000000014552,0.009999999999763531,0.018999999999778083,0.0,0.5263157894673858,0.4736842105326142,0.0,0.0044444444444404025,0.03133333333335032,0.03577777777779072,0.0,0.12422360248431415,0.8757763975156859
3,68,12,0.0,0.0,0.010000000000218279,0.010000000000218279,0.0,1.0,0.0,0.0,0.0035555555555220053,0.029999999999997987,0.03355555555551999,0.0,0.10596026489977471,0.8940397351002253
3,68,13,0.0,0.009999999999763531,0.011999999999716238,0.02199999999947977,0.0,0.5454545454545454,0.45454545454545453,0.0,0.0024444444444371685,0.0021111111110864583,0.004555555555523626,0.0,0.5365853658558222,0.4634146341441779
3,68,15,0.0,0.0,0.010999999999967258,0.010999999999967258,0.0,1.0,0.0,0.0,0.002111111111136981,0.0010000000000016216,0.0031111111111386024,0.0,0.6785714285737476,0.32142857142625236
3,68,16,0.0,0.0,0.008000000000265572,0.008000000000265572,0.0,1.0,0.0,0.0,0.0030000000000048508,0.0013333333333523363,0.004333333333357187,0.0,0.6923076923050008,0.3076923076949992
3,68,17,0.0,0.012000000000170985,0.007999999999810825,0.01999999999998181,0.0,0.3999999999909051,0.6000000000090949,0.0,0.0017777777777862665,0.0025555555555709206,0.004333333333357187,0.0,0.4102564102561108,0.5897435897438891
3,68,19,0.0,0.0,0.010999999999967258,0.010999999999967258,0.0,1.0,0.0,0.0,0.0012222222222185843,0.0012222222222185888,0.0024444444444371733,0.0,0.499999999999999,0.5000000000000009
3,68,21,0.0,0.009999999999763531,0.0,0.009999999999763531,0.0,0.0,1.0,0.0,0.0011111111111353643,0.0011111111110848413,0.0022222222222202056,0.0,0.5000000000113677,0.4999999999886323
3,68,22,0.0,0.0,0.010000000000218279,0.010000000000218279,0.0,1.0,0.0,0.0,0.0011111111111353643,0.0011111111110848413,0.0022222222222202056,0.0,0.5000000000113677,0.4999999999886323
3,68,24,0.0,0.009000000000014552,0.0,0.009000000000014552,0.0,0.0,1.0,0.0,0.002333333333303421,0.00333333333335557,0.005666666666658991,0.0,0.41176470587763203,0.588235294122368
3,68,25,0.0,0.010000000000218279,0.02099999999973079,0.03099999999994907,0.0,0.6774193548311385,0.32258064516886154,0.0,0.002333333333303421,0.00333333333335557,0.005666666666658991,0.0,0.41176470587763203,0.588235294122368
3,68,27,0.0,0.007999999999810825,0.0,0.007999999999810825,0.0,0.0,1.0,0.0,0.0,0.0008888888888678742,0.0008888888888678742,0.0,0.0,1.0
3,68,29,0.0,0.013000000000374712,0.010000000000218279,0.02300000000059299,0.0,0.4347826086939329,0.5652173913060671,0.0,0.0011111111111353643,0.0035555555555725374,0.004666666666707901,0.0,0.23809523809833139,0.7619047619016687
3,68,31,0.0,0.010999999999967258,0.0,0.010999999999967258,0.0,0.0,1.0,0.0,0.001000000000001617,0.004333333333306659,0.005333333333308276,0.0,0.1875000000011841,0.812499999998816
3,68,32,0.0,0.018000000000029104,0.009000000000014552,0.027000000000043656,0.0,0.3333333333333333,0.6666666666666666,0.0,0.001000000000001617,0.003222222222221823,0.00422222222222344,0.0,0.23684210526347257,0.7631578947365275
3,68,34,0.0,0.009000000000014552,0.0,0.009000000000014552,0.0,0.0,1.0,0.0,0.0,0.0022222222222202056,0.0022222222222202056,0.0,0.0,1.0
3,68,35,0.0,0.010999999999967258,0.0,0.010999999999967258,0.0,0.0,1.0,0.0,0.0013333333333523318,0.006888888888877576,0.008222222222229908,0.0,0.1621621621643212,0.8378378378356788
3,68,36,0.0,0.03099999999994907,0.012000000000170985,0.04300000000012005,0.0,0.27906976744505774,0.7209302325549423,0.0,0.0013333333333523318,0.006555555555526861,0.007888888888879193,0.0,0.16901408450965824,0.8309859154903417
3,68,37,0.0,0.005999999999858119,0.0,0.005999999999858119,0.0,0.0,1.0,0.0,0.0013333333333523318,0.006888888888877576,0.008222222222229908,0.0,0.1621621621643212,0.8378378378356788
3,68,38,0.0,0.014000000000123691,0.0,0.014000000000123691,0.0,0.0,1.0,0.0,0.0013333333333523318,0.004333333333306659,0.005666666666658991,0.0,0.23529411765073022,0.7647058823492698
3,68,39,0.0,0.018999999999778083,0.012000000000170985,0.03099999999994907,0.0,0.3870967741997,0.6129032258003,0.0,0.0021111111110864536,0.005666666666658992,0.007777777777745446,0.0,0.2714285714265295,0.7285714285734705
3,68,40,0.0,0.009000000000014552,0.006999999999607098,0.01599999999962165,0.0,0.43749999998578915,0.5625000000142109,0.0,0.0031111111110880708,0.006444444444443641,0.009555555555531711,0.0,0.32558139534723846,0.6744186046527616
3,68,41,0.0,0.021000000000185537,0.009000000000014552,0.03000000000020009,0.0,0.2999999999984842,0.7000000000015159,0.0,0.001777777777735739,0.005444444444442024,0.007222222222177763,0.0,0.24615384614954072,0.7538461538504593
3,68,42,0.0,0.009999999999763531,0.0,0.009999999999763531,0.0,0.0,1.0,0.0,0.0021111111110864536,0.004777777777791121,0.006888888888877575,0.0,0.3064516129001498,0.6935483870998501
3,68,43,0.0,0.012000000000170985,0.009999999999763531,0.021999999999934516,0.0,0.45454545453605893,0.545454545463941,0.0,0.0011111111110848368,0.005444444444492551,0.006555555555577387,0.0,0.1694915254191564,0.8305084745808436
3,68,44,0.0,0.016000000000076398,0.0,0.016000000000076398,0.0,0.0,1.0,0.0,0.0033333333333555658,0.005777777777843266,0.009111111111198831,0.0,0.3658536585355031,0.6341463414644969
3,68,45,0.0,0.012999999999919964,0.020000000000436557,0.03300000000035652,0.0,0.6060606060672874,0.3939393939327126,0.0,0.003444444444489313,0.005777777777843266,0.009222222222332578,0.0,0.3734939759040104,0.6265060240959897
3,68,46,0.0,0.012000000000170985,0.010999999999967258,0.023000000000138243,0.0,0.47826086956091923,0.5217391304390808,0.0,0.006888888888928098,0.005777777777742211,0.01266666666667031,0.0,0.543859649125746,0.4561403508742539
3,68,47,0.0,0.02699999999958891,0.03099999999994907,0.05799999999953798,0.0,0.5344827586240691,0.4655172413759308,0.0,0.004666666666657369,0.009666666666665458,0.014333333333322828,0.0,0.32558139534842717,0.6744186046515728
3,68,48,0.0,0.03800000000046566,0.0,0.03800000000046566,0.0,0.0,1.0,0.0,0.0034444444444387853,0.014111111111055332,0.017555555555494116,0.0,0.1962025316459339,0.8037974683540662
3,68,49,0.0,0.010999999999967258,0.0,0.010999999999967258,0.0,0.0,1.0,0.0,0.0,0.024222222222205252,0.024222222222205252,0.0,0.0,1.0
3,68,56,0.0,0.011999999999716238,0.0,0.011999999999716238,0.0,0.0,1.0,0.0,0.0,0.009333333333314743,0.009333333333314743,0.0,0.0,1.0
3,68,57,0.0,0.01800000000048385,0.0,0.01800000000048385,0.0,0.0,1.0,0.0,0.0,0.00866666666671437,0.00866666666671437,0.0,0.0,1.0
3,68,58,0.0,0.009000000000014552,0.0,0.009000000000014552,0.0,0.0,1.0,0.0,0.0,0.013888888888939422,0.013888888888939422,0.0,0.0,1.0
3,68,59,0.0,0.009999999999763531,0.0,0.009999999999763531,0.0,0.0,1.0,0.0,0.0,0.02711111111112688,0.02711111111112688,0.0,0.0,1.0
3,68,60,0.0,0.010000000000218279,0.0,0.010000000000218279,0.0,0.0,1.0,0.0,0.0,0.02688888888885939,0.02688888888885939,0.0,0.0,1.0
3,68,61,0.0,0.021999999999934516,0.0,0.021999999999934516,0.0,0.0,1.0,0.0,0.0,0.0189999999999802,0.0189999999999802,0.0,0.0,1.0
3,68,63,0.0,0.007999999999810825,0.0,0.007999999999810825,0.0,0.0,1.0,0.0,0.0,0.004333333333306659,0.004333333333306659,0.0,0.0,1.0
3,68,64,0.0,0.03099999999994907,0.0,0.03099999999994907,0.0,0.0,1.0,0.0,0.0,0.04433333333337133,0.04433333333337133,0.0,0.0,1.0
3,68,65,0.0,0.2290000000002692,0.0,0.2290000000002692,0.0,0.0,1.0,0.0,0.0,0.06811111111114264,0.06811111111114264,0.0,0.0,1.0
3,69,0,0.0,0.23100000000022192,0.0,0.23100000000022192,0.0,0.0,1.0,0.0,0.0,0.09999999999998484,0.09999999999998484,0.0,0.0,1.0
3,69,9,0.0,0.018000000000029104,0.0,0.018000000000029104,0.0,0.0,1.0,0.003444444444489313,0.011111111111101005,0.008777777777797586,0.023333333333387905,0.1476190476206253,0.47619047618892935,0.37619047619044527
3,69,10,0.0,0.021999999999934516,0.0,0.021999999999934516,0.0,0.0,1.0,0.0011111111111353643,0.010999999999967258,0.037777777777793946,0.04988888888889657,0.022271714922531712,0.22048997772759485,0.7572383073498735
3,69,11,0.0,0.2510000000002037,0.0,0.2510000000002037,0.0,0.0,1.0,0.0,0.0044444444444404025,0.034555555555572125,0.039000000000012525,0.0,0.11396011395997373,0.8860398860400264
3,69,14,0.0,0.009000000000014552,0.0,0.009000000000014552,0.0,0.0,1.0,0.0,0.002555555555520388,0.0021111111110864536,0.004666666666606842,0.0,0.547619047618532,0.45238095238146797
3,69,18,0.0,0.010999999999967258,0.0,0.010999999999967258,0.0,0.0,1.0,0.0,0.0021111111110864536,0.0025555555555709162,0.00466666666665737,0.0,0.45238095237656983,0.5476190476234302
3,69,24,0.0,0.010999999999967258,0.0,0.010999999999967258,0.0,0.0,1.0,0.0,0.002333333333303421,0.0033333333333555658,0.005666666666658987,0.0,0.4117647058776323,0.5882352941223676
3,69,29,0.0,0.009000000000014552,0.0,0.009000000000014552,0.0,0.0,1.0,0.0,0.0011111111111353643,0.0035555555555725326,0.004666666666707897,0.0,0.2380952380983316,0.7619047619016683
3,69,30,0.0,0.009999999999763531,0.0,0.009999999999763531,0.0,0.0,1.0,0.0,0.0011111111111353643,0.004777777777791117,0.005888888888926481,0.0,0.18867924528593288,0.8113207547140671
3,69,36,0.0,0.010999999999967258,0.0,0.010999999999967258,0.0,0.0,1.0,0.0,0.0013333333333523318,0.006555555555526856,0.007888888888879187,0.0,0.16901408450965835,0.8309859154903416
3,69,40,0.0,0.009000000000014552,0.0,0.009000000000014552,0.0,0.0,1.0,0.0,0.0031111111110880708,0.006444444444443636,0.009555555555531708,0.0,0.32558139534723857,0.6744186046527614
3,69,44,0.0,0.011000000000422006,0.0,0.011000000000422006,0.0,0.0,1.0,0.0,0.0033333333333555658,0.005777777777843261,0.009111111111198826,0.0,0.36585365853550333,0.6341463414644967
3,69,48,0.0,0.009999999999763531,0.0,0.009999999999763531,0.0,0.0,1.0,0.0,0.0034444444444387853,0.009555555555531706,0.012999999999970492,0.0,0.26495726495743105,0.7350427350425689
3,69,50,0.0,0.007999999999810825,0.0,0.007999999999810825,0.0,0.0,1.0,0.0,0.0,0.003222222222221818,0.003222222222221818,0.0,0.0,1.0
3,69,51,0.0,0.010000000000218279,0.0,0.010000000000218279,0.0,0.0,1.0,0.0,0.0,0.003111111111138598,0.003111111111138598,0.0,0.0,1.0
3,69,52,0.0,0.010000000000218279,0.0,0.010000000000218279,0.0,0.0,1.0,0.0,0.0,0.0022222222222707286,0.0022222222222707286,0.0,0.0,1.0
3,69,54,0.0,0.041999999999916326,0.0,0.041999999999916326,0.0,0.0,1.0,0.0,0.0,0.006777777777743824,0.006777777777743824,0.0,0.0,1.0
3,69,55,0.0,0.018999999999778083,0.0,0.018999999999778083,0.0,0.0,1.0,0.0,0.0,0.008111111111045628,0.008111111111045628,0.0,0.0,1.0
3,69,65,0.0,0.021000000000185537,0.0,0.021000000000185537,0.0,0.0,1.0,0.0,0.0,0.04766666666672689,0.04766666666672689,0.0,0.0,1.0
3,70,0,0.0,0.008000000000265572,0.0,0.008000000000265572,0.0,0.0,1.0,0.0,0.0,0.03983333333341458,0.03983333333341458,0.0,0.0,1.0
3,70,4,0.0,0.010999999999967258,0.0,0.010999999999967258,0.0,0.0,1.0,0.0,0.0,0.0012222222222185843,0.0012222222222185843,0.0,0.0,1.0
3,70,9,0.0,0.010999999999967258,0.0,0.010999999999967258,0.0,0.0,1.0,0.0,0.0,0.005666666666658987,0.005666666666658987,0.0,0.0,1.0
3,70,11,0.0,0.01999999999998181,0.0,0.01999999999998181,0.0,0.0,1.0,0.0,0.0,0.033555555555570514,0.033555555555570514,0.0,0.0,1.0
3,70,12,0.0,0.009000000000014552,0.0,0.009000000000014552,0.0,0.0,1.0,0.0,0.0,0.03111111111113334,0.03111111111113334,0.0,0.0,1.0
3,70,65,0.0,0.14800000000013824,0.0,0.14800000000013824,0.0,0.0,1.0,0.0,0.0,0.04766666666667637,0.04766666666667637,0.0,0.0,1.0
3,71,65,0.0,0.25999999999976353,0.0,0.25999999999976353,0.0,0.0,1.0,0.0,0.0,0.07777777777775756,0.07777777777775756,0.0,0.0,1.0
3,72,65,0.0,0.2919999999999163,0.0,0.2919999999999163,0.0,0.0,1.0,0.0,0.0,0.09766666666665615,0.09766666666665615,0.0,0.0,1.0
3,73,65,0.0,0.32700000000022555,0.0,0.32700000000022555,0.0,0.0,1.0,0.0,0.0,0.08233333333333172,0.08233333333333172,0.0,0.0,1.0
3,74,0,0.0,0.09999999999990905,0.0,0.09999999999990905,0.0,0.0,1.0,0.0,0.0,0.09616666666670426,0.09616666666670426,0.0,0.0,1.0
3,74,63,0.0,0.009000000000014552,0.0,0.009000000000014552,0.0,0.0,1.0,0.0,0.0,0.004555555555574149,0.004555555555574149,0.0,0.0,1.0
3,74,64,0.0,0.021999999999934516,0.0,0.021999999999934516,0.0,0.0,1.0,0.0,0.0,0.05088888888889818,0.05088888888889818,0.0,0.0,1.0
3,74,65,0.0,0.09999999999990905,0.0,0.09999999999990905,0.0,0.0,1.0,0.0,0.0,0.04988888888889656,0.04988888888889656,0.0,0.0,1.0
3,75,0,0.0,0.46800000000030195,0.0,0.46800000000030195,0.0,0.0,1.0,0.0,0.0,0.10133333333336245,0.10133333333336245,0.0,0.0,1.0
3,75,1,0.0,0.009000000000014552,0.0,0.009000000000014552,0.0,0.0,1.0,0.0,0.0,0.06755555555557496,0.06755555555557496,0.0,0.0,1.0
3,75,6,0.0,0.010999999999967258,0.0,0.010999999999967258,0.0,0.0,1.0,0.0,0.0,0.0024444444444371685,0.0024444444444371685,0.0,0.0,1.0
3,75,7,0.0,0.010999999999967258,0.0,0.010999999999967258,0.0,0.0,1.0,0.0,0.0,0.0024444444444371685,0.0024444444444371685,0.0,0.0,1.0
3,75,13,0.0,0.009000000000014552,0.0,0.009000000000014552,0.0,0.0,1.0,0.0,0.0,0.001000000000001617,0.001000000000001617,0.0,0.0,1.0
3,75,19,0.0,0.010999999999967258,0.0,0.010999999999967258,0.0,0.0,1.0,0.0,0.0,0.0012222222222185843,0.0012222222222185843,0.0,0.0,1.0
3,75,25,0.0,0.010999999999967258,0.0,0.010999999999967258,0.0,0.0,1.0,0.0,0.0,0.0012222222222185843,0.0012222222222185843,0.0,0.0,1.0
3,75,29,0.0,0.009000000000014552,0.0,0.009000000000014552,0.0,0.0,1.0,0.0,0.0,0.0021111111110864536,0.0021111111110864536,0.0,0.0,1.0
3,75,30,0.0,0.009999999999763531,0.0,0.009999999999763531,0.0,0.0,1.0,0.0,0.0,0.0021111111110864536,0.0021111111110864536,0.0,0.0,1.0
3,75,35,0.0,0.010000000000218279,0.0,0.010000000000218279,0.0,0.0,1.0,0.0,0.0,0.0011111111111353643,0.0011111111111353643,0.0,0.0,1.0
3,75,40,0.0,0.009000000000014552,0.0,0.009000000000014552,0.0,0.0,1.0,0.0,0.0,0.001000000000001617,0.001000000000001617,0.0,0.0,1.0
3,75,43,0.0,0.009999999999763531,0.0,0.009999999999763531,0.0,0.0,1.0,0.0,0.0,0.0011111111110848368,0.0011111111110848368,0.0,0.0,1.0
3,75,46,0.0,0.010999999999967258,0.0,0.010999999999967258,0.0,0.0,1.0,0.0,0.0,0.0023333333333539485,0.0023333333333539485,0.0,0.0,1.0
3,75,47,0.0,0.010000000000218279,0.0,0.010000000000218279,0.0,0.0,1.0,0.0,0.0,0.0023333333333539485,0.0023333333333539485,0.0,0.0,1.0
3,75,49,0.0,0.007999999999810825,0.0,0.007999999999810825,0.0,0.0,1.0,0.0,0.0,0.0008888888888678695,0.0008888888888678695,0.0,0.0,1.0
3,75,51,0.0,0.012000000000170985,0.0,0.012000000000170985,0.0,0.0,1.0,0.0,0.0,0.0023333333333539485,0.0023333333333539485,0.0,0.0,1.0
3,75,52,0.0,0.009000000000014552,0.0,0.009000000000014552,0.0,0.0,1.0,0.0,0.0,0.003444444444489313,0.003444444444489313,0.0,0.0,1.0
3,75,53,0.0,0.010000000000218279,0.0,0.010000000000218279,0.0,0.0,1.0,0.0,0.0,0.005555555555575767,0.005555555555575767,0.0,0.0,1.0
3,75,54,0.0,0.03099999999994907,0.0,0.03099999999994907,0.0,0.0,1.0,0.0,0.0,0.005666666666658987,0.005666666666658987,0.0,0.0,1.0
3,75,55,0.0,0.009999999999763531,0.0,0.009999999999763531,0.0,0.0,1.0,0.0,0.0,0.006777777777743824,0.006777777777743824,0.0,0.0,1.0
3,75,56,0.0,0.01999999999998181,0.0,0.01999999999998181,0.0,0.0,1.0,0.0,0.0,0.004333333333306655,0.004333333333306655,0.0,0.0,1.0
3,75,57,0.0,0.009000000000014552,0.0,0.009000000000014552,0.0,0.0,1.0,0.0,0.0,0.0044444444444404025,0.0044444444444404025,0.0,0.0,1.0
3,75,58,0.0,0.010999999999967258,0.0,0.010999999999967258,0.0,0.0,1.0,0.0,0.0,0.0034444444444387853,0.0034444444444387853,0.0,0.0,1.0
3,75,59,0.0,0.010999999999967258,0.0,0.010999999999967258,0.0,0.0,1.0,0.0,0.0,0.004555555555574149,0.004555555555574149,0.0,0.0,1.0
3,75,60,0.0,0.01900000000023283,0.0,0.01900000000023283,0.0,0.0,1.0,0.0,0.0,0.0044444444444404025,0.0044444444444404025,0.0,0.0,1.0
3,75,61,0.0,0.009999999999763531,0.0,0.009999999999763531,0.0,0.0,1.0,0.0,0.0,0.004333333333357183,0.004333333333357183,0.0,0.0,1.0
3,75,62,0.0,0.010000000000218279,0.0,0.010000000000218279,0.0,0.0,1.0,0.0,0.0,0.003222222222221818,0.003222222222221818,0.0,0.0,1.0
3,76,0,0.0,0.03099999999994907,0.0,0.03099999999994907,0.0,0.0,1.0,0.0,0.0,0.1270000000000664,0.1270000000000664,0.0,0.0,1.0
4,20,0,0.0,0.28400000000067394,0.0,0.28400000000067394,0.0,0.0,1.0,0.0,0.0,1.1235000000003623,1.1235000000003623,0.0,0.0,1.0
4,21,0,0.0,4.210000000000775,0.0,4.210000000000775,0.0,0.0,1.0,0.0,0.0,3.3393333333334,3.3393333333334,0.0,0.0,1.0
4,22,0,0.0,15.54199999999895,0.0,15.54199999999895,0.0,0.0,1.0,0.0,0.0,4.966666666666792,4.966666666666792,0.0,0.0,1.0
4,22,5,0.0,0.3920000000002801,0.0,0.3920000000002801,0.0,0.0,1.0,0.0,0.0,0.2186666666666497,0.2186666666666497,0.0,0.0,1.0
4,22,6,0.0,0.06799999999975626,0.0,0.06799999999975626,0.0,0.0,1.0,0.0,0.0,0.22077777777773613,0.22077777777773613,0.0,0.0,1.0
4,22,7,0.0,0.062000000000352884,0.0,0.062000000000352884,0.0,0.0,1.0,0.0,0.0,0.019444444444414125,0.019444444444414125,0.0,0.0,1.0
4,22,8,0.0,0.038000000000010914,0.0,0.038000000000010914,0.0,0.0,1.0,0.0,0.0,0.024222222222255774,0.024222222222255774,0.0,0.0,1.0
4,22,9,0.0,0.09999999999990905,0.0,0.09999999999990905,0.0,0.0,1.0,0.0,0.0,0.04444444444450507,0.04444444444450507,0.0,0.0,1.0
4,22,10,0.0,0.23099999999976717,0.0,0.23099999999976717,0.0,0.0,1.0,0.0,0.0,0.04477777777785578,0.04477777777785578,0.0,0.0,1.0
4,22,11,0.0,0.03099999999994907,0.0,0.03099999999994907,0.0,0.0,1.0,0.0,0.0,0.03544444444438947,0.03544444444438947,0.0,0.0,1.0
4,23,0,0.0,10.048000000001025,0.0,10.048000000001025,0.0,0.0,1.0,0.0,0.0,7.846499999999945,7.846499999999945,0.0,0.0,1.0
4,23,3,0.0,0.24299999999993815,0.0,0.24299999999993815,0.0,0.0,1.0,0.0,0.0,0.0681111111110858,0.0681111111110858,0.0,0.0,1.0
4,23,4,0.0,0.0500000000001819,0.0,0.0500000000001819,0.0,0.0,1.0,0.0,0.0,0.735999999999971,0.735999999999971,0.0,0.0,1.0
4,23,5,0.0,1.457999999999629,0.0,1.457999999999629,0.0,0.0,1.0,0.0,0.0,0.7258888888888969,0.7258888888888969,0.0,0.0,1.0
4,23,7,0.0,0.006999999999607098,0.0,0.006999999999607098,0.0,0.0,1.0,0.0,0.0,0.17033333333320874,0.17033333333320874,0.0,0.0,1.0
4,23,9,0.0,0.011000000000422006,0.0,0.011000000000422006,0.0,0.0,1.0,0.0,0.0,0.3267777777779581,0.3267777777779581,0.0,0.0,1.0
4,23,10,0.0,0.020000000000436557,0.0,0.020000000000436557,0.0,0.0,1.0,0.0,0.0,0.2800000000000485,0.2800000000000485,0.0,0.0,1.0
4,23,11,0.0,0.010000000000218279,0.0,0.010000000000218279,0.0,0.0,1.0,0.0,0.0,0.11533333333329031,0.11533333333329031,0.0,0.0,1.0
4,23,12,0.0,0.02699999999913416,0.0,0.02699999999913416,0.0,0.0,1.0,0.0,0.0,0.1417777777776652,0.1417777777776652,0.0,0.0,1.0
4,23,13,0.0,0.12400000000070577,0.0,0.12400000000070577,0.0,0.0,1.0,0.0,0.0,0.14322222222224604,0.14322222222224604,0.0,0.0,1.0
4,23,14,0.0,0.028000000000247383,0.0,0.028000000000247383,0.0,0.0,1.0,0.0,0.0,0.1593333333333046,0.1593333333333046,0.0,0.0,1.0
4,23,15,0.0,0.09099999999943975,0.0,0.09099999999943975,0.0,0.0,1.0,0.0,0.0,0.19011111111108725,0.19011111111108725,0.0,0.0,1.0
4,23,20,0.0,0.01900000000023283,0.0,0.01900000000023283,0.0,0.0,1.0,0.0,0.0,0.009777777777748653,0.009777777777748653,0.0,0.0,1.0
4,23,21,0.0,0.04100000000016735,0.0,0.04100000000016735,0.0,0.0,1.0,0.0,0.0,0.012222222222185823,0.012222222222185823,0.0,0.0,1.0
4,24,0,0.0,20.845999999999833,0.0,20.845999999999833,0.0,0.0,1.0,0.0,0.0,7.587500000000385,7.587500000000385,0.0,0.0,1.0
4,24,1,0.0,0.6429999999998586,0.0,0.6429999999998586,0.0,0.0,1.0,0.0,0.0,5.081666666666927,5.081666666666927,0.0,0.0,1.0
4,24,2,0.0,0.10100000000011278,0.0,0.10100000000011278,0.0,0.0,1.0,0.0,0.0,0.257555555555459,0.257555555555459,0.0,0.0,1.0
4,24,3,0.0,0.15399999999908687,0.0,0.15399999999908687,0.0,0.0,1.0,0.0,0.0,0.08911111111109449,0.08911111111109449,0.0,0.0,1.0
4,24,4,0.0,0.06500000000045247,0.0,0.06500000000045247,0.0,0.0,1.0,0.0,0.0,0.8616666666665966,0.8616666666665966,0.0,0.0,1.0
4,24,5,0.0,4.262000000000171,0.0,4.262000000000171,0.0,0.0,1.0,0.0,0.0,0.858111111111024,0.858111111111024,0.0,0.0,1.0
4,24,6,0.0,0.23799999999960164,0.0,0.23799999999960164,0.0,0.0,1.0,0.0,0.0,0.9045555555553683,0.9045555555553683,0.0,0.0,1.0
4,24,7,0.0,0.49499999999972033,0.0,0.49499999999972033,0.0,0.0,1.0,0.0,0.0,0.29933333333314577,0.29933333333314577,0.0,0.0,1.0
4,24,8,0.0,0.6249999999998295,0.0,0.6249999999998295,0.0,0.0,1.0,0.0,0.0,0.44311111111115525,0.44311111111115525,0.0,0.0,1.0
4,24,9,0.0,1.6090000000007763,0.0,1.6090000000007763,0.0,0.0,1.0,0.0,0.0,0.4226666666668469,0.4226666666668469,0.0,0.0,1.0
4,24,10,0.0,0.3070000000004711,0.0,0.3070000000004711,0.0,0.0,1.0,0.0,0.0,0.3433333333334379,0.3433333333334379,0.0,0.0,1.0
4,24,11,0.0,0.20099999999848706,0.0,0.20099999999848706,0.0,0.0,1.0,0.0,0.0,0.35488888888894127,0.35488888888894127,0.0,0.0,1.0
4,24,12,0.0,0.2110000000011496,0.0,0.2110000000011496,0.0,0.0,1.0,0.0,0.0,0.4138888888888346,0.4138888888888346,0.0,0.0,1.0
4,24,13,0.0,0.6719999999993433,0.0,0.6719999999993433,0.0,0.0,1.0,0.0,0.0,0.33777777777783696,0.33777777777783696,0.0,0.0,1.0
4,24,14,0.0,0.22699999999963438,0.0,0.22699999999963438,0.0,0.0,1.0,0.0,0.0,0.17866666666662293,0.17866666666662293,0.0,0.0,1.0
4,24,15,0.0,0.2920000000003711,0.0,0.2920000000003711,0.0,0.0,1.0,0.0,0.0,0.20766666666664457,0.20766666666664457,0.0,0.0,1.0
4,24,16,0.0,1.0730000000000928,0.0,1.0730000000000928,0.0,0.0,1.0,0.0,0.0,0.19633333333328873,0.19633333333328873,0.0,0.0,1.0
4,24,17,0.0,0.1459999999997308,0.0,0.1459999999997308,0.0,0.0,1.0,0.0,0.0,0.17877777777780723,0.17877777777780723,0.0,0.0,1.0
4,24,18,0.0,0.011000000000422006,0.0,0.011000000000422006,0.0,0.0,1.0,0.0,0.0,0.05955555555553679,0.05955555555553679,0.0,0.0,1.0
4,24,19,0.0,0.007999999999810825,0.0,0.007999999999810825,0.0,0.0,1.0,0.0,0.0,0.04155555555558348,0.04155555555558348,0.0,0.0,1.0
4,24,20,0.0,0.01099999999951251,0.0,0.01099999999951251,0.0,0.0,1.0,0.0,0.0,0.023555555555579644,0.023555555555579644,0.0,0.0,1.0
4,24,21,0.0,0.009000000000014552,0.0,0.009000000000014552,0.0,0.0,1.0,0.0,0.0,0.023777777777796615,0.023777777777796615,0.0,0.0,1.0
4,24,22,0.0,0.02999999999974534,0.0,0.02999999999974534,0.0,0.0,1.0,0.0,0.0,0.017888888888895393,0.017888888888895393,0.0,0.0,1.0
4,25,0,0.0,13.000000000001535,0.0,13.000000000001535,0.0,0.0,1.0,0.0166666666667273,0.008166666666663028,9.695333333333517,9.720166666666907,0.001714648239919777,0.0008401776375572599,0.997445174122523
4,25,1,0.0,0.9880000000000564,0.0,0.9880000000000564,0.0,0.0,1.0,0.011111111111151532,0.0054444444444420185,6.491555555555622,6.508111111111216,0.0017072712683380087,0.0008365629214822081,0.9974561658101797
4,25,2,0.0,0.1089999999999236,0.0,0.1089999999999236,0.0,0.0,1.0,0.0,0.0,0.3922222222220486,0.3922222222220486,0.0,0.0,1.0
4,25,3,0.0,0.08000000000015461,0.0,0.08000000000015461,0.0,0.0,1.0,0.0,0.0,0.2225555555554908,0.2225555555554908,0.0,0.0,1.0
4,25,5,0.0,1.4429999999997563,0.0,1.4429999999997563,0.0,0.0,1.0,0.001000000000001617,0.0,1.0877777777777926,1.0887777777777943,0.0009184610674573341,0.0,0.9990815389325426
4,25,6,0.0,0.2069999999994252,0.0,0.2069999999994252,0.0,0.0,1.0,0.001000000000001617,0.0,1.2064444444443692,1.2074444444443708,0.0008281954541285637,0.0,0.9991718045458714
4,25,7,0.0,0.031000000000403816,0.0,0.031000000000403816,0.0,0.0,1.0,0.0,0.0,0.9788888888887565,0.9788888888887565,0.0,0.0,1.0
4,25,8,0.0,1.090999999999724,0.0,1.090999999999724,0.0,0.0,1.0,0.0,0.0,1.0620000000001697,1.0620000000001697,0.0,0.0,1.0
4,25,9,0.0,0.11899999999991451,0.0,0.11899999999991451,0.0,0.0,1.0,0.0,0.0,1.095333333333618,1.095333333333618,0.0,0.0,1.0
4,25,10,0.0,0.022000000000048203,0.0,0.022000000000048203,0.0,0.0,1.0,0.0,0.0,1.4166666666668306,1.4166666666668306,0.0,0.0,1.0
4,25,11,0.0,0.7910000000001673,0.0,0.7910000000001673,0.0,0.0,1.0,0.0,0.0,1.8251111111112361,1.8251111111112361,0.0,0.0,1.0
4,25,12,0.0,1.6050000000003593,0.0,1.6050000000003593,0.0,0.0,1.0,0.0,0.0,1.7974444444443771,1.7974444444443771,0.0,0.0,1.0
4,25,13,0.0,0.08399999999994634,0.0,0.08399999999994634,0.0,0.0,1.0,0.0,0.0,1.0240000000000766,1.0240000000000766,0.0,0.0,1.0
4,25,14,0.0,0.06200000000001182,0.0,0.06200000000001182,0.0,0.0,1.0,0.0,0.0,0.5624444444443698,0.5624444444443698,0.0,0.0,1.0
4,25,15,0.0,0.027999999999906322,0.0,0.027999999999906322,0.0,0.0,1.0,0.0,0.0,0.60355555555557,0.60355555555557,0.0,0.0,1.0
4,25,16,0.0,0.06800000000009732,0.0,0.06800000000009732,0.0,0.0,1.0,0.0,0.0,0.6455555555555493,0.6455555555555493,0.0,0.0,1.0
4,25,17,0.0,0.06899999999995998,0.0,0.06899999999995998,0.0,0.0,1.0,0.0,0.0,0.3638888888888862,0.3638888888888862,0.0,0.0,1.0
4,25,18,0.0,0.2419999999999618,0.0,0.2419999999999618,0.0,0.0,1.0,0.0,0.0,0.19044444444441255,0.19044444444441255,0.0,0.0,1.0
4,25,19,0.0,0.05999999999994543,0.0,0.05999999999994543,0.0,0.0,1.0,0.0,0.0,0.05411111111109459,0.05411111111109459,0.0,0.0,1.0
4,25,20,0.0,0.023000000000365617,0.0,0.023000000000365617,0.0,0.0,1.0,0.0,0.0,0.049888888888871157,0.049888888888871157,0.0,0.0,1.0
4,25,21,0.0,0.04100000000016735,0.0,0.04100000000016735,0.0,0.0,1.0,0.0,0.0,0.08955555555548406,0.08955555555548406,0.0,0.0,1.0
4,25,22,0.0,0.03999999999996362,0.0,0.03999999999996362,0.0,0.0,1.0,0.0,0.0,0.1612222222221487,0.1612222222221487,0.0,0.0,1.0
4,25,31,0.0,0.018000000000029104,0.0,0.018000000000029104,0.0,0.0,1.0,0.0,0.0,0.01999999999998166,0.01999999999998166,0.0,0.0,1.0
4,25,32,0.0,0.021999999999934516,0.0,0.021999999999934516,0.0,0.0,1.0,0.0,0.0,0.01300000000002087,0.01300000000002087,0.0,0.0,1.0
4,25,33,0.0,0.01999999999998181,0.0,0.01999999999998181,0.0,0.0,1.0,0.0,0.0,0.03199999999995054,0.03199999999995054,0.0,0.0,1.0
4,25,34,0.0,0.06899999999995998,0.0,0.06899999999995998,0.0,0.0,1.0,0.0,0.0,0.06966666666666126,0.06966666666666126,0.0,0.0,1.0
4,25,35,0.0,0.010000000000218279,0.0,0.010000000000218279,0.0,0.0,1.0,0.0,0.0,0.06644444444443945,0.06644444444443945,0.0,0.0,1.0
4,25,36,0.0,0.009000000000014552,0.0,0.009000000000014552,0.0,0.0,1.0,0.0,0.0,0.04588888888888995,0.04588888888888995,0.0,0.0,1.0
4,25,37,0.0,0.011999999999716238,0.0,0.011999999999716238,0.0,0.0,1.0,0.0,0.0,0.004222222222223278,0.004222222222223278,0.0,0.0,1.0
4,25,38,0.0,0.017000000000280124,0.0,0.017000000000280124,0.0,0.0,1.0,0.0,0.0,0.01566666666662447,0.01566666666662447,0.0,0.0,1.0
4,25,39,0.0,0.08899999999994179,0.0,0.08899999999994179,0.0,0.0,1.0,0.0,0.0,0.025333333333340452,0.025333333333340452,0.0,0.0,1.0
4,25,40,0.0,0.09900000000016007,0.0,0.09900000000016007,0.0,0.0,1.0,0.0,0.0,0.11911111111107336,0.11911111111107336,0.0,0.0,1.0
4,25,41,0.0,0.3320000000003347,0.0,0.3320000000003347,0.0,0.0,1.0,0.0,0.0,0.10666666666667056,0.10666666666667056,0.0,0.0,1.0
4,26,0,0.1000000000003638,22.646000000000072,0.04899999999997817,22.795000000000414,0.0043869269576820346,0.0021495942092554193,0.9934634788330625,0.0166666666667273,0.008166666666663028,10.683833333333743,10.708666666667133,0.0015563717860978558,0.0007626221751848353,0.9976810060387173
4,26,1,0.0,0.0489999999997508,0.0,0.0489999999997508,0.0,0.0,1.0,0.011111111111151532,0.0054444444444420185,7.144444444444578,7.161000000000172,0.0015516144548458686,0.000760291082871371,0.9976880944622827
4,26,2,0.0,0.04199999999946158,0.0,0.04199999999946158,0.0,0.0,1.0,0.0,0.0,0.38711111111100793,0.38711111111100793,0.0,0.0,1.0
4,26,3,0.0,1.3640000000000327,0.0,1.3640000000000327,0.0,0.0,1.0,0.0,0.0,0.30911111111103334,0.30911111111103334,0.0,0.0,1.0
4,26,4,0.0,0.08800000000019281,0.0,0.08800000000019281,0.0,0.0,1.0,0.001000000000001617,0.0,1.0381111111111763,1.039111111111178,0.0009623609923026063,0.0,0.9990376390076974
4,26,5,0.009000000000014552,1.3810000000003129,0.0,1.3900000000003274,0.006474820143893836,0.0,0.9935251798561061,0.001000000000001617,0.0,1.3551111111111265,1.3561111111111281,0.0007374027038110971,0.0,0.9992625972961888
4,26,6,0.0,2.106000000000222,0.0,2.106000000000222,0.0,0.0,1.0,0.001000000000001617,0.0,1.442666666666658,1.4436666666666598,0.0006926806742103129,0.0,0.9993073193257896
4,26,7,0.0,0.694999999999709,0.0,0.694999999999709,0.0,0.0,1.0,0.0,0.0,1.5224444444443623,1.5224444444443623,0.0,0.0,1.0
4,26,8,0.0,3.3220000000001733,0.0,3.3220000000001733,0.0,0.0,1.0,0.0,0.0,1.438999999999971,1.438999999999971,0.0,0.0,1.0
4,26,9,0.0,1.571000000001277,0.0,1.571000000001277,0.0,0.0,1.0,0.0,0.0,1.6791111111110633,1.6791111111110633,0.0,0.0,1.0
4,26,10,0.0,1.1920000000003483,0.0,1.1920000000003483,0.0,0.0,1.0,0.0,0.0,1.936222222222202,1.936222222222202,0.0,0.0,1.0
4,26,11,0.0,6.937999999999988,0.0,6.937999999999988,0.0,0.0,1.0,0.0,0.0,2.543666666666645,2.543666666666645,0.0,0.0,1.0
4,26,12,0.0,5.1590000000001055,0.0,5.1590000000001055,0.0,0.0,1.0,0.0,0.0,2.9655555555554227,2.9655555555554227,0.0,0.0,1.0
4,26,13,0.0,0.515999999999849,0.0,0.515999999999849,0.0,0.0,1.0,0.0,0.0,3.825555555555575,3.825555555555575,0.0,0.0,1.0
4,26,14,0.0,0.680000000000291,0.0,0.680000000000291,0.0,0.0,1.0,0.0,0.0,3.2969999999999686,3.2969999999999686,0.0,0.0,1.0
4,26,15,0.0,2.5009999999999764,0.0,2.5009999999999764,0.0,0.0,1.0,0.0,0.0,2.8803333333335295,2.8803333333335295,0.0,0.0,1.0
4,26,16,0.0,0.500999999999749,0.0,0.500999999999749,0.0,0.0,1.0,0.0,0.0,1.3266666666666853,1.3266666666666853,0.0,0.0,1.0
4,26,17,0.0,1.1320000000000618,0.0,1.1320000000000618,0.0,0.0,1.0,0.0,0.0,0.982000000000015,0.982000000000015,0.0,0.0,1.0
4,26,18,0.0,0.032999999999901775,0.0,0.032999999999901775,0.0,0.0,1.0,0.0,0.0,0.6096666666665556,0.6096666666665556,0.0,0.0,1.0
4,26,19,0.0,0.012999999999919964,0.0,0.012999999999919964,0.0,0.0,1.0,0.0,0.0,0.22766666666666424,0.22766666666666424,0.0,0.0,1.0
4,26,20,0.0,0.08600000000001273,0.0,0.08600000000001273,0.0,0.0,1.0,0.0,0.0,0.04677777777783376,0.04677777777783376,0.0,0.0,1.0
4,26,21,0.0,0.19800000000009277,0.0,0.19800000000009277,0.0,0.0,1.0,0.0,0.0,0.08400000000000951,0.08400000000000951,0.0,0.0,1.0
4,26,22,0.0,0.3679999999994834,0.0,0.3679999999994834,0.0,0.0,1.0,0.0,0.0,0.1568888888888422,0.1568888888888422,0.0,0.0,1.0
4,26,23,0.0,0.7649999999998727,0.0,0.7649999999998727,0.0,0.0,1.0,0.0,0.0,0.13455555555548118,0.13455555555548118,0.0,0.0,1.0
4,26,24,0.0,0.038000000000010914,0.0,0.038000000000010914,0.0,0.0,1.0,0.0,0.0,0.0926666666666986,0.0926666666666986,0.0,0.0,1.0
4,26,25,0.0,0.031000000000403816,0.0,0.031000000000403816,0.0,0.0,1.0,0.0,0.0,0.012111111111153131,0.012111111111153131,0.0,0.0,1.0
4,26,26,0.0,0.03999999999996362,0.0,0.03999999999996362,0.0,0.0,1.0,0.0,0.0,0.01244444444445332,0.01244444444445332,0.0,0.0,1.0
4,26,27,0.0,0.0409999999997126,0.0,0.0409999999997126,0.0,0.0,1.0,0.0,0.0,0.012222222222185825,0.012222222222185825,0.0,0.0,1.0
4,26,28,0.0,0.028999999999996362,0.0,0.028999999999996362,0.0,0.0,1.0,0.0,0.0,0.017888888888895338,0.017888888888895338,0.0,0.0,1.0
4,26,29,0.0,0.09100000000034925,0.0,0.09100000000034925,0.0,0.0,1.0,0.0,0.0,0.02455555555555594,0.02455555555555594,0.0,0.0,1.0
4,26,30,0.0,0.10099999999965803,0.0,0.10099999999965803,0.0,0.0,1.0,0.0,0.0,0.024222222222255757,0.024222222222255757,0.0,0.0,1.0
4,26,31,0.0,0.008000000000265572,0.0,0.008000000000265572,0.0,0.0,1.0,0.0,0.0,0.019999999999981793,0.019999999999981793,0.0,0.0,1.0
4,26,32,0.0,0.03099999999994907,0.0,0.03099999999994907,0.0,0.0,1.0,0.0,0.0,0.013000000000021,0.013000000000021,0.0,0.0,1.0
4,26,33,0.0,0.018000000000029104,0.0,0.018000000000029104,0.0,0.0,1.0,0.0,0.0,0.03199999999995067,0.03199999999995067,0.0,0.0,1.0
4,26,34,0.0,0.12799999999970169,0.0,0.12799999999970169,0.0,0.0,1.0,0.0,0.0,0.0696666666666614,0.0696666666666614,0.0,0.0,1.0
4,26,35,0.0,0.38200000000006185,0.0,0.38200000000006185,0.0,0.0,1.0,0.0,0.0,0.06644444444443957,0.06644444444443957,0.0,0.0,1.0
4,26,39,0.0,0.022999999999683496,0.0,0.022999999999683496,0.0,0.0,1.0,0.0,0.0,0.02533333333334058,0.02533333333334058,0.0,0.0,1.0
4,26,41,0.0,0.5289999999995416,0.0,0.5289999999995416,0.0,0.0,1.0,0.0,0.0,0.10666666666667068,0.10666666666667068,0.0,0.0,1.0
4,27,0,0.0,27.327000000000737,0.0,27.327000000000737,0.0,0.0,1.0,0.0166666666667273,0.008166666666663028,10.526666666666776,10.551500000000166,0.0015795542497964304,0.0007739815823970904,0.9976464641678064
4,27,1,0.0,0.09300000000030195,0.0,0.09300000000030195,0.0,0.0,1.0,0.011111111111151532,0.0054444444444420185,7.035444444444408,7.052000000000002,0.0015755971513260819,0.0007720426041466275,0.9976523602445273
4,27,2,0.0,0.04599999999936699,0.0,0.04599999999936699,0.0,0.0,1.0,0.0,0.0,0.32888888888874135,0.32888888888874135,0.0,0.0,1.0
4,27,3,0.0,0.7130000000000223,0.0,0.7130000000000223,0.0,0.0,1.0,0.0,0.0,0.3268888888888644,0.3268888888888644,0.0,0.0,1.0
4,27,4,0.0,0.3400000000001455,0.0,0.3400000000001455,0.0,0.0,1.0,0.001000000000001617,0.0,1.1517777777778835,1.1527777777778851,0.0008674698795193942,0.0,0.9991325301204805
4,27,5,0.0,3.933999999999969,0.0,3.933999999999969,0.0,0.0,1.0,0.001000000000001617,0.0,1.7134444444445762,1.7144444444445779,0.0005832793259892322,0.0,0.9994167206740108
4,27,6,0.0,2.6970000000001164,0.0,2.6970000000001164,0.0,0.0,1.0,0.001000000000001617,0.0,1.8608888888888753,1.861888888888877,0.0005370889777415177,0.0,0.9994629110222585
4,27,7,0.0,0.4900000000000091,0.0,0.4900000000000091,0.0,0.0,1.0,0.0,0.0,1.9545555555555183,1.9545555555555183,0.0,0.0,1.0
4,27,8,0.0,3.0629999999994766,0.0,3.0629999999994766,0.0,0.0,1.0,0.0,0.0,1.6298888888888048,1.6298888888888048,0.0,0.0,1.0
4,27,9,0.0,2.5689999999990505,0.0,2.5689999999990505,0.0,0.0,1.0,0.0,0.0,1.902000000000012,1.902000000000012,0.0,0.0,1.0
4,27,10,0.0,2.162999999999556,0.0,2.162999999999556,0.0,0.0,1.0,0.0,0.0,2.174999999999828,2.174999999999828,0.0,0.0,1.0
4,27,11,0.0,2.060999999999467,0.0,2.060999999999467,0.0,0.0,1.0,0.0,0.0,2.617333333333186,2.617333333333186,0.0,0.0,1.0
4,27,12,0.0,2.9619999999997617,0.0,2.9619999999997617,0.0,0.0,1.0,0.0,0.0,2.9368888888886,2.9368888888886,0.0,0.0,1.0
4,27,13,0.0,6.57399999999916,0.0,6.57399999999916,0.0,0.0,1.0,0.0,0.0,3.793111111111178,3.793111111111178,0.0,0.0,1.0
4,27,14,0.0,16.788000000000693,0.0,16.788000000000693,0.0,0.0,1.0,0.0,0.0,3.47222222222233,3.47222222222233,0.0,0.0,1.0
4,27,15,0.0,2.439999999999884,0.0,2.439999999999884,0.0,0.0,1.0,0.0,0.0,3.205444444444671,3.205444444444671,0.0,0.0,1.0
4,27,16,0.0,2.855000000001155,0.0,2.855000000001155,0.0,0.0,1.0,0.0,0.0,1.6854444444443162,1.6854444444443162,0.0,0.0,1.0
4,27,17,0.0,2.3459999999993784,0.0,2.3459999999993784,0.0,0.0,1.0,0.0,0.0,1.470222222222055,1.470222222222055,0.0,0.0,1.0
4,27,18,0.0,1.5919999999998709,0.0,1.5919999999998709,0.0,0.0,1.0,0.0,0.0,1.1084444444443242,1.1084444444443242,0.0,0.0,1.0
4,28,0,0.0,12.67300000000023,0.0,12.67300000000023,0.0,0.0,1.0,0.0,0.0,11.192666666666574,11.192666666666574,0.0,0.0,1.0
4,28,1,0.0,0.37199999999955935,0.0,0.37199999999955935,0.0,0.0,1.0,0.0,0.0,7.488222222222071,7.488222222222071,0.0,0.0,1.0
4,28,2,0.0,0.0710000000001969,0.0,0.0710000000001969,0.0,0.0,1.0,0.0,0.0,0.3229999999998654,0.3229999999998654,0.0,0.0,1.0
4,28,3,0.0,0.20999999999997954,0.0,0.20999999999997954,0.0,0.0,1.0,0.0,0.0,0.2013333333331957,0.2013333333331957,0.0,0.0,1.0
4,28,4,0.0,0.06800000000038153,0.0,0.06800000000038153,0.0,0.0,1.0,0.0,0.0,0.895222222222205,0.895222222222205,0.0,0.0,1.0
4,28,5,0.0,2.2679999999999154,0.0,2.2679999999999154,0.0,0.0,1.0,0.0,0.0,1.6741111111113138,1.6741111111113138,0.0,0.0,1.0
4,28,6,0.0,2.5389999999999304,0.0,2.5389999999999304,0.0,0.0,1.0,0.0,0.0,1.868888888889242,1.868888888889242,0.0,0.0,1.0
4,28,7,0.0,0.6379999999996926,0.0,0.6379999999996926,0.0,0.0,1.0,0.0,0.0,2.0255555555557723,2.0255555555557723,0.0,0.0,1.0
4,28,8,0.0,2.041000000000338,0.0,2.041000000000338,0.0,0.0,1.0,0.0,0.0,1.7673333333332772,1.7673333333332772,0.0,0.0,1.0
4,28,9,0.0,0.27999999999951797,0.0,0.27999999999951797,0.0,0.0,1.0,0.0,0.0,2.1857777777775094,2.1857777777775094,0.0,0.0,1.0
4,28,10,0.0,0.9170000000003711,0.0,0.9170000000003711,0.0,0.0,1.0,0.0,0.0,2.517333333332974,2.517333333332974,0.0,0.0,1.0
4,28,11,0.0,1.8839999999988777,0.0,1.8839999999988777,0.0,0.0,1.0,0.0,0.0,2.5003333333330917,2.5003333333330917,0.0,0.0,1.0
4,28,12,0.0,0.2800000000002001,0.0,0.2800000000002001,0.0,0.0,1.0,0.0,0.0,2.6315555555552614,2.6315555555552614,0.0,0.0,1.0
4,28,13,0.0,0.057999999999992724,0.0,0.057999999999992724,0.0,0.0,1.0,0.0,0.0,3.8301111111111616,3.8301111111111616,0.0,0.0,1.0
4,28,14,0.0,1.1210000000005493,0.0,1.1210000000005493,0.0,0.0,1.0,0.0,0.0,3.6898888888890027,3.6898888888890027,0.0,0.0,1.0
4,28,15,0.0,0.5720000000005712,0.0,0.5720000000005712,0.0,0.0,1.0,0.0,0.0,3.725777777778029,3.725777777778029,0.0,0.0,1.0
4,28,16,0.0,1.390999999999167,0.0,1.390999999999167,0.0,0.0,1.0,0.0,0.0,3.255222222222162,3.255222222222162,0.0,0.0,1.0
4,28,17,0.0,1.4309999999989031,0.0,1.4309999999989031,0.0,0.0,1.0,0.0,0.0,3.526777777777637,3.526777777777637,0.0,0.0,1.0
4,28,18,0.0,1.951000000000306,0.0,1.951000000000306,0.0,0.0,1.0,0.0,0.0,3.1219999999999506,3.1219999999999506,0.0,0.0,1.0
4,28,19,0.0,1.478000000000577,0.0,1.478000000000577,0.0,0.0,1.0,0.0,0.0,1.368111111111198,1.368111111111198,0.0,0.0,1.0
4,28,20,0.0,0.0929999999998472,0.0,0.0929999999998472,0.0,0.0,1.0,0.0,0.0,0.6134444444445343,0.6134444444445343,0.0,0.0,1.0
4,29,0,0.0,25.613999999998157,0.0,25.613999999998157,0.0,0.0,1.0,0.0,0.0,8.580499999999839,8.580499999999839,0.0,0.0,1.0
4,29,1,0.0,1.077000000000453,0.0,1.077000000000453,0.0,0.0,1.0,0.0,0.0,5.7439999999999465,5.7439999999999465,0.0,0.0,1.0
4,29,2,0.0,0.12099999999963984,0.0,0.12099999999963984,0.0,0.0,1.0,0.0,0.0,0.2671111111111297,0.2671111111111297,0.0,0.0,1.0
4,29,3,0.0,0.20399999999926877,0.0,0.20399999999926877,0.0,0.0,1.0,0.0,0.0,0.25044444444447816,0.25044444444447816,0.0,0.0,1.0
4,29,4,0.0,0.03899999999975989,0.0,0.03899999999975989,0.0,0.0,1.0,0.0,0.0,0.5252222222222068,0.5252222222222068,0.0,0.0,1.0
4,29,5,0.0,0.2810000000004038,0.0,0.2810000000004038,0.0,0.0,1.0,0.0,0.0,1.2264444444444205,1.2264444444444205,0.0,0.0,1.0
4,29,6,0.0,2.901000000001204,0.0,2.901000000001204,0.0,0.0,1.0,0.0,0.0,1.4455555555557884,1.4455555555557884,0.0,0.0,1.0
4,29,7,0.0,1.0720000000019354,0.0,1.0720000000019354,0.0,0.0,1.0,0.0,0.0,1.8083333333335203,1.8083333333335203,0.0,0.0,1.0
4,29,8,0.0,2.7889999999992483,0.0,2.7889999999992483,0.0,0.0,1.0,0.0,0.0,1.5278888888890314,1.5278888888890314,0.0,0.0,1.0
4,29,9,0.0,2.964000000000226,0.0,2.964000000000226,0.0,0.0,1.0,0.0,0.0,1.660333333333205,1.660333333333205,0.0,0.0,1.0
4,29,10,0.0,2.8859999999997967,0.0,2.8859999999997967,0.0,0.0,1.0,0.0,0.0,1.9966666666665247,1.9966666666665247,0.0,0.0,1.0
4,29,11,0.0,6.931999999999903,0.0,6.931999999999903,0.0,0.0,1.0,0.0,0.0,1.9136666666665543,1.9136666666665543,0.0,0.0,1.0
4,29,12,0.0,2.4179999999998927,0.0,2.4179999999998927,0.0,0.0,1.0,0.0,0.0,1.9040000000000596,1.9040000000000596,0.0,0.0,1.0
4,29,13,0.0,0.5150000000001,0.0,0.5150000000001,0.0,0.0,1.0,0.0,0.0,1.6202222222223732,1.6202222222223732,0.0,0.0,1.0
4,29,14,0.0,3.755000000000109,0.0,3.755000000000109,0.0,0.0,1.0,0.0,0.0,1.5026666666669701,1.5026666666669701,0.0,0.0,1.0
4,29,15,0.0,1.3859999999999673,0.0,1.3859999999999673,0.0,0.0,1.0,0.0,0.0,1.5996666666666595,1.5996666666666595,0.0,0.0,1.0
4,29,16,0.0,3.22400000000016,0.0,3.22400000000016,0.0,0.0,1.0,0.0,0.0,3.320555555555485,3.320555555555485,0.0,0.0,1.0
4,29,17,0.0,13.652000000000271,0.0,13.652000000000271,0.0,0.0,1.0,0.0,0.0,3.7813333333331602,3.7813333333331602,0.0,0.0,1.0
4,29,18,0.0,3.2989999999995234,0.0,3.2989999999995234,0.0,0.0,1.0,0.0,0.0,3.805000000000114,3.805000000000114,0.0,0.0,1.0
4,29,19,0.0,2.3490000000007285,0.0,2.3490000000007285,0.0,0.0,1.0,0.0,0.0,1.6810000000000842,1.6810000000000842,0.0,0.0,1.0
4,29,20,0.0,1.5509999999999309,0.0,1.5509999999999309,0.0,0.0,1.0,0.0,0.0,0.9608888888889169,0.9608888888889169,0.0,0.0,1.0
4,29,21,0.0,0.04999999999972715,0.0,0.04999999999972715,0.0,0.0,1.0,0.0,0.0,0.35633333333323153,0.35633333333323153,0.0,0.0,1.0
4,29,25,0.0,0.24900000000025102,0.0,0.24900000000025102,0.0,0.0,1.0,0.0,0.0,0.04111111111109898,0.04111111111109898,0.0,0.0,1.0
4,29,26,0.0,0.03099999999994907,0.0,0.03099999999994907,0.0,0.0,1.0,0.0,0.0,0.06311111111113456,0.06311111111113456,0.0,0.0,1.0
4,29,27,0.0,0.2300000000000182,0.0,0.2300000000000182,0.0,0.0,1.0,0.0,0.0,0.02899999999999636,0.02899999999999636,0.0,0.0,1.0
4,30,0,0.0,11.739000000000829,0.0,11.739000000000829,0.0,0.0,1.0,0.0,0.0,8.391333333333268,8.391333333333268,0.0,0.0,1.0
4,30,1,0.0,0.007999999999810825,0.0,0.007999999999810825,0.0,0.0,1.0,0.0,0.0,5.615333333333297,5.615333333333297,0.0,0.0,1.0
4,30,2,0.0,0.021000000000640284,0.0,0.021000000000640284,0.0,0.0,1.0,0.0,0.0,0.356666666666696,0.356666666666696,0.0,0.0,1.0
4,30,3,0.0,0.32000000000061846,0.0,0.32000000000061846,0.0,0.0,1.0,0.0,0.0,0.26477777777775674,0.26477777777775674,0.0,0.0,1.0
4,30,4,0.0,1.199999999999818,0.0,1.199999999999818,0.0,0.0,1.0,0.0,0.0,0.34799999999995634,0.34799999999995634,0.0,0.0,1.0
4,30,5,0.0,0.13699999999971624,0.0,0.13699999999971624,0.0,0.0,1.0,0.0,0.0,0.7771111111110764,0.7771111111110764,0.0,0.0,1.0
4,30,6,0.0,1.604999999998654,0.0,1.604999999998654,0.0,0.0,1.0,0.0,0.0,0.8984444444446984,0.8984444444446984,0.0,0.0,1.0
4,30,7,0.0,1.569000000000642,0.0,1.569000000000642,0.0,0.0,1.0,0.0,0.0,1.3833333333335405,1.3833333333335405,0.0,0.0,1.0
4,30,8,0.0,1.1210000000000377,0.0,1.1210000000000377,0.0,0.0,1.0,0.0,0.0,1.9674444444445698,1.9674444444445698,0.0,0.0,1.0
4,30,9,0.0,1.2769999999996458,0.0,1.2769999999996458,0.0,0.0,1.0,0.0,0.0,2.178888888888865,2.178888888888865,0.0,0.0,1.0
4,30,10,0.0,0.6679999999996653,0.0,0.6679999999996653,0.0,0.0,1.0,0.0,0.0,2.6078888888889966,2.6078888888889966,0.0,0.0,1.0
4,30,11,0.0,0.16200000000071668,0.0,0.16200000000071668,0.0,0.0,1.0,0.0,0.0,2.6011111111112655,2.6011111111112655,0.0,0.0,1.0
4,30,12,0.0,1.075999999999567,0.0,1.075999999999567,0.0,0.0,1.0,0.0,0.0,3.906888888889051,3.906888888889051,0.0,0.0,1.0
4,30,13,0.0,3.811000000001286,0.0,3.811000000001286,0.0,0.0,1.0,0.0,0.0,4.403333333333346,4.403333333333346,0.0,0.0,1.0
4,30,14,0.0,1.5479999999996608,0.0,1.5479999999996608,0.0,0.0,1.0,0.0,0.0,4.993333333333548,4.993333333333548,0.0,0.0,1.0
4,30,15,0.0,0.758000000000493,0.0,0.758000000000493,0.0,0.0,1.0,0.0,0.0,6.9484444444444895,6.9484444444444895,0.0,0.0,1.0
4,30,16,0.0,0.6419999999992569,0.0,0.6419999999992569,0.0,0.0,1.0,0.0,0.0,8.705111111111263,8.705111111111263,0.0,0.0,1.0
4,30,17,0.0,6.829000000000576,0.0,6.829000000000576,0.0,0.0,1.0,0.0,0.0,7.892666666666671,7.892666666666671,0.0,0.0,1.0
4,30,18,0.0,1.6130000000002838,0.0,1.6130000000002838,0.0,0.0,1.0,0.0,0.0,4.974222222222232,4.974222222222232,0.0,0.0,1.0
4,30,19,0.0,1.6429999999998586,0.0,1.6429999999998586,0.0,0.0,1.0,0.0,0.0,2.665333333333384,2.665333333333384,0.0,0.0,1.0
4,30,20,0.0,1.1519999999997026,0.0,1.1519999999997026,0.0,0.0,1.0,0.0,0.0,1.9484444444443938,1.9484444444443938,0.0,0.0,1.0
4,30,21,0.0,0.33199999999987995,0.0,0.33199999999987995,0.0,0.0,1.0,0.0,0.0,1.115777777777819,1.115777777777819,0.0,0.0,1.0
4,30,22,0.0,0.028999999999996362,0.0,0.028999999999996362,0.0,0.0,1.0,0.0,0.0,0.1598888888889102,0.1598888888889102,0.0,0.0,1.0
4,30,23,0.0,0.020000000000436557,0.0,0.020000000000436557,0.0,0.0,1.0,0.0,0.0,0.030333333333411854,0.030333333333411854,0.0,0.0,1.0
4,30,24,0.0,0.03199999999969805,0.0,0.03199999999969805,0.0,0.0,1.0,0.0,0.0,0.13433333333336525,0.13433333333336525,0.0,0.0,1.0
4,30,25,0.0,0.057999999999992724,0.0,0.057999999999992724,0.0,0.0,1.0,0.0,0.0,0.1312222222222014,0.1312222222222014,0.0,0.0,1.0
4,31,0,0.0,10.619000000000199,0.0,10.619000000000199,0.0,0.0,1.0,0.04999999999999242,0.02483333333331454,5.101166666666852,5.176000000000158,0.009659969088097157,0.004797784647085352,0.9855422462648176
4,31,1,0.0,1.2910000000001673,0.0,1.2910000000001673,0.0,0.0,1.0,0.03333333333332828,0.016555555555543024,3.4131111111112773,3.4630000000001484,0.00962556550197137,0.004780697532642886,0.9855937369653858
4,31,2,0.0,0.047999999999774445,0.0,0.047999999999774445,0.0,0.0,1.0,0.0,0.0,0.24111111111126446,0.24111111111126446,0.0,0.0,1.0
4,31,3,0.0,0.11999999999989086,0.0,0.11999999999989086,0.0,0.0,1.0,0.0,0.0,0.3044444444445655,0.3044444444445655,0.0,0.0,1.0
4,31,4,0.0,0.3100000000004002,0.0,0.3100000000004002,0.0,0.0,1.0,0.0,0.0,0.47455555555551304,0.47455555555551304,0.0,0.0,1.0
4,31,5,0.0,0.5209999999997308,0.0,0.5209999999997308,0.0,0.0,1.0,0.0,0.0,0.8156666666664276,0.8156666666664276,0.0,0.0,1.0
4,31,8,0.0,1.3930000000001428,0.0,1.3930000000001428,0.0,0.0,1.0,0.0,0.0,1.4713333333333036,1.4713333333333036,0.0,0.0,1.0
4,31,9,0.0,5.521999999999252,0.0,5.521999999999252,0.0,0.0,1.0,0.0,0.0,1.6398888888887262,1.6398888888887262,0.0,0.0,1.0
4,31,10,0.0,0.9900000000017712,0.0,0.9900000000017712,0.0,0.0,1.0,0.0,0.0,1.8353333333332607,1.8353333333332607,0.0,0.0,1.0
4,31,11,0.0,2.069999999999993,0.0,2.069999999999993,0.0,0.0,1.0,0.0,0.0,2.0355555555556304,2.0355555555556304,0.0,0.0,1.0
4,31,12,0.0,6.208000000000084,0.0,6.208000000000084,0.0,0.0,1.0,0.0,0.0,4.296222222222393,4.296222222222393,0.0,0.0,1.0
4,31,13,0.0,11.969999999999914,0.0,11.969999999999914,0.0,0.0,1.0,0.0,0.0,5.710888888888885,5.710888888888885,0.0,0.0,1.0
4,31,14,0.0,8.328999999999496,0.0,8.328999999999496,0.0,0.0,1.0,0.0,0.0,7.2611111111112265,7.2611111111112265,0.0,0.0,1.0
4,31,15,0.0,12.868000000000904,0.0,12.868000000000904,0.0,0.0,1.0,0.0,0.0,9.286000000000014,9.286000000000014,0.0,0.0,1.0
4,31,16,0.0,30.02600000000035,0.0,30.02600000000035,0.0,0.0,1.0,0.0,0.0,9.923222222222167,9.923222222222167,0.0,0.0,1.0
4,31,17,0.0,8.960999999999387,0.0,8.960999999999387,0.0,0.0,1.0,0.0,0.0,8.262666666666695,8.262666666666695,0.0,0.0,1.0
4,31,18,0.0,2.7880000000002383,0.0,2.7880000000002383,0.0,0.0,1.0,0.0,0.0,4.441222222222172,4.441222222222172,0.0,0.0,1.0
4,31,19,0.0,3.6339999999992187,0.0,3.6339999999992187,0.0,0.0,1.0,0.0,0.0,3.3630000000000364,3.3630000000000364,0.0,0.0,1.0
4,31,20,0.0,5.9590000000009695,0.0,5.9590000000009695,0.0,0.0,1.0,0.0,0.0,2.767444444444321,2.767444444444321,0.0,0.0,1.0
4,31,21,0.0,0.8659999999995307,0.0,0.8659999999995307,0.0,0.0,1.0,0.0,0.0,1.8897777777777562,1.8897777777777562,0.0,0.0,1.0
4,31,22,0.0,0.10300000000063392,0.0,0.10300000000063392,0.0,0.0,1.0,0.0,0.0,0.4844444444444704,0.4844444444444704,0.0,0.0,1.0
4,31,23,0.0,0.03899999999998727,0.0,0.03899999999998727,0.0,0.0,1.0,0.0,0.0,0.11155555555550627,0.11155555555550627,0.0,0.0,1.0
4,31,24,0.0,0.049999999999954525,0.0,0.049999999999954525,0.0,0.0,1.0,0.0,0.0,0.1713333333332726,0.1713333333332726,0.0,0.0,1.0
4,31,25,0.0,0.7609999999999673,0.0,0.7609999999999673,0.0,0.0,1.0,0.0,0.0,0.10366666666653863,0.10366666666653863,0.0,0.0,1.0
4,32,0,0.2999999999999545,6.698999999999955,0.14899999999988722,7.147999999999797,0.04196978175712969,0.020844991606028464,0.9371852266368419,0.04999999999999242,0.02483333333331454,3.3791666666666726,3.4539999999999798,0.014475969889980518,0.007189731712019306,0.9783342983980001
4,32,1,0.0,0.2510000000001469,0.0,0.2510000000001469,0.0,0.0,1.0,0.03333333333332828,0.016555555555543024,2.266222222222199,2.31611111111107,0.01439194051331062,0.007147997121606614,0.9784600623650829
4,32,2,0.0,0.04199999999997317,0.0,0.04199999999997317,0.0,0.0,1.0,0.0,0.0,0.21111111111114647,0.21111111111114647,0.0,0.0,1.0
4,32,3,0.0,0.06900000000035789,0.0,0.06900000000035789,0.0,0.0,1.0,0.0,0.0,0.14555555555556213,0.14555555555556213,0.0,0.0,1.0
4,32,4,0.0,0.6099999999996157,0.0,0.6099999999996157,0.0,0.0,1.0,0.0,0.0,0.3215555555555119,0.3215555555555119,0.0,0.0,1.0
4,32,5,0.0,0.9839999999994689,0.0,0.9839999999994689,0.0,0.0,1.0,0.0,0.0,0.6223333333332638,0.6223333333332638,0.0,0.0,1.0
4,32,6,0.0,1.9740000000004443,0.0,1.9740000000004443,0.0,0.0,1.0,0.0,0.0,0.7471111111110025,0.7471111111110025,0.0,0.0,1.0
4,32,7,0.0,0.9170000000004848,0.0,0.9170000000004848,0.0,0.0,1.0,0.0,0.0,0.9217777777777831,0.9217777777777831,0.0,0.0,1.0
4,32,8,0.0,0.22100000000057207,0.0,0.22100000000057207,0.0,0.0,1.0,0.0,0.0,1.6085555555554203,1.6085555555554203,0.0,0.0,1.0
4,32,9,0.0,1.2219999999989568,0.0,1.2219999999989568,0.0,0.0,1.0,0.0,0.0,1.8837777777776588,1.8837777777776588,0.0,0.0,1.0
4,32,10,0.0,2.3449999999984925,0.0,2.3449999999984925,0.0,0.0,1.0,0.0,0.0,2.0678888888888314,2.0678888888888314,0.0,0.0,1.0
4,32,11,0.0,2.262000000000853,0.0,2.262000000000853,0.0,0.0,1.0,0.0,0.0,3.1522222222222798,3.1522222222222798,0.0,0.0,1.0
4,32,12,0.0,2.5389999999995325,0.0,2.5389999999995325,0.0,0.0,1.0,0.0,0.0,5.207777777777949,5.207777777777949,0.0,0.0,1.0
4,32,13,0.0,8.567999999999586,0.0,8.567999999999586,0.0,0.0,1.0,0.0,0.0,7.49544444444435,7.49544444444435,0.0,0.0,1.0
4,32,14,0.0,7.349000000000842,0.0,7.349000000000842,0.0,0.0,1.0,0.0,0.0,8.550333333333192,8.550333333333192,0.0,0.0,1.0
4,32,15,0.0,10.148999999998864,0.0,10.148999999998864,0.0,0.0,1.0,0.0,0.0,11.350444444444364,11.350444444444364,0.0,0.0,1.0
4,32,16,0.0,11.905000000000257,0.0,11.905000000000257,0.0,0.0,1.0,0.0,0.0,11.066666666666796,11.066666666666796,0.0,0.0,1.0
4,32,17,0.0,7.170999999999424,0.0,7.170999999999424,0.0,0.0,1.0,0.0,0.0,8.904888888889054,8.904888888889054,0.0,0.0,1.0
4,32,18,0.0,4.429000000000485,0.0,4.429000000000485,0.0,0.0,1.0,0.0,0.0,4.498666666666623,4.498666666666623,0.0,0.0,1.0
4,32,19,0.0,2.903000000000077,0.0,2.903000000000077,0.0,0.0,1.0,0.0,0.0,3.6316666666666997,3.6316666666666997,0.0,0.0,1.0
4,32,20,0.0,6.145999999999503,0.0,6.145999999999503,0.0,0.0,1.0,0.0,0.0,3.231444444444474,3.231444444444474,0.0,0.0,1.0
4,32,21,0.0,2.272000000000162,0.0,2.272000000000162,0.0,0.0,1.0,0.0,0.0,2.3506666666668266,2.3506666666668266,0.0,0.0,1.0
4,32,22,0.0,0.14899999999943248,0.0,0.14899999999943248,0.0,0.0,1.0,0.0,0.0,0.7576666666667012,0.7576666666667012,0.0,0.0,1.0
4,32,23,0.0,0.5500000000001819,0.0,0.5500000000001819,0.0,0.0,1.0,0.0,0.0,0.2276666666667286,0.2276666666667286,0.0,0.0,1.0
4,32,24,0.0,0.0319999999992433,0.0,0.0319999999992433,0.0,0.0,1.0,0.0,0.0,0.2367777777777632,0.2367777777777632,0.0,0.0,1.0
4,33,0,0.0,1.405999999999608,0.0,1.405999999999608,0.0,0.0,1.0,0.04999999999999242,0.02483333333331454,1.596333333333348,1.671166666666655,0.029919218111095703,0.014859878328501873,0.9552209035604025
4,33,1,0.0,0.008999999999957708,0.0,0.008999999999957708,0.0,0.0,1.0,0.03333333333332828,0.016555555555543024,1.0768888888888644,1.1267777777777357,0.029582881372642318,0.01469283108173679,0.9557242875456209
4,33,2,0.0,0.03100000000000591,0.0,0.03100000000000591,0.0,0.0,1.0,0.0,0.0,0.07544444444451731,0.07544444444451731,0.0,0.0,1.0
4,33,3,0.0,0.03900000000004411,0.0,0.03900000000004411,0.0,0.0,1.0,0.0,0.0,0.11599999999998545,0.11599999999998545,0.0,0.0,1.0
4,33,4,0.0,0.04099999999999682,0.0,0.04099999999999682,0.0,0.0,1.0,0.0,0.0,0.2426666666666569,0.2426666666666569,0.0,0.0,1.0
4,33,5,0.0,0.20000000000010232,0.0,0.20000000000010232,0.0,0.0,1.0,0.0,0.0,0.5828888888888425,0.5828888888888425,0.0,0.0,1.0
4,33,6,0.0,0.9609999999996148,0.0,0.9609999999996148,0.0,0.0,1.0,0.0,0.0,0.960777777777821,0.960777777777821,0.0,0.0,1.0
4,33,7,0.0,1.1669999999991774,0.0,1.1669999999991774,0.0,0.0,1.0,0.0,0.0,2.2038888888889563,2.2038888888889563,0.0,0.0,1.0
4,33,8,0.0,1.662999999999613,0.0,1.662999999999613,0.0,0.0,1.0,0.0,0.0,2.445666666666682,2.445666666666682,0.0,0.0,1.0
4,33,9,0.0,2.3720000000005825,0.0,2.3720000000005825,0.0,0.0,1.0,0.0,0.0,2.8896666666663897,2.8896666666663897,0.0,0.0,1.0
4,33,10,0.0,1.2259999999995443,0.0,1.2259999999995443,0.0,0.0,1.0,0.0,0.0,2.6182222222219083,2.6182222222219083,0.0,0.0,1.0
4,33,11,0.0,0.6020000000000323,0.0,0.6020000000000323,0.0,0.0,1.0,0.0,0.0,5.26199999999976,5.26199999999976,0.0,0.0,1.0
4,33,12,0.0,10.128000000000213,0.0,10.128000000000213,0.0,0.0,1.0,0.0,0.0,6.332222222222362,6.332222222222362,0.0,0.0,1.0
4,33,13,0.0,2.523000000001332,0.0,2.523000000001332,0.0,0.0,1.0,0.0,0.0,8.07955555555563,8.07955555555563,0.0,0.0,1.0
4,33,14,0.0,9.844999999998151,0.0,9.844999999998151,0.0,0.0,1.0,0.0,0.0,7.125333333333167,7.125333333333167,0.0,0.0,1.0
4,33,15,0.0,5.351999999999634,0.0,5.351999999999634,0.0,0.0,1.0,0.0,0.0,10.244333333333056,10.244333333333056,0.0,0.0,1.0
4,33,16,0.0,6.331000000000756,0.0,6.331000000000756,0.0,0.0,1.0,0.0,0.0,10.064666666666342,10.064666666666342,0.0,0.0,1.0
4,33,17,0.0,6.837000000001581,0.0,6.837000000001581,0.0,0.0,1.0,0.0,0.0,9.103666666666589,9.103666666666589,0.0,0.0,1.0
4,33,18,0.0,1.6959999999990032,0.0,1.6959999999990032,0.0,0.0,1.0,0.0,0.0,4.968111111111036,4.968111111111036,0.0,0.0,1.0
4,33,19,0.0,2.0690000000001874,0.0,2.0690000000001874,0.0,0.0,1.0,0.0,0.0,4.082777777777916,4.082777777777916,0.0,0.0,1.0
4,33,20,0.0,3.061000000000604,0.0,3.061000000000604,0.0,0.0,1.0,0.0,0.0,3.750777777777916,3.750777777777916,0.0,0.0,1.0
4,33,21,0.0,2.173000000000002,0.0,2.173000000000002,0.0,0.0,1.0,0.0,0.0,2.959222222222351,2.959222222222351,0.0,0.0,1.0
4,33,22,0.0,0.42700000000058935,0.0,0.42700000000058935,0.0,0.0,1.0,0.0,0.0,1.4644444444445261,1.4644444444445261,0.0,0.0,1.0
4,33,23,0.0,0.23999999999978172,0.0,0.23999999999978172,0.0,0.0,1.0,0.0,0.0,0.702222222222113,0.702222222222113,0.0,0.0,1.0
4,33,24,0.0,0.45900000000074215,0.0,0.45900000000074215,0.0,0.0,1.0,0.0,0.0,0.5468888888887642,0.5468888888887642,0.0,0.0,1.0
4,34,0,0.0,1.1570000000001528,0.0,1.1570000000001528,0.0,0.0,1.0,0.0,0.0,0.4379999999999976,0.4379999999999976,0.0,0.0,1.0
4,34,1,0.0,0.05600000000026739,0.0,0.05600000000026739,0.0,0.0,1.0,0.0,0.0,0.2999999999999671,0.2999999999999671,0.0,0.0,1.0
4,34,2,0.0,0.0409999999997126,0.0,0.0409999999997126,0.0,0.0,1.0,0.0,0.0,0.03522222222224198,0.03522222222224198,0.0,0.0,1.0
4,34,3,0.0,0.14100000000019008,0.0,0.14100000000019008,0.0,0.0,1.0,0.0,0.0,0.03588888888888025,0.03588888888888025,0.0,0.0,1.0
4,34,4,0.0,0.029999999999972715,0.0,0.029999999999972715,0.0,0.0,1.0,0.0,0.0,0.05788888888894108,0.05788888888894108,0.0,0.0,1.0
4,34,5,0.0,0.07000000000016371,0.0,0.07000000000016371,0.0,0.0,1.0,0.0,0.0,0.18644444444445044,0.18644444444445044,0.0,0.0,1.0
4,34,6,0.0,0.3760000000002037,0.0,0.3760000000002037,0.0,0.0,1.0,0.0,0.0,0.5302222222222213,0.5302222222222213,0.0,0.0,1.0
4,34,7,0.0,1.9980000000007294,0.0,1.9980000000007294,0.0,0.0,1.0,0.0,0.0,1.8581111111110113,1.8581111111110113,0.0,0.0,1.0
4,34,8,0.0,10.557999999999765,0.0,10.557999999999765,0.0,0.0,1.0,0.0,0.0,2.1834444444444583,2.1834444444444583,0.0,0.0,1.0
4,34,9,0.0,1.8930000000002565,0.0,1.8930000000002565,0.0,0.0,1.0,0.0,0.0,2.5134444444443793,2.5134444444443793,0.0,0.0,1.0
4,34,10,0.0,4.506999999999721,0.0,4.506999999999721,0.0,0.0,1.0,0.0,0.0,2.318444444444405,2.318444444444405,0.0,0.0,1.0
4,34,11,0.0,7.13499999999874,0.0,7.13499999999874,0.0,0.0,1.0,0.0,0.0,5.063555555555581,5.063555555555581,0.0,0.0,1.0
4,34,12,0.0,16.614000000000715,0.0,16.614000000000715,0.0,0.0,1.0,0.0,0.0,5.4357777777780525,5.4357777777780525,0.0,0.0,1.0
4,34,13,0.0,6.619000000000256,0.0,6.619000000000256,0.0,0.0,1.0,0.0,0.0,6.759000000000146,6.759000000000146,0.0,0.0,1.0
4,34,14,0.0,8.531000000000063,0.0,8.531000000000063,0.0,0.0,1.0,0.0,0.0,4.905999999999898,4.905999999999898,0.0,0.0,1.0
4,34,15,0.0,5.19199999999978,0.0,5.19199999999978,0.0,0.0,1.0,0.0,0.0,8.681333333333061,8.681333333333061,0.0,0.0,1.0
4,34,16,0.0,27.544999999999163,0.0,27.544999999999163,0.0,0.0,1.0,0.0,0.0,8.61111111111099,8.61111111111099,0.0,0.0,1.0
4,34,17,0.0,10.099999999997635,0.0,10.099999999997635,0.0,0.0,1.0,0.0,0.0,8.538888888888833,8.538888888888833,0.0,0.0,1.0
4,34,18,0.0,5.919000000001006,0.0,5.919000000001006,0.0,0.0,1.0,0.0,0.0,4.580555555555481,4.580555555555481,0.0,0.0,1.0
4,34,19,0.0,3.588999999999942,0.0,3.588999999999942,0.0,0.0,1.0,0.0,0.0,3.6494444444444967,3.6494444444444967,0.0,0.0,1.0
4,34,20,0.0,6.9330000000004475,0.0,6.9330000000004475,0.0,0.0,1.0,0.0,0.0,3.3435555555555774,3.3435555555555774,0.0,0.0,1.0
4,34,21,0.0,4.611000000000331,0.0,4.611000000000331,0.0,0.0,1.0,0.0,0.0,2.6340000000001016,2.6340000000001016,0.0,0.0,1.0
4,34,22,0.0,0.8610000000001037,0.0,0.8610000000001037,0.0,0.0,1.0,0.0,0.0,1.4934444444443074,1.4934444444443074,0.0,0.0,1.0
4,34,23,0.0,1.897000000000162,0.0,1.897000000000162,0.0,0.0,1.0,0.0,0.0,0.9219999999998976,0.9219999999998976,0.0,0.0,1.0
4,34,24,0.0,1.7049999999987904,0.0,1.7049999999987904,0.0,0.0,1.0,0.0,0.020888888888887572,0.8217777777775694,0.8426666666664571,0.0,0.024789029535869582,0.9752109704641304
4,34,25,0.0,0.03899999999998727,0.0,0.03899999999998727,0.0,0.0,1.0,0.0,0.020888888888887572,0.4884444444443372,0.5093333333332248,0.0,0.041012216404892714,0.9589877835951072
4,34,26,0.0,0.019000000000005457,0.0,0.019000000000005457,0.0,0.0,1.0,0.0,0.020888888888887572,0.07311111111102293,0.0939999999999105,0.0,0.2222222222224198,0.7777777777775803
4,34,27,0.0,0.009999999999990905,0.0,0.009999999999990905,0.0,0.0,1.0,0.0,0.0,0.014222222222187596,0.014222222222187596,0.0,0.0,1.0
4,34,28,0.0,0.01999999999998181,0.0,0.01999999999998181,0.0,0.0,1.0,0.0,0.0,0.004444444444438922,0.004444444444438922,0.0,0.0,1.0
4,34,29,0.0,0.009999999999990905,0.0,0.009999999999990905,0.0,0.0,1.0,0.0,0.0,0.005555555555549023,0.005555555555549023,0.0,0.0,1.0
4,34,30,0.0,0.01999999999998181,0.0,0.01999999999998181,0.0,0.0,1.0,0.0,0.0,0.00566666666668277,0.00566666666668277,0.0,0.0,1.0
4,34,31,0.0,0.021000000000185537,0.0,0.021000000000185537,0.0,0.0,1.0,0.0,0.0,0.05444444444444397,0.05444444444444397,0.0,0.0,1.0
4,34,32,0.0,0.31999999999993634,0.0,0.31999999999993634,0.0,0.0,1.0,0.0,0.0,0.05222222222222377,0.05222222222222377,0.0,0.0,1.0
4,35,10,0.0,0.40199999999992997,0.0,0.40199999999992997,0.0,0.0,1.0,0.0,0.0,2.0862222222221285,2.0862222222221285,0.0,0.0,1.0
4,35,11,0.0,2.7290000000008376,0.0,2.7290000000008376,0.0,0.0,1.0,0.0,0.0,4.242222222222178,4.242222222222178,0.0,0.0,1.0
4,35,12,0.0,2.2290000000004966,0.0,2.2290000000004966,0.0,0.0,1.0,0.0,0.0,4.498444444444506,4.498444444444506,0.0,0.0,1.0
4,35,13,0.0,0.3429999999998472,0.0,0.3429999999998472,0.0,0.0,1.0,0.0,0.023333333333337373,5.059555555555726,5.082888888889063,0.0,0.004590565295327005,0.995409434704673
4,35,14,0.0,3.999000000000251,0.0,3.999000000000251,0.0,0.0,1.0,0.0,0.023333333333337373,3.6841111111111284,3.707444444444466,0.0,0.006293643420146706,0.9937063565798533
4,35,15,0.0,1.7499999999997726,0.0,1.7499999999997726,0.0,0.0,1.0,0.0,0.023333333333337373,7.577333333333072,7.600666666666409,0.0,0.0030699061485840932,0.996930093851416
4,35,16,0.0,9.586999999999989,0.0,9.586999999999989,0.0,0.0,1.0,0.0,0.0,9.702111111110627,9.702111111110627,0.0,0.0,1.0
4,35,17,0.0,4.8060000000006085,0.0,4.8060000000006085,0.0,0.0,1.0,0.0,0.0,10.295333333333058,10.295333333333058,0.0,0.0,1.0
4,35,18,0.0,4.028999999999769,0.0,4.028999999999769,0.0,0.0,1.0,0.0,0.0,6.554333333333134,6.554333333333134,0.0,0.0,1.0
4,35,19,0.0,2.179999999999609,0.0,2.179999999999609,0.0,0.0,1.0,0.0,0.0,4.287444444444469,4.287444444444469,0.0,0.0,1.0
4,35,20,0.0,3.3689999999999145,0.0,3.3689999999999145,0.0,0.0,1.0,0.0,0.0,3.8073333333332404,3.8073333333332404,0.0,0.0,1.0
4,35,21,0.0,2.106999999999175,0.0,2.106999999999175,0.0,0.0,1.0,0.0,0.0,2.9896666666666456,2.9896666666666456,0.0,0.0,1.0
4,35,22,0.0,0.1639999999997599,0.0,0.1639999999997599,0.0,0.0,1.0,0.0,0.0,1.7815555555555165,1.7815555555555165,0.0,0.0,1.0
4,35,23,0.0,0.9609999999988759,0.0,0.9609999999988759,0.0,0.0,1.0,0.0,0.0,1.2759999999999658,1.2759999999999658,0.0,0.0,1.0
4,35,24,0.0,1.5840000000002874,0.0,1.5840000000002874,0.0,0.0,1.0,0.0,0.11977777777777494,1.416777777777775,1.53655555555555,0.0,0.07795212958275931,0.9220478704172408
4,35,25,0.0,0.5109999999995125,0.18799999999998818,0.6989999999995007,0.0,0.26895565093007506,0.7310443490699249,0.0,0.11977777777777494,1.0898888888888347,1.2096666666666096,0.0,0.09901717644897817,0.9009828235510219
4,35,26,0.0,0.07899999999972351,0.0,0.07899999999972351,0.0,0.0,1.0,0.0,0.11977777777777494,0.39544444444439003,0.515222222222165,0.0,0.2324778951908765,0.7675221048091235
4,35,32,0.0,0.1289999999999054,0.0,0.1289999999999054,0.0,0.0,1.0,0.0,0.0,0.05222222222222481,0.05222222222222481,0.0,0.0,1.0
4,36,0,0.0,0.04899999999997817,0.0,0.04899999999997817,0.0,0.0,1.0,0.09600000000002258,0.07866666666666333,0.1116666666666788,0.2863333333333647,0.3352735739232086,0.2747380675203308,0.38998835855646063
4,36,3,0.0,0.01999999999998181,0.0,0.01999999999998181,0.0,0.0,1.0,0.0,0.002111111111111717,0.011222222222184225,0.013333333333295942,0.0,0.15833333333382282,0.8416666666661772
4,36,4,0.0,0.0409999999997126,0.0,0.0409999999997126,0.0,0.0,1.0,0.0,0.0022222222222328327,0.029888888888864235,0.03211111111109707,0.0,0.06920415224949565,0.9307958477505044
4,36,5,0.0,0.10800000000017462,0.0,0.10800000000017462,0.0,0.0,1.0,0.0,0.0011111111111101006,0.09600000000000364,0.09711111111111374,0.0,0.011441647597243289,0.9885583524027567
4,36,6,0.0,0.5709999999999127,0.0,0.5709999999999127,0.0,0.0,1.0,0.05555555555560609,0.018111111110986004,0.13744444444450388,0.21111111111109598,0.26315789473710033,0.08578947368362407,0.6510526315792755
4,36,7,0.0,0.2650000000003274,0.052999999999883585,0.318000000000211,0.0,0.16666666666618998,0.83333333333381,0.07466666666672002,0.03411111111107503,0.1894444444444869,0.29822222222228195,0.25037257824155945,0.11438152011908115,0.6352459016393595
4,36,8,0.0,0.21900000000005093,0.009000000000014552,0.22800000000006548,0.0,0.0394736842105788,0.9605263157894212,0.07466666666672002,0.038666666666598654,0.22611111111114549,0.33944444444446414,0.21996726677592182,0.11391162029439204,0.6661211129296861
4,36,9,0.0,0.8739999999997963,0.0,0.8739999999997963,0.0,0.0,1.0,0.01911111111111394,0.0677777777778172,0.24899999999998576,0.3358888888889169,0.056897122064178345,0.20178630499513858,0.7413165729406831
4,36,10,0.0,0.12800000000015643,0.0,0.12800000000015643,0.0,0.0,1.0,0.0034444444444514176,0.11844444444438473,0.6156666666667358,0.737555555555572,0.004670081349813508,0.16059053931898748,0.8347393793311989
4,36,11,0.0,1.1079999999997199,0.0,1.1079999999997199,0.0,0.0,1.0,0.0034444444444514176,0.18611111111118184,1.2723333333333608,1.461888888888994,0.0023561602188994853,0.12730865698871446,0.8703351827923861
4,36,12,0.0,3.3279999999992924,0.0,3.3279999999992924,0.0,0.0,1.0,0.0034444444444514176,0.2950000000001107,1.4008888888890219,1.699333333333584,0.002026938668762795,0.17359748921149498,0.8243755721197421
4,36,13,0.0,0.3810000000006539,0.0,0.3810000000006539,0.0,0.0,1.0,0.0,0.42100000000011234,1.8100000000000591,2.2310000000001713,0.0,0.18870461676381892,0.8112953832361811
4,36,14,0.0,3.491999999999962,0.21000000000003638,3.701999999999998,0.0,0.05672609400325135,0.9432739059967487,0.0,0.397999999999974,1.5783333333333758,1.9763333333333497,0.0,0.2013830325518489,0.7986169674481511
4,36,15,0.0,2.849999999999568,0.0,2.849999999999568,0.0,0.0,1.0,0.0,0.4948888888888329,3.0781111111109696,3.5729999999998023,0.0,0.138507945392908,0.861492054607092
4,36,16,0.0,5.2499999999990905,0.0,5.2499999999990905,0.0,0.0,1.0,0.0,0.9064444444444462,5.338777777777724,6.2452222222221705,0.0,0.14514206415571163,0.8548579358442884
4,36,17,0.0,20.239000000000033,0.0,20.239000000000033,0.0,0.0,1.0,0.0,1.0340000000000804,5.974555555555537,7.008555555555618,0.0,0.14753396642200234,0.8524660335779977
4,36,18,0.0,5.18300000000022,0.0,5.18300000000022,0.0,0.0,1.0,0.0,0.7821111111111981,5.044444444444504,5.826555555555702,0.0,0.13423215545682807,0.865767844543172
4,36,19,0.0,2.9439999999993915,0.0,2.9439999999993915,0.0,0.0,1.0,0.0,0.17800000000003516,3.1607777777776263,3.3387777777776613,0.0,0.05331292222704158,0.9466870777729585
4,36,20,0.0,4.440999999999917,0.0,4.440999999999917,0.0,0.0,1.0,0.0,0.0012222222222185843,3.2016666666664446,3.2028888888886633,0.0,0.00038159994449344454,0.9996184000555065
4,36,21,0.0,4.092000000000439,0.0,4.092000000000439,0.0,0.0,1.0,0.0,0.0012222222222185843,2.571777777777621,2.5729999999998396,0.0,0.0004750183529804355,0.9995249816470195
4,36,22,0.0,0.3289999999997235,0.0,0.3289999999997235,0.0,0.0,1.0,0.0,0.001000000000001617,1.6885555555554035,1.6895555555554052,0.0,0.0005918716296208967,0.9994081283703791
4,36,23,0.0,1.0120000000010805,0.0,1.0120000000010805,0.0,0.0,1.0,0.0,0.002222222222232833,1.2933333333333945,1.2955555555556273,0.0,0.0017152658662173577,0.9982847341337827
4,36,24,0.0,2.971000000000913,0.0,2.971000000000913,0.0,0.0,1.0,0.0,0.1607777777777781,1.6341111111111477,1.7948888888889258,0.0,0.0895753373777376,0.9104246626222624
4,36,25,0.0,2.0710000000003674,0.8899999999999864,2.961000000000354,0.0,0.3005741303613239,0.6994258696386761,0.0,0.1597777777777765,1.3937777777778637,1.5535555555556402,0.0,0.10284651695035832,0.8971534830496417
4,36,26,0.0,0.8299999999999272,0.0,0.8299999999999272,0.0,0.0,1.0,0.0,0.15855555555554526,0.5812222222221958,0.739777777777741,0.0,0.21432862721537674,0.7856713727846233
4,37,0,0.5760000000001355,0.6210000000000946,0.47199999999998,1.66900000000021,0.3451168364290372,0.282804074295938,0.3720790892750248,0.10883333333331772,0.07866666666666333,0.3424999999999727,0.5299999999999538,0.20534591194967397,0.14842767295598147,0.6462264150943444
4,37,2,0.0,0.010000000000218279,0.008999999999900865,0.019000000000119144,0.0,0.4736842105181278,0.5263157894818722,0.0,0.002111111111111717,0.008999999999964025,0.011111111111075742,0.0,0.19000000000065936,0.8099999999993406
4,37,3,0.0,0.009999999999763531,0.010000000000104592,0.019999999999868123,0.0,0.5000000000085265,0.4999999999914735,0.0,0.002111111111111717,0.013666666666621393,0.01577777777773311,0.0,0.13380281690182566,0.8661971830981743
4,37,4,0.0,0.01999999999998181,0.0,0.01999999999998181,0.0,0.0,1.0,0.0,0.0022222222222328327,0.03344444444443676,0.035666666666669594,0.0,0.06230529595044814,0.9376947040495519
4,37,5,0.0,0.07000000000016371,0.009999999999990905,0.08000000000015461,0.0,0.12499999999964473,0.8750000000003553,0.0,0.0011111111111101006,0.09711111111113901,0.09822222222224912,0.0,0.01131221719455675,0.9886877828054432
4,37,6,0.0,0.05400000000008731,0.0,0.05400000000008731,0.0,0.0,1.0,0.06433333333335314,0.018111111110986004,0.14077777777785944,0.2232222222221986,0.288203086112613,0.081134892981031,0.6306620209063559
4,37,7,0.5000000000004547,0.16899999999986903,0.09999999999899956,0.7689999999993233,0.6501950585187187,0.13003901170232451,0.21976592977895676,0.08344444444446708,0.03411111111107503,0.1926666666667087,0.3102222222222508,0.2689828080229708,0.10995702005718015,0.621060171919849
4,37,8,0.17200000000002547,0.4270000000001346,0.14500000000077762,0.7440000000009377,0.2311827956986676,0.19489247311907912,0.5739247311822533,0.08344444444446708,0.038666666666598654,0.22933333333336728,0.351444444444433,0.23743281694600954,0.11002213088820714,0.6525450521657833
4,37,9,0.0,0.08100000000013097,0.0409999999997126,0.12199999999984357,0.0,0.336065573768567,0.6639344262314331,0.01911111111111394,0.0677777777778172,0.20533333333332848,0.29222222222225963,0.06539923954372755,0.23193916349820407,0.7026615969580684
4,37,10,0.0,0.10999999999967258,0.41499999999984993,0.5249999999995225,0.0,0.7904761904766235,0.20952380952337643,0.014555555555501894,0.15044444444443647,0.2689999999999802,0.43399999999991856,0.0335381464412549,0.34664618535590946,0.6198156682028356
4,37,11,0.031000000000062755,0.10900000000037835,0.6099999999999,0.7500000000003411,0.04133333333339821,0.8133333333328301,0.1453333333337717,0.014555555555501894,0.21811111111123357,0.7523333333332275,0.984999999999963,0.014777213761931411,0.2214326001129358,0.7637901861251327
4,37,12,0.0,1.3079999999997654,0.6500000000008868,1.958000000000652,0.0,0.33197139938747205,0.668028600612528,0.014555555555501894,0.32700000000016244,0.8917777777777852,1.2333333333334495,0.01180180180175718,0.26513513513524184,0.7230630630630009
4,37,13,0.0,1.0730000000002065,1.3950000000002092,2.4680000000004156,0.0,0.5652350081037173,0.4347649918962827,0.0,0.42100000000011234,1.162111111111105,1.5831111111112175,0.0,0.2659320606401429,0.734067939359857
4,37,14,0.0,0.1370000000000573,1.5339999999998781,1.6709999999999354,0.0,0.9180131657689632,0.08198683423103686,0.0,0.397999999999974,0.9757777777777695,1.3737777777777436,0.0,0.28971206729212673,0.7102879327078733
4,37,15,0.0,0.18000000000006366,0.44299999999964257,0.6229999999997062,0.0,0.7110754414122816,0.28892455858771837,0.0,0.5494444444443868,1.4687777777775686,2.0182222222219552,0.0,0.27224179696102924,0.7277582030389708
4,37,16,0.0,0.45799999999997,2.266999999999939,2.724999999999909,0.0,0.8319266055045925,0.16807339449540745,0.0,0.9618888888888932,3.6563333333332366,4.61822222222213,0.0,0.2082812048888512,0.7917187951111487
4,37,17,0.0,2.9290000000004284,5.448000000000434,8.377000000000862,0.0,0.650352154709308,0.349647845290692,0.0,1.1797777777778973,4.0104444444444,5.190222222222298,0.0,0.2273077581777899,0.7726922418222101
4,37,18,0.0,1.2899999999997362,1.5910000000003492,2.8810000000000855,0.0,0.5522388059702541,0.4477611940297459,0.0,0.9170000000001312,3.8905555555555793,4.807555555555711,0.0,0.19074142553390297,0.809258574466097
4,37,19,0.0,1.8000000000007503,0.0,1.8000000000007503,0.0,0.0,1.0,0.0,0.312000000000075,2.2763333333331275,2.5883333333332024,0.0,0.12054088860273951,0.8794591113972605
4,37,20,0.0,3.2109999999993306,0.010999999999967258,3.221999999999298,0.0,0.0034140285536839402,0.9965859714463161,0.0,0.04488888888888848,2.707777777777627,2.7526666666665154,0.0,0.016307419068378886,0.983692580931621
4,37,21,0.0,4.670999999999481,0.0,4.670999999999481,0.0,0.0,1.0,0.0,0.0012222222222185843,2.3661111111110813,2.3673333333333,0.0,0.0005162864920664327,0.9994837135079335
4,37,22,0.0,0.7620000000008531,0.0,0.7620000000008531,0.0,0.0,1.0,0.0,0.001000000000001617,1.6306666666667853,1.631666666666787,0.0,0.0006128702757925699,0.9993871297242074
4,37,23,0.0,1.0989999999992506,0.009000000000014552,1.1079999999992651,0.0,0.00812274368232899,0.991877256317671,0.0,0.002222222222232833,1.2377777777780163,1.2400000000002491,0.0,0.0017921146953486988,0.9982078853046513
4,37,24,0.0,2.757999999999811,0.011000000000080945,2.7689999999998918,0.0,0.0039725532683573045,0.9960274467316427,0.0,0.1398888888888905,1.5637777777778865,1.703666666666777,0.0,0.08211048066261874,0.9178895193373813
4,37,25,0.0,1.7400000000002365,0.3489999999999327,2.089000000000169,0.0,0.1670655816179533,0.8329344183820467,0.0,0.1388888888888889,1.4190000000000207,1.5578888888889095,0.0,0.08915198630625372,0.9108480136937464
4,38,0,0.07699999999977081,1.3659999999999854,0.0,1.4429999999997563,0.05336105336090354,0.0,0.9466389466390964,0.10883333333331772,0.07866666666666333,0.40783333333339067,0.5953333333333717,0.18281075027991722,0.13213885778274065,0.6850503919373422
4,38,1,0.0,0.018999999999778083,0.0,0.018999999999778083,0.0,0.0,1.0,0.07255555555554515,0.0534444444444312,0.27744444444450284,0.4034444444444792,0.17984026438993392,0.13247039383085635,0.6876893417792097
4,38,3,0.0,0.021999999999934516,0.0,0.021999999999934516,0.0,0.0,1.0,0.0,0.002111111111111717,0.016888888888868477,0.018999999999980192,0.0,0.11111111111125885,0.8888888888887412
4,38,5,0.0,0.010000000000218279,0.0,0.010000000000218279,0.0,0.0,1.0,0.0,0.0011111111111101006,0.02355555555560487,0.02466666666671497,0.0,0.04504504504491587,0.9549549549550841
4,38,7,0.07899999999972351,0.01999999999998181,0.0,0.09899999999970532,0.7979797979793803,0.0,0.2020202020206196,0.08344444444446708,0.027222222222197463,0.14766666666671172,0.25833333333337627,0.323010752688206,0.10537634408590815,0.5716129032258859
4,38,8,0.0,0.009000000000014552,0.0,0.009000000000014552,0.0,0.0,1.0,0.08344444444446708,0.03177777777772108,0.15766666666670265,0.27288888888889085,0.30578175895773546,0.11644951140044286,0.5777687296418216
4,38,11,0.0999999999994543,0.010999999999967258,0.28800000000046566,0.3989999999998872,0.2506265664147433,0.7218045112795666,0.027568922305690143,0.014555555555501894,0.21811111111123357,0.28266666666667734,0.5153333333334128,0.028244933160736705,0.42324277705924956,0.5485122897800138
4,38,12,0.0,0.6690000000000964,0.0,0.6690000000000964,0.0,0.0,1.0,0.014555555555501894,0.3270000000001624,0.37766666666666676,0.719222222222331,0.020237911323883397,0.4546578093621221,0.5251042793139945
4,38,13,0.0,0.03899999999998727,0.0,0.03899999999998727,0.0,0.0,1.0,0.0,0.3976666666667749,0.37766666666662885,0.7753333333334038,0.0,0.5128976784179777,0.48710232158202216
4,38,14,0.0,0.03199999999992542,0.0,0.03199999999992542,0.0,0.0,1.0,0.0,0.3766666666666399,0.2388888888887727,0.6155555555554126,0.0,0.6119133574008206,0.3880866425991793
4,38,15,0.0,0.5979999999995016,0.0,0.5979999999995016,0.0,0.0,1.0,0.0,0.5304444444444573,0.19888888888880907,0.7293333333332663,0.0,0.7273004265692495,0.27269957343075046
4,38,16,0.0,0.22199999999998,0.49099999999998545,0.7129999999999654,0.0,0.6886395511921588,0.31136044880784114,0.0,0.9695555555555808,0.659888888888847,1.6294444444444278,0.0,0.5950221616092953,0.40497783839070467
4,38,17,0.0,0.18100000000049477,0.008000000000038199,0.18900000000053296,0.0,0.04232804232812508,0.957671957671875,0.0,1.1874444444445846,0.7634444444444549,1.9508888888890397,0.0,0.6086684132589382,0.39133158674106183
4,38,18,0.0,0.3419999999996435,0.8130000000003292,1.1549999999999727,0.0,0.7038961038964056,0.29610389610359444,0.0,0.9282222222223405,0.8873333333333955,1.815555555555736,0.0,0.511260709914335,0.488739290085665
4,38,19,0.0,0.10699999999951615,0.3930000000000291,0.49999999999954525,0.0,0.7860000000007731,0.21399999999922692,0.0,0.33655555555565625,0.9173333333332039,1.2538888888888602,0.0,0.2684093929996434,0.7315906070003566
4,38,20,0.0,1.1689999999996417,0.0,1.1689999999996417,0.0,0.0,1.0,0.0,0.1463333333333847,1.7334444444443051,1.8797777777776898,0.0,0.07784608109708735,0.9221539189029127
4,38,21,0.0,1.9350000000001728,0.0,1.9350000000001728,0.0,0.0,1.0,0.0,0.09677777777778829,1.8359999999999497,1.932777777777738,0.0,0.050071859729813886,0.9499281402701861
4,38,22,0.0,0.6850000000001728,0.0,0.6850000000001728,0.0,0.0,1.0,0.0,0.07988888888891982,1.470777777777774,1.5506666666666937,0.0,0.05151905990256992,0.9484809400974301
4,38,23,0.0,0.0909999999998945,0.0,0.0909999999998945,0.0,0.0,1.0,0.0,0.002222222222232833,1.1602222222222989,1.1624444444445317,0.0,0.001911680367051615,0.9980883196329484
4,38,24,0.0,1.4330000000004475,0.0,1.4330000000004475,0.0,0.0,1.0,0.0,0.04100000000000314,1.3524444444443968,1.3934444444443999,0.0,0.029423490949688227,0.9705765090503119
4,38,25,0.0,0.8989999999989777,0.0,0.8989999999989777,0.0,0.0,1.0,0.0,0.04000000000000152,1.2122222222222312,1.2522222222222328,0.0,0.03194321206743662,0.9680567879325633
4,38,26,0.0,0.06899999999950523,0.0,0.06899999999950523,0.0,0.0,1.0,0.0,0.0387777777777703,0.5688888888888263,0.6076666666665965,0.0,0.06381422563539459,0.9361857743646055
4,38,27,0.0,0.2869999999998072,0.0,0.2869999999998072,0.0,0.0,1.0,0.0,0.0,0.12911111111106444,0.12911111111106444,0.0,0.0,1.0
4,38,28,0.0,0.13300000000026557,0.0,0.13300000000026557,0.0,0.0,1.0,0.0,0.0,0.1301111111111671,0.1301111111111671,0.0,0.0,1.0
4,38,29,0.0,0.07800000000042928,0.0,0.07800000000042928,0.0,0.0,1.0,0.0,0.0,0.19333333333338487,0.19333333333338487,0.0,0.0,1.0
4,38,30,0.0,0.38000000000010914,0.0,0.38000000000010914,0.0,0.0,1.0,0.0,0.0,0.13988888888889048,0.13988888888889048,0.0,0.0,1.0
4,38,31,0.0,0.06099999999969441,0.0,0.06099999999969441,0.0,0.0,1.0,0.0,0.0,0.1868888888888149,0.1868888888888149,0.0,0.0,1.0
4,38,32,0.0,0.06099999999969441,0.0,0.06099999999969441,0.0,0.0,1.0,0.0,0.0,0.08122222222219636,0.08122222222219636,0.0,0.0,1.0
4,38,33,0.0,0.00800000000072032,0.0,0.00800000000072032,0.0,0.0,1.0,0.0,0.0,0.10766666666672285,0.10766666666672285,0.0,0.0,1.0
4,39,0,0.0,0.4010000000002947,0.0,0.4010000000002947,0.0,0.0,1.0,0.044666666666595724,0.02483333333339033,0.3161666666666937,0.3856666666666797,0.1158167675019729,0.06439066551440663,0.8197925669836206
4,39,1,0.0,0.040000000000190994,0.0,0.040000000000190994,0.0,0.0,1.0,0.029777777777730483,0.016555555555593553,0.2152222222222362,0.2615555555555602,0.11384876805419268,0.06329651656768875,0.8228547153781186
4,39,2,0.0,0.03999999999996362,0.0,0.03999999999996362,0.0,0.0,1.0,0.0,0.0,0.016888888888868473,0.016888888888868473,0.0,0.0,1.0
4,39,3,0.0,0.03099999999994907,0.0,0.03099999999994907,0.0,0.0,1.0,0.0,0.0,0.012444444444428075,0.012444444444428075,0.0,0.0,1.0
4,39,4,0.0,0.019000000000005457,0.0,0.019000000000005457,0.0,0.0,1.0,0.0,0.0,0.011333333333343238,0.011333333333343238,0.0,0.0,1.0
4,39,5,0.0,0.01999999999998181,0.0,0.01999999999998181,0.0,0.0,1.0,0.0,0.0,0.007555555555579001,0.007555555555579001,0.0,0.0,1.0
4,39,6,0.0,0.019000000000005457,0.0,0.019000000000005457,0.0,0.0,1.0,0.008777777777747056,0.0,0.045555555555665705,0.05433333333341276,0.16155419222823728,0.0,0.8384458077717628
4,39,7,0.0,0.341000000000804,0.0,0.341000000000804,0.0,0.0,1.0,0.008777777777747056,0.0,0.07544444444447941,0.08422222222222647,0.10422163588353499,0.0,0.8957783641164649
4,39,8,0.0,0.2899999999995089,0.0,0.2899999999995089,0.0,0.0,1.0,0.008777777777747056,0.005666666666709514,0.14111111111105856,0.15555555555551515,0.05642857142838859,0.03642857142885634,0.907142857142755
4,39,9,0.0,0.08199999999987995,0.0,0.08199999999987995,0.0,0.0,1.0,0.0,0.005666666666709514,0.16077777777768965,0.16644444444439915,0.0,0.03404539385874466,0.9659546061412554
4,39,10,0.0,0.18699999999989814,0.0,0.18699999999989814,0.0,0.0,1.0,0.01111111111105048,0.03766666666676125,0.13755555555551127,0.186333333333323,0.05963029218810964,0.20214669051930237,0.738223017292588
4,39,11,0.0,0.07899999999995089,0.0,0.07899999999995089,0.0,0.0,1.0,0.01111111111105048,0.032000000000051744,0.15200000000009417,0.1951111111111964,0.05694760820011994,0.1640091116175056,0.7790432801823745
4,39,12,0.0,0.07100000000036744,0.0,0.07100000000036744,0.0,0.0,1.0,0.01111111111105048,0.032000000000051744,0.10099999999996119,0.14411111111106342,0.07710100231263485,0.22205088666195913,0.7008481110254059
4,39,13,0.0,0.0399999999992815,0.0,0.0399999999992815,0.0,0.0,1.0,0.0,0.0,0.09788888888884785,0.09788888888884785,0.0,0.0,1.0
4,39,14,0.0,0.029999999999972715,0.0,0.029999999999972715,0.0,0.0,1.0,0.0,0.002000000000003234,0.08444444444429185,0.08644444444429508,0.0,0.023136246786709776,0.9768637532132902
4,39,15,0.0,0.020999999999958163,0.018000000000029104,0.03899999999998727,0.0,0.46153846153935846,0.5384615384606415,0.0,0.05888888888896165,0.11277777777768783,0.17166666666664948,0.0,0.34304207119786917,0.6569579288021308
4,39,16,0.0,0.11199999999985266,0.021000000000640284,0.13300000000049295,0.0,0.1578947368463342,0.8421052631536657,0.0,0.06311111111113456,0.26355555555546234,0.3266666666665969,0.0,0.19319727891167768,0.8068027210883224
4,39,17,0.0,1.2379999999993743,0.029999999999517968,1.2679999999988922,0.0,0.02365930599333137,0.9763406940066687,0.0,0.15344444444450447,0.2537777777777642,0.40722222222226867,0.0,0.37680763983639365,0.6231923601636065
4,39,18,0.0,0.09900000000061482,0.018000000000029104,0.11700000000064392,0.0,0.1538461538455559,0.8461538461544441,0.0,0.14611111111114242,0.23399999999997412,0.3801111111111165,0.0,0.38439052908513976,0.6156094709148603
4,39,19,0.0,0.0,0.05300000000033833,0.05300000000033833,0.0,1.0,0.0,0.0,0.16288888888895295,0.2372222222221201,0.40011111111107306,0.0,0.40710913635121243,0.5928908636487876
4,39,20,0.0,0.23799999999960164,0.14999999999986358,0.3879999999994652,0.0,0.38659793814451116,0.6134020618554888,0.0,0.37688888888881894,0.6787777777776934,1.0556666666665124,0.0,0.35701505104724407,0.6429849489527558
4,39,21,0.0,2.4700000000002547,0.7100000000002638,3.1800000000005184,0.0,0.22327044025161888,0.7767295597483811,0.0,0.3273333333332226,0.9757777777777442,1.3031111111109668,0.0,0.2511937244201339,0.7488062755798662
4,39,22,0.0,1.3830000000000382,0.0,1.3830000000000382,0.0,0.0,1.0,0.0,0.3063333333332392,0.8460000000000288,1.1523333333332682,0.0,0.2658374312987474,0.7341625687012525
4,39,23,0.0,0.14099999999984902,0.0,0.14099999999984902,0.0,0.0,1.0,0.0,0.0,0.8781111111113153,0.8781111111113153,0.0,0.0,1.0
4,39,24,0.0,2.090000000000373,0.0,2.090000000000373,0.0,0.0,1.0,0.0,0.0,1.0075555555557052,1.0075555555557052,0.0,0.0,1.0
4,39,25,0.0,1.9210000000007312,0.0,1.9210000000007312,0.0,0.0,1.0,0.0,0.0,0.9912222222223286,0.9912222222223286,0.0,0.0,1.0
4,39,27,0.0,0.20400000000017826,0.0,0.20400000000017826,0.0,0.0,1.0,0.0,0.0,0.1728888888888174,0.1728888888888174,0.0,0.0,1.0
4,39,28,0.0,0.46899999999982356,0.0,0.46899999999982356,0.0,0.0,1.0,0.0,0.0,0.16677777777782554,0.16677777777782554,0.0,0.0,1.0
4,39,30,0.0,0.6799999999998363,0.0,0.6799999999998363,0.0,0.0,1.0,0.0,0.0,0.16977777777780512,0.16977777777780512,0.0,0.0,1.0
4,39,31,0.0,0.05999999999994543,0.0,0.05999999999994543,0.0,0.0,1.0,0.0,0.0,0.2522222222221695,0.2522222222221695,0.0,0.0,1.0
4,39,32,0.0,0.44000000000005457,0.0,0.44000000000005457,0.0,0.0,1.0,0.0,0.0,0.1166666666666362,0.1166666666666362,0.0,0.0,1.0
4,39,33,0.0,0.10099999999965803,0.0,0.10099999999965803,0.0,0.0,1.0,0.0,0.0,0.1431111111111627,0.1431111111111627,0.0,0.0,1.0
4,39,34,0.0,0.35900000000037835,0.0,0.35900000000037835,0.0,0.0,1.0,0.0,0.0,0.08533333333333641,0.08533333333333641,0.0,0.0,1.0
4,39,35,0.0,0.07099999999991269,0.0,0.07099999999991269,0.0,0.0,1.0,0.0,0.0,0.07322222222218326,0.07322222222218326,0.0,0.0,1.0
4,40,0,0.19099999999980355,0.07099999999991269,0.14900000000034197,0.4110000000000582,0.46472019464665815,0.36253041362608485,0.172749391727257,0.07849999999992481,0.06966666666676247,0.08700000000006489,0.23516666666675215,0.3338058114807779,0.2962437987246087,0.3699503897946134
4,40,9,0.0,0.5279999999993379,0.051000000000385626,0.5789999999997235,0.0,0.08808290155511223,0.9119170984448878,0.0,0.005666666666709514,0.1784444444443428,0.1841111111110523,0.0,0.03077851538950025,0.9692214846104997
4,40,10,0.0,0.3510000000005675,0.0,0.3510000000005675,0.0,0.0,1.0,0.0,0.005666666666709514,0.15411111111105433,0.15977777777776384,0.0,0.03546592489595972,0.9645340751040403
4,40,18,0.0,0.08999999999991815,0.0,0.08999999999991815,0.0,0.0,1.0,0.0,0.02722222222221009,0.22544444444446932,0.2526666666666794,0.0,0.10773966578710574,0.8922603342128942
4,40,19,0.0,0.049000000000205546,0.0,0.049000000000205546,0.0,0.0,1.0,0.0,0.04766666666670163,0.08644444444447193,0.13411111111117355,0.0,0.35542667771343406,0.6445733222865659
4,40,20,0.0,0.04099999999993997,0.03899999999998727,0.07999999999992724,0.0,0.4875000000002842,0.5124999999997157,0.0,0.5451111111110676,0.32588888888886286,0.8709999999999305,0.0,0.6258451333078199,0.3741548666921801
4,40,21,0.0,0.09999999999990905,2.0469999999988886,2.1469999999987976,0.0,0.9534233814625221,0.0465766185374779,0.0,0.6131111111110512,0.5895555555555095,1.2026666666665609,0.0,0.5097930524759744,0.49020694752402555
4,40,22,0.0,0.7609999999999673,0.0,0.7609999999999673,0.0,0.0,1.0,0.0,0.6202222222222468,0.628111111110987,1.2483333333332338,0.0,0.49684023141972994,0.50315976858027
4,40,23,0.0,0.04800000000000182,0.0,0.04800000000000182,0.0,0.0,1.0,0.0,0.11322222222232388,0.9292222222221779,1.0424444444445018,0.0,0.10861223619706446,0.8913877638029355
4,40,24,0.0,1.271000000001095,0.0,1.271000000001095,0.0,0.0,1.0,0.0,0.034555555555622654,1.1884444444444096,1.2230000000000323,0.0,0.028254746979249176,0.9717452530207508
4,40,25,0.0,1.1739999999999782,0.0,1.1739999999999782,0.0,0.0,1.0,0.0,0.0,1.125666666666752,1.125666666666752,0.0,0.0,1.0
4,40,26,0.0,0.06399999999985084,0.0,0.06399999999985084,0.0,0.0,1.0,0.0,0.0,0.6767777777778167,0.6767777777778167,0.0,0.0,1.0
4,40,27,0.0,0.32999999999992724,0.0,0.32999999999992724,0.0,0.0,1.0,0.0,0.0,0.21288888888888222,0.21288888888888222,0.0,0.0,1.0
4,40,30,0.0,0.26900000000023283,0.0,0.26900000000023283,0.0,0.0,1.0,0.0,0.0,0.18333333333329294,0.18333333333329294,0.0,0.0,1.0
4,40,32,0.0,0.31899999999996,0.0,0.31899999999996,0.0,0.0,1.0,0.0,0.0,0.16788888888883477,0.16788888888883477,0.0,0.0,1.0
4,40,35,0.0,0.22899999999935972,0.0,0.22899999999935972,0.0,0.0,1.0,0.0,0.0,0.10866666666667396,0.10866666666667396,0.0,0.0,1.0
4,41,0,0.27999999999974534,0.009999999999990905,0.26900000000023283,0.5589999999999691,0.5008944543823987,0.48121645796108714,0.017889087656514237,0.0969999999999042,0.12166666666674548,0.013499999999983933,0.23216666666663363,0.4178033022250596,0.5240488155065159,0.05814788226842435
4,41,7,0.07799999999997453,1.143000000000029,0.0,1.2210000000000036,0.06388206388204283,0.0,0.9361179361179571,0.008666666666663837,0.004111111111140215,0.12788888888889638,0.14066666666670044,0.06161137440754803,0.029225908373027687,0.9091627172194242
4,41,8,0.0,0.008000000000038199,0.0,0.008000000000038199,0.0,0.0,1.0,0.008666666666663837,0.007888888888929716,0.18899999999992664,0.2055555555555202,0.04216216216215565,0.0383783783785836,0.9194594594592608
4,41,9,0.0,0.021999999999934516,0.0,0.021999999999934516,0.0,0.0,1.0,0.0013333333333018043,0.041222222222232735,0.1163333333333109,0.15888888888884545,0.008391608391412252,0.25944055944069655,0.7321678321678912
4,41,10,0.0,0.13799999999991996,0.0,0.13799999999991996,0.0,0.0,1.0,0.0013333333333018043,0.04477777777780526,0.11544444444441775,0.1615555555555248,0.008253094910397883,0.2771664374142531,0.714580467675349
4,41,12,0.0,0.010999999999967258,0.0,0.010999999999967258,0.0,0.0,1.0,0.0024444444444371685,0.02566666666669133,0.0023333333333286845,0.03044444444445718,0.08029197080264713,0.8430656934311143,0.07664233576623859
4,41,13,0.0,0.009999999999990905,0.0,0.009999999999990905,0.0,0.0,1.0,0.0044444444444404025,0.03144444444438301,0.05922222222231236,0.09511111111113577,0.04672897196256221,0.3306074766347824,0.6226635514026555
4,41,14,0.0,0.5120000000008531,0.04699999999957072,0.5590000000004238,0.0,0.08407871198485704,0.9159212880151429,0.005555555555575766,0.023999999999887226,0.12344444444427911,0.15299999999974212,0.036310820624739414,0.1568627450975665,0.806826434277694
4,41,15,0.0,0.09999999999899956,0.04100000000016735,0.1409999999991669,0.0,0.29078014184687656,0.7092198581531234,0.0031111111111385985,0.13099999999990866,0.19166666666658075,0.325777777777628,0.009549795361616733,0.40211459754424284,0.5883356070941405
4,41,16,0.0,0.5250000000005457,0.4070000000001528,0.9320000000006985,0.0,0.43669527896979377,0.5633047210302062,0.0011111111111353643,0.1297777777777406,0.1719999999997981,0.30288888888867405,0.0036683785767517873,0.4284666177551335,0.5678650036681148
4,41,17,0.0,0.3160000000000309,0.032999999999901775,0.3489999999999327,0.0,0.09455587392523822,0.9054441260747618,0.0,0.13411111111107252,0.1485555555556554,0.2826666666667279,0.0,0.47444968553435185,0.5255503144656481
4,41,18,0.0,0.23700000000008004,0.06799999999998363,0.30500000000006366,0.0,0.22295081967203093,0.7770491803279691,0.0,0.03400000000002971,0.08800000000001597,0.12200000000004568,0.0,0.2786885245903031,0.7213114754096969
4,41,19,0.0,0.0,0.04300000000012005,0.04300000000012005,0.0,1.0,0.0,0.0,0.040888888888932544,0.06233333333337517,0.10322222222230772,0.0,0.39612486544681175,0.6038751345531883
4,41,20,0.0,0.023999999999887223,0.057999999999992724,0.08199999999987995,0.0,0.7073170731716786,0.2926829268283215,0.0,0.46377777777773743,0.03722222222222627,0.5009999999999637,0.0,0.92570414726102,0.07429585273897998
4,41,21,0.0,0.010999999999967258,1.8060000000001537,1.817000000000121,0.0,0.9939460649422308,0.006053935057769139,0.0,0.5453333333332592,0.14711111111106825,0.6924444444443274,0.0,0.7875481386393072,0.21245186136069288
4,41,22,0.0,0.27800000000002,0.708000000000311,0.9860000000003311,0.0,0.7180527383367884,0.28194726166321166,0.0,0.5739999999999806,0.28533333333320515,0.8593333333331858,0.0,0.6679596586502085,0.33204034134979143
4,41,23,0.0,0.46099999999887586,0.3110000000006039,0.7719999999994798,0.0,0.40284974093369624,0.5971502590663038,0.0,0.15100000000016836,0.6818888888887563,0.8328888888889247,0.0,0.18129669156903108,0.818703308430969
4,41,24,0.0,1.9299999999993815,0.0,1.9299999999993815,0.0,0.0,1.0,0.0,0.07377777777790268,1.0432222222221095,1.1170000000000122,0.0,0.06604993534279487,0.9339500646572051
4,41,25,0.0,1.6599999999993997,0.0,1.6599999999993997,0.0,0.0,1.0,0.0,0.02977777777783154,0.969444444444409,0.9992222222222406,0.0,0.02980095629939719,0.9701990437006028
4,41,26,0.0,0.020999999999958163,0.0,0.020999999999958163,0.0,0.0,1.0,0.0,0.02011111111111556,0.6792222222222031,0.6993333333333186,0.0,0.02875754687004192,0.9712424531299582
4,41,27,0.0,0.7170000000003256,0.0,0.7170000000003256,0.0,0.0,1.0,0.0,0.0054444444444420185,0.2136666666666415,0.21911111111108353,0.0,0.024847870182547836,0.9751521298174521
4,41,28,0.0,0.11099999999987631,0.0,0.11099999999987631,0.0,0.0,1.0,0.0,0.007888888888879187,0.13988888888886516,0.14777777777774434,0.0,0.05338345864656297,0.9466165413534371
4,41,30,0.0,0.5409999999997126,0.0,0.5409999999997126,0.0,0.0,1.0,0.0,0.006555555555577383,0.18555555555556355,0.19211111111114093,0.0,0.034123770965984554,0.9658762290340155
4,41,31,0.0,0.09999999999990905,0.0,0.09999999999990905,0.0,0.0,1.0,0.0,0.0033333333333555658,0.3322222222222484,0.33555555555560396,0.0,0.00993377483450191,0.9900662251654981
4,41,32,0.0,0.49099999999998545,0.0,0.49099999999998545,0.0,0.0,1.0,0.0,0.001000000000001617,0.24111111111111913,0.24211111111112074,0.0,0.004130335016068928,0.9958696649839311
4,41,35,0.0,0.31900000000041473,0.0,0.31900000000041473,0.0,0.0,1.0,0.0,0.0,0.10411111111107446,0.10411111111107446,0.0,0.0,1.0
4,42,0,0.11099999999987631,0.0,0.3009999999999309,0.4119999999998072,0.2694174757279812,0.7305825242720188,0.0,0.0651666666666036,0.09683333333335516,0.0016666666666651508,0.1636666666666239,0.39816700610969835,0.5916496945013062,0.010183299388995435
4,42,1,0.0,0.0,0.010999999999967258,0.010999999999967258,0.0,1.0,0.0,0.0434444444444024,0.0645555555555701,0.0011111111111101006,0.10911111111108261,0.3981670061096983,0.5916496945013062,0.010183299388995435
4,42,3,0.0,0.0,0.021000000000185537,0.021000000000185537,0.0,1.0,0.0,0.0,0.0023333333333539485,0.0,0.0023333333333539485,0.0,1.0,0.0
4,42,5,0.0,0.0,0.009999999999763531,0.009999999999763531,0.0,1.0,0.0,0.0,0.0041111111110896876,0.0,0.0041111111110896876,0.0,1.0,0.0
4,42,6,0.0,0.0,0.027000000000043656,0.027000000000043656,0.0,1.0,0.0,0.008666666666663837,0.0041111111110896876,0.12700000000000325,0.13977777777775677,0.06200317965022755,0.029411764705733506,0.908585055644039
4,42,8,0.0,0.0,0.010000000000218279,0.010000000000218279,0.0,1.0,0.0,0.008666666666663837,0.0022222222222202013,0.13033333333333355,0.14122222222221759,0.061369000786764036,0.01573564122736622,0.9228953579858697
4,42,9,0.0,0.0,0.009999999999763531,0.009999999999763531,0.0,1.0,0.0,0.0013333333333018043,0.03555555555552322,0.01866666666665474,0.055555555555479766,0.023999999999465216,0.6400000000002911,0.3360000000002437
4,42,10,0.011999999999716238,0.0,0.29999999999972715,0.3119999999994434,0.03846153846069758,0.9615384615393024,0.0,0.0013333333333018043,0.039111111111095755,0.01777777777776161,0.05822222222215917,0.022900763358261897,0.6717557251913034,0.30534351145043465
4,42,11,0.0,0.0,0.042000000000371074,0.042000000000371074,0.0,1.0,0.0,0.0013333333333018043,0.05444444444447072,0.016555555555543024,0.07233333333331554,0.01843317972307095,0.7526881720435591,0.22887864823337
4,42,12,0.0,0.0,0.14800000000013824,0.14800000000013824,0.0,1.0,0.0,0.0024444444444371685,0.02566666666669132,0.0023333333333286845,0.030444444444457174,0.08029197080264715,0.8430656934311143,0.0766423357662386
4,42,13,0.021999999999934516,0.0,0.0409999999997126,0.06299999999964712,0.3492063492072658,0.6507936507927342,0.0,0.0044444444444404025,0.031444444444383005,0.05922222222231236,0.09511111111113577,0.04672897196256221,0.33060747663478235,0.6226635514026555
4,42,14,0.018000000000029104,0.0,0.047000000000025466,0.06500000000005457,0.2769230769232922,0.7230769230767078,0.0,0.005555555555575766,0.028444444444428684,0.15999999999985448,0.19399999999985892,0.028636884307112403,0.14662084765180086,0.8247422680410867
4,42,15,0.010000000000218279,0.4889999999986685,0.03999999999950887,0.5389999999983957,0.01855287569619303,0.07421150278224106,0.9072356215215659,0.0031111111111385985,0.18377777777782792,0.22822222222215616,0.41511111111112264,0.007494646681008193,0.44271948608147893,0.549785867237513
4,42,16,0.0,0.09900000000016007,0.5969999999997526,0.6959999999999127,0.0,0.8577586206894073,0.14224137931059266,0.0011111111111353643,0.18255555555565983,0.20855555555537345,0.3922222222221686,0.002832861189863922,0.4654390934847487,0.5317280453253874
4,42,17,0.0,0.018999999999778083,0.0500000000001819,0.06899999999995998,0.0,0.7246376811624767,0.2753623188375232,0.0,0.18244444444445032,0.1385555555556645,0.32100000000011486,0.0,0.568362755278458,0.43163724472154186
4,42,18,0.0,0.051000000000385626,0.05199999999967986,0.10300000000006548,0.0,0.5048543689286097,0.4951456310713903,0.0,0.03400000000002971,0.0725555555555578,0.10655555555558752,0.0,0.31908237747672114,0.6809176225232788
4,42,19,0.0,0.02999999999974534,0.06000000000040018,0.09000000000014552,0.0,0.6666666666700352,0.33333333332996484,0.0,0.03655555555560063,0.04233333333336812,0.07888888888896875,0.0,0.46338028169024315,0.5366197183097569
4,42,20,0.0,0.03900000000021464,0.04800000000022919,0.08700000000044383,0.0,0.5517241379308543,0.44827586206914577,0.0,0.23200000000008458,0.04966666666673014,0.2816666666668147,0.0,0.8236686390531218,0.17633136094687824
4,42,21,0.0,0.04100000000016735,0.0729999999998654,0.11400000000003274,0.0,0.6403508771916178,0.3596491228083822,0.0,0.3135555555556064,0.0893333333333683,0.40288888888897467,0.0,0.7782680639823102,0.2217319360176899
4,42,22,0.0,0.028999999999541615,0.1289999999999054,0.15799999999944703,0.0,0.8164556962047904,0.18354430379520956,0.0,0.3465555555556597,0.2455555555554838,0.5921111111111435,0.0,0.5852880465379559,0.4147119534620442
4,42,23,0.0,0.8390000000003965,0.09200000000009823,0.9310000000004948,0.0,0.09881847475837738,0.9011815252416226,0.0,0.15233333333347016,0.480555555555308,0.6328888888887781,0.0,0.24069522471935942,0.7593047752806406
4,42,24,0.0,0.5199999999995271,0.11900000000059663,0.6390000000001237,0.0,0.18622848200402753,0.8137715179959725,0.0,0.1374444444446049,0.7871111111108905,0.9245555555554954,0.0,0.1486600168250841,0.8513399831749159
4,42,25,0.0,1.486000000000331,0.14199999999982538,1.6280000000001564,0.0,0.08722358722347158,0.9127764127765284,0.0,0.09344444444453377,0.7338888888887647,0.8273333333332985,0.0,0.1129465484825194,0.8870534515174806
4,42,26,0.0,0.5990000000001601,0.007000000000061846,0.6060000000002219,0.0,0.011551155115609377,0.9884488448843907,0.0,0.08244444444451599,0.5461111111111071,0.628555555555623,0.0,0.13116492840738275,0.8688350715926173
4,42,27,0.0,0.06199999999989814,0.032000000000152795,0.09400000000005093,0.0,0.3404255319163346,0.6595744680836654,0.0,0.0054444444444420185,0.21099999999998745,0.21644444444442948,0.0,0.02515400410676671,0.9748459958932332
4,42,28,0.0,0.018999999999778083,0.009999999999763531,0.028999999999541615,0.0,0.34482758620419296,0.655172413795807,0.0,0.007888888888879187,0.10322222222220667,0.11111111111108586,0.0,0.07099999999992881,0.9290000000000712
4,42,29,0.0,0.01999999999998181,0.028999999999996362,0.04899999999997817,0.0,0.591836734694067,0.40816326530593305,0.0,0.006666666666660603,0.07788888888884078,0.08455555555550139,0.0,0.07884362680681192,0.9211563731931881
4,42,30,0.0,0.010000000000218279,0.021000000000185537,0.031000000000403816,0.0,0.6774193548358705,0.32258064516412954,0.0,0.007444444444495779,0.19233333333330746,0.19977777777780323,0.0,0.037263626251642645,0.9627363737483574
4,42,31,0.0,0.7300000000000182,0.009000000000014552,0.7390000000000327,0.0,0.012178619756446756,0.9878213802435533,0.0,0.008000000000012936,0.3344444444444182,0.3424444444444311,0.0,0.023361453601596114,0.9766385463984039
4,42,32,0.0,0.5300000000002001,0.0,0.5300000000002001,0.0,0.0,1.0,0.0,0.016666666666626247,0.2732222222222036,0.28988888888882985,0.0,0.05749329244908653,0.9425067075509135
4,42,35,0.0,0.1089999999999236,0.0,0.1089999999999236,0.0,0.0,1.0,0.0,0.01755555555559517,0.10977777777780932,0.1273333333334045,0.0,0.13787085514857614,0.8621291448514239
4,42,36,0.0,0.2799999999999727,0.0,0.2799999999999727,0.0,0.0,1.0,0.0,0.011111111111101009,0.10977777777780932,0.12088888888891033,0.0,0.09191176470578248,0.9080882352942176
4,42,41,0.0,0.007000000000061846,0.0,0.007000000000061846,0.0,0.0,1.0,0.0,0.0,0.03833333333336165,0.03833333333336165,0.0,0.0,1.0
4,42,42,0.0,0.07200000000011642,0.0,0.07200000000011642,0.0,0.0,1.0,0.0,0.0,0.03833333333336165,0.03833333333336165,0.0,0.0,1.0
4,43,15,0.0,0.32900000000017826,0.040000000000873115,0.3690000000010514,0.0,0.10840108401289741,0.8915989159871026,0.0031111111111385985,0.12877777777784002,0.10188888888877855,0.23377777777775716,0.013307984790993278,0.5508555133082996,0.43583650190070716
4,43,16,0.0,0.0,0.4350000000004002,0.4350000000004002,0.0,1.0,0.0,0.0011111111111353643,0.12911111111119075,0.10399999999986499,0.23422222222219113,0.004743833017181977,0.5512333965848534,0.4440227703979645
4,43,21,0.0,0.30200000000058935,0.0,0.30200000000058935,0.0,0.0,1.0,0.0,0.02777777777777778,0.08555555555555354,0.11333333333333132,0.0,0.24509803921569065,0.7549019607843094
4,43,22,0.0,0.07999999999992724,0.0,0.07999999999992724,0.0,0.0,1.0,0.0,0.03266666666665211,0.19322222222222585,0.22588888888887795,0.0,0.14461387112635674,0.8553861288736433
4,43,23,0.0,0.16899999999986903,0.0,0.16899999999986903,0.0,0.0,1.0,0.0,0.039111111111146284,0.1839999999999438,0.22311111111109008,0.0,0.17529880478105067,0.8247011952189494
4,43,24,0.0,0.01900000000023283,0.011999999999716238,0.03099999999994907,0.0,0.38709677418503075,0.6129032258149693,0.0,0.1597777777778396,0.34822222222227434,0.5080000000001139,0.0,0.3145231846019759,0.6854768153980241
4,43,25,0.0,0.0,0.5610000000006039,0.5610000000006039,0.0,1.0,0.0,0.0,0.15033333333339113,0.4094444444444889,0.5597777777778801,0.0,0.2685589519651197,0.7314410480348803
4,43,26,0.0,0.36999999999989086,0.0,0.36999999999989086,0.0,0.0,1.0,0.0,0.13933333333337336,0.35644444444450424,0.49577777777787757,0.0,0.2810398924249457,0.7189601075750544
4,43,31,0.0,0.32999999999992724,0.008000000000265572,0.3380000000001928,0.0,0.023668639054026653,0.9763313609459734,0.0,0.008000000000012936,0.3488888888889253,0.3568888888889382,0.0,0.022415940224192552,0.9775840597758074
4,43,32,0.0,0.27799999999979264,0.033999999999650754,0.3119999999994434,0.0,0.10897435897343401,0.891025641026566,0.0,0.016666666666626247,0.34777777777778995,0.3644444444444162,0.0,0.04573170731696581,0.9542682926830341
4,43,33,0.0,0.0,0.09899999999970532,0.09899999999970532,0.0,1.0,0.0,0.0,0.02466666666663918,0.16000000000000605,0.18466666666664525,0.0,0.13357400722008325,0.8664259927799167
4,43,34,0.0,0.0,0.08900000000039654,0.08900000000039654,0.0,1.0,0.0,0.0,0.026555555555559194,0.012111111111102623,0.03866666666666182,0.0,0.6867816091955825,0.31321839080441743
4,43,35,0.0,0.0,0.05099999999993088,0.05099999999993088,0.0,1.0,0.0,0.0,0.01755555555559517,0.12222222222221212,0.13977777777780728,0.0,0.12559618441997072,0.8744038155800293
4,43,36,0.0,0.2799999999999727,0.018000000000029104,0.2980000000000018,0.0,0.06040268456385568,0.9395973154361443,0.0,0.011111111111101009,0.12222222222221212,0.13333333333331313,0.0,0.0833333333332702,0.9166666666667298
4,43,37,0.0,0.0,0.03099999999994907,0.03099999999994907,0.0,1.0,0.0,0.0,0.0077777777777454414,0.1101111111111095,0.11788888888885493,0.0,0.06597549481595583,0.9340245051840442
4,43,38,0.0,0.0,0.02099999999973079,0.02099999999973079,0.0,1.0,0.0,0.0023333333333539485,0.007999999999962409,0.0,0.010333333333316357,0.22580645161526922,0.7741935483847308,0.0
4,43,39,0.009000000000014552,0.0,0.01999999999998181,0.028999999999996362,0.31034482758674764,0.6896551724132524,0.0,0.007777777777795967,0.004555555555523624,0.0,0.01233333333331959,0.6306306306328081,0.3693693693671919,0.0
4,43,41,0.0,0.01999999999998181,0.0,0.01999999999998181,0.0,0.0,1.0,0.011111111111101005,0.0,0.058555555555560405,0.06966666666666141,0.15948963317371068,0.0,0.8405103668262893
4,43,42,0.0,0.2460000000000946,0.0,0.2460000000000946,0.0,0.0,1.0,0.005666666666658986,0.0021111111111369834,0.058555555555560405,0.06633333333335638,0.08542713567824649,0.0318257956452701,0.8827470686764833
4,44,21,0.0,0.2789999999995416,0.0,0.2789999999995416,0.0,0.0,1.0,0.0,0.020000000000007075,0.13011111111111653,0.1501111111111236,0.0,0.13323464100669777,0.8667653589933023
4,44,25,0.0,0.10100000000011278,0.5119999999997162,0.612999999999829,0.0,0.835236541598465,0.164763458401535,0.0,0.1205555555555596,0.16111111111114143,0.28166666666670104,0.0,0.4280078895463132,0.5719921104536868
4,44,26,0.0,0.5900000000001455,0.0,0.5900000000001455,0.0,0.0,1.0,0.0,0.1192222222222578,0.15877777777773694,0.27799999999999475,0.0,0.42885691446856133,0.5711430855314387
4,44,31,0.0,0.6300000000001091,0.0,0.6300000000001091,0.0,0.0,1.0,0.0,0.00466666666665737,0.3201111111111206,0.324777777777778,0.0,0.014368799178897126,0.9856312008211028
4,44,32,0.0,0.6320000000000618,0.0,0.6320000000000618,0.0,0.0,1.0,0.0,0.01566666666662463,0.31766666666663296,0.3333333333332576,0.0,0.046999999999884565,0.9530000000001154
4,44,36,0.0,0.43100000000004,0.0,0.43100000000004,0.0,0.0,1.0,0.0,0.011111111111101005,0.12677777777778626,0.13788888888888726,0.0,0.08058017727631767,0.9194198227236824
4,44,39,0.012000000000170985,0.0,0.0,0.012000000000170985,1.0,0.0,0.0,0.007777777777795967,0.004555555555523622,0.0,0.012333333333319589,0.6306306306328082,0.3693693693671918,0.0
4,44,40,0.04899999999997817,0.0,0.0,0.04899999999997817,1.0,0.0,0.0,0.01211111111115315,0.0022222222222202013,0.0022222222222202013,0.016555555555593553,0.7315436241619341,0.13422818791903293,0.13422818791903293
4,44,41,0.03900000000021464,0.0,0.0,0.03900000000021464,1.0,0.0,0.0,0.011111111111101005,0.0,0.04977777777776282,0.060888888888863825,0.18248175182472665,0.0,0.8175182481752734
4,44,42,0.011999999999716238,0.181999999999789,0.0,0.19399999999950523,0.061855670101787844,0.0,0.9381443298982122,0.005666666666658986,0.0021111111111369813,0.04977777777776282,0.05755555555555879,0.09845559845545947,0.0366795366799841,0.8648648648645565
4,44,43,0.0,0.0,0.01900000000023283,0.01900000000023283,0.0,1.0,0.0,0.0013333333333018043,0.004333333333357183,0.04755555555554262,0.053222222222201604,0.025052192066223146,0.08141962421759866,0.8935281837161783
4,44,44,0.0,0.0,0.01999999999998181,0.01999999999998181,0.0,1.0,0.0,0.0,0.006444444444443636,0.0,0.006444444444443636,0.0,1.0,0.0
4,44,45,0.0,0.0,0.018999999999778083,0.018999999999778083,0.0,1.0,0.0,0.0,0.00777777777774544,0.0,0.00777777777774544,0.0,1.0,0.0
4,44,46,0.0,0.0,0.03099999999994907,0.03099999999994907,0.0,1.0,0.0,0.0,0.00766666666666222,0.0,0.00766666666666222,0.0,1.0,0.0
4,44,47,0.0,0.0,0.01900000000023283,0.01900000000023283,0.0,1.0,0.0,0.0,0.00900000000001455,0.0,0.00900000000001455,0.0,1.0,0.0
4,44,48,0.0,0.0,0.03099999999994907,0.03099999999994907,0.0,1.0,0.0,0.0,0.008777777777797584,0.0023333333333539485,0.011111111111151532,0.0,0.7899999999989086,0.2100000000010914
4,44,49,0.0,0.021000000000185537,0.028999999999996362,0.0500000000001819,0.0,0.5799999999978173,0.4200000000021828,0.0,0.006666666666660603,0.005888888888875954,0.012555555555536557,0.0,0.5309734513277542,0.46902654867224586
4,44,50,0.0,0.03199999999969805,0.0,0.03199999999969805,0.0,0.0,1.0,0.0,0.003222222222221818,0.007888888888879187,0.011111111111101005,0.0,0.2900000000002274,0.7099999999997726
4,44,51,0.0,0.018000000000029104,0.0,0.018000000000029104,0.0,0.0,1.0,0.0,0.0,0.006555555555526856,0.006555555555526856,0.0,0.0,1.0
4,44,52,0.0,0.009000000000014552,0.0,0.009000000000014552,0.0,0.0,1.0,0.0,0.0,0.004222222222223435,0.004222222222223435,0.0,0.0,1.0
4,44,53,0.0,0.010999999999967258,0.0,0.010999999999967258,0.0,0.0,1.0,0.0,0.0,0.005555555555575766,0.005555555555575766,0.0,0.0,1.0
4,44,54,0.0,0.03000000000020009,0.0,0.03000000000020009,0.0,0.0,1.0,0.0,0.0,0.005666666666658986,0.005666666666658986,0.0,0.0,1.0
4,44,55,0.0,0.009999999999763531,0.0,0.009999999999763531,0.0,0.0,1.0,0.0,0.0,0.0054444444444420185,0.0054444444444420185,0.0,0.0,1.0
4,44,56,0.0,0.009000000000014552,0.0,0.009000000000014552,0.0,0.0,1.0,0.0,0.0,0.004444444444440402,0.004444444444440402,0.0,0.0,1.0
4,44,57,0.0,0.021000000000185537,0.0,0.021000000000185537,0.0,0.0,1.0,0.0,0.0,0.0054444444444420185,0.0054444444444420185,0.0,0.0,1.0
4,44,58,0.0,0.018999999999778083,0.0,0.018999999999778083,0.0,0.0,1.0,0.0,0.0,0.0066666666666606025,0.0066666666666606025,0.0,0.0,1.0
4,45,0,0.0,0.0,0.2380000000000564,0.2380000000000564,0.0,1.0,0.0,0.0,0.04349999999999454,0.0,0.04349999999999454,0.0,1.0,0.0
4,45,1,0.0,0.0,0.02299999999991087,0.02299999999991087,0.0,1.0,0.0,0.0,0.028999999999996362,0.0,0.028999999999996362,0.0,1.0,0.0
4,45,3,0.0,0.0,0.009000000000014552,0.009000000000014552,0.0,1.0,0.0,0.0,0.0022222222222202013,0.0,0.0022222222222202013,0.0,1.0,0.0
4,45,4,0.0,0.0,0.010999999999967258,0.010999999999967258,0.0,1.0,0.0,0.0,0.0022222222222202013,0.0,0.0022222222222202013,0.0,1.0,0.0
4,45,6,0.019000000000005457,0.0,0.0,0.019000000000005457,1.0,0.0,0.0,0.0033333333333303017,0.0,0.006666666666685867,0.01000000000001617,0.3333333333324912,0.0,0.6666666666675087
4,45,7,0.010999999999967258,0.0,0.0,0.010999999999967258,1.0,0.0,0.0,0.0033333333333303017,0.001000000000001617,0.006666666666685867,0.011000000000017785,0.3030303030295375,0.09090909090909093,0.6060606060613716
4,45,8,0.0,0.0,0.009000000000014552,0.009000000000014552,0.0,1.0,0.0,0.0012222222222185843,0.0055555555555505025,0.0,0.006777777777769087,0.18032786885215352,0.8196721311478465,0.0
4,45,9,0.0,0.0,0.04099999999993997,0.04099999999993997,0.0,1.0,0.0,0.031222222222216562,0.04322222222223596,0.0,0.07444444444445253,0.4194029850745053,0.5805970149254946,0.0
4,45,10,0.2199999999997999,0.0,0.3100000000001728,0.5299999999999727,0.41509433962228537,0.5849056603777146,0.0,0.031222222222216562,0.042222222222234346,0.08555555555555354,0.15900000000000444,0.1963661774982119,0.2655485674354287,0.5380852550663594
4,45,11,0.0,0.7699999999999818,0.0,0.7699999999999818,0.0,0.0,1.0,0.031222222222216562,0.037666666666685465,0.08777777777777374,0.15666666666667578,0.19929078014179624,0.24042553191499963,0.560283687943204
4,45,12,0.0,0.01999999999998181,0.0,0.01999999999998181,0.0,0.0,1.0,0.0,0.0,0.09011111111112768,0.09011111111112768,0.0,0.0,1.0
4,45,13,0.0,0.021000000000185537,0.0,0.021000000000185537,0.0,0.0,1.0,0.0,0.01566666666662463,0.014444444444507099,0.030111111111131728,0.0,0.5202952029502772,0.4797047970497228
4,45,14,0.0,0.08900000000039654,0.04100000000016735,0.1300000000005639,0.0,0.31538461538453466,0.6846153846154653,0.0,0.10344444444439836,0.014444444444507099,0.11788888888890546,0.0,0.8774740810550937,0.12252591894490633
4,45,15,0.0,0.009000000000014552,0.5209999999988213,0.5299999999988358,0.0,0.9830188679244636,0.016981132075536455,0.0,0.10344444444439836,0.015444444444508716,0.11888888888890708,0.0,0.8700934579434044,0.1299065420565955
4,45,16,0.0,0.01999999999998181,0.0,0.01999999999998181,0.0,0.0,1.0,0.0,0.08777777777777374,0.006666666666685868,0.0944444444444596,0.0,0.9294117647056904,0.07058823529430963
4,45,18,0.0,0.009999999999763531,0.06200000000012551,0.07199999999988904,0.0,0.8611111111141814,0.13888888888581863,0.0,0.07655555555553899,0.004555555555523622,0.0811111111110626,0.0,0.9438356164387164,0.056164383561283726
4,45,19,0.0,0.010999999999967258,0.15099999999983993,0.1619999999998072,0.0,0.93209876543222,0.06790123456777994,0.0,0.08888888888888384,0.004666666666632106,0.09355555555551595,0.0,0.9501187648459539,0.049881235154046
4,45,20,0.0,0.010999999999967258,0.03700000000003456,0.04800000000000182,0.0,0.7708333333340242,0.22916666666597585,0.0,0.058888888888885854,0.07999999999995251,0.13888888888883838,0.0,0.4240000000001323,0.5759999999998675
4,45,21,0.0,0.40000000000009095,0.10000000000013642,0.5000000000002274,0.0,0.2000000000001819,0.7999999999998181,0.0,0.02822222222223698,0.09099999999994503,0.11922222222218201,0.0,0.23671947809899208,0.7632805219010079
4,45,22,0.0,0.0989999999999327,0.04299999999989268,0.14199999999982538,0.0,0.30281690140806733,0.6971830985919327,0.0,0.015888888888892123,0.0937777777777329,0.10966666666662503,0.0,0.14488348530910172,0.8551165146908982
4,45,23,0.0,0.03600000000005821,0.0,0.03600000000005821,0.0,0.0,1.0,0.0,0.004777777777765853,0.02077777777781699,0.02555555555558284,0.0,0.1869565217384642,0.8130434782615358
4,45,24,0.0,0.022000000000389264,0.0,0.022000000000389264,0.0,0.0,1.0,0.0,0.056888888888857354,0.056111111111123234,0.11299999999998059,0.0,0.5034414945917445,0.4965585054082555
4,45,25,0.0,0.33699999999953434,0.0,0.33699999999953434,0.0,0.0,1.0,0.0,0.056888888888857354,0.12022222222223415,0.1771111111110915,0.0,0.3212045169383769,0.6787954830616231
4,45,26,0.0,0.010999999999967258,0.0,0.010999999999967258,0.0,0.0,1.0,0.0,0.056888888888857354,0.11899999999996504,0.1758888888888224,0.0,0.3234365129500377,0.6765634870499623
4,45,27,0.0,0.01999999999998181,0.0,0.01999999999998181,0.0,0.0,1.0,0.0,0.0,0.07388888888891011,0.07388888888891011,0.0,0.0,1.0
4,45,28,0.0,0.021000000000185537,0.0,0.021000000000185537,0.0,0.0,1.0,0.0,0.0,0.008555555555580626,0.008555555555580626,0.0,0.0,1.0
4,45,29,0.0,0.009000000000014552,0.0,0.009000000000014552,0.0,0.0,1.0,0.0,0.0,0.010111111111175188,0.010111111111175188,0.0,0.0,1.0
4,45,30,0.0,0.022000000000389264,0.0,0.022000000000389264,0.0,0.0,1.0,0.0,0.0,0.1663333333333665,0.1663333333333665,0.0,0.0,1.0
4,45,31,0.0,0.6589999999998781,0.0,0.6589999999998781,0.0,0.0,1.0,0.0,0.0,0.27044444444446625,0.27044444444446625,0.0,0.0,1.0
4,45,32,0.0,0.32999999999992724,0.0,0.32999999999992724,0.0,0.0,1.0,0.0,0.0,0.2666666666666515,0.2666666666666515,0.0,0.0,1.0
4,45,34,0.0,0.2899999999999636,0.0,0.2899999999999636,0.0,0.0,1.0,0.0,0.0,0.06333333333340205,0.06333333333340205,0.0,0.0,1.0
4,45,36,0.0,0.43000000000006366,0.0,0.43000000000006366,0.0,0.0,1.0,0.0,0.0,0.12666666666667778,0.12666666666667778,0.0,0.0,1.0
4,46,6,0.0,0.060000000000172804,0.0,0.060000000000172804,0.0,0.0,1.0,0.0033333333333303017,0.02000000000003234,0.06877777777779354,0.09211111111115618,0.03618817852829679,0.21712907117032929,0.7466827503013739
4,46,10,0.06100000000014916,0.0,0.028999999999996362,0.09000000000014552,0.6777777777783391,0.3222222222216608,0.0,0.031222222222216562,0.042222222222234346,0.0945555555555428,0.1679999999999937,0.18584656084653411,0.2513227513228329,0.5628306878306331
4,46,14,0.0,0.0,0.0999999999994543,0.0999999999994543,0.0,1.0,0.0,0.0,0.10344444444439836,0.017555555555620432,0.12100000000001879,0.0,0.8549127640031595,0.14508723599684054
4,46,15,0.0,0.010999999999967258,0.2690000000011423,0.2800000000011096,0.0,0.9607142857145583,0.03928571428544167,0.0,0.10344444444439836,0.017666666666728916,0.12111111111112728,0.0,0.854128440366478,0.14587155963352202
4,46,16,0.0,0.010000000000218279,0.0,0.010000000000218279,0.0,0.0,1.0,0.0,0.08777777777777374,0.007666666666687485,0.09544444444446122,0.0,0.919674039580704,0.08032596041929596
4,46,17,0.0,0.009999999999990905,0.0,0.009999999999990905,0.0,0.0,1.0,0.0,0.04111111111112425,0.0055555555555505025,0.04666666666667475,0.0,0.8809523809525098,0.11904761904749014
4,46,18,0.0,0.0,0.3079999999999927,0.3079999999999927,0.0,1.0,0.0,0.0,0.07655555555553899,0.004555555555523622,0.0811111111110626,0.0,0.9438356164387164,0.056164383561283726
4,46,19,0.0,0.009999999999990905,0.16799999999989268,0.17799999999988358,0.0,0.9438202247191155,0.056179775280884525,0.0,0.08888888888888384,0.004666666666632106,0.09355555555551595,0.0,0.9501187648459539,0.049881235154046
4,46,20,0.0,0.0,0.07400000000006912,0.07400000000006912,0.0,1.0,0.0,0.0,0.058888888888885854,0.04900000000000344,0.10788888888888928,0.0,0.5458290422244807,0.45417095777551936
4,46,21,0.0,0.009000000000014552,0.0,0.009000000000014552,0.0,0.0,1.0,0.0,0.02822222222223698,0.059999999999995966,0.08822222222223294,0.0,0.3198992443326221,0.6801007556673779
4,46,22,0.0,0.020999999999958163,0.0,0.020999999999958163,0.0,0.0,1.0,0.0,0.015888888888892123,0.06277777777778384,0.07866666666667596,0.0,0.20197740112996077,0.7980225988700393
4,46,24,0.0,0.009000000000014552,0.0,0.009000000000014552,0.0,0.0,1.0,0.0,0.0,0.044888888888888485,0.044888888888888485,0.0,0.0,1.0
4,46,26,0.0,0.011999999999943611,0.0,0.011999999999943611,0.0,0.0,1.0,0.0,0.0,0.042222222222158566,0.042222222222158566,0.0,0.0,1.0
4,46,28,0.0,0.010999999999967258,0.0,0.010999999999967258,0.0,0.0,1.0,0.0,0.0,0.008555555555580617,0.008555555555580617,0.0,0.0,1.0
4,46,29,0.0,0.016000000000076398,0.0,0.016000000000076398,0.0,0.0,1.0,0.0,0.0,0.01011111111117518,0.01011111111117518,0.0,0.0,1.0
4,46,30,0.0,0.011999999999943611,0.0,0.011999999999943611,0.0,0.0,1.0,0.0,0.0,0.09633333333335435,0.09633333333335435,0.0,0.0,1.0
4,46,31,0.0,0.14899999999988722,0.0,0.14899999999988722,0.0,0.0,1.0,0.0,0.0,0.2100000000000869,0.2100000000000869,0.0,0.0,1.0
4,46,34,0.0,0.28000000000065484,0.0,0.28000000000065484,0.0,0.0,1.0,0.0,0.0,0.1223333333333964,0.1223333333333964,0.0,0.0,1.0
4,46,36,0.0,0.27899999999999636,0.0,0.27899999999999636,0.0,0.0,1.0,0.0,0.0,0.12666666666667778,0.12666666666667778,0.0,0.0,1.0
4,47,0,0.709999999999809,0.012000000000170985,0.06099999999992178,0.7829999999999018,0.9067688378031904,0.07790549169850502,0.015325670498304585,0.1283333333332924,0.018333333333354556,0.021833333333347582,0.16849999999999452,0.7616221562806917,0.10880316518311664,0.12957467853619165
4,47,1,0.05999999999994543,0.0,0.0,0.05999999999994543,1.0,0.0,0.0,0.19977777777777797,0.02233333333333576,0.014555555555565055,0.2366666666666788,0.8441314553990186,0.094366197183104,0.061502347417877364
4,47,2,0.19499999999970896,0.0,0.0909999999998945,0.28599999999960346,0.6818181818181095,0.31818181818189045,0.0,0.19622222222225597,0.015333333333324442,0.0,0.21155555555558042,0.9275210084034118,0.0724789915965881,0.0
4,47,3,0.17000000000030013,0.0,0.0,0.17000000000030013,1.0,0.0,0.0,0.24444444444450006,0.015333333333324442,0.0014444444444355515,0.26122222222226005,0.935772011909903,0.0586984262015738,0.0055295618885232165
4,47,4,0.431999999999789,0.0,0.0,0.431999999999789,1.0,0.0,0.0,0.13777777777777878,0.00766666666666222,0.004555555555523622,0.1499999999999646,0.9185185185187419,0.05111111111109353,0.030370370370164646
4,47,6,0.0,0.5109999999999673,0.01900000000023283,0.5300000000002001,0.0,0.035849056604199354,0.9641509433958007,0.0075555555555284724,0.03211111111113496,0.0731111111111002,0.11277777777776364,0.06699507389139386,0.28472906403965603,0.64827586206895
4,47,7,0.0,0.04800000000000182,0.1610000000000582,0.20900000000006003,0.0,0.7703349282297224,0.22966507177027767,0.0,0.02966666666669779,0.07444444444445253,0.10411111111115032,0.0,0.284951974386531,0.715048025613469
4,47,8,0.0,0.03999999999996362,0.0,0.03999999999996362,0.0,0.0,1.0,0.0,0.02333333333333737,0.013333333333321207,0.036666666666658576,0.0,0.6363636363638868,0.3636363636361131
4,47,9,0.0,0.03199999999992542,0.0,0.03199999999992542,0.0,0.0,1.0,0.006777777777794351,0.003222222222221818,0.012111111111102623,0.02211111111111879,0.306532663317226,0.1457286432160115,0.5477386934667625
4,47,10,0.0,0.03700000000003456,0.0,0.03700000000003456,0.0,0.0,1.0,0.006777777777794351,0.003222222222221818,0.00899999999998929,0.019000000000005457,0.3567251461996002,0.16959064327478382,0.473684210525616
4,47,11,0.0,0.011999999999943611,0.0,0.011999999999943611,0.0,0.0,1.0,0.006777777777794351,0.003222222222221818,0.008888888888880805,0.018888888888896976,0.35882352941248846,0.1705882352940232,0.4705882352934882
4,47,12,0.0,0.03099999999994907,0.0,0.03099999999994907,0.0,0.0,1.0,0.0,0.0,0.005666666666658986,0.005666666666658986,0.0,0.0,1.0
4,47,13,0.0,0.008000000000038199,0.0,0.008000000000038199,0.0,0.0,1.0,0.0,0.01111111111105048,0.0055555555555505025,0.016666666666600983,0.0,0.6666666666656561,0.33333333333434384
4,47,14,0.0,0.010999999999967258,0.0,0.010999999999967258,0.0,0.0,1.0,0.0,0.04100000000006629,0.0043333333333319185,0.04533333333339821,0.0,0.9044117647060503,0.09558823529394965
4,47,15,0.0,0.009000000000014552,0.0,0.009000000000014552,0.0,0.0,1.0,0.0,0.041000000000066296,0.004555555555574149,0.04555555555564045,0.0,0.8999999999997781,0.10000000000022181
4,47,32,0.0,0.7180000000007567,0.0,0.7180000000007567,0.0,0.0,1.0,0.0,0.0,0.16755555555558507,0.16755555555558507,0.0,0.0,1.0
4,47,34,0.0,0.5309999999999491,0.0,0.5309999999999491,0.0,0.0,1.0,0.0,0.0,0.1353333333334174,0.1353333333334174,0.0,0.0,1.0
4,47,36,0.0,0.43100000000004,0.0,0.43100000000004,0.0,0.0,1.0,0.0,0.0,0.110000000000001,0.110000000000001,0.0,0.0,1.0
4,48,0,0.0,0.11899999999991451,0.049000000000205546,0.16800000000012005,0.0,0.2916666666676817,0.7083333333323183,0.1283333333332924,0.018333333333354556,0.021833333333347582,0.16849999999999452,0.7616221562806917,0.10880316518311664,0.12957467853619165
4,48,2,0.8330000000005384,0.0,0.0,0.8330000000005384,1.0,0.0,0.0,0.19744444444447454,0.015333333333324442,0.0,0.212777777777799,0.9279373368146703,0.07206266318532961,0.0
4,48,3,0.5079999999998108,0.0,0.047000000000025466,0.5549999999998363,0.9153153153152445,0.08468468468475555,0.0,0.24566666666671857,0.015333333333324442,0.0014444444444355515,0.26244444444447856,0.9360711261643436,0.05842506350546234,0.005503810330194019
4,48,4,0.062000000000352884,0.012999999999919964,0.0,0.07500000000027285,0.8266666666683644,0.0,0.17333333333163561,0.13899999999999738,0.00766666666666222,0.004555555555523622,0.1512222222221832,0.9191770756798672,0.05069801616456854,0.03012490815556442
4,48,5,0.06799999999975626,0.027999999999792635,0.021999999999934516,0.11799999999948341,0.5762711864411352,0.18644067796636296,0.23728813559250184,0.0636666666666517,0.008777777777797584,0.102555555555581,0.1750000000000303,0.3638095238093753,0.05015873015883465,0.58603174603179
4,48,6,0.0,0.010999999999967258,0.038000000000010914,0.04899999999997817,0.0,0.7755102040822008,0.22448979591779916,0.008777777777747056,0.03211111111113496,0.12644444444441028,0.16733333333329228,0.05245683930925823,0.19189907038531576,0.755644090305426
4,48,7,0.0,0.0,0.04899999999997817,0.04899999999997817,0.0,1.0,0.0,0.0,0.02966666666669779,0.12977777777776586,0.15944444444446365,0.0,0.1860627177702076,0.8139372822297923
4,48,32,0.0,0.44099999999889405,0.0,0.44099999999889405,0.0,0.0,1.0,0.0,0.0,0.26644444444448506,0.26644444444448506,0.0,0.0,1.0
4,48,33,0.0,0.2000000000007276,0.0,0.2000000000007276,0.0,0.0,1.0,0.0,0.0,0.3898888888889158,0.3898888888889158,0.0,0.0,1.0
4,48,34,0.0,0.2069999999994252,0.0,0.2069999999994252,0.0,0.0,1.0,0.0,0.0,0.16000000000003134,0.16000000000003134,0.0,0.0,1.0
4,48,36,0.0,0.2799999999999727,0.0,0.2799999999999727,0.0,0.0,1.0,0.0,0.0,0.1277777777777626,0.1277777777777626,0.0,0.0,1.0
4,49,2,0.010999999999967258,0.0,0.0,0.010999999999967258,1.0,0.0,0.0,0.1502222222222574,0.005222222222225052,0.0,0.15544444444448244,0.9664045746962017,0.033595425303798415,0.0
4,49,5,0.010999999999967258,0.0,0.0,0.010999999999967258,1.0,0.0,0.0,0.015666666666675155,0.006666666666660603,0.04577777777780689,0.06811111111114265,0.2300163132137212,0.09787928221846272,0.672104404567816
4,49,6,0.0,0.3600000000005821,0.0,0.3600000000005821,0.0,0.0,1.0,0.008777777777747056,0.012111111111102621,0.06433333333330261,0.08522222222215228,0.10299869621875925,0.14211212516298963,0.7548891786182512
4,49,7,0.0,0.17999999999938154,0.0,0.17999999999938154,0.0,0.0,1.0,0.0,0.009666666666665455,0.06322222222221778,0.07288888888888323,0.0,0.13262195121950587,0.8673780487804942
4,49,8,0.0,0.018000000000029104,0.0,0.018000000000029104,0.0,0.0,1.0,0.0,0.0054444444444420185,0.022666666666635946,0.028111111111077964,0.0,0.19367588932820531,0.8063241106717948
4,49,9,0.0,0.006000000000312866,0.0,0.006000000000312866,0.0,0.0,1.0,0.0,0.0,0.00433333333340771,0.00433333333340771,0.0,0.0,1.0
4,49,10,0.0,0.015000000000327418,0.0,0.015000000000327418,0.0,0.0,1.0,0.0,0.0,0.003555555555572533,0.003555555555572533,0.0,0.0,1.0
4,49,11,0.0,0.01099999999951251,0.0,0.01099999999951251,0.0,0.0,1.0,0.0,0.0,0.004888888888874337,0.004888888888874337,0.0,0.0,1.0
4,49,12,0.0,0.018000000000029104,0.0,0.018000000000029104,0.0,0.0,1.0,0.0,0.0,0.005666666666608459,0.005666666666608459,0.0,0.0,1.0
4,49,13,0.0,0.021999999999934516,0.0,0.021999999999934516,0.0,0.0,1.0,0.0,0.0,0.006555555555577384,0.006555555555577384,0.0,0.0,1.0
4,49,14,0.0,0.01900000000023283,0.0,0.01900000000023283,0.0,0.0,1.0,0.0,0.0,0.005666666666709514,0.005666666666709514,0.0,0.0,1.0
4,49,15,0.0,0.010000000000218279,0.0,0.010000000000218279,0.0,0.0,1.0,0.0,0.0,0.008666666666638572,0.008666666666638572,0.0,0.0,1.0
4,49,16,0.0,0.04199999999946158,0.0,0.04199999999946158,0.0,0.0,1.0,0.0,0.0,0.00888888888893133,0.00888888888893133,0.0,0.0,1.0
4,49,17,0.0,0.00800000000072032,0.0,0.00800000000072032,0.0,0.0,1.0,0.0,0.0,0.011333333333343236,0.011333333333343236,0.0,0.0,1.0
4,49,18,0.0,0.02099999999973079,0.0,0.02099999999973079,0.0,0.0,1.0,0.0,0.0,0.010000000000091961,0.010000000000091961,0.0,0.0,1.0
4,49,19,0.0,0.01900000000023283,0.0,0.01900000000023283,0.0,0.0,1.0,0.0,0.0,0.009888888888806631,0.009888888888806631,0.0,0.0,1.0
4,49,20,0.0,0.009999999999308784,0.0,0.009999999999308784,0.0,0.0,1.0,0.0,0.0,0.00866666666661331,0.00866666666661331,0.0,0.0,1.0
4,49,21,0.0,0.010000000000218279,0.0,0.010000000000218279,0.0,0.0,1.0,0.0,0.0,0.006888888888801779,0.006888888888801779,0.0,0.0,1.0
4,49,22,0.0,0.02099999999973079,0.0,0.02099999999973079,0.0,0.0,1.0,0.0,0.0,0.006888888888902833,0.006888888888902833,0.0,0.0,1.0
4,49,23,0.0,0.010000000000218279,0.0,0.010000000000218279,0.0,0.0,1.0,0.0,0.0,0.0076666666666369565,0.0076666666666369565,0.0,0.0,1.0
4,49,24,0.0,0.007999999999810825,0.0,0.007999999999810825,0.0,0.0,1.0,0.0,0.0,0.0075555555556547915,0.0075555555556547915,0.0,0.0,1.0
4,49,25,0.0,0.01300000000082946,0.0,0.01300000000082946,0.0,0.0,1.0,0.0,0.0,0.008000000000012934,0.008000000000012934,0.0,0.0,1.0
4,49,26,0.0,0.01099999999951251,0.0,0.01099999999951251,0.0,0.0,1.0,0.0,0.0,0.009777777777849729,0.009777777777849729,0.0,0.0,1.0
4,49,27,0.0,0.015000000000327418,0.0,0.015000000000327418,0.0,0.0,1.0,0.0,0.0,0.009999999999940378,0.009999999999940378,0.0,0.0,1.0
4,49,28,0.0,0.011999999999716238,0.0,0.011999999999716238,0.0,0.0,1.0,0.0,0.0,0.017666666666728916,0.017666666666728916,0.0,0.0,1.0
4,49,29,0.0,0.011000000000422006,0.0,0.011000000000422006,0.0,0.0,1.0,0.0,0.0,0.021888888888901822,0.021888888888901822,0.0,0.0,1.0
4,49,30,0.0,0.03099999999994907,0.0,0.03099999999994907,0.0,0.0,1.0,0.0,0.0,0.04477777777778,0.04477777777778,0.0,0.0,1.0
4,49,31,0.0,0.028999999999541615,0.0,0.028999999999541615,0.0,0.0,1.0,0.0,0.0,0.3432222222220389,0.3432222222220389,0.0,0.0,1.0
4,49,32,0.0,0.9100000000003092,0.0,0.9100000000003092,0.0,0.0,1.0,0.0,0.0,0.3698888888888329,0.3698888888888329,0.0,0.0,1.0
4,49,33,0.0,0.10000000000013642,0.0,0.10000000000013642,0.0,0.0,1.0,0.0,0.0,0.4143333333332369,0.4143333333332369,0.0,0.0,1.0
4,49,34,0.0,0.40200000000004366,0.0,0.40200000000004366,0.0,0.0,1.0,0.0,0.0,0.10666666666669598,0.10666666666669598,0.0,0.0,1.0
4,49,36,0.0,0.43899999999985084,0.0,0.43899999999985084,0.0,0.0,1.0,0.0,0.0,0.1111111111111111,0.1111111111111111,0.0,0.0,1.0
4,50,16,0.0,0.006999999999834472,0.0,0.006999999999834472,0.0,0.0,1.0,0.0,0.0,0.013555555555613963,0.013555555555613963,0.0,0.0,1.0
4,50,17,0.0,0.013000000000147338,0.0,0.013000000000147338,0.0,0.0,1.0,0.0,0.0,0.012666666666695567,0.012666666666695567,0.0,0.0,1.0
4,50,18,0.0,0.011000000000194632,0.0,0.011000000000194632,0.0,0.0,1.0,0.0,0.0,0.010000000000091958,0.010000000000091958,0.0,0.0,1.0
4,50,19,0.0,0.01799999999980173,0.0,0.01799999999980173,0.0,0.0,1.0,0.0,0.0,0.00988888888880663,0.00988888888880663,0.0,0.0,1.0
4,50,20,0.0,0.009999999999990905,0.0,0.009999999999990905,0.0,0.0,1.0,0.0,0.0,0.008666666666613308,0.008666666666613308,0.0,0.0,1.0
4,50,21,0.0,0.010999999999967258,0.0,0.010999999999967258,0.0,0.0,1.0,0.0,0.0,0.006888888888801778,0.006888888888801778,0.0,0.0,1.0
4,50,23,0.0,0.009999999999990905,0.0,0.009999999999990905,0.0,0.0,1.0,0.0,0.0,0.007666666666636956,0.007666666666636956,0.0,0.0,1.0
4,50,24,0.0,0.01999999999998181,0.0,0.01999999999998181,0.0,0.0,1.0,0.0,0.0,0.007555555555654791,0.007555555555654791,0.0,0.0,1.0
4,50,25,0.0,0.007000000000061846,0.0,0.007000000000061846,0.0,0.0,1.0,0.0,0.0,0.008000000000012934,0.008000000000012934,0.0,0.0,1.0
4,50,26,0.0,0.012999999999919964,0.0,0.012999999999919964,0.0,0.0,1.0,0.0,0.0,0.022111111111169316,0.022111111111169316,0.0,0.0,1.0
4,50,27,0.0,0.028999999999996362,0.0,0.028999999999996362,0.0,0.0,1.0,0.0,0.0,0.02566666666659027,0.02566666666659027,0.0,0.0,1.0
4,50,28,0.0,0.009999999999990905,0.0,0.009999999999990905,0.0,0.0,1.0,0.0,0.0,0.0621111111111582,0.0621111111111582,0.0,0.0,1.0
4,50,29,0.0,0.08200000000010732,0.0,0.08200000000010732,0.0,0.0,1.0,0.0,0.0,0.05400000000001152,0.05400000000001152,0.0,0.0,1.0
4,50,30,0.0,0.05099999999993088,0.0,0.05099999999993088,0.0,0.0,1.0,0.0,0.0,0.07355555555555938,0.07355555555555938,0.0,0.0,1.0
4,50,31,0.0,0.19900000000006912,0.0,0.19900000000006912,0.0,0.0,1.0,0.0,0.0,0.3642222222221739,0.3642222222221739,0.0,0.0,1.0
4,50,32,0.0,1.4279999999996562,0.0,1.4279999999996562,0.0,0.0,1.0,0.0,0.0,0.36866666666666487,0.36866666666666487,0.0,0.0,1.0
4,50,33,0.0,0.02200000000016189,0.0,0.02200000000016189,0.0,0.0,1.0,0.0,0.0,0.39011111111113267,0.39011111111113267,0.0,0.0,1.0
4,50,34,0.0,0.018999999999778083,0.0,0.018999999999778083,0.0,0.0,1.0,0.0,0.0,0.06144444444445677,0.06144444444445677,0.0,0.0,1.0
4,50,35,0.0,0.009999999999990905,0.0,0.009999999999990905,0.0,0.0,1.0,0.0,0.0,0.126777777777761,0.126777777777761,0.0,0.0,1.0
4,50,36,0.0,0.27100000000018554,0.0,0.27100000000018554,0.0,0.0,1.0,0.0,0.0,0.08000000000000303,0.08000000000000303,0.0,0.0,1.0
4,50,40,0.0,0.030000000000654836,0.0,0.030000000000654836,0.0,0.0,1.0,0.0,0.0,0.03666666666665858,0.03666666666665858,0.0,0.0,1.0
4,50,41,0.0,0.06999999999970896,0.0,0.06999999999970896,0.0,0.0,1.0,0.0,0.0,0.059888888888862214,0.059888888888862214,0.0,0.0,1.0
4,50,42,0.0,0.20899999999983265,0.0,0.20899999999983265,0.0,0.0,1.0,0.0,0.0,0.03099999999994907,0.03099999999994907,0.0,0.0,1.0
4,51,4,0.0,0.06899999999950523,0.0,0.06899999999950523,0.0,0.0,1.0,0.0,0.0,0.02533333333323955,0.02533333333323955,0.0,0.0,1.0
4,51,6,0.0,0.5190000000000055,0.0,0.5190000000000055,0.0,0.0,1.0,0.0,0.0,0.0979999999999816,0.0979999999999816,0.0,0.0,1.0
4,51,7,0.0,0.021000000000185537,0.0,0.021000000000185537,0.0,0.0,1.0,0.0,0.0,0.08977777777790329,0.08977777777790329,0.0,0.0,1.0
4,51,8,0.0,0.007999999999810825,0.0,0.007999999999810825,0.0,0.0,1.0,0.0,0.0,0.03244444444448568,0.03244444444448568,0.0,0.0,1.0
4,51,9,0.0,0.021000000000185537,0.0,0.021000000000185537,0.0,0.0,1.0,0.0,0.0,0.017444444444486687,0.017444444444486687,0.0,0.0,1.0
4,51,10,0.0,0.019000000000005457,0.0,0.019000000000005457,0.0,0.0,1.0,0.0,0.0,0.02455555555548017,0.02455555555548017,0.0,0.0,1.0
4,51,11,0.0,0.05999999999994543,0.0,0.05999999999994543,0.0,0.0,1.0,0.0,0.0,0.02444444444439695,0.02444444444439695,0.0,0.0,1.0
4,51,12,0.0,0.012999999999919964,0.0,0.012999999999919964,0.0,0.0,1.0,0.0,0.0,0.02233333333325997,0.02233333333325997,0.0,0.0,1.0
4,51,13,0.0,0.019000000000005457,0.0,0.019000000000005457,0.0,0.0,1.0,0.0,0.0,0.0144444444445071,0.0144444444445071,0.0,0.0,1.0
4,51,14,0.0,0.019000000000005457,0.0,0.019000000000005457,0.0,0.0,1.0,0.0,0.0,0.012222222222261636,0.012222222222261636,0.0,0.0,1.0
4,51,15,0.0,0.029999999999972715,0.0,0.029999999999972715,0.0,0.0,1.0,0.0,0.0,0.013222222222263253,0.013222222222263253,0.0,0.0,1.0
4,51,16,0.0,0.012000000000170985,0.0,0.012000000000170985,0.0,0.0,1.0,0.0,0.0,0.012666666666645043,0.012666666666645043,0.0,0.0,1.0
4,51,27,0.0,0.11099999999987631,0.0,0.11099999999987631,0.0,0.0,1.0,0.0,0.0,0.066999999999982,0.066999999999982,0.0,0.0,1.0
4,51,28,0.0,0.029999999999972715,0.0,0.029999999999972715,0.0,0.0,1.0,0.0,0.0,0.1032222222221814,0.1032222222221814,0.0,0.0,1.0
4,51,29,0.0,0.25900000000001455,0.0,0.25900000000001455,0.0,0.0,1.0,0.0,0.0,0.05433333333331172,0.05433333333331172,0.0,0.0,1.0
4,51,32,0.0,0.6300000000001091,0.0,0.6300000000001091,0.0,0.0,1.0,0.0,0.0,0.28333333333340405,0.28333333333340405,0.0,0.0,1.0
4,51,40,0.0,0.22999999999956344,0.0,0.22999999999956344,0.0,0.0,1.0,0.0,0.0,0.06788888888887513,0.06788888888887513,0.0,0.0,1.0
4,52,4,0.0,0.03800000000046566,0.0,0.03800000000046566,0.0,0.0,1.0,0.0,0.0,0.02533333333323955,0.02533333333323955,0.0,0.0,1.0
4,52,5,0.0,0.12099999999918509,0.0,0.12099999999918509,0.0,0.0,1.0,0.0,0.0,0.08966666666661795,0.08966666666661795,0.0,0.0,1.0
4,52,6,0.0,0.06000000000040018,0.0,0.06000000000040018,0.0,0.0,1.0,0.0,0.0,0.0979999999999816,0.0979999999999816,0.0,0.0,1.0
4,52,7,0.0,0.1610000000000582,0.0,0.1610000000000582,0.0,0.0,1.0,0.0,0.0,0.08977777777790329,0.08977777777790329,0.0,0.0,1.0
4,52,8,0.0,0.03900000000066939,0.0,0.03900000000066939,0.0,0.0,1.0,0.0,0.0,0.03244444444448568,0.03244444444448568,0.0,0.0,1.0
4,52,9,0.0,0.04199999999946158,0.0,0.04199999999946158,0.0,0.0,1.0,0.0,0.0,0.017444444444486687,0.017444444444486687,0.0,0.0,1.0
4,52,10,0.0,0.028000000000247383,0.0,0.028000000000247383,0.0,0.0,1.0,0.0,0.0,0.02455555555548017,0.02455555555548017,0.0,0.0,1.0
4,52,11,0.0,0.05099999999947613,0.0,0.05099999999947613,0.0,0.0,1.0,0.0,0.0,0.02444444444439695,0.02444444444439695,0.0,0.0,1.0
4,52,12,0.0,0.04899999999997817,0.0,0.04899999999997817,0.0,0.0,1.0,0.0,0.0,0.02233333333325997,0.02233333333325997,0.0,0.0,1.0
4,52,13,0.0,0.009000000000014552,0.0,0.009000000000014552,0.0,0.0,1.0,0.0,0.0,0.0144444444445071,0.0144444444445071,0.0,0.0,1.0
4,52,14,0.0,0.021000000000640284,0.0,0.021000000000640284,0.0,0.0,1.0,0.0,0.0,0.012222222222261636,0.012222222222261636,0.0,0.0,1.0
4,52,15,0.0,0.011999999999716238,0.0,0.011999999999716238,0.0,0.0,1.0,0.0,0.0,0.012444444444503868,0.012444444444503868,0.0,0.0,1.0
4,52,16,0.0,0.018000000000029104,0.0,0.018000000000029104,0.0,0.0,1.0,0.0,0.0,0.010444444444424843,0.010444444444424843,0.0,0.0,1.0
4,52,17,0.0,0.021999999999934516,0.0,0.021999999999934516,0.0,0.0,1.0,0.0,0.0,0.008000000000063465,0.008000000000063465,0.0,0.0,1.0
4,52,18,0.0,0.020000000000436557,0.0,0.020000000000436557,0.0,0.0,1.0,0.0,0.0,0.005555555555575769,0.005555555555575769,0.0,0.0,1.0
4,52,19,0.0,0.007999999999810825,0.0,0.007999999999810825,0.0,0.0,1.0,0.0,0.0,0.005666666666709517,0.005666666666709517,0.0,0.0,1.0
4,52,20,0.0,0.023000000000138243,0.0,0.023000000000138243,0.0,0.0,1.0,0.0,0.0,0.005333333333308273,0.005333333333308273,0.0,0.0,1.0
4,52,21,0.0,0.016999999999825377,0.0,0.016999999999825377,0.0,0.0,1.0,0.0,0.0,0.006666666666711132,0.006666666666711132,0.0,0.0,1.0
4,52,22,0.0,0.020000000000436557,0.0,0.020000000000436557,0.0,0.0,1.0,0.0,0.0,0.006444444444443639,0.006444444444443639,0.0,0.0,1.0
4,52,23,0.0,0.02099999999973079,0.0,0.02099999999973079,0.0,0.0,1.0,0.0,0.0,0.005777777777742209,0.005777777777742209,0.0,0.0,1.0
4,52,24,0.0,0.01099999999951251,0.0,0.01099999999951251,0.0,0.0,1.0,0.0,0.0,0.00444444444433935,0.00444444444433935,0.0,0.0,1.0
4,52,25,0.0,0.007999999999810825,0.0,0.007999999999810825,0.0,0.0,1.0,0.0,0.0,0.003444444444438788,0.003444444444438788,0.0,0.0,1.0
4,52,26,0.0,0.012000000000625732,0.0,0.012000000000625732,0.0,0.0,1.0,0.0,0.0,0.05688888888888263,0.05688888888888263,0.0,0.0,1.0
4,52,27,0.0,0.38099999999963075,0.0,0.38099999999963075,0.0,0.0,1.0,0.0,0.0,0.061222222222214545,0.061222222222214545,0.0,0.0,1.0
4,52,28,0.0,0.016999999999825377,0.0,0.016999999999825377,0.0,0.0,1.0,0.0,0.0,0.08977777777772646,0.08977777777772646,0.0,0.0,1.0
4,52,29,0.0,0.010000000000218279,0.0,0.010000000000218279,0.0,0.0,1.0,0.0,0.0,0.0384444444444196,0.0384444444444196,0.0,0.0,1.0
4,52,30,0.0,0.02999999999974534,0.0,0.02999999999974534,0.0,0.0,1.0,0.0,0.0,0.034444444444488916,0.034444444444488916,0.0,0.0,1.0
4,52,31,0.0,0.011000000000422006,0.0,0.011000000000422006,0.0,0.0,1.0,0.0,0.0,0.10344444444449945,0.10344444444449945,0.0,0.0,1.0
4,52,32,0.0,0.2600000000002183,0.0,0.2600000000002183,0.0,0.0,1.0,0.0,0.0,0.10011111111119438,0.10011111111119438,0.0,0.0,1.0
4,52,40,0.0,0.28099999999994907,0.0,0.28099999999994907,0.0,0.0,1.0,0.0,0.0,0.08222222222219797,0.08222222222219797,0.0,0.0,1.0
4,53,0,0.18000000000029104,0.0,0.2809999999994943,0.46099999999978536,0.3904555314541754,0.6095444685458247,0.0,0.04650000000007518,0.10666666666664544,0.0,0.15316666666672063,0.30359085963041654,0.6964091403695835,0.0
4,53,40,0.0,0.2290000000002692,0.0,0.2290000000002692,0.0,0.0,1.0,0.0,0.0,0.11344444444446507,0.11344444444446507,0.0,0.0,1.0
4,53,45,0.0,0.08100000000013097,0.0,0.08100000000013097,0.0,0.0,1.0,0.0,0.0,0.015555555555541408,0.015555555555541408,0.0,0.0,1.0
4,53,47,0.0,0.02099999999973079,0.0,0.02099999999973079,0.0,0.0,1.0,0.0,0.0,0.004333333333306655,0.004333333333306655,0.0,0.0,1.0
4,54,0,0.09900000000016007,0.0,0.35900000000037835,0.4580000000005384,0.21615720524027007,0.78384279475973,0.0,0.14666666666660907,0.16333333333341216,0.023333333333387902,0.33333333333340914,0.43999999999972716,0.490000000000125,0.07000000000014779
4,54,40,0.0,0.3789999999999054,0.0,0.3789999999999054,0.0,0.0,1.0,0.0,0.0,0.24000000000011013,0.24000000000011013,0.0,0.0,1.0
4,54,41,0.0,0.13200000000006185,0.0,0.13200000000006185,0.0,0.0,1.0,0.0,0.0,0.22755555555560625,0.22755555555560625,0.0,0.0,1.0
4,54,42,0.0,0.13999999999987267,0.0,0.13999999999987267,0.0,0.0,1.0,0.0,0.0,0.07988888888889455,0.07988888888889455,0.0,0.0,1.0
4,54,43,0.0,0.01900000000023283,0.0,0.01900000000023283,0.0,0.0,1.0,0.0,0.0,0.023111111111120408,0.023111111111120408,0.0,0.0,1.0
4,54,44,0.0,0.04899999999997817,0.0,0.04899999999997817,0.0,0.0,1.0,0.0,0.0,0.016555555555593553,0.016555555555593553,0.0,0.0,1.0
4,54,46,0.0,0.009999999999763531,0.0,0.009999999999763531,0.0,0.0,1.0,0.0,0.0,0.013333333333321207,0.013333333333321207,0.0,0.0,1.0
4,54,47,0.0,0.008000000000265572,0.0,0.008000000000265572,0.0,0.0,1.0,0.0,0.0,0.004333333333306655,0.004333333333306655,0.0,0.0,1.0
4,55,0,0.6009999999992033,0.14000000000032742,0.34000000000060027,1.081000000000131,0.5559666975015083,0.31452358926971236,0.12950971322877933,0.1574999999998757,0.16583333333346673,0.03166666666675155,0.355000000000094,0.4436619718305183,0.46713615023499383,0.08920187793448779
4,55,39,0.0,0.25200000000040745,0.0,0.25200000000040745,0.0,0.0,1.0,0.0,0.0,0.25311111111116386,0.25311111111116386,0.0,0.0,1.0
4,55,40,0.0,0.7400000000004638,0.0,0.7400000000004638,0.0,0.0,1.0,0.0,0.0,0.3393333333333178,0.3393333333333178,0.0,0.0,1.0
4,55,41,0.0,0.4279999999998836,0.0,0.4279999999998836,0.0,0.0,1.0,0.0,0.0,0.28133333333337557,0.28133333333337557,0.0,0.0,1.0
4,56,0,0.24499999999989086,0.0500000000001819,0.29599999999982174,0.5909999999998945,0.4145516074448978,0.5008460236884511,0.08460236886665114,0.1686666666664678,0.14300000000018068,0.1886666666663738,0.5003333333330222,0.3371085942702985,0.285809460360299,0.37708194536940265
4,56,35,0.0,0.011000000000422006,0.0,0.011000000000422006,0.0,0.0,1.0,0.0,0.0,0.004222222222375018,0.004222222222375018,0.0,0.0,1.0
4,56,36,0.0,0.010000000000218279,0.0,0.010000000000218279,0.0,0.0,1.0,0.0,0.0,0.006555555555577384,0.006555555555577384,0.0,0.0,1.0
4,56,37,0.0,0.009999999999308784,0.0,0.009999999999308784,0.0,0.0,1.0,0.0,0.0,0.009777777777748674,0.009777777777748674,0.0,0.0,1.0
4,56,38,0.0,0.01700000000073487,0.0,0.01700000000073487,0.0,0.0,1.0,0.0,0.0,0.12011111111102461,0.12011111111102461,0.0,0.0,1.0
4,56,39,0.0,0.409999999998945,0.0,0.409999999998945,0.0,0.0,1.0,0.0,0.0,0.29988888888897236,0.29988888888897236,0.0,0.0,1.0
4,56,40,0.0,0.4800000000000182,0.0,0.4800000000000182,0.0,0.0,1.0,0.0,0.0,0.403444444444454,0.403444444444454,0.0,0.0,1.0
4,56,41,0.0,0.23300000000017462,0.0,0.23300000000017462,0.0,0.0,1.0,0.0,0.0,0.29200000000004267,0.29200000000004267,0.0,0.0,1.0
4,57,0,0.1659999999997126,0.9229999999984102,0.2220000000006621,1.310999999998785,0.1266209000761758,0.16933638444002125,0.7040427154838029,0.0684999999999339,0.08633333333341398,0.25699999999983447,0.41183333333318234,0.16632942128682887,0.20963172804559846,0.6240388506675727
4,57,1,0.0,0.018999999999323336,0.0,0.018999999999323336,0.0,0.0,1.0,0.045666666666622606,0.05755555555560932,0.17244444444435833,0.27566666666659023,0.165659008464215,0.20878677952463826,0.6255542120111468
4,57,2,0.0,0.010000000000218279,0.0,0.010000000000218279,0.0,0.0,1.0,0.0,0.0,0.007111111110942955,0.007111111110942955,0.0,0.0,1.0
4,57,3,0.0,0.02999999999974534,0.0,0.02999999999974534,0.0,0.0,1.0,0.0,0.0,0.005999999999908647,0.005999999999908647,0.0,0.0,1.0
4,57,4,0.0,0.009000000000014552,0.0,0.009000000000014552,0.0,0.0,1.0,0.0,0.0,0.005999999999908647,0.005999999999908647,0.0,0.0,1.0
4,57,5,0.0,0.010000000000218279,0.0,0.010000000000218279,0.0,0.0,1.0,0.0,0.0,0.003333333333406093,0.003333333333406093,0.0,0.0,1.0
4,57,6,0.0,0.011000000000422006,0.0,0.011000000000422006,0.0,0.0,1.0,0.0,0.0,0.005111111111141832,0.005111111111141832,0.0,0.0,1.0
4,57,7,0.0,0.01099999999951251,0.0,0.01099999999951251,0.0,0.0,1.0,0.0,0.0,0.004888888888874337,0.004888888888874337,0.0,0.0,1.0
4,57,8,0.0,0.007999999999810825,0.0,0.007999999999810825,0.0,0.0,1.0,0.0,0.0,0.0036666666666052253,0.0036666666666052253,0.0,0.0,1.0
4,57,10,0.0,0.012000000000625732,0.0,0.012000000000625732,0.0,0.0,1.0,0.0,0.0,0.002444444444538223,0.002444444444538223,0.0,0.0,1.0
4,57,11,0.0,0.010000000000218279,0.0,0.010000000000218279,0.0,0.0,1.0,0.0,0.0,0.002444444444538223,0.002444444444538223,0.0,0.0,1.0
4,57,14,0.0,0.019999999999527063,0.0,0.019999999999527063,0.0,0.0,1.0,0.0,0.0,0.0034444444444387853,0.0034444444444387853,0.0,0.0,1.0
4,57,15,0.0,0.011000000000422006,0.0,0.011000000000422006,0.0,0.0,1.0,0.0,0.0,0.00544444444444202,0.00544444444444202,0.0,0.0,1.0
4,57,16,0.0,0.018000000000029104,0.0,0.018000000000029104,0.0,0.0,1.0,0.0,0.0,0.003222222222272346,0.003222222222272346,0.0,0.0,1.0
4,57,20,0.0,0.01900000000023283,0.0,0.01900000000023283,0.0,0.0,1.0,0.0,0.0,0.0021111111111369813,0.0021111111111369813,0.0,0.0,1.0
4,57,23,0.0,0.009000000000014552,0.0,0.009000000000014552,0.0,0.0,1.0,0.0,0.0,0.002000000000003234,0.002000000000003234,0.0,0.0,1.0
4,57,24,0.0,0.009000000000014552,0.0,0.009000000000014552,0.0,0.0,1.0,0.0,0.0,0.002000000000003234,0.002000000000003234,0.0,0.0,1.0
4,57,26,0.0,0.009000000000014552,0.0,0.009000000000014552,0.0,0.0,1.0,0.0,0.0,0.002222222222169674,0.002222222222169674,0.0,0.0,1.0
4,57,27,0.0,0.01099999999951251,0.0,0.01099999999951251,0.0,0.0,1.0,0.0,0.0,0.0033333333333050385,0.0033333333333050385,0.0,0.0,1.0
4,57,28,0.0,0.010000000000218279,0.0,0.010000000000218279,0.0,0.0,1.0,0.0,0.0,0.0035555555555725326,0.0035555555555725326,0.0,0.0,1.0
4,57,29,0.0,0.011000000000422006,0.0,0.011000000000422006,0.0,0.0,1.0,0.0,0.0,0.002333333333404476,0.002333333333404476,0.0,0.0,1.0
4,57,31,0.0,0.019999999999527063,0.0,0.019999999999527063,0.0,0.0,1.0,0.0,0.0,0.00344444444433773,0.00344444444433773,0.0,0.0,1.0
4,57,32,0.0,0.01099999999951251,0.0,0.01099999999951251,0.0,0.0,1.0,0.0,0.0,0.004666666666505787,0.004666666666505787,0.0,0.0,1.0
4,57,33,0.0,0.01099999999951251,0.0,0.01099999999951251,0.0,0.0,1.0,0.0,0.0,0.002444444444336114,0.002444444444336114,0.0,0.0,1.0
4,57,35,0.0,0.01700000000073487,0.0,0.01700000000073487,0.0,0.0,1.0,0.0,0.0,0.004222222222375018,0.004222222222375018,0.0,0.0,1.0
4,57,37,0.0,0.01099999999951251,0.0,0.01099999999951251,0.0,0.0,1.0,0.0,0.0,0.009777777777748674,0.009777777777748674,0.0,0.0,1.0
4,57,38,0.0,0.03999999999996362,0.0,0.03999999999996362,0.0,0.0,1.0,0.0,0.0,0.09211111111097935,0.09211111111097935,0.0,0.0,1.0
4,57,39,0.0,0.34100000000034925,0.0,0.34100000000034925,0.0,0.0,1.0,0.0,0.0,0.22644444444444567,0.22644444444444567,0.0,0.0,1.0
4,57,40,0.0,0.41899999999986903,0.0,0.41899999999986903,0.0,0.0,1.0,0.0,0.0,0.3069999999999406,0.3069999999999406,0.0,0.0,1.0
4,57,41,0.0,0.32799999999997453,0.0,0.32799999999997453,0.0,0.0,1.0,0.0,0.0,0.22355555555557452,0.22355555555557452,0.0,0.0,1.0
4,58,0,0.0,0.5500000000010914,0.0,0.5500000000010914,0.0,0.0,1.0,0.027666666666618767,0.037000000000110354,0.3673333333332115,0.43199999999994065,0.06404320987644113,0.08564814814841537,0.8503086419751434
4,58,3,0.0,0.004999999999199645,0.0,0.004999999999199645,0.0,0.0,1.0,0.0,0.0,0.0067777777776932965,0.0067777777776932965,0.0,0.0,1.0
4,58,7,0.0,0.014000000000123691,0.0,0.014000000000123691,0.0,0.0,1.0,0.0,0.0,0.046444444444407255,0.046444444444407255,0.0,0.0,1.0
4,58,40,0.0,0.33100000000013097,0.0,0.33100000000013097,0.0,0.0,1.0,0.0,0.0,0.21688888888891397,0.21688888888891397,0.0,0.0,1.0
4,58,41,0.0,0.22100000000000364,0.0,0.22100000000000364,0.0,0.0,1.0,0.0,0.0,0.1765555555555491,0.1765555555555491,0.0,0.0,1.0
4,59,0,0.0,0.7120000000004438,0.0,0.7120000000004438,0.0,0.0,1.0,0.0,0.0,0.21883333333357768,0.21883333333357768,0.0,0.0,1.0
4,59,3,0.0,0.007000000000061846,0.0,0.007000000000061846,0.0,0.0,1.0,0.0,0.0,0.0013333333332512765,0.0013333333332512765,0.0,0.0,1.0
4,59,7,0.0,0.35399999999981446,0.0,0.35399999999981446,0.0,0.0,1.0,0.0,0.0,0.04311111111110222,0.04311111111110222,0.0,0.0,1.0
4,59,8,0.0,0.01999999999998181,0.0,0.01999999999998181,0.0,0.0,1.0,0.0,0.0,0.04733333333332565,0.04733333333332565,0.0,0.0,1.0
4,59,9,0.0,0.038000000000010914,0.0,0.038000000000010914,0.0,0.0,1.0,0.0,0.0,0.011888888888885655,0.011888888888885655,0.0,0.0,1.0
4,59,10,0.0,0.04899999999997817,0.0,0.04899999999997817,0.0,0.0,1.0,0.0,0.0,0.02666666666666768,0.02666666666666768,0.0,0.0,1.0
4,59,11,0.0,0.15300000000002,0.0,0.15300000000002,0.0,0.0,1.0,0.0,0.0,0.039999999999988885,0.039999999999988885,0.0,0.0,1.0
4,59,12,0.0,0.15799999999990177,0.0,0.15799999999990177,0.0,0.0,1.0,0.0,0.0,0.03811111111109413,0.03811111111109413,0.0,0.0,1.0
4,59,13,0.0,0.03199999999992542,0.0,0.03199999999992542,0.0,0.0,1.0,0.0,0.0,0.02322222222220363,0.02322222222220363,0.0,0.0,1.0
4,59,14,0.0,0.019000000000005457,0.0,0.019000000000005457,0.0,0.0,1.0,0.0,0.0,0.007888888888879187,0.007888888888879187,0.0,0.0,1.0
4,59,15,0.0,0.01999999999998181,0.0,0.01999999999998181,0.0,0.0,1.0,0.0,0.0,0.0043333333333319185,0.0043333333333319185,0.0,0.0,1.0
4,59,17,0.0,0.009999999999990905,0.0,0.009999999999990905,0.0,0.0,1.0,0.0,0.0,0.0022222222222202013,0.0022222222222202013,0.0,0.0,1.0
4,59,18,0.0,0.009999999999990905,0.0,0.009999999999990905,0.0,0.0,1.0,0.0,0.0,0.004444444444465665,0.004444444444465665,0.0,0.0,1.0
4,59,19,0.0,0.020000000000209184,0.0,0.020000000000209184,0.0,0.0,1.0,0.0,0.0,0.004444444444465665,0.004444444444465665,0.0,0.0,1.0
4,59,20,0.0,0.009999999999990905,0.0,0.009999999999990905,0.0,0.0,1.0,0.0,0.0,0.003333333333355565,0.003333333333355565,0.0,0.0,1.0
4,59,23,0.0,0.007999999999810825,0.0,0.007999999999810825,0.0,0.0,1.0,0.0,0.0,0.0018888888888694865,0.0018888888888694865,0.0,0.0,1.0
4,59,24,0.0,0.009000000000014552,0.0,0.009000000000014552,0.0,0.0,1.0,0.0,0.0,0.003222222222221818,0.003222222222221818,0.0,0.0,1.0
4,59,25,0.0,0.012000000000170985,0.0,0.012000000000170985,0.0,0.0,1.0,0.0,0.0,0.0023333333333539485,0.0023333333333539485,0.0,0.0,1.0
4,59,27,0.0,0.010999999999967258,0.0,0.010999999999967258,0.0,0.0,1.0,0.0,0.0,0.0022222222222202013,0.0022222222222202013,0.0,0.0,1.0
4,59,28,0.0,0.009000000000014552,0.0,0.009000000000014552,0.0,0.0,1.0,0.0,0.0,0.0043333333333319185,0.0043333333333319185,0.0,0.0,1.0
4,59,29,0.0,0.019000000000005457,0.0,0.019000000000005457,0.0,0.0,1.0,0.0,0.0,0.004222222222223435,0.004222222222223435,0.0,0.0,1.0
4,59,30,0.0,0.009999999999990905,0.0,0.009999999999990905,0.0,0.0,1.0,0.0,0.0,0.0032222222222218176,0.0032222222222218176,0.0,0.0,1.0
4,59,32,0.0,0.020999999999958163,0.0,0.020999999999958163,0.0,0.0,1.0,0.0,0.0,0.0034444444444387858,0.0034444444444387858,0.0,0.0,1.0
4,59,33,0.0,0.009999999999990905,0.0,0.009999999999990905,0.0,0.0,1.0,0.0,0.0,0.005888888888901218,0.005888888888901218,0.0,0.0,1.0
4,59,34,0.0,0.02200000000016189,0.0,0.02200000000016189,0.0,0.0,1.0,0.0,0.0,0.004777777777791117,0.004777777777791117,0.0,0.0,1.0
4,59,35,0.0,0.010999999999967258,0.0,0.010999999999967258,0.0,0.0,1.0,0.0,0.0,0.004444444444465665,0.004444444444465665,0.0,0.0,1.0
4,59,36,0.0,0.007000000000061846,0.0,0.007000000000061846,0.0,0.0,1.0,0.0,0.0,0.004333333333306655,0.004333333333306655,0.0,0.0,1.0
4,59,37,0.0,0.02099999999973079,0.0,0.02099999999973079,0.0,0.0,1.0,0.0,0.0,0.007222222222203023,0.007222222222203023,0.0,0.0,1.0
4,59,38,0.0,0.03700000000003456,0.0,0.03700000000003456,0.0,0.0,1.0,0.0,0.0,0.00888888888885554,0.00888888888885554,0.0,0.0,1.0
4,59,39,0.0,0.021999999999934516,0.0,0.021999999999934516,0.0,0.0,1.0,0.0,0.0,0.05022222222232308,0.05022222222232308,0.0,0.0,1.0
4,59,40,0.0,0.06200000000080763,0.0,0.06200000000080763,0.0,0.0,1.0,0.0,0.0,0.09600000000000364,0.09600000000000364,0.0,0.0,1.0
4,59,41,0.0,0.227999999999156,0.0,0.227999999999156,0.0,0.0,1.0,0.0,0.0,0.09355555555556648,0.09355555555556648,0.0,0.0,1.0
4,60,0,0.0,0.05099999999993088,0.0,0.05099999999993088,0.0,0.0,1.0,0.02516666666671578,0.0033333333333303017,0.12716666666672913,0.1556666666667752,0.16167023554624133,0.02141327623122898,0.8169164882225297
4,64,0,0.15100000000029468,0.0,0.01999999999998181,0.1710000000002765,0.8830409356728101,0.1169590643271899,0.0,0.07833333333329999,0.10516666666664302,0.00849999999998848,0.1919999999999315,0.407986111111083,0.5477430555556279,0.04427083333328913
4,65,0,0.31899999999950523,0.0,0.6109999999998763,0.9299999999993815,0.3430107526878681,0.6569892473121318,0.0,0.07833333333329999,0.10516666666664302,0.0,0.18349999999994301,0.4268846503178437,0.5731153496821563,0.0
4,66,2,0.0,0.0,0.22000000000025466,0.22000000000025466,0.0,1.0,0.0,0.08322222222219959,0.03900000000006306,0.0,0.12222222222226264,0.6809090909086806,0.3190909090913195,0.0
4,67,2,0.7489999999997963,0.0,0.13100000000031287,0.8800000000001091,0.8511363636360265,0.14886363636397343,0.0,0.08322222222219959,0.03900000000006306,0.0,0.12222222222226264,0.6809090909086806,0.3190909090913195,0.0
4,68,0,0.6790000000000873,0.12100000000009459,0.29999999999972715,1.099999999999909,0.6172727272728576,0.2727272727270472,0.11000000000009508,0.11316666666668122,0.049999999999954525,0.02016666666668243,0.1833333333333182,0.6172727272728576,0.2727272727270472,0.11000000000009508
4,68,11,0.0,1.06899999999996,0.0,1.06899999999996,0.0,0.0,1.0,0.0,0.0,0.12444444444443231,0.12444444444443231,0.0,0.0,1.0
4,69,11,0.0,0.05099999999993088,0.0,0.05099999999993088,0.0,0.0,1.0,0.0,0.0,0.12444444444443231,0.12444444444443231,0.0,0.0,1.0
4,72,0,0.0,0.0,0.1069999999999709,0.1069999999999709,0.0,1.0,0.0,0.046833333333324845,0.03783333333331029,0.0,0.08466666666663514,0.5531496062993183,0.4468503937006817,0.0
4,73,0,0.28099999999994907,0.0,0.11999999999989086,0.40099999999983993,0.7007481296759632,0.29925187032403683,0.0,0.08666666666666363,0.04466666666667152,0.0,0.13133333333333513,0.6598984771573282,0.34010152284267187,0.0
4,74,0,0.23900000000003274,0.0,0.04100000000016735,0.2800000000002001,0.8535714285709355,0.14642857142906446,0.0,0.10999999999997574,0.026833333333343035,0.02016666666668243,0.1570000000000012,0.7006369426749994,0.17091295116778873,0.12845010615721197
4,75,0,0.13999999999987267,0.12100000000009459,0.0,0.26099999999996726,0.5363984674325296,0.0,0.4636015325674704,0.09474999999997635,0.010250000000041837,0.030250000000023647,0.13525000000004184,0.7005545286502554,0.07578558225536906,0.22365988909437554
5,28,0,0.0,0.08799999999996544,0.0,0.08799999999996544,0.0,0.0,1.0,0.0,0.0,0.2677500000001487,0.2677500000001487,0.0,0.0,1.0
5,29,0,0.0,0.9830000000006294,0.0,0.9830000000006294,0.0,0.0,1.0,0.0,0.0,0.7076666666666824,0.7076666666666824,0.0,0.0,1.0
5,30,0,0.0,3.1749999999994998,0.0,3.1749999999994998,0.0,0.0,1.0,0.0,0.0,2.6810000000000023,2.6810000000000023,0.0,0.0,1.0
5,30,5,0.0,0.010000000000218279,0.0,0.010000000000218279,0.0,0.0,1.0,0.0,0.0,0.0011111111111353643,0.0011111111111353643,0.0,0.0,1.0
5,31,0,0.0,11.927999999999884,0.0,11.927999999999884,0.0,0.0,1.0,0.0,0.0,5.391499999999989,5.391499999999989,0.0,0.0,1.0
5,31,15,0.0,0.05100000000015825,0.0,0.05100000000015825,0.0,0.0,1.0,0.0,0.0,0.10788888888888931,0.10788888888888931,0.0,0.0,1.0
5,32,0,0.0,17.227000000000544,0.0,17.227000000000544,0.0,0.0,1.0,0.0,0.0,6.91166666666652,6.91166666666652,0.0,0.0,1.0
5,32,1,0.0,0.019000000000005457,0.0,0.019000000000005457,0.0,0.0,1.0,0.0,0.0,4.609999999999925,4.609999999999925,0.0,0.0,1.0
5,32,2,0.0,0.009999999999990905,0.0,0.009999999999990905,0.0,0.0,1.0,0.0,0.0,0.00888888888885554,0.00888888888885554,0.0,0.0,1.0
5,32,3,0.0,0.029999999999972715,0.0,0.029999999999972715,0.0,0.0,1.0,0.0,0.0,0.009999999999965642,0.009999999999965642,0.0,0.0,1.0
5,32,4,0.0,0.010999999999967258,0.0,0.010999999999967258,0.0,0.0,1.0,0.0,0.0,0.012111111111077358,0.012111111111077358,0.0,0.0,1.0
5,32,5,0.0,0.028999999999996362,0.0,0.028999999999996362,0.0,0.0,1.0,0.0,0.0,0.01111111111112627,0.01111111111112627,0.0,0.0,1.0
5,32,6,0.0,0.009999999999990905,0.0,0.009999999999990905,0.0,0.0,1.0,0.0,0.0,0.012888888888912535,0.012888888888912535,0.0,0.0,1.0
5,32,7,0.0,0.009000000000014552,0.0,0.009000000000014552,0.0,0.0,1.0,0.0,0.0,0.033666666666628466,0.033666666666628466,0.0,0.0,1.0
5,32,9,0.0,0.010999999999967258,0.0,0.010999999999967258,0.0,0.0,1.0,0.0,0.0,0.029666666666622002,0.029666666666622002,0.0,0.0,1.0
5,32,10,0.0,0.029999999999972715,0.0,0.029999999999972715,0.0,0.0,1.0,0.0,0.0,0.019222222222235057,0.019222222222235057,0.0,0.0,1.0
5,32,11,0.0,0.011000000000194632,0.0,0.011000000000194632,0.0,0.0,1.0,0.0,0.0,0.028999999999983733,0.028999999999983733,0.0,0.0,1.0
5,32,12,0.0,0.04899999999997817,0.0,0.04899999999997817,0.0,0.0,1.0,0.0,0.0,0.04655555555552837,0.04655555555552837,0.0,0.0,1.0
5,32,13,0.0,0.13999999999987267,0.0,0.13999999999987267,0.0,0.0,1.0,0.0,0.0,0.06077777777773008,0.06077777777773008,0.0,0.0,1.0
5,32,14,0.0,0.13000000000010914,0.0,0.13000000000010914,0.0,0.0,1.0,0.0,0.0,0.14644444444441737,0.14644444444441737,0.0,0.0,1.0
5,32,15,0.0,0.7899999999997362,0.0,0.7899999999997362,0.0,0.0,1.0,0.0,0.0,0.13577777777772504,0.13577777777772504,0.0,0.0,1.0
5,33,0,0.0,12.295999999998685,0.0,12.295999999998685,0.0,0.0,1.0,0.0,0.0,9.059833333333433,9.059833333333433,0.0,0.0,1.0
5,33,2,0.0,0.010000000000218279,0.0,0.010000000000218279,0.0,0.0,1.0,0.0,0.0,0.025777777777736644,0.025777777777736644,0.0,0.0,1.0
5,33,3,0.0,0.01099999999951251,0.0,0.01099999999951251,0.0,0.0,1.0,0.0,0.0,0.03200000000002648,0.03200000000002648,0.0,0.0,1.0
5,33,4,0.0,0.018000000000029104,0.0,0.018000000000029104,0.0,0.0,1.0,0.0,0.0,0.05166666666668283,0.05166666666668283,0.0,0.0,1.0
5,33,5,0.0,0.010000000000218279,0.0,0.010000000000218279,0.0,0.0,1.0,0.0,0.0,0.04866666666667798,0.04866666666667798,0.0,0.0,1.0
5,33,6,0.0,0.021999999999934516,0.0,0.021999999999934516,0.0,0.0,1.0,0.0,0.0,0.06522222222220837,0.06522222222220837,0.0,0.0,1.0
5,33,7,0.0,0.03600000000005821,0.0,0.03600000000005821,0.0,0.0,1.0,0.0,0.0,0.2143333333333557,0.2143333333333557,0.0,0.0,1.0
5,33,8,0.0,0.22599999999965803,0.0,0.22599999999965803,0.0,0.0,1.0,0.0,0.0,0.476666666666789,0.476666666666789,0.0,0.0,1.0
5,33,11,0.0,0.1209999999999809,0.0,0.1209999999999809,0.0,0.0,1.0,0.0,0.0,0.7385555555554851,0.7385555555554851,0.0,0.0,1.0
5,33,12,0.0,0.04999999999972715,0.0,0.04999999999972715,0.0,0.0,1.0,0.0,0.0,0.7628888888887989,0.7628888888887989,0.0,0.0,1.0
5,33,13,0.0,0.04800000000000182,0.0,0.04800000000000182,0.0,0.0,1.0,0.0,0.0,0.35355555555550683,0.35355555555550683,0.0,0.0,1.0
5,33,14,0.0,0.12999999999988177,0.0,0.12999999999988177,0.0,0.0,1.0,0.0,0.0,0.28433333333324146,0.28433333333324146,0.0,0.0,1.0
5,33,15,0.0,0.028999999999996362,0.0,0.028999999999996362,0.0,0.0,1.0,0.0,0.0,0.2822222222221929,0.2822222222221929,0.0,0.0,1.0
5,33,16,0.0,0.09199999999964348,0.0,0.09199999999964348,0.0,0.0,1.0,0.0,0.0,0.23411111111117103,0.23411111111117103,0.0,0.0,1.0
5,33,17,0.0,0.028000000000247383,0.0,0.028000000000247383,0.0,0.0,1.0,0.0,0.0,0.09211111111119408,0.09211111111119408,0.0,0.0,1.0
5,34,0,0.0,24.757000000001426,0.0,24.757000000001426,0.0,0.0,1.0,0.0,0.0,9.05899999999978,9.05899999999978,0.0,0.0,1.0
5,34,1,0.0,0.05999999999994543,0.0,0.05999999999994543,0.0,0.0,1.0,0.0,0.0,6.058111111110975,6.058111111110975,0.0,0.0,1.0
5,34,3,0.0,0.09199999999998454,0.0,0.09199999999998454,0.0,0.0,1.0,0.0,0.0,0.08666666666671417,0.08666666666671417,0.0,0.0,1.0
5,34,4,0.0,0.10600000000056298,0.0,0.10600000000056298,0.0,0.0,1.0,0.0,0.0,0.2287777777776733,0.2287777777776733,0.0,0.0,1.0
5,34,5,0.0,0.15799999999990177,0.0,0.15799999999990177,0.0,0.0,1.0,0.0,0.0,0.22733333333321248,0.22733333333321248,0.0,0.0,1.0
5,34,6,0.0,0.07399999999950069,0.0,0.07399999999950069,0.0,0.0,1.0,0.0,0.0,0.26666666666657574,0.26666666666657574,0.0,0.0,1.0
5,34,7,0.0,0.23900000000026012,0.0,0.23900000000026012,0.0,0.0,1.0,0.0,0.0,0.5312222222222923,0.5312222222222923,0.0,0.0,1.0
5,34,8,0.0,1.313000000000784,0.0,1.313000000000784,0.0,0.0,1.0,0.0,0.0,0.8658888888887506,0.8658888888887506,0.0,0.0,1.0
5,34,9,0.0,2.4560000000003583,0.0,2.4560000000003583,0.0,0.0,1.0,0.0,0.0,1.027555555555485,1.027555555555485,0.0,0.0,1.0
5,34,10,0.0,0.4499999999995907,0.0,0.4499999999995907,0.0,0.0,1.0,0.0,0.0,1.309777777777703,1.309777777777703,0.0,0.0,1.0
5,34,11,0.0,4.094999999999686,0.0,4.094999999999686,0.0,0.0,1.0,0.0,0.0,1.4104444444445283,1.4104444444445283,0.0,0.0,1.0
5,34,12,0.0,1.8410000000002356,0.0,1.8410000000002356,0.0,0.0,1.0,0.0,0.0,1.2874444444443294,1.2874444444443294,0.0,0.0,1.0
5,34,13,0.0,0.5109999999995125,0.0,0.5109999999995125,0.0,0.0,1.0,0.0,0.0,0.9247777777776743,0.9247777777776743,0.0,0.0,1.0
5,34,14,0.0,0.28300000000024284,0.0,0.28300000000024284,0.0,0.0,1.0,0.0,0.0,0.651888888888872,0.651888888888872,0.0,0.0,1.0
5,34,15,0.0,0.4979999999998199,0.0,0.4979999999998199,0.0,0.0,1.0,0.0,0.0,0.6201111111111636,0.6201111111111636,0.0,0.0,1.0
5,34,16,0.0,0.5880000000003065,0.0,0.5880000000003065,0.0,0.0,1.0,0.0,0.0,0.2873333333334737,0.2873333333334737,0.0,0.0,1.0
5,34,17,0.0,0.08200000000078944,0.0,0.08200000000078944,0.0,0.0,1.0,0.0,0.0,0.09211111111119408,0.09211111111119408,0.0,0.0,1.0
5,34,18,0.0,0.03899999999975989,0.0,0.03899999999975989,0.0,0.0,1.0,0.0,0.0,0.017666666666779445,0.017666666666779445,0.0,0.0,1.0
5,34,19,0.0,0.010000000000218279,0.0,0.010000000000218279,0.0,0.0,1.0,0.0,0.0,0.007888888888879187,0.007888888888879187,0.0,0.0,1.0
5,34,20,0.0,0.021999999999934516,0.0,0.021999999999934516,0.0,0.0,1.0,0.0,0.0,0.006777777777794351,0.006777777777794351,0.0,0.0,1.0
5,34,21,0.0,0.028999999999996362,0.0,0.028999999999996362,0.0,0.0,1.0,0.0,0.0,0.008888888888880805,0.008888888888880805,0.0,0.0,1.0
5,34,22,0.0,0.028999999999996362,0.0,0.028999999999996362,0.0,0.0,1.0,0.0,0.0,0.008666666666663837,0.008666666666663837,0.0,0.0,1.0
5,34,23,0.0,0.01999999999998181,0.0,0.01999999999998181,0.0,0.0,1.0,0.0,0.0,0.008888888888880805,0.008888888888880805,0.0,0.0,1.0
5,34,24,0.0,0.03099999999994907,0.0,0.03099999999994907,0.0,0.0,1.0,0.0,0.0,0.007888888888879187,0.007888888888879187,0.0,0.0,1.0
5,34,25,0.0,0.01999999999998181,0.0,0.01999999999998181,0.0,0.0,1.0,0.0,0.0,0.010111111111099387,0.010111111111099387,0.0,0.0,1.0
5,34,26,0.0,0.03999999999996362,0.0,0.03999999999996362,0.0,0.0,1.0,0.0,0.0,0.014333333333322823,0.014333333333322823,0.0,0.0,1.0
5,34,27,0.0,0.06899999999995998,0.0,0.06899999999995998,0.0,0.0,1.0,0.0,0.0,0.01777777777776161,0.01777777777776161,0.0,0.0,1.0
5,34,28,0.0,0.05099999999993088,0.0,0.05099999999993088,0.0,0.0,1.0,0.0,0.0,0.01777777777776161,0.01777777777776161,0.0,0.0,1.0
5,34,29,0.0,0.03999999999996362,0.0,0.03999999999996362,0.0,0.0,1.0,0.0,0.0,0.015777777777808904,0.015777777777808904,0.0,0.0,1.0
5,34,30,0.0,0.051000000000385626,0.0,0.051000000000385626,0.0,0.0,1.0,0.0,0.0,0.011111111111151532,0.011111111111151532,0.0,0.0,1.0
5,34,31,0.0,0.009000000000014552,0.0,0.009000000000014552,0.0,0.0,1.0,0.0,0.0,0.009888888888932948,0.009888888888932948,0.0,0.0,1.0
5,34,32,0.0,0.028999999999996362,0.0,0.028999999999996362,0.0,0.0,1.0,0.0,0.0,0.004222222222223435,0.004222222222223435,0.0,0.0,1.0
5,34,34,0.0,0.011999999999716238,0.0,0.011999999999716238,0.0,0.0,1.0,0.0,0.0,0.0022222222222202013,0.0022222222222202013,0.0,0.0,1.0
5,34,35,0.0,0.008000000000265572,0.0,0.008000000000265572,0.0,0.0,1.0,0.0,0.0,0.0046666666666068425,0.0046666666666068425,0.0,0.0,1.0
5,34,36,0.0,0.02199999999947977,0.0,0.02199999999947977,0.0,0.0,1.0,0.0,0.0,0.004222222222223435,0.004222222222223435,0.0,0.0,1.0
5,34,37,0.0,0.008000000000265572,0.0,0.008000000000265572,0.0,0.0,1.0,0.0,0.0,0.0044444444444404025,0.0044444444444404025,0.0,0.0,1.0
5,34,38,0.0,0.010000000000218279,0.0,0.010000000000218279,0.0,0.0,1.0,0.0,0.0,0.0032222222222723453,0.0032222222222723453,0.0,0.0,1.0
5,34,39,0.0,0.010999999999967258,0.0,0.010999999999967258,0.0,0.0,1.0,0.0,0.0,0.006777777777794351,0.006777777777794351,0.0,0.0,1.0
5,34,40,0.0,0.03999999999996362,0.0,0.03999999999996362,0.0,0.0,1.0,0.0,0.0,0.007999999999962407,0.007999999999962407,0.0,0.0,1.0
5,34,41,0.0,0.02099999999973079,0.0,0.02099999999973079,0.0,0.0,1.0,0.0,0.0,0.009888888888882421,0.009888888888882421,0.0,0.0,1.0
5,34,42,0.0,0.028000000000247383,0.0,0.028000000000247383,0.0,0.0,1.0,0.0,0.0,0.010000000000016168,0.010000000000016168,0.0,0.0,1.0
5,34,43,0.0,0.04100000000016735,0.0,0.04100000000016735,0.0,0.0,1.0,0.0,0.0,0.014222222222239603,0.014222222222239603,0.0,0.0,1.0
5,34,44,0.0,0.058999999999741704,0.0,0.058999999999741704,0.0,0.0,1.0,0.0,0.0,0.011111111111101005,0.011111111111101005,0.0,0.0,1.0
5,35,0,0.0,17.130999999998608,0.0,17.130999999998608,0.0,0.0,1.0,0.0,0.0,12.53133333333335,12.53133333333335,0.0,0.0,1.0
5,35,1,0.0,0.11000000000001364,0.0,0.11000000000001364,0.0,0.0,1.0,0.0,0.0,8.390333333333325,8.390333333333325,0.0,0.0,1.0
5,35,2,0.0,0.15899999999987813,0.0,0.15899999999987813,0.0,0.0,1.0,0.0,0.0,0.22722222222220503,0.22722222222220503,0.0,0.0,1.0
5,35,3,0.0,0.24400000000059663,0.0,0.24400000000059663,0.0,0.0,1.0,0.0,0.0,0.38533333333345526,0.38533333333345526,0.0,0.0,1.0
5,35,4,0.0,0.1399999999996453,0.0,0.1399999999996453,0.0,0.0,1.0,0.0,0.0,0.8438888888888793,0.8438888888888793,0.0,0.0,1.0
5,35,5,0.0,1.2799999999986085,0.0,1.2799999999986085,0.0,0.0,1.0,0.0,0.0,0.8233333333334182,0.8233333333334182,0.0,0.0,1.0
5,35,6,0.0,0.23800000000051114,0.0,0.23800000000051114,0.0,0.0,1.0,0.0,0.0,0.9675555555558427,0.9675555555558427,0.0,0.0,1.0
5,35,7,0.0,0.34300000000018827,0.0,0.34300000000018827,0.0,0.0,1.0,0.0,0.0,1.4542222222226229,1.4542222222226229,0.0,0.0,1.0
5,35,8,0.0,2.2899999999997362,0.0,2.2899999999997362,0.0,0.0,1.0,0.0,0.0,2.7592222222224088,2.7592222222224088,0.0,0.0,1.0
5,35,9,0.0,0.8899999999977126,0.0,0.8899999999977126,0.0,0.0,1.0,0.0,0.0,2.832777777777601,2.832777777777601,0.0,0.0,1.0
5,35,10,0.0,1.6230000000015252,0.0,1.6230000000015252,0.0,0.0,1.0,0.0,0.0,2.760555555555483,2.760555555555483,0.0,0.0,1.0
5,35,11,0.0,2.1530000000004748,0.0,2.1530000000004748,0.0,0.0,1.0,0.0,0.0,2.3939999999999046,2.3939999999999046,0.0,0.0,1.0
5,35,12,0.0,2.3609999999995352,0.0,2.3609999999995352,0.0,0.0,1.0,0.0,0.0,2.3656666666665718,2.3656666666665718,0.0,0.0,1.0
5,35,13,0.0,0.40699999999981173,0.0,0.40699999999981173,0.0,0.0,1.0,0.0,0.0,2.31422222222198,2.31422222222198,0.0,0.0,1.0
5,35,14,0.0,2.692000000000121,0.0,2.692000000000121,0.0,0.0,1.0,0.0,0.0,2.129111111110888,2.129111111110888,0.0,0.0,1.0
5,35,15,0.0,1.2690000000004602,0.0,1.2690000000004602,0.0,0.0,1.0,0.0,0.0,1.8821111111110191,1.8821111111110191,0.0,0.0,1.0
5,35,74,0.0,0.03999999999996362,0.0,0.03999999999996362,0.0,0.0,1.0,0.0,0.0,0.013500000000022496,0.013500000000022496,0.0,0.0,1.0
5,36,0,0.0,32.29500000000007,0.0,32.29500000000007,0.0,0.0,1.0,0.0,0.0,14.125666666666595,14.125666666666595,0.0,0.0,1.0
5,36,1,0.0,0.8350000000000364,0.0,0.8350000000000364,0.0,0.0,1.0,0.0,0.0,9.558777777777639,9.558777777777639,0.0,0.0,1.0
5,36,2,0.0,0.16599999999993997,0.0,0.16599999999993997,0.0,0.0,1.0,0.0,0.0,0.4274444444444043,0.4274444444444043,0.0,0.0,1.0
5,36,3,0.0,0.37899999999945067,0.0,0.37899999999945067,0.0,0.0,1.0,0.0,0.0,0.9322222222222081,0.9322222222222081,0.0,0.0,1.0
5,36,4,0.0,2.1820000000010396,0.0,2.1820000000010396,0.0,0.0,1.0,0.0,0.0,1.3475555555555603,1.3475555555555603,0.0,0.0,1.0
5,36,5,0.0,3.0140000000001237,0.0,3.0140000000001237,0.0,0.0,1.0,0.0,0.0,1.2905555555555817,1.2905555555555817,0.0,0.0,1.0
5,36,6,0.0,0.2180000000008704,0.0,0.2180000000008704,0.0,0.0,1.0,0.0655555555555212,0.0,1.4146666666669034,1.4802222222224246,0.044287644497793884,0.0,0.9557123555022061
5,36,7,0.0,3.1440000000026203,0.0,3.1440000000026203,0.0,0.0,1.0,0.07322222222223394,0.0,2.014888888888979,2.0881111111112127,0.03506624807109421,0.0,0.9649337519289058
5,36,8,0.0,5.228999999999132,0.0,5.228999999999132,0.0,0.0,1.0,0.08666666666663837,0.0,3.3737777777776046,3.460444444444243,0.0250449524788014,0.0,0.9749550475211985
5,36,9,0.0,8.929000000000883,0.0,8.929000000000883,0.0,0.0,1.0,0.02566666666669133,0.12977777777776586,3.9526666666664845,4.108111111110942,0.006247802450443066,0.03159062018229359,0.9621615773672633
5,36,10,0.0,2.3149999999986903,0.0,2.3149999999986903,0.0,0.0,1.0,0.01799999999997858,0.1419999999999517,4.109000000000163,4.269000000000093,0.004216444132110139,0.0332630592644527,0.9625204966034372
5,36,11,0.0,1.9340000000004238,0.0,1.9340000000004238,0.0,0.0,1.0,0.004555555555574149,0.14877777777774606,4.036333333333484,4.189666666666804,0.0010873312647563052,0.03551064789030341,0.9634020208449403
5,36,12,0.0,4.773999999998978,0.0,4.773999999998978,0.0,0.0,1.0,0.0,0.06788888888887513,3.6216666666665684,3.689555555555444,0.0,0.018400289104375557,0.9815997108956244
5,36,13,0.0,3.2150000000004866,0.0,3.2150000000004866,0.0,0.0,1.0,0.0,0.06788888888887513,4.82633333333317,4.894222222222045,0.0,0.013871231383942478,0.9861287686160575
5,36,14,0.0,4.743999999998891,0.0,4.743999999998891,0.0,0.0,1.0,0.0,0.061111111111080786,4.298999999999965,4.3601111111110455,0.0,0.014015952702523772,0.9859840472974762
5,36,15,0.0,5.542999999998642,0.0,5.542999999998642,0.0,0.0,1.0,0.0,0.012222222222185842,4.61633333333326,4.628555555555446,0.0,0.0026406126221205366,0.9973593873778794
5,36,16,0.0,1.3220000000006848,0.0,1.3220000000006848,0.0,0.0,1.0,0.0,0.023333333333337373,2.206222222222108,2.2295555555554456,0.0,0.010465463968904949,0.989534536031095
5,36,17,0.0,0.28900000000021464,0.0,0.28900000000021464,0.0,0.0,1.0,0.0,0.023333333333337373,2.6611111111111163,2.6844444444444537,0.0,0.008692052980133926,0.991307947019866
5,36,18,0.0,2.0149999999999864,0.0,2.0149999999999864,0.0,0.0,1.0,0.0,0.023333333333337373,1.731666666666759,1.7550000000000965,0.0,0.013295346628681533,0.9867046533713184
5,36,19,0.0,0.011999999999716238,0.0,0.011999999999716238,0.0,0.0,1.0,0.0,0.0,1.6423333333333403,1.6423333333333403,0.0,0.0,1.0
5,36,20,0.0,0.010000000000218279,0.0,0.010000000000218279,0.0,0.0,1.0,0.0,0.0,0.3181111111110669,0.3181111111110669,0.0,0.0,1.0
5,36,21,0.0,0.009000000000014552,0.0,0.009000000000014552,0.0,0.0,1.0,0.0,0.0,0.019777777777714316,0.019777777777714316,0.0,0.0,1.0
5,36,23,0.0,0.010999999999967258,0.0,0.010999999999967258,0.0,0.0,1.0,0.0,0.0,0.0012222222222185843,0.0012222222222185843,0.0,0.0,1.0
5,36,25,0.0,0.009000000000014552,0.0,0.009000000000014552,0.0,0.0,1.0,0.0,0.0,0.001000000000001617,0.001000000000001617,0.0,0.0,1.0
5,36,27,0.0,0.009000000000014552,0.0,0.009000000000014552,0.0,0.0,1.0,0.0,0.0,0.002000000000003234,0.002000000000003234,0.0,0.0,1.0
5,36,28,0.0,0.009000000000014552,0.0,0.009000000000014552,0.0,0.0,1.0,0.0,0.0,0.002000000000003234,0.002000000000003234,0.0,0.0,1.0
5,36,30,0.0,0.010999999999967258,0.0,0.010999999999967258,0.0,0.0,1.0,0.0,0.0,0.0012222222222185843,0.0012222222222185843,0.0,0.0,1.0
5,36,33,0.0,0.011999999999716238,0.0,0.011999999999716238,0.0,0.0,1.0,0.0,0.0,0.0013333333333018043,0.0013333333333018043,0.0,0.0,1.0
5,36,35,0.0,0.008000000000265572,0.0,0.008000000000265572,0.0,0.0,1.0,0.0,0.0,0.0017777777777862665,0.0017777777777862665,0.0,0.0,1.0
5,36,36,0.0,0.007999999999810825,0.0,0.007999999999810825,0.0,0.0,1.0,0.0,0.0,0.003111111111138598,0.003111111111138598,0.0,0.0,1.0
5,36,37,0.0,0.012000000000170985,0.0,0.012000000000170985,0.0,0.0,1.0,0.0,0.0,0.0022222222222202013,0.0022222222222202013,0.0,0.0,1.0
5,36,40,0.0,0.010999999999967258,0.0,0.010999999999967258,0.0,0.0,1.0,0.0,0.0,0.0024444444444371685,0.0024444444444371685,0.0,0.0,1.0
5,36,41,0.0,0.010999999999967258,0.0,0.010999999999967258,0.0,0.0,1.0,0.0,0.0,0.0024444444444371685,0.0024444444444371685,0.0,0.0,1.0
5,36,44,0.0,0.009000000000014552,0.0,0.009000000000014552,0.0,0.0,1.0,0.0,0.0,0.001000000000001617,0.001000000000001617,0.0,0.0,1.0
5,36,46,0.0,0.018000000000029104,0.0,0.018000000000029104,0.0,0.0,1.0,0.0,0.0,0.002000000000003234,0.002000000000003234,0.0,0.0,1.0
5,36,48,0.0,0.010999999999967258,0.0,0.010999999999967258,0.0,0.0,1.0,0.0,0.0,0.0012222222222185843,0.0012222222222185843,0.0,0.0,1.0
5,36,51,0.0,0.012000000000170985,0.0,0.012000000000170985,0.0,0.0,1.0,0.0,0.0,0.0013333333333523318,0.0013333333333523318,0.0,0.0,1.0
5,36,54,0.0,0.007999999999810825,0.0,0.007999999999810825,0.0,0.0,1.0,0.0,0.0,0.0021111111110864536,0.0021111111110864536,0.0,0.0,1.0
5,36,56,0.0,0.010999999999967258,0.0,0.010999999999967258,0.0,0.0,1.0,0.0,0.0,0.0032222222221712903,0.0032222222221712903,0.0,0.0,1.0
5,36,57,0.0,0.009999999999763531,0.0,0.009999999999763531,0.0,0.0,1.0,0.0,0.0,0.002333333333303421,0.002333333333303421,0.0,0.0,1.0
5,36,59,0.0,0.010000000000218279,0.0,0.010000000000218279,0.0,0.0,1.0,0.0,0.0,0.0011111111111353643,0.0011111111111353643,0.0,0.0,1.0
5,36,62,0.0,0.010000000000218279,0.0,0.010000000000218279,0.0,0.0,1.0,0.0,0.0,0.0011111111111353643,0.0011111111111353643,0.0,0.0,1.0
5,36,64,0.0,0.009000000000014552,0.0,0.009000000000014552,0.0,0.0,1.0,0.0,0.0,0.002000000000003234,0.002000000000003234,0.0,0.0,1.0
5,36,65,0.0,0.009000000000014552,0.0,0.009000000000014552,0.0,0.0,1.0,0.0,0.0,0.003222222222221818,0.003222222222221818,0.0,0.0,1.0
5,36,66,0.0,0.010999999999967258,0.0,0.010999999999967258,0.0,0.0,1.0,0.0,0.0,0.0034444444444387853,0.0034444444444387853,0.0,0.0,1.0
5,36,67,0.0,0.010999999999967258,0.0,0.010999999999967258,0.0,0.0,1.0,0.0,0.0,0.004555555555523622,0.004555555555523622,0.0,0.0,1.0
5,36,68,0.0,0.018999999999778083,0.0,0.018999999999778083,0.0,0.0,1.0,0.0,0.0,0.00777777777774544,0.00777777777774544,0.0,0.0,1.0
5,36,69,0.0,0.03999999999996362,0.0,0.03999999999996362,0.0,0.0,1.0,0.0,0.0,0.00766666666666222,0.00766666666666222,0.0,0.0,1.0
5,36,70,0.0,0.010000000000218279,0.0,0.010000000000218279,0.0,0.0,1.0,0.0,0.0,0.00766666666666222,0.00766666666666222,0.0,0.0,1.0
5,36,71,0.0,0.018999999999778083,0.0,0.018999999999778083,0.0,0.0,1.0,0.0,0.0,0.004333333333357182,0.004333333333357182,0.0,0.0,1.0
5,36,72,0.0,0.010000000000218279,0.0,0.010000000000218279,0.0,0.0,1.0,0.0,0.0,0.004666666666657369,0.004666666666657369,0.0,0.0,1.0
5,36,73,0.0,0.012999999999919964,0.0,0.012999999999919964,0.0,0.0,1.0,0.0,0.0,0.010111111111149916,0.010111111111149916,0.0,0.0,1.0
5,36,74,0.0,0.028000000000247383,0.0,0.028000000000247383,0.0,0.0,1.0,0.0,0.0,0.013500000000021828,0.013500000000021828,0.0,0.0,1.0
5,37,0,0.0,34.27200000000096,0.0,34.27200000000096,0.0,0.0,1.0,0.0,0.0,15.13016666666664,15.13016666666664,0.0,0.0,1.0
5,37,1,0.0,0.11099999999987631,0.0,0.11099999999987631,0.0,0.0,1.0,0.0,0.0,10.847222222222236,10.847222222222236,0.0,0.0,1.0
5,37,2,0.0,0.9499999999993634,0.0,0.9499999999993634,0.0,0.0,1.0,0.0,0.0,1.4253333333333813,1.4253333333333813,0.0,0.0,1.0
5,37,3,0.0,0.8930000000004839,0.0,0.8930000000004839,0.0,0.0,1.0,0.0,0.0,1.7691111111113667,1.7691111111113667,0.0,0.0,1.0
5,37,4,0.0,3.276999999999475,0.0,3.276999999999475,0.0,0.0,1.0,0.0,0.0,1.4312222222225472,1.4312222222225472,0.0,0.0,1.0
5,37,5,0.0,0.7190000000006194,0.0,0.7190000000006194,0.0,0.0,1.0,0.0,0.0,1.2416666666669143,1.2416666666669143,0.0,0.0,1.0
5,37,6,0.0,0.5469999999993433,0.0,0.5469999999993433,0.0,0.0,1.0,0.0655555555555212,0.0,1.2727777777780476,1.3383333333335687,0.04898298048979552,0.0,0.9510170195102045
5,37,7,0.5899999999996908,3.228999999999246,0.0,3.818999999998937,0.15449070437283452,0.0,0.8455092956271655,0.07322222222223394,0.0,1.8143333333332772,1.887555555555511,0.0387920885330893,0.0,0.9612079114669108
5,37,8,0.06900000000041473,2.8959999999991624,0.0,2.964999999999577,0.023271500843313513,0.0,0.9767284991566865,0.08666666666663837,0.0,3.1243333333332983,3.210999999999937,0.0269905533063345,0.0,0.9730094466936655
5,37,9,0.12099999999963984,3.41399999999976,0.0,3.5349999999993997,0.03422913719933816,0.0,0.9657708628006618,0.02566666666669133,0.12977777777776586,3.5931111111111704,3.748555555555628,0.006847081838936998,0.03462074280463202,0.958532175356431
5,37,10,0.04100000000016735,7.988000000001762,1.1679999999998927,9.197000000001822,0.004457975426786912,0.12699793410891175,0.8685440904643014,0.01799999999997858,0.18655555555548944,4.062555555555832,4.2671111111113005,0.004218310592641392,0.04371940422870874,0.9520622851786498
5,37,11,0.0,7.735000000000241,0.10999999999967258,7.844999999999914,0.0,0.014021669853368234,0.9859783301466317,0.004555555555574149,0.1933333333332838,4.049222222222296,4.247111111111154,0.0010726245290960373,0.045521138551683146,0.9534062369192208
5,37,12,0.0,5.443999999999733,0.06100000000014916,5.504999999999882,0.0,0.0110808356040237,0.9889191643959763,0.0,0.11244444444441291,3.6951111111110193,3.807555555555432,0.0,0.029531924827820386,0.9704680751721796
5,37,13,0.0,4.571999999999434,0.44000000000005457,5.011999999999489,0.0,0.08778930566642047,0.9122106943335795,0.0,0.06788888888887513,4.7638888888888005,4.831777777777676,0.0,0.01405049901117346,0.9859495009888265
5,37,14,0.0,15.228000000001543,0.10999999999967258,15.338000000001216,0.0,0.00717173034291719,0.9928282696570828,0.0,0.061111111111080786,4.392777777777799,4.45388888888888,0.0,0.01372084320817583,0.9862791567918242
5,37,15,0.0,1.0210000000002992,0.0,1.0210000000002992,0.0,0.0,1.0,0.0,0.0864444444444214,5.345555555555457,5.431999999999878,0.0,0.015913925707736257,0.9840860742922638
5,37,16,0.0,9.727999999998701,0.0,9.727999999998701,0.0,0.0,1.0,0.0,0.16866666666672045,3.4544444444443343,3.6231111111110548,0.0,0.04655299313053569,0.9534470068694643
5,37,17,0.0,0.6839999999999691,0.21000000000003638,0.8940000000000055,0.0,0.23489932885909967,0.7651006711409003,0.0,0.1686666666667204,4.16577777777776,4.33444444444448,0.0,0.03891309920534405,0.9610869007946561
5,37,18,0.0,9.91200000000049,0.0,9.91200000000049,0.0,0.0,1.0,0.0,0.11755555555575686,3.0020000000000664,3.119555555555823,0.0,0.03768343068819351,0.9623165693118065
5,37,19,0.0,2.6730000000004566,0.0,2.6730000000004566,0.0,0.0,1.0,0.0,0.02311111111127197,2.4341111111111786,2.4572222222224505,0.0,0.009405380963211776,0.9905946190367882
5,37,20,0.0,0.158999999999196,0.0,0.158999999999196,0.0,0.0,1.0,0.0,0.02311111111127197,0.7785555555555751,0.801666666666847,0.0,0.028828828829023,0.9711711711709771
5,38,0,0.0,20.77399999999966,0.0,20.77399999999966,0.0,0.0,1.0,0.01999999999998181,0.07816666666667516,13.766666666666215,13.864833333332871,0.0014424984072400782,0.005637764608302378,0.9929197369844576
5,38,1,0.0,2.4939999999992324,0.0,2.4939999999992324,0.0,0.0,1.0,0.013333333333321207,0.05211111111111677,9.94288888888871,10.008333333333148,0.0013322231473759988,0.005206772134333163,0.9934610047182908
5,38,2,0.0,5.728000000000975,0.0,5.728000000000975,0.0,0.0,1.0,0.0,0.0,1.5821111111112156,1.5821111111112156,0.0,0.0,1.0
5,38,3,0.0,1.2720000000010714,0.0,1.2720000000010714,0.0,0.0,1.0,0.0,0.0,2.036444444444656,2.036444444444656,0.0,0.0,1.0
5,38,4,0.0,1.0750000000005002,0.0,1.0750000000005002,0.0,0.0,1.0,0.0,0.0,1.5953333333334536,1.5953333333334536,0.0,0.0,1.0
5,38,5,0.0,0.07000000000016371,0.0,0.07000000000016371,0.0,0.0,1.0,0.0,0.0,1.3578888888889145,1.3578888888889145,0.0,0.0,1.0
5,38,6,0.0,0.07300000000009277,0.0,0.07300000000009277,0.0,0.0,1.0,0.0655555555555212,0.0,1.0787777777776582,1.1443333333331793,0.057287115253885836,0.0,0.9427128847461141
5,38,7,0.0,0.4409999999993488,0.0,0.4409999999993488,0.0,0.0,1.0,0.07322222222223394,0.0,1.704444444444233,1.7776666666664669,0.04119007437965995,0.0,0.9588099256203401
5,38,8,0.0,0.5519999999996799,0.0,0.5519999999996799,0.0,0.0,1.0,0.08666666666663837,0.0,2.4603333333330335,2.546999999999672,0.0340269598220061,0.0,0.9659730401779939
5,38,9,0.0,0.2849999999998545,0.0,0.2849999999998545,0.0,0.0,1.0,0.02566666666669133,0.12977777777776586,3.9455555555557567,4.101000000000214,0.006258636105020724,0.03164539814137018,0.962095965753609
5,38,10,0.0,0.7300000000016098,0.0,0.7300000000016098,0.0,0.0,1.0,0.01799999999997858,0.18655555555548944,5.07222222222246,5.276777777777928,0.003411172643233509,0.03535406708638178,0.9612347602703847
5,38,11,0.0,3.232999999999265,0.40099999999983993,3.633999999999105,0.0,0.1103467253714746,0.8896532746285254,0.004555555555574149,0.1933333333332838,5.81022222222244,6.008111111111298,0.0007582342389023369,0.03217872135815472,0.9670630444029429
5,38,12,0.0,2.2899999999999636,0.0,2.2899999999999636,0.0,0.0,1.0,0.0,0.11244444444441291,5.285999999999869,5.398444444444282,0.0,0.020829045404020637,0.9791709545959794
5,38,13,0.0,0.0590000000006512,0.0,0.0590000000006512,0.0,0.0,1.0,0.0,0.06788888888887513,5.804666666666776,5.8725555555556515,0.0,0.011560365542161584,0.9884396344578383
5,38,14,0.0,2.5489999999995234,0.0,2.5489999999995234,0.0,0.0,1.0,0.0,0.061111111111080786,5.59333333333364,5.654444444444721,0.0,0.010807624287673416,0.9891923757123265
5,38,15,0.0,2.604000000000724,0.0,2.604000000000724,0.0,0.0,1.0,0.0,0.0864444444444214,8.009222222222458,8.09566666666688,0.0,0.010677866073753753,0.9893221339262463
5,38,16,0.0,5.371000000000095,0.66800000000012,6.039000000000215,0.0,0.11061434012255279,0.8893856598774472,0.0,0.16866666666672045,7.521333333333321,7.690000000000041,0.0,0.02193324664066574,0.9780667533593344
5,38,17,0.0,4.527999999999679,0.6400000000003274,5.168000000000006,0.0,0.1238390092879889,0.8761609907120111,0.0,0.1686666666667204,8.358333333333297,8.527000000000017,0.0,0.01978030569563974,0.9802196943043603
5,38,18,0.0,3.643000000000029,0.0,3.643000000000029,0.0,0.0,1.0,0.0,0.22911111111120086,6.212999999999915,6.442111111111116,0.0,0.03556460097622943,0.9644353990237706
5,38,19,0.0,3.2620000000000573,0.20800000000144792,3.470000000001505,0.0,0.0599423631127832,0.9400576368872168,0.0,0.13466666666671598,4.21366666666654,4.3483333333332554,0.0,0.030969720199321975,0.969030279800678
5,38,20,0.0,0.22100000000045839,0.0,0.22100000000045839,0.0,0.0,1.0,0.0,0.13466666666671598,2.0582222222220707,2.1928888888887865,0.0,0.061410620186486645,0.9385893798135134
5,38,21,0.0,0.6610000000000582,0.0,0.6610000000000582,0.0,0.0,1.0,0.0,0.0,0.35688888888878667,0.35688888888878667,0.0,0.0,1.0
5,38,22,0.0,0.10899999999946886,0.0,0.10899999999946886,0.0,0.0,1.0,0.0,0.0,0.33222222222224856,0.33222222222224856,0.0,0.0,1.0
5,38,23,0.0,0.6400000000007822,0.0,0.6400000000007822,0.0,0.0,1.0,0.0,0.0,0.14055555555549087,0.14055555555549087,0.0,0.0,1.0
5,38,24,0.0,0.0999999999994543,0.0,0.0999999999994543,0.0,0.0,1.0,0.0,0.0,0.11766666666673901,0.11766666666673901,0.0,0.0,1.0
5,38,25,0.0,0.05200000000058935,0.0,0.05200000000058935,0.0,0.0,1.0,0.0,0.0,0.05022222222229781,0.05022222222229781,0.0,0.0,1.0
5,39,0,0.11999999999989086,24.55299999999761,0.46900000000005093,25.14199999999755,0.004772889984881973,0.018654045024266035,0.976573064990852,0.01999999999998181,0.08166666666663029,9.141833333332803,9.243499999999415,0.002163682587762544,0.008835037233367822,0.9890012801788697
5,39,1,0.0,0.39599999999995816,0.0,0.39599999999995816,0.0,0.0,1.0,0.013333333333321207,0.0544444444444202,6.761111111110936,6.828888888888677,0.0019524894240139047,0.007972665148060477,0.9900748454279257
5,39,2,0.0,0.2080000000007658,0.0,0.2080000000007658,0.0,0.0,1.0,0.0,0.0,1.3928888888890976,1.3928888888890976,0.0,0.0,1.0
5,39,3,0.0,2.186999999999216,0.0,2.186999999999216,0.0,0.0,1.0,0.0,0.0,1.7924444444448806,1.7924444444448806,0.0,0.0,1.0
5,39,4,0.0,2.7380000000000564,0.0,2.7380000000000564,0.0,0.0,1.0,0.0,0.0,1.4418888888891008,1.4418888888891008,0.0,0.0,1.0
5,39,5,0.0,2.126999999999498,0.0,2.126999999999498,0.0,0.0,1.0,0.0,0.0,1.3735555555556147,1.3735555555556147,0.0,0.0,1.0
5,39,6,0.0,1.595000000000482,0.0,1.595000000000482,0.0,0.0,1.0,0.0,0.0,0.8309999999997518,0.8309999999997518,0.0,0.0,1.0
5,39,7,0.0,0.9080000000001291,0.0,0.9080000000001291,0.0,0.0,1.0,0.0,0.0,1.4807777777777016,1.4807777777777016,0.0,0.0,1.0
5,39,8,0.0,5.099000000000615,0.0,5.099000000000615,0.0,0.0,1.0,0.0,0.0,2.1253333333333253,2.1253333333333253,0.0,0.0,1.0
5,39,9,0.0,5.318999999999505,0.0,5.318999999999505,0.0,0.0,1.0,0.0,0.0,3.2008888888890645,3.2008888888890645,0.0,0.0,1.0
5,39,10,0.0,9.226999999999862,0.0,9.226999999999862,0.0,0.0,1.0,0.0,0.04455555555553777,3.494666666666667,3.5392222222222047,0.0,0.012589081091258027,0.9874109189087419
5,39,11,0.0,7.719000000000278,0.0,7.719000000000278,0.0,0.0,1.0,0.0,0.04455555555553777,4.697888888888908,4.742444444444446,0.0,0.009395061149895504,0.9906049388501046
5,39,12,0.0,7.925999999999249,0.0,7.925999999999249,0.0,0.0,1.0,0.0,0.04455555555553777,4.459444444444367,4.5039999999999045,0.0,0.009892441286753711,0.9901075587132464
5,39,13,0.0,8.596000000000004,0.0,8.596000000000004,0.0,0.0,1.0,0.0,0.0,4.440111111111125,4.440111111111125,0.0,0.0,1.0
5,39,14,0.0,5.578000000000884,0.0,5.578000000000884,0.0,0.0,1.0,0.0,0.0,4.255888888888914,4.255888888888914,0.0,0.0,1.0
5,39,15,0.0,10.132999999999697,0.0,10.132999999999697,0.0,0.0,1.0,0.0,0.07422222222223555,6.835555555555743,6.909777777777979,0.0,0.010741622177913754,0.9892583778220861
5,39,16,0.0,19.871000000000663,0.0,19.871000000000663,0.0,0.0,1.0,0.0,0.14533333333338305,8.097777777777942,8.243111111111325,0.0,0.017630883700873637,0.9823691162991264
5,39,17,0.0,13.752000000000066,0.0,13.752000000000066,0.0,0.0,1.0,0.0,0.14533333333338305,7.754666666666797,7.90000000000018,0.0,0.018396624472579715,0.9816033755274203
5,39,18,0.0,7.73599999999999,0.0,7.73599999999999,0.0,0.0,1.0,0.0,0.20577777777786346,6.324444444444301,6.530222222222164,0.0,0.03151160416526216,0.9684883958347378
5,39,19,0.0,9.726999999998498,1.003999999998996,10.730999999997493,0.0,0.09356071195594357,0.9064392880440564,0.0,0.13466666666671598,4.008888888888754,4.14355555555547,0.0,0.032500268154040245,0.9674997318459598
5,39,20,0.0,0.5899999999996908,0.0,0.5899999999996908,0.0,0.0,1.0,0.0,0.134666666666716,2.6291111111110013,2.763777777777717,0.0,0.0487255769076333,0.9512744230923668
5,39,21,0.0,1.231000000000222,0.0,1.231000000000222,0.0,0.0,1.0,0.0,0.0,0.4948888888888581,0.4948888888888581,0.0,0.0,1.0
5,39,22,0.0,0.24099999999998545,0.0,0.24099999999998545,0.0,0.0,1.0,0.0,0.0,0.391111111111109,0.391111111111109,0.0,0.0,1.0
5,39,23,0.0,0.10799999999971988,0.0,0.10799999999971988,0.0,0.0,1.0,0.0,0.0,0.14055555555549087,0.14055555555549087,0.0,0.0,1.0
5,39,24,0.0,0.06700000000000728,0.0,0.06700000000000728,0.0,0.0,1.0,0.0,0.0,0.11766666666673901,0.11766666666673901,0.0,0.0,1.0
5,39,25,0.0,0.09200000000009823,0.0,0.09200000000009823,0.0,0.0,1.0,0.0,0.0,0.05022222222229781,0.05022222222229781,0.0,0.0,1.0
5,39,26,0.0,0.14100000000053114,0.0,0.14100000000053114,0.0,0.0,1.0,0.0,0.0,0.09500000000010307,0.09500000000010307,0.0,0.0,1.0
5,39,27,0.0,0.569999999999709,0.0,0.569999999999709,0.0,0.0,1.0,0.0,0.0,0.08444444444446869,0.08444444444446869,0.0,0.0,1.0
5,39,28,0.0,0.04899999999997817,0.0,0.04899999999997817,0.0,0.0,1.0,0.0,0.0,0.07777777777775757,0.07777777777775757,0.0,0.0,1.0
5,39,29,0.0,0.08100000000013097,0.0,0.08100000000013097,0.0,0.0,1.0,0.0,0.0,0.017666666666678387,0.017666666666678387,0.0,0.0,1.0
5,39,30,0.0,0.028999999999996362,0.0,0.028999999999996362,0.0,0.0,1.0,0.0,0.0,0.013333333333321207,0.013333333333321207,0.0,0.0,1.0
5,39,31,0.0,0.009999999999763531,0.0,0.009999999999763531,0.0,0.0,1.0,0.0,0.0,0.004333333333306655,0.004333333333306655,0.0,0.0,1.0
5,40,0,0.0,6.557999999999879,0.02099999999973079,6.57899999999961,0.0,0.003191974464163556,0.9968080255358365,0.0518333333332824,0.08499999999988479,6.660166666666233,6.7969999999994,0.00762591339315683,0.012505517139898822,0.9798685694669443
5,40,1,0.0,0.07600000000047658,0.0,0.07600000000047658,0.0,0.0,1.0,0.03555555555552322,0.056666666666589864,4.477222222221914,4.569444444444027,0.007781155015191202,0.012401215805455449,0.9798176291793533
5,40,2,0.0,0.06299999999987449,0.0,0.06299999999987449,0.0,0.0,1.0,0.0032222222222723453,0.0,0.45422222222230674,0.4574444444445791,0.007043964051601305,0.0,0.9929560359483987
5,40,3,0.0,0.11200000000030741,0.0,0.11200000000030741,0.0,0.0,1.0,0.004000000000006468,0.0,1.420666666666736,1.4246666666667425,0.0028076743097844564,0.0,0.9971923256902155
5,40,4,0.0,2.7490000000011605,0.0,2.7490000000011605,0.0,0.0,1.0,0.0030000000000048508,0.0,1.7446666666667043,1.7476666666667091,0.0017165744802621274,0.0,0.9982834255197379
5,40,5,0.0,0.6469999999999345,0.0,0.6469999999999345,0.0,0.0,1.0,0.0018888888888694867,0.0,1.9336666666664921,1.9355555555553616,0.0009758897818500048,0.0,0.99902411021815
5,40,6,0.0,1.2879999999986467,0.0,1.2879999999986467,0.0,0.0,1.0,0.0007777777777846495,0.041666666666666664,1.2071111111109127,1.2495555555553641,0.0006224435354848763,0.0333451894006809,0.9660323670638341
5,40,7,0.0,0.3299999999994725,0.0,0.3299999999994725,0.0,0.0,1.0,0.06266666666667535,0.05422222222222849,2.2197777777777596,2.3366666666666633,0.026818830242514455,0.023204945316217647,0.949976224441268
5,40,8,0.0,3.0410000000008495,0.0,3.0410000000008495,0.0,0.0,1.0,0.06266666666667535,0.05422222222222849,3.2137777777777,3.3306666666666036,0.01881505204163627,0.01627969041900406,0.9649052575393597
5,40,9,0.0,3.1530000000004748,0.0,3.1530000000004748,0.0,0.0,1.0,0.06188888888889071,0.012555555555561822,4.903222222222339,4.977666666666791,0.012433313243599241,0.0025223777316469914,0.9850443090247538
5,40,10,0.0,1.4019999999991342,0.0,1.4019999999991342,0.0,0.0,1.0,0.0,0.0,4.614333333333447,4.614333333333447,0.0,0.0,1.0
5,40,11,0.0,0.38400000000001455,0.0,0.38400000000001455,0.0,0.0,1.0,0.0,0.0,5.650111111111477,5.650111111111477,0.0,0.0,1.0
5,40,12,0.0,9.3700000000008,0.0,9.3700000000008,0.0,0.0,1.0,0.0,0.0,4.705111111110922,4.705111111110922,0.0,0.0,1.0
5,40,13,0.0,0.5579999999990832,0.0,0.5579999999990832,0.0,0.0,1.0,0.0,0.0,5.754444444444554,5.754444444444554,0.0,0.0,1.0
5,40,14,0.0,3.034999999999968,0.0,3.034999999999968,0.0,0.0,1.0,0.0,0.0,6.079000000000103,6.079000000000103,0.0,0.0,1.0
5,40,15,0.0,5.19099999999969,0.0,5.19099999999969,0.0,0.0,1.0,0.0,0.0343333333333299,8.99066666666718,9.025000000000508,0.0,0.003804247460756561,0.9961957525392435
5,40,16,0.0,7.188000000000443,0.0,7.188000000000443,0.0,0.0,1.0,0.0,0.0968888888888715,9.359111111111183,9.456000000000055,0.0,0.01024628689603119,0.9897537131039688
5,40,17,0.0,4.2420000000004165,0.0,4.2420000000004165,0.0,0.0,1.0,0.0,0.09688888888887152,8.978444444444259,9.07533333333313,0.0,0.010676069443422503,0.9893239305565775
5,40,18,0.0,3.4609999999997854,0.0,3.4609999999997854,0.0,0.0,1.0,0.0,0.17411111111098557,7.535555555555145,7.70966666666613,0.0,0.022583481055514422,0.9774165189444857
5,40,19,0.0,6.569000000000187,0.0,6.569000000000187,0.0,0.0,1.0,0.0,0.111555555555444,5.695777777777367,5.807333333332811,0.0,0.019209428691675013,0.9807905713083249
5,40,20,0.0,0.8710000000000946,0.0,0.8710000000000946,0.0,0.0,1.0,0.0,0.35722222222213734,3.5722222222220807,3.929444444444218,0.0,0.09090909090907455,0.9090909090909255
5,40,21,0.0,0.5299999999997453,0.0,0.5299999999997453,0.0,0.0,1.0,0.0,0.24566666666669335,1.0250000000000277,1.270666666666721,0.0,0.19333683105982385,0.8066631689401762
5,41,0,0.18099999999958527,7.708999999999378,0.019999999999527063,7.90999999999849,0.022882427307158004,0.002528445006261805,0.9745891276865802,0.031833333333300594,0.006833333333209642,2.8881666666665637,2.926833333333074,0.01087637378280397,0.0023347189795149188,0.9867889072376812
5,41,1,0.010000000000218279,0.6690000000000964,0.0,0.6790000000003147,0.014727540501051023,0.0,0.9852724594989489,0.02222222222220201,0.004555555555473095,1.9394444444442722,1.9662222222219474,0.011301989150081716,0.00231690777572692,0.9863811030741914
5,41,2,0.009000000000014552,0.06299999999919237,0.0,0.07199999999920692,0.125000000001579,0.0,0.874999999998421,0.13633333333331799,0.007777777777745441,0.31888888888911676,0.46300000000018016,0.2944564434843735,0.01679865610743502,0.6887449004081916
5,41,3,0.010000000000218279,0.314000000000874,0.0,0.3240000000010923,0.030864197531433844,0.0,0.9691358024685661,0.39155555555529037,0.023444444444370067,1.3747777777779724,1.789777777777633,0.21877328035745583,0.013099081201846764,0.7681276384406973
5,41,4,0.016999999999825377,4.35199999999918,0.0,4.368999999999005,0.003891050583618505,0.0,0.9961089494163815,0.39399999999982865,0.023444444444370067,1.8141111111113508,2.2315555555555493,0.17655845449106095,0.010505875323607408,0.8129356701853317
5,41,5,0.0,0.4760000000001128,0.0,0.4760000000001128,0.0,0.0,1.0,0.2619999999998173,0.01566666666662463,2.1092222222221406,2.3868888888885826,0.10976631598541377,0.006563634670870485,0.8836700493437157
5,41,6,0.0,1.430999999999358,0.0,1.430999999999358,0.0,0.0,1.0,0.00966666666676651,0.041666666666666664,1.305999999999939,1.3573333333333721,0.007121807465692215,0.03069744597249421,0.9621807465618136
5,41,7,0.007000000000061846,2.0620000000005803,0.375,2.444000000000642,0.002864157119500821,0.1534369885433312,0.843698854337168,0.11366666666658097,0.05422222222222849,2.192111111111027,2.3599999999998365,0.04816384180787663,0.022975517890776377,0.9288606403013471
5,41,8,0.5570000000000164,4.223999999999705,0.11300000000005639,4.893999999999778,0.11381283203924022,0.023089497343698716,0.8630976706170611,0.11555555555557678,0.05422222222222849,2.680555555555417,2.850333333333222,0.04054106732156986,0.019023116204735332,0.9404358164736949
5,41,9,0.0,4.7879999999979646,0.0,4.7879999999979646,0.0,0.0,1.0,0.11644444444439411,0.017000000000002225,4.324666666666569,4.4581111111109655,0.026119681977907466,0.00381327418189131,0.9700670438402011
5,41,10,0.0,7.876000000002932,0.0,7.876000000002932,0.0,0.0,1.0,0.027888888888987315,0.01444444444445657,3.380555555555576,3.4228888888890197,0.008147763422738305,0.004219957151207692,0.987632279426054
5,41,11,0.0,1.661000000000854,0.0,1.661000000000854,0.0,0.0,1.0,0.12822222222217128,0.027777777777777776,5.551666666666911,5.70766666666686,0.022464910743824142,0.004866748428040093,0.9726683408281358
5,41,12,0.0,5.286000000000172,0.0,5.286000000000172,0.0,0.0,1.0,0.30566666666666403,0.07544444444445414,4.178888888888726,4.559999999999844,0.06703216374269177,0.016544834307994895,0.9164230019493134
5,41,13,0.0,0.8459999999978436,0.0,0.8459999999978436,0.0,0.0,1.0,0.5137777777777299,0.11099999999997735,5.578777777777823,6.20355555555553,0.08281988823612961,0.017892964608106465,0.899287147155764
5,41,14,0.0,10.595000000002983,0.0,10.595000000002983,0.0,0.0,1.0,0.40933333333338046,0.22077777777783716,4.9751111111109925,5.60522222222221,0.0730271373917266,0.039387872420570874,0.8875849901877025
5,41,15,0.0,10.17900000000077,0.0,10.17900000000077,0.0,0.0,1.0,0.22700000000001333,0.2285555555556079,9.250555555555744,9.706111111111365,0.0233873275714048,0.023547593154374873,0.9530650792742204
5,41,16,0.0,9.145999999999503,0.3089999999999691,9.454999999999472,0.0,0.03268112109994567,0.9673188789000543,0.0,0.29622222222219025,9.025666666666604,9.321888888888795,0.0,0.03177705996638425,0.9682229400336156
5,41,17,0.0,4.529999999999404,0.5629999999998745,5.092999999999279,0.0,0.11054388376201732,0.8894561162379827,0.0,0.1731111111110092,10.079888888888666,10.252999999999675,0.0,0.016883947245783158,0.9831160527542169
5,41,18,0.0,10.879999999998063,0.0,10.879999999998063,0.0,0.0,1.0,0.0,0.11322222222212175,7.141999999999698,7.25522222222182,0.0,0.015605617409668931,0.9843943825903311
5,41,19,0.0,6.922999999999888,0.0,6.922999999999888,0.0,0.0,1.0,0.0,0.0,6.904333333333208,6.904333333333208,0.0,0.0,1.0
5,41,20,0.0,4.505000000000109,0.0,4.505000000000109,0.0,0.0,1.0,0.0,0.35477777777785174,3.825888888888951,4.180666666666802,0.0,0.08486153191943237,0.9151384680805678
5,41,21,0.0,1.204000000000292,2.21100000000024,3.415000000000532,0.0,0.6474377745241275,0.35256222547587246,0.0,0.35477777777785174,1.8953333333334583,2.25011111111131,0.0,0.1576712261123097,0.8423287738876903
5,41,22,0.0,0.05300000000011096,0.0,0.05300000000011096,0.0,0.0,1.0,0.0,0.35477777777785174,0.6323333333331341,0.9871111111109858,0.0,0.3594101755966987,0.6405898244033014
5,41,23,0.0,0.05999999999994543,0.0,0.05999999999994543,0.0,0.0,1.0,0.0,0.0,0.11111111111108525,0.11111111111108525,0.0,0.0,1.0
5,41,24,0.0,0.038000000000010914,0.0,0.038000000000010914,0.0,0.0,1.0,0.0,0.0,0.10755555555546219,0.10755555555546219,0.0,0.0,1.0
5,41,25,0.0,0.06099999999992178,0.0,0.06099999999992178,0.0,0.0,1.0,0.0,0.0,0.04800000000010227,0.04800000000010227,0.0,0.0,1.0
5,41,26,0.0,0.07100000000014006,0.0,0.07100000000014006,0.0,0.0,1.0,0.0,0.0,0.03911111111112042,0.03911111111112042,0.0,0.0,1.0
5,41,27,0.0,0.09799999999995634,0.0,0.09799999999995634,0.0,0.0,1.0,0.0,0.0,0.038222222222303086,0.038222222222303086,0.0,0.0,1.0
5,41,28,0.0,0.07600000000002183,0.0,0.07600000000002183,0.0,0.0,1.0,0.0,0.0,0.04411111111107798,0.04411111111107798,0.0,0.0,1.0
5,41,29,0.0,0.09500000000002728,0.0,0.09500000000002728,0.0,0.0,1.0,0.0,0.0,0.05511111111104524,0.05511111111104524,0.0,0.0,1.0
5,41,30,0.0,0.21699999999987085,0.0,0.21699999999987085,0.0,0.0,1.0,0.0,0.0,0.07599999999999597,0.07599999999999597,0.0,0.0,1.0
5,41,31,0.0,0.18100000000004002,0.0,0.18100000000004002,0.0,0.0,1.0,0.0,0.0,0.0744444444444772,0.0744444444444772,0.0,0.0,1.0
5,42,0,0.0,2.3069999999993342,0.0,2.3069999999993342,0.0,0.0,1.0,0.031833333333300594,0.0033333333332545103,1.887833333333257,1.9229999999998122,0.01655399549313765,0.0017334026693992905,0.981712601837463
5,42,1,0.0,0.010000000000218279,0.0,0.010000000000218279,0.0,0.0,1.0,0.02222222222220201,0.0022222222221696735,1.2667777777776337,1.2912222222220053,0.017210222872373435,0.001721022287198212,0.9810687548404283
5,42,3,1.1979999999994106,1.5630000000010114,0.06999999999970896,2.831000000000131,0.42317202401955323,0.02472624514295504,0.5521017308374917,0.5946666666665502,0.054888888888854126,1.0524444444445054,1.7019999999999098,0.34939287113195167,0.0322496409452744,0.6183574879227739
5,42,4,2.2899999999981446,3.157000000000153,0.14099999999962165,5.587999999997919,0.4098067287041871,0.025232641374315346,0.5649606299214975,0.7258888888889286,0.054888888888854126,1.4290000000000749,2.2097777777778576,0.3284895414320254,0.024839098954126573,0.646671359613848
5,42,5,0.031000000000858563,2.956999999999425,0.0,2.9880000000002838,0.010374832664275642,0.0,0.9896251673357244,0.5001111111111338,0.01566666666662463,1.659555555555471,2.1753333333332296,0.2299009091837991,0.007201961385209336,0.7628971294309915
5,42,6,0.019999999999527063,1.9260000000012951,0.0,1.9460000000008222,0.010277492291633408,0.0,0.9897225077083666,0.15844444444463895,0.041666666666666664,1.155444444444533,1.3555555555558387,0.11688524590175842,0.030737704918026364,0.8523770491802152
5,42,7,0.02900000000045111,0.6370000000006257,0.0,0.6660000000010768,0.04354354354415048,0.0,0.9564564564558495,0.13677777777770145,0.05422222222222849,1.8055555555555685,1.9965555555554984,0.06850687294781838,0.02715788302076189,0.9043352440314197
5,42,8,0.40999999999917236,4.789999999998713,0.0,5.199999999997885,0.07884615384602675,0.0,0.9211538461539732,0.1432222222222714,0.05422222222222849,2.10944444444437,2.30688888888887,0.062084577593702596,0.023504479337253657,0.9144109430690438
5,42,9,0.03700000000048931,1.1000000000003638,0.0,1.137000000000853,0.032541776605507076,0.0,0.9674582233944929,0.1814444444443477,0.017000000000002225,4.109111111111058,4.307555555555408,0.042122368964073086,0.003946553858853314,0.9539310771770736
5,42,10,0.04399999999986903,8.547999999998979,0.03999999999996362,8.631999999998811,0.0050973123262135185,0.0046339202965673225,0.9902687673772191,0.35000000000008596,0.02566666666669132,3.931333333333479,4.307000000000256,0.08126306013467963,0.0059592910765474336,0.912777648788773
5,42,11,0.1700000000005275,1.5129999999994652,0.09000000000014552,1.7730000000001382,0.09588268471546207,0.05076142131987507,0.8533558939646628,0.4831111111110053,0.054555555555553935,5.991888888888929,6.529555555555488,0.07398836061666768,0.008355171357587558,0.9176564680257447
5,42,12,0.9399999999991451,13.92499999999984,0.11999999999989086,14.984999999998877,0.06272939606267705,0.008008008008001326,0.9292625959293216,0.6989999999999682,0.12655555555561984,4.337111111110895,5.162666666666483,0.13539514462809785,0.02451360192838798,0.8400912534435142
5,42,13,1.6410000000003038,4.067000000000462,0.46900000000005093,6.177000000000817,0.2656629431763132,0.0759268253197327,0.6584102315039541,0.8507777777776937,0.2429999999999887,5.057222222222182,6.150999999999865,0.1383153597427593,0.039505771419280446,0.8221788688379602
5,42,14,2.04300000000012,2.526999999999248,0.4099999999998545,4.979999999999222,0.41024096385550984,0.08232931726905994,0.5074297188754302,0.7090000000000348,0.33722222222230713,4.3968888888889905,5.443111111111333,0.13025638931983452,0.061953947905622614,0.8077896627745428
5,42,15,0.0,7.777999999998883,1.1080000000006294,8.885999999999513,0.0,0.12469052442051431,0.8753094755794857,0.43088888888890636,0.32066666666668825,9.447666666666931,10.199222222222526,0.04224723018095108,0.03144030590568026,0.9263124639133687
5,42,16,0.0,27.616000000000213,0.2300000000000182,27.84600000000023,0.0,0.008259714142067668,0.9917402858579323,0.3160000000000057,0.38544444444450066,9.428444444444343,10.12988888888885,0.031194814026698357,0.038050214436930525,0.9307549715363711
5,42,17,0.0,5.361000000000104,0.4559999999992215,5.816999999999325,0.0,0.07839092315614138,0.9216090768438586,0.3160000000000057,0.2623333333333196,10.921444444444228,11.499777777777554,0.027478791860713316,0.022812035015168625,0.949709173124118
5,42,18,0.0,18.295000000000073,0.0,18.295000000000073,0.0,0.0,1.0,0.3160000000000057,0.20244444444443213,6.4254444444441114,6.94388888888855,0.04550764061125195,0.02915433234658738,0.9253380270421606
5,42,19,0.0,4.016999999999371,0.0,4.016999999999371,0.0,0.0,1.0,0.0,0.0,6.795444444444431,6.795444444444431,0.0,0.0,1.0
5,42,20,0.0,6.618000000001302,0.0,6.618000000001302,0.0,0.0,1.0,0.0,0.35477777777785174,3.7031111111112858,4.057888888889138,0.0,0.08742915035186523,0.9125708496481347
5,42,21,0.0,3.1959999999995716,0.9820000000004256,4.177999999999997,0.0,0.23504068932513794,0.7649593106748621,0.0,0.35477777777785174,2.486777777778028,2.84155555555588,0.0,0.12485336670056703,0.875146633299433
5,42,22,0.0,0.0809999999999036,0.0,0.0809999999999036,0.0,0.0,1.0,0.0,0.35477777777785174,0.7074444444443908,1.0622222222222426,0.0,0.33399581589964483,0.6660041841003551
5,42,23,0.0,0.566999999998643,0.0,0.566999999998643,0.0,0.0,1.0,0.0,0.0,0.26577777777778483,0.26577777777778483,0.0,0.0,1.0
5,42,24,0.0,0.2010000000011587,0.0,0.2010000000011587,0.0,0.0,1.0,0.0,0.0,0.2622222222221618,0.2622222222221618,0.0,0.0,1.0
5,42,25,0.0,0.040999999999485226,0.0,0.040999999999485226,0.0,0.0,1.0,0.0,0.0,0.12366666666677517,0.12366666666677517,0.0,0.0,1.0
5,42,26,0.0,0.020000000000209184,0.0,0.020000000000209184,0.0,0.0,1.0,0.0,0.0,0.0391111111111222,0.0391111111111222,0.0,0.0,1.0
5,42,27,0.0,0.06100000000037653,0.0,0.06100000000037653,0.0,0.0,1.0,0.0,0.0,0.03822222222230486,0.03822222222230486,0.0,0.0,1.0
5,42,28,0.0,0.018000000000029104,0.0,0.018000000000029104,0.0,0.0,1.0,0.0,0.0,0.04411111111107976,0.04411111111107976,0.0,0.0,1.0
5,42,29,0.0,0.04899999999929605,0.0,0.04899999999929605,0.0,0.0,1.0,0.0,0.0,0.055111111111047016,0.055111111111047016,0.0,0.0,1.0
5,42,30,0.0,0.04100000000016735,0.0,0.04100000000016735,0.0,0.0,1.0,0.0,0.0,0.07599999999999775,0.07599999999999775,0.0,0.0,1.0
5,42,31,0.0,0.10100000000056752,0.0,0.10100000000056752,0.0,0.0,1.0,0.0,0.0,0.07444444444447898,0.07444444444447898,0.0,0.0,1.0
5,42,32,0.0,0.1299999999996544,0.0,0.1299999999996544,0.0,0.0,1.0,0.0,0.0,0.05211111111111796,0.05211111111111796,0.0,0.0,1.0
5,42,33,0.0,0.056999999999789,0.0,0.056999999999789,0.0,0.0,1.0,0.0,0.0,0.0442222222222135,0.0442222222222135,0.0,0.0,1.0
5,42,34,0.0,0.21100000000046748,0.0,0.21100000000046748,0.0,0.0,1.0,0.0,0.0,0.038000000000037365,0.038000000000037365,0.0,0.0,1.0
5,42,35,0.0,0.07400000000006912,0.0,0.07400000000006912,0.0,0.0,1.0,0.0,0.0,0.03933333333336443,0.03933333333336443,0.0,0.0,1.0
5,42,36,0.0,0.06899999999973261,0.0,0.06899999999973261,0.0,0.0,1.0,0.0,0.0,0.02044444444441693,0.02044444444441693,0.0,0.0,1.0
5,42,37,0.0,0.04099999999993997,0.0,0.04099999999993997,0.0,0.0,1.0,0.0,0.0,0.016444444444435723,0.016444444444435723,0.0,0.0,1.0
5,42,38,0.0,0.03800000000023829,0.0,0.03800000000023829,0.0,0.0,1.0,0.0,0.0,0.014333333333374535,0.014333333333374535,0.0,0.0,1.0
5,42,39,0.0,0.0500000000001819,0.0,0.0500000000001819,0.0,0.0,1.0,0.0,0.0,0.016555555555569475,0.016555555555569475,0.0,0.0,1.0
5,42,40,0.0,0.06099999999969441,0.0,0.06099999999969441,0.0,0.0,1.0,0.0,0.0,0.02155555555552703,0.02155555555552703,0.0,0.0,1.0
5,42,41,0.0,0.0829999999998563,0.0,0.0829999999998563,0.0,0.0,1.0,0.0,0.0,0.01822222222222199,0.01822222222222199,0.0,0.0,1.0
5,42,42,0.0,0.020000000000436557,0.0,0.020000000000436557,0.0,0.0,1.0,0.0,0.0,0.013555555555514095,0.013555555555514095,0.0,0.0,1.0
5,42,43,0.0,0.018999999999323336,0.0,0.018999999999323336,0.0,0.0,1.0,0.0,0.0,0.006555555555477512,0.006555555555477512,0.0,0.0,1.0
5,42,44,0.0,0.019999999999527063,0.0,0.019999999999527063,0.0,0.0,1.0,0.0,0.0,0.00666666666661126,0.00666666666661126,0.0,0.0,1.0
5,42,45,0.0,0.021000000000640284,0.0,0.021000000000640284,0.0,0.0,1.0,0.0,0.0,0.008000000000014119,0.008000000000014119,0.0,0.0,1.0
5,42,46,0.0,0.03099999999994907,0.0,0.03099999999994907,0.0,0.0,1.0,0.0,0.0,0.03666666666676082,0.03666666666676082,0.0,0.0,1.0
5,42,47,0.0,0.009000000000014552,0.0,0.009000000000014552,0.0,0.0,1.0,0.0,0.0,0.03433333333335634,0.03433333333335634,0.0,0.0,1.0
5,43,0,0.0,0.6320000000005166,0.0,0.6320000000005166,0.0,0.0,1.0,0.08716666666668971,0.0013333333333018043,0.49150000000001154,0.5800000000000031,0.150287356321878,0.002298850574658271,0.8474137931034637
5,43,2,0.0,0.010999999999967258,0.0,0.010999999999967258,0.0,0.0,1.0,0.2699999999998302,0.043777777777803645,0.17600000000013297,0.48977777777776677,0.5512704174225332,0.08938294010894775,0.3593466424685191
5,43,3,0.8440000000000509,0.0,0.2830000000003565,1.1270000000004075,0.7488908606918774,0.2511091393081226,0.0,0.654888888888662,0.05944444444442828,0.5270000000001447,1.241333333333235,0.5275689223056235,0.04788757608305557,0.424543501611321
5,43,4,0.9840000000012878,0.012000000000170985,0.0,0.9960000000014588,0.9879518072287616,0.0,0.012048192771238362,0.9093333333332035,0.06422222222221939,0.8576666666667228,1.8312222222221457,0.49657180996293754,0.03507068745828522,0.46835750257877723
5,43,5,1.1590000000005602,0.02999999999974534,0.0,1.1890000000003056,0.9747687132045941,0.0,0.025231286795405913,0.7460000000000441,0.023666666666688093,0.9641111111111765,1.7337777777779086,0.4302742886439304,0.013650346065122838,0.5560753652909468
5,43,6,0.0,0.5949999999997999,0.0,0.5949999999997999,0.0,0.0,1.0,0.5885555555556089,0.0248888888889572,0.7678888888889963,1.3813333333335625,0.4260778635778315,0.018018018018064484,0.5559041184041039
5,43,7,0.18000000000029104,0.2849999999998545,0.0,0.4650000000001455,0.38709677419405314,0.0,0.6129032258059469,0.6609999999998308,0.055222222222356426,1.0216666666666976,1.7378888888888848,0.3803465251581415,0.03177546192706406,0.5878780129147945
5,43,8,0.027999999999792635,0.3000000000001819,0.0,0.32799999999997453,0.08536585365791101,0.0,0.914634146342089,0.6522222222221848,0.05955555555576413,1.2290000000000292,1.9407777777779782,0.3360622888875627,0.030686437281835566,0.6332512738306018
5,43,9,0.04100000000016735,0.7990000000013424,0.0,0.8400000000015098,0.048809523809635304,0.0,0.9511904761903647,0.6875555555552889,0.2976666666668532,2.7404444444442912,3.7256666666664335,0.18454564432906825,0.07989621544248147,0.7355581402284502
5,43,10,0.5159999999996217,4.556999999999334,0.0,5.072999999998956,0.10171496156115274,0.0,0.8982850384388472,0.8236666666666173,0.4192222222223134,3.2230000000000323,4.465888888888963,0.1844351006394007,0.09387206727541508,0.7216928320851842
5,43,11,2.3420000000000982,4.540000000000077,0.10100000000011278,6.983000000000288,0.3353859372762425,0.014463697551211314,0.6501503651725462,0.9327777777773968,0.5536666666666608,5.397222222221925,6.883666666665983,0.13550594805735647,0.0804319403418792,0.7840621116007642
5,43,12,0.33599999999978536,6.020999999998708,0.13999999999987267,6.496999999998366,0.05171617669691702,0.021548406957042927,0.9267354163460401,1.247777777777805,0.6437777777777632,4.426777777777677,6.318333333333245,0.1974852721357672,0.10189044227556406,0.7006242855886687
5,43,13,0.8619999999998527,1.1750000000006366,0.21900000000050568,2.256000000000995,0.3820921985813265,0.09707446808528772,0.5208333333333858,1.9285555555554765,0.7952222222222392,4.158666666666477,6.882444444444193,0.28021374834522494,0.11554357301992854,0.6042426786348465
5,43,14,1.8350000000000364,1.0729999999997517,0.8289999999997235,3.7369999999995116,0.49103559004556496,0.22183569708317685,0.28712871287125824,1.9160000000001167,0.9250000000001061,2.9225555555554164,5.763555555555639,0.3324336829117983,0.16049120913018264,0.5070751079580191
5,43,15,0.0,1.3320000000003347,0.0,1.3320000000003347,0.0,0.0,1.0,2.7847777777777387,0.6212222222223621,7.725888888888828,11.131888888888929,0.2501621966921812,0.05580564344676694,0.6940321598610518
5,43,16,0.0,14.783000000000698,0.0,14.783000000000698,0.0,0.0,1.0,2.8808888888889013,0.4585555555556766,8.52222222222223,11.861666666666807,0.2428738700763412,0.03865861083790961,0.7184675190857492
5,43,17,2.844000000000051,4.130999999999176,0.8030000000007931,7.77800000000002,0.3656466958086968,0.10323990743131795,0.5311133967599853,2.6897777777778127,0.19333333333333436,9.851777777777873,12.734888888889019,0.21121328982497833,0.015181391453051037,0.7736053187219707
5,43,18,0.0,3.5510000000008404,0.0,3.5510000000008404,0.0,0.0,1.0,1.2411111111111446,0.19655555555555618,5.007333333333439,6.44500000000014,0.1925696060684434,0.030497370916299754,0.7769330230152569
5,43,19,0.0,0.1410000000000764,0.0,0.1410000000000764,0.0,0.0,1.0,0.0,0.05111111111111516,5.999444444444573,6.050555555555689,0.0,0.00844734184188828,0.9915526581581117
5,43,20,0.0,6.2290000000001555,0.0,6.2290000000001555,0.0,0.0,1.0,0.0,0.15366666666672144,3.793888888889039,3.9475555555557604,0.0,0.03892704345869233,0.9610729565413078
5,43,21,0.0,0.49500000000080036,0.0,0.49500000000080036,0.0,0.0,1.0,0.0,0.1091111111111584,3.182666666666693,3.2917777777778516,0.0,0.03314656045366919,0.9668534395463307
5,43,23,0.0,0.7110000000002401,0.0,0.7110000000002401,0.0,0.0,1.0,0.0,0.0,0.5410000000000164,0.5410000000000164,0.0,0.0,1.0
5,43,24,0.0,0.68100000000004,0.0,0.68100000000004,0.0,0.0,1.0,0.0,0.093111111111082,0.5009999999999012,0.5941111111109831,0.0,0.15672339629697374,0.8432766037030264
5,43,47,0.0,0.26900000000023283,0.0,0.26900000000023283,0.0,0.0,1.0,0.0,0.0,0.034333333333355746,0.034333333333355746,0.0,0.0,1.0
5,44,0,0.5039999999999054,0.0,0.007999999999810825,0.5119999999997162,0.9843750000003608,0.015624999999639178,0.0,0.3480000000001458,0.01766666666662786,0.24550000000006852,0.6111666666668422,0.5694027815653873,0.028906463048741952,0.4016907553858708
5,44,1,0.01900000000023283,0.0,0.0,0.01900000000023283,1.0,0.0,0.0,0.2351111111111853,0.02933333333334708,0.16488888888893094,0.4293333333334633,0.5476190476190547,0.06832298136647096,0.3840579710144744
5,44,2,0.010999999999967258,0.0,0.0,0.010999999999967258,1.0,0.0,0.0,0.15588888888881533,0.06377777777783598,0.0012222222222185843,0.22088888888886987,0.7057344064383595,0.28873239436648557,0.005533199195155033
5,44,3,0.3579999999988104,0.0,0.04100000000016735,0.39899999999897773,0.8972431077687408,0.10275689223125913,0.0,0.3038888888890041,0.06377777777783598,0.0025555555555709162,0.370222222222411,0.8208283313324256,0.17226890756309457,0.006902761104479747
5,44,4,0.2090000000002874,0.0,0.0,0.2090000000002874,1.0,0.0,0.0,0.5826666666667836,0.06411111111108565,0.004666666666657369,0.6514444444445266,0.8944226505202781,0.09841378134055911,0.007163568139162719
5,44,5,1.1109999999994216,0.0,0.04300000000012005,1.1539999999995416,0.9627383015596732,0.037261698440326806,0.0,0.5848888888892564,0.025444444444474357,0.07077777777774626,0.681111111111477,0.8587275693312364,0.03735725938012172,0.10391517128864178
5,44,6,0.9100000000003092,0.0,0.02900000000045111,0.9390000000007603,0.9691160809367118,0.030883919063288207,0.0,0.6889999999999015,0.043555555555586684,0.1545555555555135,0.8871111111110016,0.7766783567134117,0.04909819639282672,0.17422344689376168
5,44,7,1.8569999999990614,0.4810000000002219,0.15200000000004366,2.489999999999327,0.7457831325299451,0.06104417670686134,0.19317269076319354,1.0474444444442068,0.3673333333334641,0.20466666666662703,1.619444444444298,0.6467924528301005,0.22682675814761413,0.12638078902228542
5,44,8,2.5149999999998727,0.18099999999958527,0.31600000000071304,3.012000000000171,0.8349933598936686,0.10491367861908868,0.06009296148724269,1.2307777777773987,0.5130000000001472,0.5446666666667725,2.288444444444319,0.5378228782286462,0.22416974169749362,0.23800738007386008
5,44,9,0.7730000000003656,2.4879999999993743,0.0680000000011205,3.3290000000008604,0.2322018624211973,0.020426554521208447,0.7473715830575942,1.4193333333330935,1.0497777777780153,1.1771111111112178,3.6462222222223266,0.38926133593361395,0.2879083373964489,0.3228303266699371
5,44,10,1.8239999999982501,1.9010000000007494,2.2549999999998818,5.979999999998881,0.3050167224077912,0.37709030100339525,0.31789297658881355,1.3904444444445085,0.8845555555556833,2.0505555555557624,4.325555555555955,0.3214487541741439,0.20449524788082238,0.4740559979450336
5,44,11,1.6660000000001673,3.561000000000604,1.2189999999995962,6.446000000000367,0.2584548557244915,0.18910952528692626,0.5524356189885822,1.5093333333331127,1.1358888888888587,2.764111111111005,5.4093333333329765,0.2790239092925583,0.20998685399721476,0.5109892367102269
5,44,12,0.5569999999991069,4.00899999999956,1.0180000000004839,5.5839999999991505,0.09974928366747701,0.18230659025799403,0.717944126074529,3.9863333333332776,1.3411111111110534,2.2952222222221885,7.62266666666652,0.5229578450236165,0.17593726313334082,0.3011048918430426
5,44,13,2.7160000000012587,1.0299999999997453,2.4179999999992106,6.164000000000215,0.4406229720962304,0.3922777417260101,0.1670992861777595,5.635555555555356,2.2525555555554697,1.909333333333153,9.797444444443979,0.5752066865509216,0.22991256223278395,0.19488075121629442
5,44,14,6.42699999999968,3.60100000000034,1.5340000000005602,11.56200000000058,0.5558726863863828,0.13267600761118173,0.31145130600243554,7.812444444444684,2.325777777777906,1.3681111111110846,11.506333333333675,0.6789690701739145,0.2021302277972569,0.11890070202882853
5,44,15,1.7199999999998,3.719999999999345,1.3380000000004202,6.777999999999565,0.2537621717320611,0.19740336382421156,0.5488344644437273,7.431888888888907,2.0201111111111154,3.6883333333333135,13.140333333333336,0.5655784142123923,0.1537336275927385,0.2806879581948692
5,44,16,13.038000000000011,7.103000000000634,0.14200000000005275,20.283000000000698,0.6428043188877169,0.007000936745059797,0.35019474436722325,7.21088888888898,1.5576666666668444,4.737333333333354,13.505888888889178,0.533907019983048,0.11533240643999983,0.35076057357695223
5,44,17,8.32600000000025,4.8760000000006585,0.049999999999954525,13.252000000000862,0.6282825233926733,0.00377301539389913,0.3679444612134275,5.242888888888854,1.1666666666667427,5.7235555555556,12.133111111111196,0.432114141284633,0.09615560724555954,0.47173025146980746
5,44,18,0.0,2.949999999998454,0.05899999999996908,3.008999999998423,0.0,0.0196078431372549,0.9803921568627451,2.7688888888889718,0.7821111111112362,3.885777777777902,7.43677777777811,0.3723237363852271,0.10516800884494198,0.522508254769831
5,44,19,0.0,1.7440000000021882,0.4010000000000673,2.1450000000022555,0.0,0.18694638694622173,0.8130536130537782,0.7745555555555806,0.15788888888891975,4.881111111110992,5.813555555555492,0.13323267459195562,0.02715874775429634,0.8396085776537481
5,44,20,0.0,10.449999999998681,0.0,10.449999999998681,0.0,0.0,1.0,0.11322222222222224,0.07444444444442741,3.6302222222221494,3.817888888888799,0.02965571432729036,0.01949885044090284,0.9508454352318069
5,44,21,0.0,1.2549999999991996,0.0,1.2549999999991996,0.0,0.0,1.0,0.045333333333347096,0.004555555555549034,2.9522222222220886,3.0021111111109846,0.015100484844003888,0.001517450682850699,0.9833820644731455
5,44,22,0.0,0.32000000000061846,0.0,0.32000000000061846,0.0,0.0,1.0,0.0,0.0033333333333304496,0.6660000000001673,0.6693333333334978,0.0,0.004980079681269368,0.9950199203187307
5,44,23,0.0,1.3289999999997235,0.0,1.3289999999997235,0.0,0.0,1.0,0.0,0.0,0.6010000000001381,0.6010000000001381,0.0,0.0,1.0
5,44,24,0.0,0.9789999999998145,0.0,0.9789999999998145,0.0,0.0,1.0,0.0,0.10955555555554196,0.6092222222222163,0.7187777777777583,0.0,0.15241923017466444,0.8475807698253355
5,44,25,0.0,0.0,0.8379999999997381,0.8379999999997381,0.0,1.0,0.0,0.0,0.10955555555554196,0.346666666666604,0.456222222222146,0.0,0.24013638577692217,0.7598636142230778
5,45,0,1.5410000000003947,0.8409999999998945,0.09799999999995634,2.4800000000002456,0.6213709677420332,0.03951612903223655,0.33911290322573034,0.40133333333343063,0.02416666666662574,0.41066666666665697,0.8361666666667134,0.479968108431423,0.028901734103995685,0.4911301574645813
5,45,1,0.02400000000034197,0.0,0.0,0.02400000000034197,1.0,0.0,0.0,0.2706666666667085,0.033666666666678995,0.27511111111112363,0.5794444444445112,0.46711409395975,0.058101629913725035,0.47478427612652496
5,45,2,0.016999999999825377,0.0,0.15800000000035652,0.1750000000001819,0.09714285714175833,0.9028571428582417,0.0,0.06211111111103188,0.03344444444446203,0.04911111111111192,0.14466666666660583,0.4293394777262074,0.23118279569914355,0.3394777265746491
5,45,3,0.13000000000010914,0.0,0.09199999999964348,0.22199999999975262,0.5855855855867298,0.41441441441327026,0.0,0.10077777777774422,0.03344444444446203,0.0013333333333523318,0.1355555555555586,0.7434426229505554,0.24672131147553406,0.009836065573910424
5,45,4,0.1820000000006985,0.0,0.0,0.1820000000006985,1.0,0.0,0.0,0.2507777777776836,0.03466666666660482,0.0,0.28544444444428846,0.8785519657455765,0.12144803425442346,0.0
5,45,5,0.2669999999998254,0.0,0.11799999999948341,0.3849999999993088,0.693506493507285,0.30649350649271495,0.0,0.3467777777779399,0.028888888888913142,0.03533333333333152,0.41100000000018455,0.8437415517707644,0.0702892673695868,0.08596918085964879
5,45,6,0.44200000000091677,0.0,0.03900000000021464,0.4810000000011314,0.9189189189186634,0.0810810810813366,0.0,0.5679999999998068,0.08522222222225334,0.09322222222224101,0.746444444444301,0.760940756177321,0.11417088419178735,0.12488835963089168
5,45,7,0.2749999999987267,0.0,0.010999999999967258,0.28599999999869397,0.9615384615384004,0.038461538461599616,0.0,1.260666666666591,0.4981111111112315,0.1223333333333206,1.8811111111111432,0.6701712935616732,0.2647962197283525,0.0650324867099744
5,45,8,3.2199999999988904,0.0,2.758999999999787,5.978999999998678,0.538551597257,0.4614484027430001,0.0,1.5035555555551934,0.664777777777974,0.4165555555555076,2.584888888888675,0.5816712517193028,0.2571784731775387,0.16115027510315846
5,45,9,2.1879999999994197,0.3680000000003929,1.3109999999996944,3.866999999999507,0.565813291957512,0.33902249806047624,0.09516420998201185,1.6905555555554705,1.1851111111114074,0.5712222222222306,3.4468888888891085,0.490458384372325,0.34382051447366346,0.16572110115401162
5,45,10,1.6690000000014606,0.0,2.7390000000009422,4.408000000002403,0.3786297640654607,0.6213702359345393,0.0,1.2852222222221472,0.9308888888890832,0.9653333333334456,3.1814444444446757,0.403974435092323,0.2925994481891922,0.30342611671848496
5,45,11,1.4950000000010277,0.24099999999998545,0.26799999999980173,2.004000000000815,0.7460079840321456,0.1337325349299864,0.12025948103786799,1.7181111111110567,1.241555555555553,1.093222222222317,4.052888888888926,0.4239225792301614,0.3063384142998101,0.2697390064700286
5,45,12,3.1789999999984957,0.047000000000025466,2.4829999999990378,5.708999999997559,0.5568400770712656,0.4349273077596951,0.008232615169039335,4.87299999999992,1.4704444444443856,0.9987777777778066,7.342222222222112,0.6636955205811129,0.20027239709442599,0.13603208232446118
5,45,13,22.723999999999705,0.03300000000035652,4.20400000000086,26.961000000000922,0.8428470754051752,0.1559289343867333,0.0012239902080915172,9.189111111110934,2.560555555555513,0.9973333333332448,12.746999999999693,0.7208842167656041,0.20087515145175922,0.07824063178263661
5,45,14,12.084000000000287,0.19499999999925421,7.427999999998974,19.706999999998516,0.613183132897001,0.37692190592173,0.009894961181269037,12.000111111111082,2.837444444444701,0.9803333333332427,15.817888888889026,0.7586417628423431,0.17938199366400973,0.061976243493647186
5,45,15,21.94400000000155,0.15399999999999636,2.9620000000008986,25.060000000002447,0.8756584197924744,0.11819632881087827,0.006145251396647299,12.763444444444202,3.3288888888892463,1.8294444444443219,17.92177777777777,0.7121751314353603,0.18574546175976608,0.10207940680487368
5,45,16,9.838999999998805,1.2339999999994689,3.9479999999994106,15.020999999997684,0.6550163104986566,0.2628320351507902,0.08215165435055316,9.913888888888701,2.821888888889235,2.539888888888918,15.275666666666854,0.6489987707392092,0.18473098100830518,0.16627024825248565
5,45,17,7.187000000000353,5.302999999999884,4.776000000000067,17.266000000000304,0.41625159272560097,0.27661299664079597,0.30713541063360306,7.193555555555476,2.284555555555673,3.3773333333333415,12.85544444444449,0.5595726842928552,0.1777111297418386,0.2627161859653062
5,45,18,5.9520000000002256,7.581000000000586,0.7220000000004347,14.255000000001246,0.41753770606802565,0.050648895124543784,0.5318133988074306,2.896888888888977,1.0606666666666216,3.304222222222329,7.261777777777928,0.39892282269417123,0.14606157047554008,0.4550156068302887
5,45,19,0.6109999999998763,4.694999999999254,0.2279999999998381,5.533999999998969,0.11040838453198232,0.041199855439082146,0.8483917600289356,1.118111111111147,0.3274444444444321,4.474666666666407,5.920222222221986,0.1888630306670306,0.055309485379678065,0.7558274839532914
5,45,20,0.40800000000012915,6.588999999998691,0.010999999999967258,7.007999999998788,0.05821917808222028,0.0015696347031919466,0.9402111872145877,0.20377777777765757,0.12200000000004568,3.539888888888653,3.865666666666356,0.05271478255868085,0.031559886177474045,0.9157253312638451
5,45,21,0.0,1.0740000000002965,0.029999999999972715,1.1040000000002692,0.0,0.02717391304344692,0.972826086956553,0.13822222222218689,0.058777777777827896,2.6988888888886824,2.895888888888697,0.047730499175066735,0.02029697271996647,0.9319725281049668
5,45,22,0.0,0.15800000000035652,0.0,0.15800000000035652,0.0,0.0,1.0,0.025444444444423234,0.032666666666727906,0.6185555555556069,0.676666666666758,0.03760262725776325,0.048275862069049505,0.9141215106731874
5,45,23,0.0,0.652000000000271,0.0,0.652000000000271,0.0,0.0,1.0,0.0252222222222568,0.011111111111101005,0.6132222222223744,0.6495555555557322,0.038829969209758716,0.017105713308224742,0.9440643174820166
5,45,24,0.0,0.5790000000001783,0.0,0.5790000000001783,0.0,0.0,1.0,0.018888888888845854,0.11077777777776039,0.6214444444444528,0.7511111111110591,0.025147928994027288,0.14748520710057877,0.8273668639053938
5,45,25,0.0,0.5519999999996799,0.14800000000013824,0.6999999999998181,0.0,0.21142857142882385,0.7885714285711761,0.005666666666708922,0.1095555555555418,0.5001111111110833,0.6153333333333341,0.009209100758465193,0.17804261466231042,0.8127482845792243
5,45,26,0.0,0.3289999999997235,0.0,0.3289999999997235,0.0,0.0,1.0,0.006666666666710538,0.1095555555555418,0.16233333333325894,0.27855555555551126,0.02393298763478436,0.39329876346231873,0.582768248902897
5,46,0,0.31999999999970896,1.193000000000211,0.03899999999998727,1.5519999999999072,0.20618556701013407,0.02512886597937474,0.7686855670104912,0.4588333333333973,0.022833333333323935,0.41866666666661934,0.9003333333333405,0.509626064420652,0.025360977415761293,0.4650129581635868
5,46,1,0.0,0.4299999999998363,0.0,0.4299999999998363,0.0,0.0,1.0,0.3363333333333634,0.0795555555555691,0.319444444444495,0.7353333333334275,0.45738893925655527,0.10818978543367032,0.4344212753097743
5,46,2,0.0,0.012000000000170985,0.0,0.012000000000170985,0.0,0.0,1.0,0.049777777777813344,0.07566666666664586,0.13233333333336203,0.25777777777782124,0.19310344827596748,0.2935344827584905,0.513362068965542
5,46,3,0.0,0.0,0.009999999999990905,0.009999999999990905,0.0,1.0,0.0,0.08533333333341235,0.10344444444439838,0.08155555555564813,0.2703333333334589,0.3156596794082838,0.3826551582405068,0.3016851623512093
5,46,5,0.0,0.0,0.008000000000038199,0.008000000000038199,0.0,1.0,0.0,0.24655555555573805,0.1819999999999153,0.07533333333334566,0.5038888888889991,0.489305402425834,0.36119073869876067,0.1495038588754052
5,46,6,0.0,0.31799999999998363,0.02299999999991087,0.3409999999998945,0.0,0.06744868035166565,0.9325513196483344,0.44722222222228286,0.2627777777776019,0.16222222222227678,0.8722222222221615,0.51273885350329,0.3012738853501378,0.18598726114657232
5,46,7,0.25,0.03999999999996362,0.34400000000005093,0.6340000000000146,0.39432176656150514,0.5425867507887114,0.06309148264978344,0.9703333333334792,0.6042222222221072,0.17655555555562485,1.7511111111112112,0.554124365482285,0.34505076142123436,0.10082487309648051
5,46,8,1.8770000000015443,0.08100000000013097,0.8099999999999454,2.7680000000016207,0.6781069364163459,0.29263005780327717,0.029263005780377,1.242999999999736,0.7272222222220787,0.1587777777778885,2.1289999999997034,0.5838421794269184,0.34157924951722873,0.0745785710558528
5,46,9,0.5769999999988613,0.10999999999989996,0.21200000000044383,0.8989999999992051,0.6418242491650406,0.23581757508412823,0.12235817575083116,1.8597777777777338,0.9701111111111359,0.07200000000004063,2.90188888888891,0.6408852471570043,0.3343033273346923,0.02481142550830344
5,46,10,0.5720000000005712,0.011999999999943611,0.19600000000014006,0.7800000000006548,0.73333333333345,0.2512820512820199,0.015384615384530176,2.3699999999998655,0.5963333333335564,0.08522222222225334,3.0515555555556753,0.77665307311382,0.19541945819989068,0.027927468686289324
5,46,11,0.8029999999992015,0.007000000000061846,0.11000000000012733,0.9199999999993906,0.8728260869562319,0.11956521739152194,0.007608695652246176,4.877222222222271,0.9712222222221195,0.04199999999999212,5.890444444444383,0.8279888331384332,0.16488097483681982,0.007130192024746916
5,46,12,3.6980000000012296,0.06099999999992178,0.8859999999999673,4.645000000001119,0.7961248654467898,0.1907427341226596,0.013132400430550504,7.514222222222062,1.2392222222221738,0.043222222222261235,8.796666666666498,0.8542124542124524,0.14087406846027256,0.00491347732727496
5,46,13,7.018999999999096,0.0,0.6280000000003838,7.64699999999948,0.9178762913560315,0.08212370864396842,0.0,14.459666666666509,2.686999999999847,0.03733333333328422,17.18399999999964,0.8414610490378732,0.1563663873370521,0.0021725636250747794
5,46,14,24.297999999999547,0.0,2.44600000000014,26.743999999999687,0.908540233323356,0.09145976667664406,0.0,17.00077777777776,3.1476666666669133,0.05244444444441696,20.200888888889093,0.8415856287952032,0.1558182258206566,0.0025961453841401253
5,46,15,9.068999999998823,0.09000000000014552,2.5790000000008604,11.737999999999829,0.7726188447775563,0.21971375021305997,0.0076674050093837815,18.582666666666608,3.8981111111114237,0.22988888888873285,22.710666666666764,0.8182351905125284,0.1716423021977077,0.010122507289763922
5,46,16,16.451999999999316,0.3679999999997108,7.583000000001903,24.40300000000093,0.6741794041715645,0.31074048272759963,0.01508011310083583,11.957777777777588,3.1847777777780064,0.8011111111110646,15.943666666666658,0.7500017422452548,0.19975190427409054,0.050246353480654704
5,46,17,1.6499999999994088,0.011000000000422006,2.0189999999995507,3.6799999999993815,0.44836956521730603,0.5486413043477962,0.0029891304348977866,8.402444444444301,2.743444444444549,1.745444444444476,12.891333333333327,0.6517901777249034,0.21281308717313055,0.13539673510196595
5,46,18,2.2980000000009113,0.9700000000002547,1.2619999999997162,4.530000000000882,0.507284768212023,0.2785871964678743,0.21412803532010283,3.562222222222115,1.409111111111012,2.363444444444427,7.334777777777553,0.48566191507733353,0.1921136745792419,0.3222244103434247
5,46,19,0.047999999999774445,1.6079999999992651,0.028999999999996362,1.684999999999036,0.028486646884155434,0.01721068249258929,0.9543026706232552,2.2555555555555755,0.6456666666666327,3.2596666666665643,6.160888888888772,0.3661087866108888,0.10480089453181007,0.5290903188573012
5,46,20,0.7459999999994125,3.6850000000002865,0.23499999999989996,4.665999999999599,0.15987998285458135,0.050364337762520396,0.7897556793828983,0.4241111111110361,0.0955555555555697,2.4941111111108962,3.013777777777502,0.14072408199379421,0.03170623801799904,0.8275696799882067
5,46,21,0.02099999999973079,0.7590000000000146,0.1640000000006694,0.9440000000004147,0.02224576271156945,0.17372881355995481,0.8040254237284757,0.19633333333331393,0.0763333333333978,1.7146666666666557,1.9873333333333674,0.09879235155986778,0.038409929553872776,0.8627977188862594
5,46,22,0.06900000000041473,0.0,0.08899999999994179,0.15800000000035652,0.43670886076113313,0.5632911392388669,0.0,0.0352222222221725,0.04944444444451316,0.3046666666667382,0.38933333333342385,0.09046803652953163,0.12699771689512412,0.7825342465753442
5,46,23,0.13899999999966894,0.01999999999998181,0.010999999999967258,0.169999999999618,0.8176470588234193,0.06470588235289397,0.11764705882368677,0.03400000000000444,0.02233333333333576,0.608777777777934,0.6651111111112742,0.05111927831606498,0.03357834948212037,0.9153023722018147
5,46,24,0.01900000000023283,1.4820000000004256,0.0,1.5010000000006585,0.01265822784825083,0.0,0.9873417721517491,0.026555555555508665,0.02244444444444424,0.6504444444444996,0.6994444444444524,0.03796664019056001,0.03208895949165939,0.9299444003177807
5,46,25,0.011999999999716238,0.0,0.0,0.011999999999716238,1.0,0.0,0.0,0.00566666666670951,0.0164444444444598,0.7867777777777922,0.8088888888889616,0.007005494505546842,0.020329670329687487,0.9726648351647657
5,46,26,0.020000000000436557,0.5799999999999272,0.0,0.6000000000003638,0.03333333333404072,0.0,0.9666666666659592,0.0066666666667111255,0.016444444444459805,0.27677777777772555,0.2998888888888965,0.022230455724490037,0.054835124120094295,0.9229344201554157
5,46,27,0.028000000000247383,0.0,0.0,0.028000000000247383,1.0,0.0,0.0,0.008777777777747053,0.0,0.21544444444442779,0.22422222222217483,0.039147670961219114,0.0,0.9608523290387809
5,46,28,0.02099999999973079,0.0,0.0,0.02099999999973079,1.0,0.0,0.0,0.013333333333321202,0.0,0.0,0.013333333333321202,1.0,0.0,0.0
5,46,29,0.030000000000654836,0.0,0.0,0.030000000000654836,1.0,0.0,0.0,0.01133333333331797,0.005555555555575766,0.0,0.016888888888893734,0.6710526315778451,0.32894736842215494,0.0
5,46,30,0.010000000000218279,0.0,0.0500000000001819,0.06000000000040018,0.16666666666919305,0.833333333330807,0.0,0.007888888888980239,0.01555555555549088,0.0,0.023444444444471118,0.3364928909987743,0.6635071090012258,0.0
5,46,31,0.0,0.0,0.028999999999541615,0.028999999999541615,0.0,1.0,0.0,0.0011111111111353597,0.04866666666667798,0.02244444444436838,0.07222222222218172,0.015384615384959763,0.6738461538466884,0.31076923076835183
5,47,0,0.8479999999999563,0.0,0.0,0.8479999999999563,1.0,0.0,0.0,0.1979999999999412,0.006499999999997878,0.27849999999997027,0.48299999999990934,0.40993788819871296,0.013457556935815938,0.5766045548654711
5,47,1,0.01999999999998181,0.047999999999774445,0.0,0.06799999999975626,0.2941176470596103,0.0,0.7058823529403897,0.16055555555552323,0.051111111111089895,0.22600000000006226,0.4376666666666754,0.36684437674528564,0.11678090886006597,0.5163747143946483
5,47,2,0.25700000000006185,0.3510000000005675,0.42099999999982174,1.029000000000451,0.24975704567536364,0.40913508260411774,0.3411078717205186,0.030777777777782626,0.047888888888868074,0.13233333333336203,0.21100000000001273,0.14586624539232593,0.22696155871500087,0.6271721958926731
5,47,3,0.0,0.34999999999990905,0.0,0.34999999999990905,0.0,0.0,1.0,0.10066666666663575,0.07566666666662059,0.08155555555564813,0.2578888888889045,0.3903489875052421,0.2934080137869643,0.3162429987077935
5,47,4,0.18200000000001637,0.021000000000185537,0.24999999999977263,0.45299999999997453,0.40176600441506977,0.5518763796904783,0.04635761589445191,0.1839999999999943,0.10999999999987468,0.04122222222223273,0.3352222222221017,0.5488896254559311,0.3281405369569865,0.12296983758708252
5,47,5,0.9660000000001219,0.0,0.7219999999990705,1.6879999999991924,0.5722748815169337,0.4277251184830663,0.0,0.2062222222221711,0.1645555555555044,0.07533333333334566,0.4461111111110212,0.4622665006226436,0.3688667496886272,0.16886674968872917
5,47,6,0.18000000000006366,0.3389999999999418,0.4780000000007476,0.9970000000007531,0.18054162487455136,0.4794383149452222,0.3400200601802264,0.3491111111111928,0.24411111111097247,0.16544444444454912,0.7586666666667143,0.460164030462879,0.32176332747489955,0.21807264206222152
5,47,7,1.6450000000008913,0.7630000000006021,0.6219999999989341,3.0300000000004275,0.5429042904292605,0.20528052805242453,0.251815181518315,0.5741111111113796,0.2921111111109996,0.1797777777778972,1.0460000000002765,0.5488633949438124,0.2792649245802317,0.17187168047595572
5,47,8,0.8440000000002783,0.04800000000000182,0.351999999999407,1.2439999999996871,0.6784565916402657,0.2829581993565077,0.0385852090032266,0.7480000000000473,0.3463333333332533,0.12111111111122834,1.215444444444529,0.6154127433951877,0.2849437791387753,0.09964347746603705
5,47,9,0.3109999999990123,0.019000000000005457,0.1240000000004784,0.45399999999949614,0.6850220264303027,0.27312775330532163,0.04185022026437565,1.3464444444445132,0.3147777777777492,0.031111111111108078,1.6923333333333703,0.7956142078655606,0.18600223228938878,0.01838355984505066
5,47,10,5.479999999999563,0.009999999999990905,0.22799999999938336,5.717999999998938,0.9583770549144074,0.03987408184669915,0.0017488632388934528,2.2879999999997835,0.2641111111111943,0.017555555555544642,2.569666666666522,0.890387858347352,0.1027803000821932,0.006831841570454908
5,47,11,8.234999999999673,0.0,0.1790000000009968,8.41400000000067,0.9787259329687447,0.021274067031255357,0.0,4.6925555555556,0.5418888888889088,0.009999999999990905,5.2444444444445,0.8947669491525413,0.10332627118644339,0.0019067796610151946
5,47,12,18.763999999999214,0.0,1.6519999999986794,20.415999999997894,0.9190830721003698,0.08091692789963019,0.0,4.988444444444212,0.6941111111111947,0.007555555555553737,5.69011111111096,0.8766866493526606,0.12198551092540505,0.0013278397219344562
5,47,13,1.7110000000009222,0.0,0.7429999999997108,2.454000000000633,0.6972290138551267,0.3027709861448733,0.0,12.376111111111008,1.4851111111110589,0.0067777777777690874,13.867999999999837,0.892422202993305,0.10708906194916905,0.000488735057525899
5,47,14,36.66000000000008,0.0,3.713000000000875,40.37300000000096,0.9080325960418897,0.09196740395811029,0.0,13.094888888888692,1.8003333333333933,0.010000000000016168,14.9052222222221,0.8785436871491661,0.12078540705346129,0.0006709057973726303
5,47,15,17.49799999999982,0.0,3.6259999999995216,21.12399999999934,0.8283469039954727,0.1716530960045273,0.0,16.38722222222224,2.5324444444446623,0.05633333333339074,18.97600000000029,0.8635762132283931,0.13345512460184566,0.002968662169761271
5,47,16,19.400000000001228,0.02800000000002001,0.7980000000002292,20.226000000001477,0.9591614753287754,0.03945416790270795,0.00138435676851666,8.666999999999893,1.9398888888891104,0.061000000000098635,10.667888888889102,0.8124381581276883,0.18184374707066528,0.005718094801646444
5,47,17,4.580999999998994,0.021999999999934516,0.3719999999996162,4.974999999998545,0.9208040201005696,0.07477386934667839,0.00442211055275195,6.844000000000204,1.8463333333333543,0.18222222222225862,8.872555555555817,0.7713673875746687,0.20809487433158053,0.020537738093750757
5,47,18,8.262999999999465,0.19200000000000728,3.2110000000000127,11.665999999999485,0.7082976170066715,0.2752442996742803,0.016458083319048154,2.617444444444574,0.8964444444442909,0.4133333333332732,3.927222222222138,0.6664874805489226,0.22826425236946646,0.10524826708161095
5,47,19,1.4700000000000273,0.8890000000002374,0.06299999999987449,2.422000000000139,0.6069364161849475,0.026011560693588304,0.3670520231214642,1.867333333333516,0.6788888888887893,1.1681111111110896,3.7143333333333945,0.5027371443956256,0.18277543450294664,0.3144874211014279
5,47,20,0.5040000000003602,3.1280000000004975,0.049999999999954525,3.682000000000812,0.13688212927763416,0.013579576317203556,0.8495382944051623,0.374222222222166,0.09333333333334937,1.1266666666666905,1.5942222222222058,0.23473654864786234,0.058544744912193546,0.7067187064399442
5,47,21,0.009000000000014552,0.019999999999527063,0.049999999999954525,0.07899999999949614,0.1139240506338222,0.6329113924085243,0.25316455695765344,0.20788888888887533,0.0994444444444928,0.8513333333334382,1.1586666666668064,0.1794207901802505,0.0858266206367786,0.7347525891829708
5,47,22,0.009999999999763531,0.01900000000023283,0.0580000000002201,0.08700000000021646,0.11494252873262817,0.6666666666675378,0.218390804599834,0.03522222222217369,0.04611111111118271,0.09855555555557471,0.17988888888893112,0.19579987646663913,0.2563310685611779,0.547869054972183
5,47,23,0.06899999999995998,0.03999999999996362,0.04299999999989268,0.15199999999981628,0.45394736842133804,0.28289473684174116,0.26315789473692086,0.03400000000000563,0.02233333333333561,0.5190000000000562,0.5753333333333974,0.05909617612978304,0.03881807647740403,0.902085747392813
5,47,24,0.0,2.5289999999999964,0.0,2.5289999999999964,0.0,0.0,1.0,0.02655555555550985,0.00599999999998429,0.5168888888889192,0.5494444444444133,0.048331648129343215,0.010920121334653522,0.9407482305360032
5,47,26,0.0,1.0300000000002,0.0,1.0300000000002,0.0,0.0,1.0,0.006666666666712309,0.0,0.2434444444444733,0.2501111111111856,0.02665482008013901,0.0,0.973345179919861
5,47,28,0.009999999999308784,0.0,0.0,0.009999999999308784,1.0,0.0,0.0,0.013333333333322386,0.0,0.0,0.013333333333322386,1.0,0.0,0.0
5,47,29,0.03099999999994907,0.0,0.0,0.03099999999994907,1.0,0.0,0.0,0.011333333333319153,0.005555555555575618,0.005444444444442167,0.022333333333336938,0.5074626865664473,0.2487562189063308,0.24378109452722185
5,47,31,0.0,0.0,0.06099999999969441,0.06099999999969441,0.0,1.0,0.0,0.0011111111111365439,0.04866666666667783,0.02788888888881062,0.07766666666662499,0.014306151645542577,0.6266094420605658,0.35908440629389166
5,47,32,0.0,0.20199999999931606,0.29800000000068394,0.5,0.0,0.5960000000013679,0.4039999999986321,0.0,0.04311111111110207,0.022444444444368602,0.06555555555547067,0.0,0.6576271186447814,0.3423728813552186
5,47,34,0.0,0.08900000000016917,0.0,0.08900000000016917,0.0,0.0,1.0,0.0,0.0,0.07199999999999024,0.07199999999999024,0.0,0.0,1.0
5,47,35,0.0,0.19899999999984175,0.0,0.19899999999984175,0.0,0.0,1.0,0.0,0.0,0.07199999999999024,0.07199999999999024,0.0,0.0,1.0
5,48,4,0.4669999999996435,0.0,0.0,0.4669999999996435,1.0,0.0,0.0,0.1839999999999943,0.10911111111098155,0.045777777777781616,0.3388888888887575,0.5429508196723248,0.3219672131144966,0.13508196721317844
5,48,5,0.04100000000016735,0.0,0.0,0.04100000000016735,1.0,0.0,0.0,0.2062222222221711,0.23311111111105576,0.04222222222223435,0.48155555555546126,0.42824180895244657,0.4840793724042253,0.08767881864332801
5,48,6,0.019999999999527063,0.0,0.0,0.019999999999527063,1.0,0.0,0.0,0.32133333333341496,0.291111111111099,0.2147777777777012,0.8272222222222152,0.38844862323717383,0.35191403626593865,0.25963734049688747
5,48,7,0.03999999999996362,0.02900000000045111,0.0,0.06900000000041473,0.5797101449235246,0.0,0.4202898550764754,0.33777777777787477,0.2536666666667063,0.21888888888881616,0.8103333333333972,0.41683806389697425,0.31303990127521963,0.27012203482780617
5,48,8,0.31100000000014916,0.0,0.0,0.31100000000014916,1.0,0.0,0.0,0.477777777777798,0.2556666666666337,0.18333333333326765,0.9167777777776993,0.5211489516422918,0.2788752878438856,0.19997576051382257
5,48,9,0.8769999999997253,0.0,0.65300000000002,1.5299999999997453,0.5732026143790009,0.42679738562099917,0.0,1.1182222222221803,0.23377777777764344,0.008555555555555353,1.3605555555553792,0.8218864842793734,0.17182523478963363,0.006288280930992908
5,48,10,1.269000000000915,0.0,0.2579999999999245,1.5270000000008395,0.8310412573675293,0.16895874263247065,0.0,2.3307777777778127,0.272888888888815,0.0032222222222218176,2.6068888888888497,0.8940840508055847,0.10467990793621056,0.00123604125820462
5,48,11,2.4680000000005293,0.0,0.4169999999992342,2.8849999999997635,0.8554592720973073,0.14454072790269268,0.0,4.469666666666601,0.49011111111109235,0.0011111111111101006,4.960888888888804,0.9009810069879972,0.09879501881383056,0.00022397419817217067
5,48,12,0.9439999999995052,0.0,0.9510000000017271,1.8950000000012324,0.4981530343002065,0.5018469656997935,0.0,4.217888888888814,0.6798888888889046,0.0,4.897777777777719,0.8611842105263109,0.13881578947368908,0.0
5,48,13,1.2539999999985412,0.0,0.6809999999999263,1.9349999999984675,0.6480620155036353,0.3519379844963647,0.0,8.977222222221927,1.2719999999998965,0.0,10.249222222221825,0.8758930216927082,0.12410697830729175,0.0
5,48,14,17.037000000000944,0.0,1.665999999998121,18.702999999999065,0.9109233812758272,0.08907661872417282,0.0,9.032111111111133,1.3607777777777097,0.0,10.392888888888843,0.8690664556962086,0.1309335443037915,0.0
5,48,15,3.3080000000004475,0.0,0.12100000000100408,3.4290000000014516,0.9647127442400254,0.03528725575997459,0.0,11.380777777777867,1.2303333333332551,0.00544444444451781,12.616555555555639,0.902051096883285,0.09751737135509096,0.00043153176162414437
5,48,16,3.76299999999992,0.021000000000640284,0.2599999999993088,4.043999999999869,0.9305143422354208,0.06429277942614174,0.00519287833843743,6.054333333333538,0.6102222222222053,0.008888888888956595,6.6734444444447005,0.9072276518872439,0.09144036895821976,0.001331979154536326
5,48,17,2.2820000000010623,0.009000000000014552,0.10099999999999909,2.392000000001076,0.9540133779264364,0.042224080267539155,0.003762541806024458,5.184777777777906,0.6503333333332396,0.032333333333326664,5.867444444444472,0.8836517885886517,0.11083757835133844,0.005510633060009821
5,48,18,2.907000000001517,0.018999999999323336,1.0109999999998536,3.937000000000694,0.7383794767592087,0.25679451358894473,0.00482600965184658,2.5312222222222673,0.535333333333281,0.1268888888888316,3.19344444444438,0.7926307365784373,0.16763508576596592,0.039734177655596795
5,48,19,0.057999999999992724,0.0,0.0,0.057999999999992724,1.0,0.0,0.0,1.8703333333334184,0.5135555555555256,0.5065555555555269,2.890444444444471,0.6470746521104256,0.1776735603905469,0.17525178749902745
5,48,20,0.512000000000171,0.021999999999934516,0.24899999999979627,0.7829999999999018,0.6538952745852301,0.31800766283502874,0.028097062579741094,0.3848888888889579,0.04699999999994967,0.4998888888889168,0.9317777777778244,0.41306940138331116,0.0504412115429914,0.5364893870736973
5,48,21,0.0,0.02900000000045111,0.0,0.02900000000045111,0.0,0.0,1.0,0.11500000000003406,0.04522222222221393,0.40966666666669327,0.5698888888889413,0.2017937219731354,0.07935270033142677,0.7188535776954378
5,48,24,0.0,0.5809999999999036,0.0,0.5809999999999036,0.0,0.0,1.0,0.0076666666666619235,0.004777777777765853,0.44422222222222757,0.45666666666665534,0.01678832116787324,0.010462287104597017,0.9727493917275297
5,48,26,0.0,0.581000000000131,0.0,0.581000000000131,0.0,0.0,1.0,0.0,0.0,0.1911111111111394,0.1911111111111394,0.0,0.0,1.0
5,48,30,0.0,0.04899999999997817,0.0,0.04899999999997817,0.0,0.0,1.0,0.003444444444438489,0.006777777777743823,0.03111111111113334,0.04133333333331565,0.0833333333332249,0.16397849462290456,0.7526881720438705
5,48,34,0.0,0.35999999999989996,0.0,0.35999999999989996,0.0,0.0,1.0,0.0,0.0,0.07322222222220869,0.07322222222220869,0.0,0.0,1.0
5,49,0,0.04100000000016735,0.7490000000000236,0.0,0.790000000000191,0.051898734177414474,0.0,0.9481012658225855,0.03866666666666182,0.016500000000026677,0.2213333333334428,0.2765000000001313,0.13984327908370148,0.05967450271254554,0.800482218203753
5,49,1,0.0,0.02400000000034197,0.0,0.02400000000034197,0.0,0.0,1.0,0.025777777777774544,0.011000000000017785,0.14955555555560648,0.1863333333333988,0.13834227787709563,0.059033989266622115,0.8026237328562823
5,49,2,0.0,0.01799999999980173,0.0,0.01799999999980173,0.0,0.0,1.0,0.0,0.0,0.06866666666671033,0.06866666666671033,0.0,0.0,1.0
5,49,3,0.0,0.020999999999958163,0.0,0.020999999999958163,0.0,0.0,1.0,0.05188888888884927,0.0,0.008555555555530088,0.06044444444437936,0.8584558823532101,0.0,0.1415441176467899
5,49,4,0.0,0.009000000000014552,0.0,0.009000000000014552,0.0,0.0,1.0,0.056444444444423425,0.0011111111111101006,0.010111111111099389,0.06766666666663292,0.8341543513958362,0.01642036124794071,0.14942528735622312
5,49,5,0.0,0.010999999999967258,0.009999999999990905,0.020999999999958163,0.0,0.47619047619099175,0.5238095238090082,0.06688888888882301,0.09533333333332748,0.007777777777770704,0.1699999999999212,0.3934640522873766,0.5607843137257158,0.04575163398690771
5,49,6,0.0,0.0,0.63799999999992,0.63799999999992,0.0,1.0,0.0,0.01944444444441413,0.11200000000013056,0.09466666666652497,0.22611111111106968,0.08599508599496768,0.49533169533236354,0.4186732186726687
5,49,7,0.0,0.7909999999983484,0.15000000000122782,0.9409999999995762,0.0,0.1594048884179547,0.8405951115820453,0.0494444444444121,0.11566666666681158,0.09111111111097771,0.25622222222220137,0.19297484822191896,0.4514310494368556,0.35559410234122557
5,49,8,0.0,0.0,0.04300000000012005,0.04300000000012005,0.0,1.0,0.0,0.17655555555554905,0.1615555555556764,0.09111111111097771,0.4292222222222032,0.41133833807921616,0.3763914056435807,0.21227025627720314
5,49,9,0.2720000000001619,0.0,0.35699999999951615,0.628999999999678,0.43243243243291113,0.5675675675670888,0.0,0.43544444444450564,0.18899999999998976,0.0,0.6244444444444954,0.6973309608541336,0.30266903914586635,0.0
5,49,10,0.6999999999998181,0.0,0.08899999999994179,0.7889999999997599,0.8871989860583411,0.11280101394165891,0.0,0.8313333333335574,0.24733333333320692,0.0,1.0786666666667644,0.7707045735477276,0.2292954264522724,0.0
5,49,11,1.3650000000009186,0.0,0.15099999999983993,1.5160000000007585,0.9003957783642715,0.09960422163572848,0.0,0.9133333333334122,0.2668888888889948,0.0,1.180222222222407,0.7738655620409925,0.22613443795900745,0.0
5,49,12,1.0019999999992706,0.0,0.4860000000001037,1.4879999999993743,0.6733870967739866,0.3266129032260135,0.0,1.0378888888888518,0.39388888888897283,0.0,1.4317777777778247,0.7248952351388608,0.27510476486113916,0.0
5,49,13,2.2180000000007567,0.0,0.8589999999999236,3.0770000000006803,0.7208319792006065,0.27916802079939346,0.0,2.636555555555282,0.5933333333333116,0.0,3.2298888888885937,0.8162991502975578,0.18370084970244221,0.0
5,49,14,1.2049999999981083,0.0,0.6970000000000027,1.901999999998111,0.633543638275134,0.3664563617248659,0.0,2.8309999999999538,0.46277777777769796,0.0,3.2937777777776516,0.8594993927945136,0.1405006072054865,0.0
5,49,15,0.398000000000593,0.0,0.14100000000030377,0.5390000000008968,0.7384044526900386,0.2615955473099614,0.0,3.216666666666647,0.3262222222220746,0.0023333333334044763,3.545222222222126,0.9073244115711476,0.09201742564323663,0.0006581627856157224
5,49,16,3.1579999999996744,0.0,0.05099999999993088,3.2089999999996053,0.9841071985042265,0.015892801495773497,0.0,1.4555555555556718,0.0773333333333868,0.003333333333406093,1.5362222222224646,0.9474902357875726,0.050339939244927766,0.002169824967499646
5,49,17,0.10100000000011278,0.0,0.021999999999934516,0.1230000000000473,0.821138211382715,0.17886178861728502,0.0,1.6654444444445744,0.16355555555547754,0.00544444444444202,1.8344444444444938,0.9078740157480779,0.08915808600843478,0.002967898243487393
5,49,18,2.207999999999174,0.0,0.02700000000027103,2.234999999999445,0.9879194630871241,0.012080536912875943,0.0,0.9995555555557175,0.13022222222222507,0.004333333333256127,1.1341111111111986,0.8813559322034646,0.1148231605760689,0.0038209072204665557
5,49,19,0.9110000000000582,0.010999999999967258,0.010999999999967258,0.9329999999999927,0.9764201500536606,0.011789924973169715,0.011789924973169715,0.7884444444445459,0.1442222222222098,0.03888888888877773,0.9715555555555334,0.8115279048491623,0.14844464775845354,0.04002744739238421
5,49,20,0.0,0.29799999999977445,0.0,0.29799999999977445,0.0,0.0,1.0,0.1645555555555802,0.028888888888862613,0.05133333333333212,0.24477777777777496,0.6722650930550336,0.11802088061723401,0.20971402632773237
5,49,21,0.0,0.10199999999986176,0.0,0.10199999999986176,0.0,0.0,1.0,0.05688888888890789,0.027666666666644028,0.057777777777775756,0.14233333333332768,0.3996877439501884,0.19437939110055125,0.40593286494926034
5,49,22,0.0,0.06899999999995998,0.0,0.06899999999995998,0.0,0.0,1.0,0.0,0.0,0.056333333333365466,0.056333333333365466,0.0,0.0,1.0
5,49,23,0.0,0.22900000000004184,0.0,0.22900000000004184,0.0,0.0,1.0,0.0,0.0,0.17333333333332726,0.17333333333332726,0.0,0.0,1.0
5,49,24,0.0,0.5610000000001492,0.0,0.5610000000001492,0.0,0.0,1.0,0.0,0.0,0.17988888888890464,0.17988888888890464,0.0,0.0,1.0
5,49,25,0.0,0.057999999999992724,0.0,0.057999999999992724,0.0,0.0,1.0,0.0,0.0,0.23611111111113633,0.23611111111113633,0.0,0.0,1.0
5,49,26,0.0,0.05099999999993088,0.0,0.05099999999993088,0.0,0.0,1.0,0.0,0.0,0.12233333333334585,0.12233333333334585,0.0,0.0,1.0
5,49,30,0.0,0.2199999999997999,0.0,0.2199999999997999,0.0,0.0,1.0,0.0,0.0,0.03111111111113334,0.03111111111113334,0.0,0.0,1.0
5,49,31,0.0,0.011000000000422006,0.0,0.011000000000422006,0.0,0.0,1.0,0.0,0.0,0.033222222222219794,0.033222222222219794,0.0,0.0,1.0
5,49,32,0.0,0.018999999999778083,0.0,0.018999999999778083,0.0,0.0,1.0,0.0,0.0,0.0033333333333555658,0.0033333333333555658,0.0,0.0,1.0
5,49,34,0.0,0.010999999999967258,0.0,0.010999999999967258,0.0,0.0,1.0,0.0,0.0,0.04122222222220747,0.04122222222220747,0.0,0.0,1.0
5,49,36,0.0,0.010000000000218279,0.0,0.010000000000218279,0.0,0.0,1.0,0.0,0.0,0.0011111111111353643,0.0011111111111353643,0.0,0.0,1.0
5,49,38,0.0,0.018000000000029104,0.0,0.018000000000029104,0.0,0.0,1.0,0.0,0.0,0.003222222222221818,0.003222222222221818,0.0,0.0,1.0
5,49,39,0.0,0.010999999999967258,0.0,0.010999999999967258,0.0,0.0,1.0,0.0,0.0,0.003222222222221818,0.003222222222221818,0.0,0.0,1.0
5,49,41,0.0,0.011999999999716238,0.0,0.011999999999716238,0.0,0.0,1.0,0.0,0.0,0.0022222222222202017,0.0022222222222202017,0.0,0.0,1.0
5,49,42,0.0,0.008000000000265572,0.0,0.008000000000265572,0.0,0.0,1.0,0.0,0.0,0.0022222222222202017,0.0022222222222202017,0.0,0.0,1.0
5,49,44,0.0,0.009999999999763531,0.0,0.009999999999763531,0.0,0.0,1.0,0.0,0.0,0.002222222222169674,0.002222222222169674,0.0,0.0,1.0
5,49,45,0.0,0.009999999999763531,0.0,0.009999999999763531,0.0,0.0,1.0,0.0,0.0,0.0033333333333050385,0.0033333333333050385,0.0,0.0,1.0
5,49,46,0.0,0.010000000000218279,0.0,0.010000000000218279,0.0,0.0,1.0,0.0,0.0,0.0022222222222202017,0.0022222222222202017,0.0,0.0,1.0
5,49,49,0.0,0.010000000000218279,0.0,0.010000000000218279,0.0,0.0,1.0,0.0,0.0,0.002333333333353949,0.002333333333353949,0.0,0.0,1.0
5,49,50,0.0,0.010999999999967258,0.0,0.010999999999967258,0.0,0.0,1.0,0.0,0.0,0.002333333333353949,0.002333333333353949,0.0,0.0,1.0
5,49,52,0.0,0.01999999999998181,0.0,0.01999999999998181,0.0,0.0,1.0,0.0,0.0,0.003222222222221819,0.003222222222221819,0.0,0.0,1.0
5,49,53,0.0,0.009000000000014552,0.0,0.009000000000014552,0.0,0.0,1.0,0.0,0.0,0.0044444444444404025,0.0044444444444404025,0.0,0.0,1.0
5,49,54,0.0,0.010999999999967258,0.0,0.010999999999967258,0.0,0.0,1.0,0.0,0.0,0.003222222222221819,0.003222222222221819,0.0,0.0,1.0
5,49,56,0.0,0.009000000000014552,0.0,0.009000000000014552,0.0,0.0,1.0,0.0,0.0,0.00466666666665737,0.00466666666665737,0.0,0.0,1.0
5,49,57,0.0,0.021999999999934516,0.0,0.021999999999934516,0.0,0.0,1.0,0.0,0.0,0.0044444444444404025,0.0044444444444404025,0.0,0.0,1.0
5,49,58,0.0,0.009000000000014552,0.0,0.009000000000014552,0.0,0.0,1.0,0.0,0.0,0.0044444444444404025,0.0044444444444404025,0.0,0.0,1.0
5,49,59,0.0,0.009000000000014552,0.0,0.009000000000014552,0.0,0.0,1.0,0.0,0.0,0.003111111111088071,0.003111111111088071,0.0,0.0,1.0
5,49,60,0.0,0.009999999999763531,0.0,0.009999999999763531,0.0,0.0,1.0,0.0,0.0,0.003222222222221819,0.003222222222221819,0.0,0.0,1.0
5,49,61,0.0,0.010000000000218279,0.0,0.010000000000218279,0.0,0.0,1.0,0.0,0.0,0.003222222222221819,0.003222222222221819,0.0,0.0,1.0
5,49,62,0.0,0.009000000000014552,0.0,0.009000000000014552,0.0,0.0,1.0,0.0,0.0,0.00455555555557415,0.00455555555557415,0.0,0.0,1.0
5,49,63,0.0,0.021999999999934516,0.0,0.021999999999934516,0.0,0.0,1.0,0.0,0.0,0.0044444444444404025,0.0044444444444404025,0.0,0.0,1.0
5,49,64,0.0,0.009000000000014552,0.0,0.009000000000014552,0.0,0.0,1.0,0.0,0.0,0.009000000000014552,0.009000000000014552,0.0,0.0,1.0
5,49,65,0.0,0.0500000000001819,0.0,0.0500000000001819,0.0,0.0,1.0,0.0,0.0,0.04888888888889495,0.04888888888889495,0.0,0.0,1.0
5,49,66,0.0,0.10999999999967258,0.0,0.10999999999967258,0.0,0.0,1.0,0.0,0.0,0.04788888888889333,0.04788888888889333,0.0,0.0,1.0
5,50,0,0.19099999999980355,0.0,0.09900000000016007,0.2899999999999636,0.6586206896545777,0.3413793103454224,0.0,0.04533333333317084,0.05333333333336062,0.2890000000000251,0.3876666666665566,0.11693895098843607,0.13757523645754713,0.7454858125540168
5,50,1,0.0,0.555000000000291,0.0,0.555000000000291,0.0,0.0,1.0,0.03466666666665535,0.038888888888878786,0.1946666666666614,0.26822222222219555,0.12924606462300298,0.144987572493763,0.725766362883234
5,50,4,0.0,0.028999999999996362,0.0,0.028999999999996362,0.0,0.0,1.0,0.0,0.0011111111111101006,0.014444444444507099,0.015555555555617199,0.0,0.07142857142822341,0.9285714285717767
5,50,5,0.0,0.020999999999958163,0.0,0.020999999999958163,0.0,0.0,1.0,0.041555555555558184,0.1185555555555311,0.014333333333322823,0.1744444444444121,0.23821656050961337,0.6796178343948903,0.08216560509549639
5,50,6,0.07400000000006912,0.0,0.21000000000003638,0.2840000000001055,0.26056338028183673,0.7394366197181633,0.0,0.041555555555558184,0.13522222222233418,0.09799999999980476,0.27477777777769713,0.15123331985448177,0.49211484027552155,0.35665183986999666
5,50,9,0.08899999999994179,0.0,0.2510000000002037,0.3400000000001455,0.2617647058820697,0.7382352941179303,0.0,0.16244444444441797,0.08777777777777374,0.0,0.2502222222221917,0.6492007104795471,0.3507992895204529,0.0
5,50,10,0.40099999999983993,0.0,0.0500000000001819,0.45100000000002183,0.8891352549885155,0.11086474501148444,0.0,0.31866666666676086,0.0997777777777426,0.0,0.41844444444450346,0.7615507169411692,0.23844928305883079,0.0
5,50,11,0.04100000000016735,0.0,0.0,0.04100000000016735,1.0,0.0,0.0,0.3932222222221955,0.0862222222222297,0.0,0.4794444444444252,0.8201622247971962,0.1798377752028038,0.0
5,50,12,0.02999999999974534,0.0,0.0,0.02999999999974534,1.0,0.0,0.0,0.5194444444445657,0.16622222222220748,0.0,0.6856666666667732,0.7575757575758167,0.24242424242418326,0.0
5,50,13,0.01900000000023283,0.0,0.0,0.01900000000023283,1.0,0.0,0.0,0.4993333333331722,0.22688888888889222,0.0,0.7262222222220645,0.6875764993879324,0.3124235006120676,0.0
5,50,14,0.020000000000436557,0.0,0.0,0.020000000000436557,1.0,0.0,0.0,0.43111111111107275,0.1885555555555811,0.0,0.6196666666666538,0.6957145418683406,0.3042854581316595,0.0
5,50,15,0.019999999999527063,0.0,0.0,0.019999999999527063,1.0,0.0,0.0,0.537999999999834,0.09877777777780415,0.0,0.6367777777776382,0.8448787297155065,0.1551212702844935,0.0
5,50,16,0.04100000000016735,0.0,0.0,0.04100000000016735,1.0,0.0,0.0,0.41633333333329076,0.02377777777779656,0.0,0.4401111111110873,0.9459732390809946,0.054026760919005455,0.0
5,50,17,0.028999999999541615,0.0,0.0,0.028999999999541615,1.0,0.0,0.0,0.67077777777763,0.011111111111126252,0.0,0.6818888888887563,0.9837053935147212,0.016294606485278754,0.0
5,50,18,0.5,0.0,0.0,0.5,1.0,0.0,0.0,0.41655555555543194,0.00666666666668585,0.0012222222222185843,0.4244444444443364,0.9814136125654037,0.01570680628277171,0.0028795811518246227
5,50,23,0.0,0.07799999999997453,0.0,0.07799999999997453,0.0,0.0,1.0,0.0,0.0,0.10877777777778241,0.10877777777778241,0.0,0.0,1.0
5,50,24,0.0,0.041999999999916326,0.0,0.041999999999916326,0.0,0.0,1.0,0.0,0.0,0.11533333333335982,0.11533333333335982,0.0,0.0,1.0
5,50,25,0.0,0.07000000000016371,0.0,0.07000000000016371,0.0,0.0,1.0,0.0,0.0,0.10700000000002143,0.10700000000002143,0.0,0.0,1.0
5,50,26,0.0,0.18100000000004002,0.0,0.18100000000004002,0.0,0.0,1.0,0.0,0.0,0.11088888888889414,0.11088888888889414,0.0,0.0,1.0
5,50,27,0.0,0.15999999999985448,0.0,0.15999999999985448,0.0,0.0,1.0,0.0,0.0,0.09666666666665454,0.09666666666665454,0.0,0.0,1.0
5,50,66,0.0,0.27100000000018554,0.0,0.27100000000018554,0.0,0.0,1.0,0.0,0.0,0.04788888888889333,0.04788888888889333,0.0,0.0,1.0
5,51,0,0.0,0.13999999999987267,0.22100000000000364,0.3609999999998763,0.0,0.6121883656511894,0.38781163434881066,0.05183333333320661,0.10333333333331514,0.27499999999997726,0.430166666666499,0.12049593180912858,0.24021697016665342,0.639287098024218
5,51,1,0.039999999999054126,0.26599999999962165,0.0,0.3059999999986758,0.13071895424584062,0.0,0.8692810457541594,0.03900000000001253,0.07222222222218179,0.1843333333333198,0.29555555555551416,0.131954887218106,0.24436090225553653,0.6236842105263574
5,51,2,0.040000000000873115,0.0,0.02999999999974534,0.07000000000061846,0.5714285714359959,0.4285714285640041,0.0,0.008888888888880805,0.0033333333333050376,0.11444444444446668,0.12666666666665252,0.07017543859643524,0.02631578947346376,0.9035087719301009
5,51,3,0.0,0.03900000000066939,0.0,0.03900000000066939,0.0,0.0,1.0,0.004444444444541457,0.0033333333333050376,0.02000000000003234,0.027777777777878834,0.16000000000291037,0.11999999999854478,0.7199999999985448
5,51,6,0.2999999999999545,0.05899999999996908,0.20899999999983265,0.5679999999997563,0.5281690140846537,0.3679577464787365,0.10387323943660985,0.041555555555558184,0.046555555555541,0.022222222222227275,0.11033333333332646,0.3766364551863514,0.42195367573000514,0.20140986908364344
5,51,27,0.0,0.4780000000000655,0.0,0.4780000000000655,0.0,0.0,1.0,0.0,0.0,0.18411111111110282,0.18411111111110282,0.0,0.0,1.0
5,52,0,0.08000000000038199,0.61200000000008,0.29999999999972715,0.9920000000001892,0.08064516129069227,0.30241935483837695,0.6169354838709308,0.028166666666569046,0.08683333333328846,0.18249999999992875,0.29749999999978627,0.09467787114819927,0.29187675070033897,0.6134453781514617
5,52,1,0.0,0.07699999999999818,0.0,0.07699999999999818,0.0,0.0,1.0,0.023222222222254157,0.06122222222216401,0.12266666666662078,0.20711111111103894,0.11212446351950657,0.29560085836892064,0.5922746781115729
5,52,2,0.0,0.009000000000014552,0.0,0.009000000000014552,0.0,0.0,1.0,0.008888888888880805,0.0033333333333050376,0.052777777777767675,0.06499999999995351,0.1367521367521102,0.05128205128165264,0.8119658119662373
5,52,3,0.0,0.08399999999960528,0.0,0.08399999999960528,0.0,0.0,1.0,0.004444444444541457,0.0033333333333050376,0.01677777777781052,0.024555555555657017,0.18099547511632505,0.13574660633312843,0.6832579185505465
5,52,4,0.0,0.019000000000005457,0.0,0.019000000000005457,0.0,0.0,1.0,0.0,0.0,0.024888888888931936,0.024888888888931936,0.0,0.0,1.0
5,52,5,0.0,0.08200000000010732,0.0,0.08200000000010732,0.0,0.0,1.0,0.03333333333332828,0.023222222222203628,0.019666666666681622,0.07622222222221353,0.43731778425654333,0.30466472303186076,0.2580174927115959
5,52,6,0.0,0.01700000000005275,0.0,0.01700000000005275,0.0,0.0,1.0,0.03333333333332828,0.023222222222203628,0.01988888888889859,0.07644444444443049,0.43604651162792046,0.30377906976725405,0.26017441860482554
5,52,7,0.0,0.020999999999958163,0.0,0.020999999999958163,0.0,0.0,1.0,0.03333333333332828,0.023222222222203628,0.012111111111102621,0.06866666666663453,0.48543689320403716,0.3381877022652597,0.17637540453070324
5,52,8,0.0,0.011999999999943611,0.0,0.011999999999943611,0.0,0.0,1.0,0.0,0.0,0.0036666666666557526,0.0036666666666557526,0.0,0.0,1.0
5,52,10,0.0,0.009000000000014552,0.0,0.009000000000014552,0.0,0.0,1.0,0.0,0.0,0.0021111111111117176,0.0021111111111117176,0.0,0.0,1.0
5,52,11,0.0,0.009999999999990905,0.0,0.009999999999990905,0.0,0.0,1.0,0.0,0.0,0.0021111111111117176,0.0021111111111117176,0.0,0.0,1.0
5,52,14,0.0,0.009000000000014552,0.0,0.009000000000014552,0.0,0.0,1.0,0.0,0.0,0.0022222222222202013,0.0022222222222202013,0.0,0.0,1.0
5,52,15,0.0,0.010999999999967258,0.0,0.010999999999967258,0.0,0.0,1.0,0.0,0.0,0.0033333333333303017,0.0033333333333303017,0.0,0.0,1.0
5,52,16,0.0,0.009999999999990905,0.0,0.009999999999990905,0.0,0.0,1.0,0.0,0.0,0.0023333333333286845,0.0023333333333286845,0.0,0.0,1.0
5,52,18,0.0,0.009999999999990905,0.0,0.009999999999990905,0.0,0.0,1.0,0.0,0.0,0.0011111111111101006,0.0011111111111101006,0.0,0.0,1.0
5,52,21,0.0,0.009999999999990905,0.0,0.009999999999990905,0.0,0.0,1.0,0.0,0.0,0.0011111111111101006,0.0011111111111101006,0.0,0.0,1.0
5,52,23,0.0,0.010999999999967258,0.0,0.010999999999967258,0.0,0.0,1.0,0.0,0.0,0.08133333333333011,0.08133333333333011,0.0,0.0,1.0
5,52,24,0.0,0.24200000000018917,0.0,0.24200000000018917,0.0,0.0,1.0,0.0,0.0,0.178999999999961,0.178999999999961,0.0,0.0,1.0
5,52,25,0.0,0.1879999999998745,0.0,0.1879999999998745,0.0,0.0,1.0,0.0,0.0,0.180999999999939,0.180999999999939,0.0,0.0,1.0
5,52,26,0.0,0.05799999999976535,0.0,0.05799999999976535,0.0,0.0,1.0,0.0,0.0,0.24388888888885654,0.24388888888885654,0.0,0.0,1.0
5,52,27,0.0,0.7800000000002001,0.0,0.7800000000002001,0.0,0.0,1.0,0.0,0.0,0.14622222222222567,0.14622222222222567,0.0,0.0,1.0
5,53,0,0.04899999999997817,0.0,0.0,0.04899999999997817,1.0,0.0,0.0,0.026500000000169166,0.05166666666650599,0.11483333333334637,0.19300000000002154,0.13730569948272647,0.26770293609585605,0.5949913644214174
5,53,23,0.0,0.028999999999996362,0.0,0.028999999999996362,0.0,0.0,1.0,0.0,0.0,0.13244444444444525,0.13244444444444525,0.0,0.0,1.0
5,53,24,0.0,0.4499999999998181,0.0,0.4499999999998181,0.0,0.0,1.0,0.0,0.0,0.33233333333330645,0.33233333333330645,0.0,0.0,1.0
5,53,25,0.0,0.6909999999998035,0.0,0.6909999999998035,0.0,0.0,1.0,0.0,0.0,0.29544444444440565,0.29544444444440565,0.0,0.0,1.0
5,54,0,0.030000000000654836,0.0,0.009999999999308784,0.03999999999996362,0.750000000017053,0.24999999998294697,0.0,0.11700000000011339,0.15333333333319388,0.0,0.2703333333333073,0.432799013563963,0.567200986436037,0.0
5,54,13,0.0,0.0,0.45200000000022555,0.45200000000022555,0.0,1.0,0.0,0.005555555555575766,0.09911111111109171,0.0,0.10466666666666748,0.05307855626346232,0.9469214437365376,0.0
5,54,14,0.0,0.0,0.3009999999999309,0.3009999999999309,0.0,1.0,0.0,0.0044444444444404025,0.10800000000007355,0.0,0.11244444444451396,0.03952569169954436,0.9604743083004555,0.0
5,54,15,0.0,0.0,0.057999999999992724,0.057999999999992724,0.0,1.0,0.0,0.002222222222169674,0.06311111111113456,0.0,0.06533333333330422,0.03401360544138771,0.9659863945586123,0.0
5,54,16,0.0,0.0,0.04899999999997817,0.04899999999997817,0.0,1.0,0.0,0.0012222222221680568,0.02744444444452812,0.0,0.028666666666696178,0.0426356589127953,0.9573643410872047,0.0
5,54,17,0.0,0.0,0.032000000000152795,0.032000000000152795,0.0,1.0,0.0,0.0,0.06644444444438907,0.0,0.06644444444438907,0.0,1.0,0.0
5,54,18,0.0,0.0,0.419999999999618,0.419999999999618,0.0,1.0,0.0,0.0,0.06455555555557012,0.0,0.06455555555557012,0.0,1.0,0.0
5,54,19,0.0,0.0,0.04100000000016735,0.04100000000016735,0.0,1.0,0.0,0.0,0.06911111111099268,0.0,0.06911111111099268,0.0,1.0,0.0
5,54,20,0.0,0.0,0.07899999999972351,0.07899999999972351,0.0,1.0,0.0,0.0,0.023222222222203628,0.007777777777795967,0.030999999999999594,0.0,0.7491039426517397,0.25089605734826026
5,54,21,0.0,0.052000000000134605,0.03800000000046566,0.09000000000060027,0.0,0.42222222222458017,0.5777777777754198,0.0,0.016555555555492495,0.017888888888895355,0.03444444444438785,0.0,0.48064516128928153,0.5193548387107185
5,54,22,0.0,0.07999999999992724,0.0,0.07999999999992724,0.0,0.0,1.0,0.0,0.005444444444492547,0.05999999999999595,0.06544444444448849,0.0,0.08319185059490652,0.9168081494050936
5,54,23,0.0,0.34999999999990905,0.0,0.34999999999990905,0.0,0.0,1.0,0.0,0.0,0.10555555555553535,0.10555555555553535,0.0,0.0,1.0
5,54,24,0.0,0.03000000000020009,0.0,0.03000000000020009,0.0,0.0,1.0,0.0,0.0,0.283333333333303,0.283333333333303,0.0,0.0,1.0
5,54,25,0.0,1.0,0.0,1.0,0.0,0.0,1.0,0.0,0.0,0.24122222222220238,0.24122222222220238,0.0,0.0,1.0
5,55,0,0.6230000000000473,0.0,0.8989999999994325,1.5219999999994798,0.4093298291723129,0.5906701708276871,0.0,0.1683333333335971,0.16999999999984539,0.0013333333333018043,0.33966666666674433,0.4955839057906534,0.5004906771338758,0.003925417075470557
5,55,1,0.0,0.0,0.011000000000422006,0.011000000000422006,0.0,1.0,0.0,0.11355555555569986,0.11444444444426456,0.0008888888888678695,0.2288888888888323,0.49611650485512204,0.49999999999933775,0.003883495145540196
5,55,2,0.0,0.0,0.009999999999308784,0.009999999999308784,0.0,1.0,0.0,0.004555555555473095,0.0034444444444387858,0.0,0.00799999999991188,0.5694444444404093,0.4305555555595908,0.0
5,55,3,0.0,0.0,0.010000000000218279,0.010000000000218279,0.0,1.0,0.0,0.0034444444444387853,0.0022222222221696735,0.0,0.005666666666608458,0.607843137260147,0.392156862739853,0.0
5,55,5,0.0,0.0,0.2090000000002874,0.2090000000002874,0.0,1.0,0.0,0.0032222222222723453,0.042000000000017385,0.0,0.04522222222228973,0.07125307125407326,0.9287469287459268,0.0
5,55,6,0.010000000000218279,0.0,0.16899999999986903,0.1790000000000873,0.05586592178890168,0.9441340782110983,0.0,0.017666666666779445,0.04422222222223759,0.0,0.06188888888901703,0.28545780969602474,0.7145421903039753,0.0
5,55,7,0.12000000000034561,0.0,0.01999999999998181,0.14000000000032742,0.8571428571433212,0.14285714285667883,0.0,0.020111111111216613,0.02399999999998828,0.0,0.044111111111204894,0.4559193954674174,0.5440806045325827,0.0
5,55,8,0.010000000000218279,0.0,0.027000000000043656,0.037000000000261934,0.2702702702742564,0.7297297297257437,0.0,0.021111111111117173,0.010111111111099387,0.0,0.03122222222221656,0.67615658363021,0.32384341636979,0.0
5,55,9,0.018999999999323336,0.0,0.04399999999986903,0.06299999999919237,0.3015873015804271,0.6984126984195729,0.0,0.013777777777654087,0.011111111111101005,0.0,0.02488888888875509,0.5535714285694348,0.4464285714305653,0.0
5,55,10,0.032000000000152795,0.0,0.028999999999996362,0.06100000000014916,0.5245901639356484,0.47540983606435167,0.0,0.02222222222220201,0.009222222222231518,0.0,0.03144444444443353,0.7067137809183305,0.2932862190816696,0.0
5,55,11,0.01900000000023283,0.0,0.010000000000218279,0.02900000000045111,0.6551724137909406,0.34482758620905946,0.0,0.031222222222216562,0.007777777777795969,0.0,0.03900000000001253,0.8005698005693982,0.19943019943060178,0.0
5,55,12,0.02099999999973079,0.0,0.03099999999994907,0.05199999999967986,0.403846153843463,0.596153846156537,0.0,0.025444444444474357,0.065666666666756,0.0,0.09111111111123035,0.27926829268288966,0.7207317073171103,0.0
5,55,13,0.020000000000436557,0.0,0.028999999999996362,0.04900000000043292,0.4081632653114256,0.5918367346885743,0.0,0.015555555555490881,0.1079999999999725,0.0,0.12355555555546338,0.12589928057511005,0.87410071942489,0.0
5,55,14,0.009000000000014552,0.0,0.07899999999972351,0.08799999999973807,0.10227272727319706,0.897727272726803,0.0,0.0044444444444404025,0.11688888888895436,0.0,0.12133333333339477,0.03663003662998477,0.9633699633700152,0.0
5,55,15,0.01099999999951251,0.0,0.05300000000079308,0.06400000000030559,0.1718749999915623,0.8281250000084377,0.0,0.002222222222169674,0.06433333333330261,0.0,0.06655555555547228,0.033388981635312336,0.9666110183646878,0.0
5,55,16,0.0,0.0,0.027999999999792635,0.027999999999792635,0.0,1.0,0.0,0.0012222222221680568,0.02744444444452812,0.0,0.028666666666696178,0.0426356589127953,0.9573643410872047,0.0
5,55,17,0.0,0.0,0.027000000000043656,0.027000000000043656,0.0,1.0,0.0,0.0,0.06644444444438907,0.0,0.06644444444438907,0.0,1.0,0.0
5,55,18,0.0,0.0,0.041999999999916326,0.041999999999916326,0.0,1.0,0.0,0.0,0.06455555555557012,0.0,0.06455555555557012,0.0,1.0,0.0
5,55,19,0.0,0.0,0.01900000000023283,0.01900000000023283,0.0,1.0,0.0,0.0,0.06911111111099268,0.0,0.06911111111099268,0.0,1.0,0.0
5,55,20,0.0,0.0,0.020999999999276042,0.020999999999276042,0.0,1.0,0.0,0.0,0.023222222222203628,0.007777777777795967,0.030999999999999594,0.0,0.7491039426517397,0.25089605734826026
5,55,21,0.0,0.018000000000029104,0.010999999999967258,0.028999999999996362,0.0,0.3793103448265048,0.6206896551734953,0.0,0.016555555555492495,0.017888888888895355,0.03444444444438785,0.0,0.48064516128928153,0.5193548387107185
5,55,22,0.0,0.010999999999967258,0.0,0.010999999999967258,0.0,0.0,1.0,0.0,0.005444444444492547,0.05677777777777413,0.06222222222226668,0.0,0.08750000000071055,0.9124999999992894
5,56,0,0.3390000000008513,0.007999999999810825,0.09999999999990905,0.44700000000057116,0.7583892617459018,0.22371364653194917,0.017897091722149,0.2953333333333982,0.16983333333329634,0.04350000000007034,0.5086666666667649,0.5806028833551923,0.3338794233288274,0.08551769331598022
5,56,1,0.018000000000029104,0.0,0.0,0.018000000000029104,1.0,0.0,0.0,0.19822222222223393,0.11433333333323187,0.02900000000004689,0.34155555555551265,0.580351333767186,0.33474300585530775,0.08490566037750645
5,56,2,0.011999999999716238,0.0,0.0,0.011999999999716238,1.0,0.0,0.0,0.004555555555473095,0.0034444444444387858,0.0,0.00799999999991188,0.5694444444404093,0.4305555555595908,0.0
5,56,3,0.01099999999951251,0.0,0.0,0.01099999999951251,1.0,0.0,0.0,0.0034444444444387853,0.0022222222221696735,0.0,0.005666666666608458,0.607843137260147,0.392156862739853,0.0
5,56,4,0.00800000000072032,0.0,0.0,0.00800000000072032,1.0,0.0,0.0,0.002111111111136981,0.02433333333338952,0.0,0.0264444444445265,0.07983193277383979,0.9201680672261602,0.0
5,56,6,0.01099999999951251,0.0,0.0,0.01099999999951251,1.0,0.0,0.0,0.017666666666779445,0.04422222222223759,0.0,0.06188888888901703,0.28545780969602474,0.7145421903039753,0.0
5,56,7,0.0180000000009386,0.0,0.0,0.0180000000009386,1.0,0.0,0.0,0.020111111111216613,0.02399999999998828,0.0,0.044111111111204894,0.4559193954674174,0.5440806045325827,0.0
5,56,8,0.011999999999716238,0.0,0.0,0.011999999999716238,1.0,0.0,0.0,0.021111111111117173,0.010111111111099387,0.0,0.03122222222221656,0.67615658363021,0.32384341636979,0.0
5,56,9,0.01099999999951251,0.0,0.0,0.01099999999951251,1.0,0.0,0.0,0.013777777777654087,0.011111111111101005,0.0,0.02488888888875509,0.5535714285694348,0.4464285714305653,0.0
5,56,10,0.03999999999996362,0.0,0.0,0.03999999999996362,1.0,0.0,0.0,0.02222222222220201,0.009222222222231518,0.0,0.03144444444443353,0.7067137809183305,0.2932862190816696,0.0
5,56,11,0.07900000000063301,0.0,0.0,0.07900000000063301,1.0,0.0,0.0,0.031222222222216562,0.007777777777795969,0.0,0.03900000000001253,0.8005698005693982,0.19943019943060178,0.0
5,56,12,0.08999999999923602,0.0,0.0,0.08999999999923602,1.0,0.0,0.0,0.025444444444474357,0.015444444444508716,0.0,0.04088888888898307,0.6222826086949503,0.37771739130504967,0.0
5,56,13,0.0,0.0,0.06900000000041473,0.06900000000041473,0.0,1.0,0.0,0.015555555555490881,0.024333333333288465,0.0,0.039888888888779346,0.38997214484624626,0.6100278551537538,0.0
5,56,14,0.0,0.0,0.01099999999951251,0.01099999999951251,0.0,1.0,0.0,0.0044444444444404025,0.02677777777782669,0.0,0.031222222222267094,0.14234875444806455,0.8576512455519354,0.0
5,57,0,0.7919999999994616,0.2530000000006112,0.009000000000014552,1.0540000000000873,0.7514231499045503,0.008538899430753137,0.2400379506646966,0.22950000000006793,0.018166666666653935,0.051833333333433984,0.29950000000015586,0.7662771285474074,0.060656649972101774,0.17306622148049086
5,58,0,0.22800000000006548,0.0500000000001819,0.0,0.2780000000002474,0.8201438848915921,0.0,0.17985611510840793,0.2864999999998569,0.0015000000000024254,0.06833333333346066,0.35633333333332,0.8040224508883096,0.004209541627696393,0.19176800748399406
5,59,0,0.6989999999996144,0.1069999999999709,0.0,0.8059999999995853,0.867245657568206,0.0,0.132754342431794,0.18633333333324723,0.0068333333333612245,0.026166666666692134,0.21933333333330057,0.8495440729480626,0.031155015197700205,0.11930091185423727
5,59,7,0.03799999999978354,0.05099999999993088,0.10000000000013642,0.18899999999985084,0.20105820105721445,0.5291005291016685,0.26984126984111706,0.014333333333322824,0.07355555555558467,0.005666666666658987,0.0935555555555665,0.15320665083122367,0.7862232779099579,0.06057007125881819
5,59,8,0.09100000000012187,0.0,0.5620000000001255,0.6530000000002474,0.1393568147015121,0.8606431852984879,0.0,0.024222222222205245,0.07355555555558467,0.005666666666658987,0.1034444444444489,0.23415682062281182,0.7110633727177589,0.0547798066594293
5,59,9,0.08899999999994179,0.0,0.0,0.08899999999994179,1.0,0.0,0.0,0.02000000000000707,0.062444444444458395,0.0,0.08244444444446547,0.24258760107819102,0.7574123989218089,0.0
5,60,0,0.19099999999980355,0.0,0.04100000000016735,0.2319999999999709,0.823275862068222,0.17672413793177796,0.0,0.1483333333332363,0.02833333333334546,0.017833333333328483,0.19449999999991024,0.7626392459295874,0.14567266495300019,0.0916880891174124
5,61,0,0.0,0.0,0.1289999999999054,0.1289999999999054,0.0,1.0,0.0,0.031833333333300594,0.08333333333333333,0.0,0.11516666666663392,0.2764109985526163,0.7235890014473837,0.0
5,62,0,0.0,0.0,0.32999999999992724,0.32999999999992724,0.0,1.0,0.0,0.009833333333290284,0.0996666666666594,0.0,0.10949999999994968,0.08980213089766943,0.9101978691023306,0.0
5,63,0,0.058999999999741704,0.0,0.1390000000001237,0.1979999999998654,0.297979797978696,0.702020202021304,0.0,0.018166666666653935,0.09683333333335516,0.0,0.1150000000000091,0.15797101449263043,0.8420289855073696,0.0
5,64,0,0.0500000000001819,0.0,0.11200000000008004,0.16200000000026193,0.3086419753092658,0.6913580246907343,0.0,0.018166666666653935,0.05333333333336062,0.0,0.07150000000001455,0.2540792540790243,0.7459207459209758,0.0
5,65,0,0.0,0.0,0.0409999999997126,0.0409999999997126,0.0,1.0,0.0,0.00833333333336365,0.030166666666673336,0.0,0.038500000000036984,0.21645021645079596,0.7835497835492041,0.0
5,65,1,0.0,0.0,0.028000000000247383,0.028000000000247383,0.0,1.0,0.0,0.044333333333270275,0.05366666666668607,0.0,0.09799999999995634,0.45238095238051046,0.5476190476194895,0.0
5,65,2,0.01999999999998181,0.0,0.262000000000171,0.2820000000001528,0.07092198581549991,0.9290780141845001,0.0,0.08666666666663837,0.03666666666670911,0.0,0.12333333333334748,0.7027027027023927,0.29729729729760734,0.0
5,65,3,0.09000000000014552,0.0,0.0,0.09000000000014552,1.0,0.0,0.0,0.08666666666663837,0.033555555555570514,0.0,0.12022222222220888,0.7208872458408798,0.2791127541591203,0.0
5,66,2,0.32899999999926877,0.0,0.03999999999996362,0.3689999999992324,0.891598915989033,0.10840108401096701,0.0,0.10222222222223032,0.03666666666670911,0.0,0.13888888888893944,0.7359999999997904,0.2640000000002095,0.0
5,66,3,0.34100000000034925,0.0,0.0,0.34100000000034925,1.0,0.0,0.0,0.11633333333333618,0.04022222222223112,0.0,0.1565555555555673,0.7430801987224607,0.25691980127753933,0.0
5,67,0,0.3599999999996726,0.0,0.07799999999951979,0.43799999999919237,0.8219178082199461,0.1780821917800539,0.0,0.12683333333332786,0.02516666666671578,0.0,0.15200000000004363,0.834429824561128,0.1655701754388721,0.0
5,67,1,0.021000000000185537,0.0,0.0,0.021000000000185537,1.0,0.0,0.0,0.12222222222216157,0.021222222222250925,0.0,0.1434444444444125,0.8520526723467847,0.14794732765321522,0.0
5,67,2,0.010000000000218279,0.0,0.0,0.010000000000218279,1.0,0.0,0.0,0.08999999999999393,0.0044444444444404025,0.0,0.09444444444443434,0.9529411764706259,0.047058823529374,0.0
5,67,3,0.1089999999999236,0.0,0.0,0.1089999999999236,1.0,0.0,0.0,0.11099999999997735,0.011111111111101005,0.0,0.12211111111107836,0.9090081892630246,0.0909918107369753,0.0
5,67,4,0.14800000000013824,0.0,0.05999999999994543,0.20800000000008367,0.7115384615388399,0.28846153846116007,0.0,0.07333333333336768,0.006666666666660603,0.0,0.08000000000002828,0.9166666666667719,0.08333333333322808,0.0
5,67,10,0.0,0.0,0.3680000000003929,0.3680000000003929,0.0,1.0,0.0,0.0,0.09322222222226628,0.03211111111108443,0.12533333333335073,0.0,0.7437943262413831,0.2562056737586168
5,67,11,0.0,0.0,0.20200000000022555,0.20200000000022555,0.0,1.0,0.0,0.0,0.09322222222226628,0.03211111111108443,0.12533333333335073,0.0,0.7437943262413831,0.2562056737586168
5,68,0,0.38000000000010914,0.0,0.07300000000077489,0.45300000000088403,0.8388520971288468,0.16114790287115327,0.0,0.15516666666667334,0.02516666666671578,0.0,0.1803333333333891,0.8604436229202884,0.13955637707971164,0.0
5,68,4,0.06199999999989814,0.0,0.0,0.06199999999989814,1.0,0.0,0.0,0.03544444444444,0.006666666666660603,0.0,0.0421111111111006,0.8416886543536665,0.15831134564633353,0.0
5,68,11,0.0,0.2889999999997599,0.2689999999997781,0.557999999999538,0.0,0.4820788530465964,0.5179211469534035,0.0,0.09322222222226628,0.03211111111108443,0.12533333333335073,0.0,0.7437943262413831,0.2562056737586168
5,69,0,0.17000000000007276,0.0,0.0,0.17000000000007276,1.0,0.0,0.0,0.15500000000004852,0.012166666666795814,0.0,0.16716666666684432,0.9272183449644095,0.07278165503559053,0.0
5,70,0,0.38000000000010914,0.0,0.0,0.38000000000010914,1.0,0.0,0.0,0.12483333333329938,0.013500000000021828,0.0,0.1383333333333212,0.9024096385540505,0.09759036144594949,0.0
5,71,0,0.19899999999961437,0.0,0.08100000000013097,0.27999999999974534,0.7107142857135549,0.2892857142864451,0.0,0.10999999999997574,0.02016666666668243,0.0,0.13016666666665816,0.8450704225350801,0.15492957746491998,0.0
5,72,0,0.08100000000013097,0.0,0.03999999999996362,0.12100000000009459,0.6694214876038649,0.3305785123961351,0.0,0.06999999999993634,0.030250000000023647,0.0,0.10024999999995998,0.6982543640894192,0.3017456359105808,0.0
6,38,0,0.0,0.0820000000003347,0.0,0.0820000000003347,0.0,0.0,1.0,0.0,0.0,0.6340000000001851,0.6340000000001851,0.0,0.0,1.0
6,39,0,0.0,2.4540000000004056,0.0,2.4540000000004056,0.0,0.0,1.0,0.0,0.0,1.085166666667116,1.085166666667116,0.0,0.0,1.0
6,40,0,0.0,3.9750000000019554,0.0,3.9750000000019554,0.0,0.0,1.0,0.0,0.0,2.912500000000364,2.912500000000364,0.0,0.0,1.0
6,40,4,0.0,0.028999999999541615,0.0,0.028999999999541615,0.0,0.0,1.0,0.0,0.0,0.2076666666666319,0.2076666666666319,0.0,0.0,1.0
6,41,0,0.0,11.024999999999636,0.0,11.024999999999636,0.0,0.0,1.0,0.0,0.0,4.57366666666716,4.57366666666716,0.0,0.0,1.0
6,41,1,0.0,0.021000000000185537,0.0,0.021000000000185537,0.0,0.0,1.0,0.0,0.0,3.055333333333667,3.055333333333667,0.0,0.0,1.0
6,41,2,0.0,0.009000000000014552,0.0,0.009000000000014552,0.0,0.0,1.0,0.0,0.0,0.03522222222232408,0.03522222222232408,0.0,0.0,1.0
6,41,3,0.0,0.009999999999763531,0.0,0.009999999999763531,0.0,0.0,1.0,0.0,0.0,0.5249999999999899,0.5249999999999899,0.0,0.0,1.0
6,41,4,0.0,1.7500000000004547,0.0,1.7500000000004547,0.0,0.0,1.0,0.0,0.0,0.5299999999999475,0.5299999999999475,0.0,0.0,1.0
6,41,5,0.0,0.07999999999992724,0.0,0.07999999999992724,0.0,0.0,1.0,0.0,0.0,0.5221111111110682,0.5221111111110682,0.0,0.0,1.0
6,42,0,0.0,12.280000000000655,0.0,12.280000000000655,0.0,0.0,1.0,0.0,0.03933333333338851,5.211499999999963,5.250833333333351,0.0,0.007490874464381217,0.9925091255356188
6,42,1,0.0,0.14100000000053114,0.0,0.14100000000053114,0.0,0.0,1.0,0.0,0.026222222222259006,3.4815555555555373,3.5077777777777963,0.0,0.007475451377900849,0.9925245486220992
6,42,2,0.0,0.047000000000025466,0.0,0.047000000000025466,0.0,0.0,1.0,0.0,0.0,0.08844444444447518,0.08844444444447518,0.0,0.0,1.0
6,42,3,0.0,0.08900000000039654,0.0,0.08900000000039654,0.0,0.0,1.0,0.0,0.0,0.7271111111111471,0.7271111111111471,0.0,0.0,1.0
6,42,4,0.0,2.7909999999997126,0.0,2.7909999999997126,0.0,0.0,1.0,0.0,0.0,0.7333333333333233,0.7333333333333233,0.0,0.0,1.0
6,42,5,0.0,0.02099999999973079,0.0,0.02099999999973079,0.0,0.0,1.0,0.0,0.0,0.6754444444445148,0.6754444444445148,0.0,0.0,1.0
6,42,6,0.0,0.028000000000247383,0.0,0.028000000000247383,0.0,0.0,1.0,0.0,0.0,0.02455555555555596,0.02455555555555596,0.0,0.0,1.0
6,42,7,0.0,0.010999999999967258,0.0,0.010999999999967258,0.0,0.0,1.0,0.0,0.0,0.19255555555558757,0.19255555555558757,0.0,0.0,1.0
6,42,8,0.0,0.4619999999999891,0.0,0.4619999999999891,0.0,0.0,1.0,0.0,0.0,0.20033333333334566,0.20033333333334566,0.0,0.0,1.0
6,42,9,0.0,0.11800000000005184,0.0,0.11800000000005184,0.0,0.0,1.0,0.0,0.0,0.40377777777776674,0.40377777777776674,0.0,0.0,1.0
6,42,10,0.0,1.0649999999997135,0.0,1.0649999999997135,0.0,0.0,1.0,0.0,0.0,0.2332222222222274,0.2332222222222274,0.0,0.0,1.0
6,42,11,0.0,0.09800000000007003,0.0,0.09800000000007003,0.0,0.0,1.0,0.0,0.0,0.23766666666666778,0.23766666666666778,0.0,0.0,1.0
6,42,12,0.0,0.14999999999997726,0.0,0.14999999999997726,0.0,0.0,1.0,0.0,0.0,0.07911111111109727,0.07911111111109727,0.0,0.0,1.0
6,42,13,0.0,0.13999999999998636,0.0,0.13999999999998636,0.0,0.0,1.0,0.0,0.0,0.08955555555557264,0.08955555555557264,0.0,0.0,1.0
6,42,14,0.0,0.13900000000023738,0.0,0.13900000000023738,0.0,0.0,1.0,0.0,0.0,0.07444444444445254,0.07444444444445254,0.0,0.0,1.0
6,42,15,0.0,0.021999999999934516,0.0,0.021999999999934516,0.0,0.0,1.0,0.0,0.0,0.026000000000029416,0.026000000000029416,0.0,0.0,1.0
6,42,16,0.0,0.01999999999998181,0.0,0.01999999999998181,0.0,0.0,1.0,0.0,0.0,0.07255555555553252,0.07255555555553252,0.0,0.0,1.0
6,42,17,0.0,0.6109999999998763,0.0,0.6109999999998763,0.0,0.0,1.0,0.0,0.0,0.07011111111109536,0.07011111111109536,0.0,0.0,1.0
6,43,0,0.0,7.80199999999877,0.23600000000033106,8.037999999999101,0.0,0.02936053744717062,0.9706394625528294,0.10016666666668546,0.1470000000001619,6.076333333333234,6.323500000000081,0.015840383753725654,0.02324661975174508,0.9609129964945293
6,43,2,0.0,0.009000000000014552,0.0,0.009000000000014552,0.0,0.0,1.0,0.038000000000061436,0.0375555555554254,0.2905555555555818,0.36611111111106864,0.10379362670731186,0.10257966616050615,0.793626707132182
6,43,3,0.0,0.46999999999934516,0.0,0.46999999999934516,0.0,0.0,1.0,0.04244444444450184,0.013222222222086404,1.052666666666634,1.1083333333332221,0.038295739348426554,0.011929824561282162,0.9497744360902913
6,43,4,0.0,1.3690000000005966,0.0,1.3690000000005966,0.0,0.0,1.0,0.015555555555490881,0.006777777777743823,1.0796666666665764,1.1019999999998111,0.014115749142916105,0.006150433555122491,0.9797338173019614
6,43,5,0.0,0.01999999999998181,0.0,0.01999999999998181,0.0,0.0,1.0,0.0044444444444404025,0.0,0.9852222222221928,0.9896666666666332,0.004490849893338383,0.0,0.9955091501066616
6,43,6,0.0,0.01999999999998181,0.0,0.01999999999998181,0.0,0.0,1.0,0.0,0.0,0.4145555555555549,0.4145555555555549,0.0,0.0,1.0
6,43,7,0.0,0.04100000000016735,0.0,0.04100000000016735,0.0,0.0,1.0,0.0,0.0,0.40355555555557504,0.40355555555557504,0.0,0.0,1.0
6,43,8,0.0,1.1709999999999354,0.0,1.1709999999999354,0.0,0.0,1.0,0.0,0.0,0.6590000000000044,0.6590000000000044,0.0,0.0,1.0
6,43,10,0.0,0.818000000000211,0.0,0.818000000000211,0.0,0.0,1.0,0.0,0.0,0.6944444444444319,0.6944444444444319,0.0,0.0,1.0
6,43,12,0.0,0.008000000000038199,0.0,0.008000000000038199,0.0,0.0,1.0,0.0,0.0,0.40411111111124387,0.40411111111124387,0.0,0.0,1.0
6,43,13,0.0,0.31599999999980355,0.0,0.31599999999980355,0.0,0.0,1.0,0.0,0.0,0.40800000000014186,0.40800000000014186,0.0,0.0,1.0
6,43,14,0.0,0.05300000000011096,0.0,0.05300000000011096,0.0,0.0,1.0,0.0,0.0,0.38388888888903244,0.38388888888903244,0.0,0.0,1.0
6,44,0,0.6010000000001128,16.22499999999968,0.42700000000058935,17.253000000000384,0.03483452153249286,0.024749318959055227,0.9404161595084519,0.13600000000004306,0.25716666666676247,6.654999999999821,7.048166666666626,0.019295797961651092,0.036487029724055514,0.9442171723142935
6,44,1,0.0,0.009999999999763531,0.21900000000005093,0.22899999999981446,0.0,0.9563318777302549,0.043668122269745126,0.11755555555570633,0.18688888888886546,4.731111111111027,5.035555555555599,0.023345101500471047,0.03711385701676466,0.9395410414827643
6,44,2,0.24200000000109867,1.4790000000002692,0.05799999999908323,1.779000000000451,0.13603147835921153,0.03260258572179231,0.8313659359189962,0.038000000000061436,0.04766666666657532,0.5798888888886672,0.6655555555553039,0.05709515859777667,0.07161936560923875,0.8712854757929847
6,44,3,0.0999999999994543,0.36999999999989086,0.06099999999969441,0.5309999999990396,0.1883239171367894,0.11487758945349293,0.6967984934097177,0.04366666666677096,0.02333333333323632,1.248333333333196,1.3153333333332033,0.03319817536754329,0.017739483020708536,0.9490623416117482
6,44,4,0.03999999999996362,2.8499999999994543,0.0,2.889999999999418,0.013840830449817189,0.0,0.9861591695501828,0.016777777777759992,0.007888888888879187,1.545888888888688,1.570555555555327,0.010682702511486517,0.005022992571625258,0.9842943049168883
6,44,5,0.0,1.73700000000008,0.0,1.73700000000008,0.0,0.0,1.0,0.005666666666709514,0.0,1.4414444444443637,1.4471111111110733,0.003915847665877377,0.0,0.9960841523341226
6,44,6,0.0,0.03099999999994907,0.0,0.03099999999994907,0.0,0.0,1.0,0.0,0.0,1.1143333333332823,1.1143333333332823,0.0,0.0,1.0
6,44,7,0.0,1.821999999999889,0.0,1.821999999999889,0.0,0.0,1.0,0.0,0.0,0.6709999999999857,0.6709999999999857,0.0,0.0,1.0
6,44,8,0.0,0.04600000000004911,0.0,0.04600000000004911,0.0,0.0,1.0,0.0,0.0,1.5588888888889614,1.5588888888889614,0.0,0.0,1.0
6,44,9,0.0,2.259999999999991,0.0,2.259999999999991,0.0,0.0,1.0,0.0,0.0,1.573666666666693,1.573666666666693,0.0,0.0,1.0
6,44,10,0.0,1.8319999999996526,0.0,1.8319999999996526,0.0,0.0,1.0,0.0,0.0,1.4720000000000681,1.4720000000000681,0.0,0.0,1.0
6,44,11,0.0,0.05900000000019645,0.0,0.05900000000019645,0.0,0.0,1.0,0.0,0.0,0.627444444444437,0.627444444444437,0.0,0.0,1.0
6,44,12,0.0,0.0809999999999036,0.0,0.0809999999999036,0.0,0.0,1.0,0.0,0.0,1.038666666666586,1.038666666666586,0.0,0.0,1.0
6,44,13,0.0,2.7850000000012187,0.0,2.7850000000012187,0.0,0.0,1.0,0.0,0.0,1.2186666666665738,1.2186666666665738,0.0,0.0,1.0
6,45,0,0.21500000000014552,14.374000000001388,0.6609999999996035,15.250000000001137,0.014098360655746196,0.043344262295052734,0.9425573770492011,0.167666666666643,0.23100000000007034,6.267166666666716,6.665833333333429,0.025153144143013964,0.034654331791483986,0.940192524065502
6,45,1,0.0,1.5189999999993233,0.0,1.5189999999993233,0.0,0.0,1.0,0.13866666666677296,0.169444444444404,4.557111111111175,4.865222222222352,0.028501610066935926,0.03482768858336026,0.9366707013497039
6,45,2,0.0,1.1620000000000346,0.08100000000013097,1.2430000000001655,0.0,0.06516492357209991,0.9348350764279001,0.038000000000061436,0.04766666666657532,0.8627777777776626,0.9484444444442994,0.04006560449866509,0.05025773195867426,0.9096766635426606
6,45,3,0.0,0.19999999999936335,0.010000000000218279,0.20999999999958163,0.0,0.04761904762018191,0.9523809523798181,0.04366666666677096,0.02333333333323632,1.3569999999998448,1.423999999999852,0.03066479400756706,0.016385767790195748,0.9529494382022372
6,45,4,0.011000000000422006,3.3259999999997945,0.0,3.3370000000002165,0.003296373988738775,0.0,0.9967036260112613,0.02977777777778101,0.013666666666671922,1.8576666666664956,1.9011111111109484,0.01566335476329936,0.007188778492113256,0.9771478667445874
6,45,5,0.0,3.5709999999996853,0.0,3.5709999999996853,0.0,0.0,1.0,0.018666666666730534,0.005777777777792734,1.749333333333223,1.7737777777777464,0.010523678276157465,0.003257328990236503,0.986218992733606
6,45,6,0.0,0.0489999999997508,0.0,0.0489999999997508,0.0,0.0,1.0,0.013000000000021017,0.10711111111110465,1.578555555555542,1.6986666666666677,0.007653061224502164,0.06305599162741636,0.9292909471480815
6,45,7,0.0,2.7380000000000564,0.0,2.7380000000000564,0.0,0.0,1.0,0.0,0.14522222222224931,0.9453333333332617,1.090555555555511,0.0,0.13316352521653563,0.8668364747834644
6,45,8,0.0,0.12100000000009459,0.0,0.12100000000009459,0.0,0.0,1.0,0.0,0.14522222222224931,2.224222222222301,2.3694444444445506,0.0,0.06128956623681994,0.93871043376318
6,45,9,0.0,5.831000000000472,0.0,5.831000000000472,0.0,0.0,1.0,0.0,0.04388888888893739,2.282111111111135,2.3260000000000725,0.0,0.018868825833592444,0.9811311741664075
6,45,10,0.0,2.0839999999998327,0.0,2.0839999999998327,0.0,0.0,1.0,0.0,0.0,2.1667777777779773,2.1667777777779773,0.0,0.0,1.0
6,45,11,0.0,0.3640000000002601,0.0,0.3640000000002601,0.0,0.0,1.0,0.0,0.0,1.0645555555557218,1.0645555555557218,0.0,0.0,1.0
6,45,12,0.0,0.40099999999983993,0.0,0.40099999999983993,0.0,0.0,1.0,0.0,0.0,1.4247777777779145,1.4247777777779145,0.0,0.0,1.0
6,45,13,0.0,5.333999999998014,0.0,5.333999999998014,0.0,0.0,1.0,0.0,0.0,2.715444444444604,2.715444444444604,0.0,0.0,1.0
6,45,14,0.0,1.9900000000002365,0.0,1.9900000000002365,0.0,0.0,1.0,0.0,0.0,4.220555555555721,4.220555555555721,0.0,0.0,1.0
6,45,15,0.0,6.448000000000775,0.0,6.448000000000775,0.0,0.0,1.0,0.0,0.0,4.931444444444852,4.931444444444852,0.0,0.0,1.0
6,45,16,0.0,4.757999999998901,0.0,4.757999999998901,0.0,0.0,1.0,0.0,0.0,3.563888888889222,3.563888888889222,0.0,0.0,1.0
6,45,17,0.0,0.2570000000002892,0.0,0.2570000000002892,0.0,0.0,1.0,0.0,0.0,1.938000000000228,1.938000000000228,0.0,0.0,1.0
6,45,18,0.0,0.8040000000000873,0.0,0.8040000000000873,0.0,0.0,1.0,0.0,0.0,0.20388888888894316,0.20388888888894316,0.0,0.0,1.0
6,45,19,0.0,0.2889999999997599,0.0,0.2889999999997599,0.0,0.0,1.0,0.0,0.0,0.17477777777778777,0.17477777777778777,0.0,0.0,1.0
6,45,20,0.0,0.1020000000003165,0.0,0.1020000000003165,0.0,0.0,1.0,0.0,0.0,0.09122222222221223,0.09122222222221223,0.0,0.0,1.0
6,45,21,0.0,0.06799999999975626,0.0,0.06799999999975626,0.0,0.0,1.0,0.0,0.0,0.04688888888889142,0.04688888888889142,0.0,0.0,1.0
6,45,22,0.0,0.03999999999996362,0.0,0.03999999999996362,0.0,0.0,1.0,0.0,0.0,0.0349999999999805,0.0349999999999805,0.0,0.0,1.0
6,45,23,0.0,0.11900000000014188,0.0,0.11900000000014188,0.0,0.0,1.0,0.0,0.0,0.023111111111094845,0.023111111111094845,0.0,0.0,1.0
6,45,24,0.0,0.02999999999974534,0.0,0.02999999999974534,0.0,0.0,1.0,0.0,0.0,0.02322222222225386,0.02322222222225386,0.0,0.0,1.0
6,45,25,0.0,0.06000000000040018,0.0,0.06000000000040018,0.0,0.0,1.0,0.0,0.0,0.010000000000015871,0.010000000000015871,0.0,0.0,1.0
6,46,0,0.18999999999959982,4.01099999999974,0.07900000000017826,4.279999999999518,0.04439252336439748,0.018457943925277373,0.9371495327103252,0.16199999999999667,0.20349999999992482,5.002166666666843,5.367666666666765,0.030180711668632,0.03791219027508932,0.9319070980562786
6,46,1,0.0,1.4640000000003965,0.0,1.4640000000003965,0.0,0.0,1.0,0.10877777777778243,0.1446666666666311,3.7093333333334364,3.96277777777785,0.027449880835553737,0.03650637880273815,0.9360437403617081
6,46,2,0.0,0.7699999999999818,0.0,0.7699999999999818,0.0,0.0,1.0,0.006888888888902833,0.010111111111149916,0.8814444444443424,0.8984444444443952,0.007667573583988238,0.01125401929264831,0.9810784071233635
6,46,3,0.0,0.79099999999994,0.0,0.79099999999994,0.0,0.0,1.0,0.04977777777786388,0.031222222222216562,1.1546666666665208,1.2356666666666012,0.04028414710914474,0.025267511914392946,0.9344483409764623
6,46,4,0.0,1.2649999999998727,0.0,1.2649999999998727,0.0,0.0,1.0,0.23411111111125948,0.10277777777777271,1.50733333333316,1.8442222222221922,0.12694300518142967,0.05572960597662185,0.8173273888419484
6,46,5,0.11700000000018917,2.6090000000003783,0.052000000000134605,2.778000000000702,0.04211663066960389,0.01871850251984214,0.939164866810554,0.2601111111112257,0.14622222222227618,1.7371111111110116,2.1434444444445133,0.12135192576854265,0.06821834015864617,0.8104297340728113
6,46,6,0.0,0.30600000000004,0.0,0.30600000000004,0.0,0.0,1.0,0.2137777777778259,0.2792222222222891,1.987000000000055,2.48000000000017,0.08620071684589163,0.11258960573478627,0.801209677419322
6,46,7,0.0,1.344000000000051,0.9119999999998072,2.255999999999858,0.0,0.40425531914887614,0.5957446808511239,0.02866666666664565,0.25322222222227236,1.6026666666667149,1.8845555555556328,0.015211367254277476,0.13436707741290949,0.850421555332813
6,46,8,0.0,2.050999999999476,0.39500000000043656,2.4459999999999127,0.0,0.16148814390860616,0.8385118560913939,0.0,0.2108888888888537,3.2193333333334273,3.430222222222281,0.0,0.06147965794246083,0.9385203420575391
6,46,9,0.0,3.805000000000632,0.0,3.805000000000632,0.0,0.0,1.0,0.0,0.056777777777774145,3.38311111111097,3.4398888888887442,0.0,0.01650570108853609,0.9834942989114639
6,46,10,0.0,2.5090000000000146,0.0,2.5090000000000146,0.0,0.0,1.0,0.0,0.0022222222222202013,3.230444444444553,3.2326666666667734,0.0,0.000687426960884758,0.9993125730391152
6,46,11,0.0,0.757000000000744,0.0,0.757000000000744,0.0,0.0,1.0,0.0,0.0,1.592666666666749,1.592666666666749,0.0,0.0,1.0
6,46,12,0.0,1.4940000000010514,0.0,1.4940000000010514,0.0,0.0,1.0,0.0,0.0,1.4743333333332078,1.4743333333332078,0.0,0.0,1.0
6,46,13,0.0,1.5480000000000018,0.0,1.5480000000000018,0.0,0.0,1.0,0.0,0.0,3.7995555555553437,3.7995555555553437,0.0,0.0,1.0
6,46,14,0.0,10.806000000001177,0.0,10.806000000001177,0.0,0.0,1.0,0.0,0.0,5.414999999999786,5.414999999999786,0.0,0.0,1.0
6,46,15,0.0,9.07400000000007,0.0,9.07400000000007,0.0,0.0,1.0,0.0,0.0,6.610333333333453,6.610333333333453,0.0,0.0,1.0
6,46,16,0.0,11.307000000002517,0.0,11.307000000002517,0.0,0.0,1.0,0.0,0.0,4.211888888888931,4.211888888888931,0.0,0.0,1.0
6,46,17,0.0,0.2310000000004493,0.0,0.2310000000004493,0.0,0.0,1.0,0.0,0.0,2.6998888888888612,2.6998888888888612,0.0,0.0,1.0
6,46,18,0.0,0.084999999999809,0.0,0.084999999999809,0.0,0.0,1.0,0.0,0.0,0.5957777777777614,0.5957777777777614,0.0,0.0,1.0
6,46,19,0.0,0.1690000000000964,0.0,0.1690000000000964,0.0,0.0,1.0,0.0,0.0,0.505888888888876,0.505888888888876,0.0,0.0,1.0
6,46,20,0.0,0.12400000000002365,0.0,0.12400000000002365,0.0,0.0,1.0,0.0,0.0,0.09533333333332748,0.09533333333332748,0.0,0.0,1.0
6,46,21,0.0,0.06899999999995998,0.0,0.06899999999995998,0.0,0.0,1.0,0.0,0.0,0.05111111111111516,0.05111111111111516,0.0,0.0,1.0
6,46,22,0.0,0.019000000000005457,0.0,0.019000000000005457,0.0,0.0,1.0,0.0,0.0,0.039444444444421196,0.039444444444421196,0.0,0.0,1.0
6,47,0,0.5360000000002856,8.098000000000184,0.48099999999976717,9.115000000000236,0.05880416895230627,0.052770159078415216,0.8884256719692785,0.1261666666666391,0.18983333333335395,3.01916666666663,3.3351666666666233,0.03782919394332339,0.056918694717912076,0.9052521113387645
6,47,1,0.03099999999994907,0.5470000000000255,0.0,0.5779999999999745,0.05363321799299383,0.0,0.9463667820070062,0.08488888888887737,0.1265555555555693,2.3372222222221555,2.5486666666666022,0.03330717586537255,0.049655593338571474,0.9170372307960559
6,47,2,0.007000000000061846,1.4389999999998508,0.0,1.4459999999999127,0.0048409405256308905,0.0,0.9951590594743691,0.006888888888902833,0.0,0.691333333333331,0.6982222222222338,0.009866327180159845,0.0,0.9901336728198402
6,47,3,0.024000000000114596,0.04100000000016735,0.0,0.06500000000028194,0.3692307692309307,0.0,0.6307692307690693,0.059555555555612545,0.023333333333337373,0.7669999999999012,0.8498888888888512,0.07007451954510874,0.02745456922474123,0.90247091123015
6,47,4,0.40600000000017644,1.3979999999996835,0.18999999999959982,1.9939999999994598,0.20361083249763612,0.09528585757254328,0.7011033099298206,0.24388888888900814,0.10388888888890808,0.9112222222221235,1.2590000000000396,0.19371635336695828,0.08251698879182273,0.7237666578412191
6,47,5,1.549000000000433,0.36499999999955435,0.6730000000000018,2.586999999999989,0.5987630459993968,0.2601468882875936,0.1410900657130096,0.2698888888889744,0.1484444444445469,1.1946666666665857,1.613000000000107,0.1673210718468422,0.09203003375358776,0.74064889439957
6,47,6,0.2579999999998108,2.7450000000003456,0.4010000000007494,3.404000000000906,0.07579318448876092,0.11780258519407835,0.8064042303171607,0.2137777777778259,0.29577777777783215,1.9775555555555304,2.4871111111111883,0.08595425303790089,0.11892423159401388,0.7951215153680853
6,47,7,0.0,4.156000000000631,0.47499999999990905,4.63100000000054,0.0,0.10256963938670992,0.8974303606132901,0.02866666666664565,0.2764444444445012,1.8848888888888824,2.1900000000000293,0.01308980213088825,0.1262303399289943,0.8606798579401175
6,47,8,0.0,0.9139999999999873,0.09599999999954889,1.0099999999995362,0.0,0.09504950495009205,0.904950495049908,0.002111111111111717,0.33155555555553445,3.410000000000069,3.7436666666667153,0.0005639153533376431,0.08856439022941773,0.9108716944172446
6,47,9,0.0,8.013999999999442,0.01999999999998181,8.033999999999423,0.0,0.0024894199651460352,0.9975105800348539,0.002111111111111717,0.16088888888891184,3.175555555555485,3.3385555555555086,0.0006323426631612381,0.048191167171438974,0.9511764901653997
6,47,10,0.0,5.118999999998778,0.0,5.118999999998778,0.0,0.0,1.0,0.002111111111111717,0.09966666666667205,3.048333333333416,3.1501111111111997,0.000670170364361219,0.03163909562273018,0.9676907340129086
6,47,11,0.0,0.591000000000804,0.0,0.591000000000804,0.0,0.0,1.0,0.0,0.0,1.443888888889003,1.443888888889003,0.0,0.0,1.0
6,47,12,0.0,1.014999999999418,0.0,1.014999999999418,0.0,0.0,1.0,0.0,0.0,0.9941111111111999,0.9941111111111999,0.0,0.0,1.0
6,47,13,0.0,1.7649999999987358,0.0,1.7649999999987358,0.0,0.0,1.0,0.0,0.0,3.076444444444506,3.076444444444506,0.0,0.0,1.0
6,47,14,0.0,9.84299999999962,0.0,9.84299999999962,0.0,0.0,1.0,0.0,0.0,3.956999999999905,3.956999999999905,0.0,0.0,1.0
6,47,15,0.0,1.9269999999994525,0.0,1.9269999999994525,0.0,0.0,1.0,0.0,0.0,5.191222222222349,5.191222222222349,0.0,0.0,1.0
6,47,16,0.0,3.3399999999983265,0.0,3.3399999999983265,0.0,0.0,1.0,0.0,0.0,2.9572222222222986,2.9572222222222986,0.0,0.0,1.0
6,47,17,0.0,0.5649999999995998,0.0,0.5649999999995998,0.0,0.0,1.0,0.0,0.0,2.2687777777778644,2.2687777777778644,0.0,0.0,1.0
6,47,18,0.0,2.951999999999771,0.0,2.951999999999771,0.0,0.0,1.0,0.0,0.0,0.6586666666667043,0.6586666666667043,0.0,0.0,1.0
6,47,19,0.0,0.009999999999990905,0.0,0.009999999999990905,0.0,0.0,1.0,0.0,0.0,0.5798888888888946,0.5798888888888946,0.0,0.0,1.0
6,47,20,0.0,0.018000000000029104,0.0,0.018000000000029104,0.0,0.0,1.0,0.0,0.0,0.05088888888892345,0.05088888888892345,0.0,0.0,1.0
6,47,21,0.0,0.009000000000014552,0.0,0.009000000000014552,0.0,0.0,1.0,0.0,0.0,0.03455555555557213,0.03455555555557213,0.0,0.0,1.0
6,47,22,0.0,0.010999999999967258,0.0,0.010999999999967258,0.0,0.0,1.0,0.0,0.0,0.021777777777742813,0.021777777777742813,0.0,0.0,1.0
6,47,23,0.0,0.01999999999998181,0.0,0.01999999999998181,0.0,0.0,1.0,0.0,0.0,0.014444444444406046,0.014444444444406046,0.0,0.0,1.0
6,47,24,0.0,0.009999999999990905,0.0,0.009999999999990905,0.0,0.0,1.0,0.0,0.0,0.012222222222185844,0.012222222222185844,0.0,0.0,1.0
6,47,25,0.0,0.009999999999990905,0.0,0.009999999999990905,0.0,0.0,1.0,0.0,0.0,0.009111111111097771,0.009111111111097771,0.0,0.0,1.0
6,47,26,0.0,0.010999999999967258,0.0,0.010999999999967258,0.0,0.0,1.0,0.0,0.0,0.011111111111101005,0.011111111111101005,0.0,0.0,1.0
6,47,27,0.0,0.019000000000005457,0.0,0.019000000000005457,0.0,0.0,1.0,0.0,0.0,0.010000000000016168,0.010000000000016168,0.0,0.0,1.0
6,47,28,0.0,0.009999999999990905,0.0,0.009999999999990905,0.0,0.0,1.0,0.0,0.0,0.015444444444432923,0.015444444444432923,0.0,0.0,1.0
6,47,29,0.0,0.029999999999972715,0.0,0.029999999999972715,0.0,0.0,1.0,0.0,0.0,0.038888888888904044,0.038888888888904044,0.0,0.0,1.0
6,47,30,0.0,0.019000000000005457,0.0,0.019000000000005457,0.0,0.0,1.0,0.0,0.0,0.03788888888887717,0.03788888888887717,0.0,0.0,1.0
6,47,31,0.0,0.010999999999967258,0.0,0.010999999999967258,0.0,0.0,1.0,0.0,0.0,0.03333333333335354,0.03333333333335354,0.0,0.0,1.0
6,47,32,0.0,0.029999999999972715,0.0,0.029999999999972715,0.0,0.0,1.0,0.0,0.0,0.006666666666660599,0.006666666666660599,0.0,0.0,1.0
6,47,33,0.0,0.019000000000005457,0.0,0.019000000000005457,0.0,0.0,1.0,0.0,0.0,0.009000000000014547,0.009000000000014547,0.0,0.0,1.0
6,47,34,0.0,0.032000000000152795,0.0,0.032000000000152795,0.0,0.0,1.0,0.0,0.0,0.028000000000020005,0.028000000000020005,0.0,0.0,1.0
6,47,35,0.0,0.20100000000002183,0.0,0.20100000000002183,0.0,0.0,1.0,0.0,0.0,0.02588888888890829,0.02588888888890829,0.0,0.0,1.0
6,48,0,0.0,3.994999999999436,0.5790000000001783,4.573999999999614,0.0,0.12658504591172431,0.8734149540882756,0.12600000000001424,0.33300000000004576,4.129000000000057,4.588000000000117,0.02746294681778793,0.07258064516129845,0.8999564080209136
6,48,2,0.0,0.7109999999997854,0.0,0.7109999999997854,0.0,0.0,1.0,0.006888888888902833,0.0,0.6415555555555935,0.6484444444444963,0.010623714873221477,0.0,0.9893762851267786
6,48,3,0.0,0.45899999999983265,0.0,0.45899999999983265,0.0,0.0,1.0,0.059555555555612545,0.023333333333337373,0.5644444444443605,0.6473333333333104,0.0920013731549145,0.036045314109173325,0.8719533127359121
6,48,4,0.09900000000016007,0.028999999999996362,0.020000000000436557,0.148000000000593,0.6689189189173204,0.1351351351375434,0.19594594594513626,0.2308888888889871,0.09811111111111535,0.41333333333323524,0.7423333333333377,0.3110312827422349,0.13216584343661622,0.5568028738211488
6,48,5,0.0,1.2439999999996871,0.0,1.2439999999996871,0.0,0.0,1.0,0.2737777777778471,0.14355555555562205,0.882999999999836,1.3003333333333051,0.2105443048791487,0.1103990429804859,0.6790566521403654
6,48,6,0.0,0.7909999999997126,0.0,0.7909999999997126,0.0,0.0,1.0,0.2186666666667002,0.19422222222225272,2.0208888888887993,2.433777777777752,0.0898466033601316,0.07980277574873507,0.8303506208911334
6,48,7,0.0,4.237999999999374,0.14899999999988722,4.3869999999992615,0.0,0.03396398449963809,0.9660360155003619,0.04655555555554101,0.14022222222221595,2.040444444444499,2.227222222222256,0.02090296832127028,0.06295834372661134,0.9161386879521183
6,48,8,0.0,0.4190000000003238,0.060000000000172804,0.4790000000004966,0.0,0.12526096033426012,0.8747390396657398,0.003111111111113334,0.388999999999909,3.4344444444444533,3.8265555555554758,0.0008130317372751993,0.10165800400706332,0.8975289642556614
6,48,9,0.019000000000005457,5.749000000000706,0.8770000000000664,6.645000000000778,0.002859292701279644,0.1319789315274588,0.8651617757712615,0.002111111111111717,0.3149999999999409,2.7922222222220827,3.109333333333135,0.0006789594053747379,0.101307890222972,0.8980131503716533
6,48,11,0.0,0.8909999999996217,0.0,0.8909999999996217,0.0,0.0,1.0,0.0,0.0,1.4247777777779145,1.4247777777779145,0.0,0.0,1.0
6,48,12,0.0,0.6190000000005966,0.0,0.6190000000005966,0.0,0.0,1.0,0.0,0.0,1.3078888888887832,1.3078888888887832,0.0,0.0,1.0
6,48,13,0.0,0.2669999999998254,0.0,0.2669999999998254,0.0,0.0,1.0,0.0,0.0,2.7452222222220066,2.7452222222220066,0.0,0.0,1.0
6,48,14,0.0,0.33100000000013097,0.0,0.33100000000013097,0.0,0.0,1.0,0.0,0.0,3.4624444444442966,3.4624444444442966,0.0,0.0,1.0
6,48,15,0.0,0.052000000000134605,0.0,0.052000000000134605,0.0,0.0,1.0,0.0,0.0,4.17499999999993,4.17499999999993,0.0,0.0,1.0
6,48,16,0.0,0.0409999999997126,0.0,0.0409999999997126,0.0,0.0,1.0,0.0,0.0,2.398555555555428,2.398555555555428,0.0,0.0,1.0
6,48,17,0.0,0.07800000000042928,0.0,0.07800000000042928,0.0,0.0,1.0,0.0,0.0,1.9475555555552295,1.9475555555552295,0.0,0.0,1.0
6,48,18,0.0,1.8200000000001637,0.0,1.8200000000001637,0.0,0.0,1.0,0.0,0.0,0.7038888888888172,0.7038888888888172,0.0,0.0,1.0
6,48,19,0.0,0.018000000000029104,0.0,0.018000000000029104,0.0,0.0,1.0,0.0,0.0,0.5953333333332265,0.5953333333332265,0.0,0.0,1.0
6,48,20,0.0,0.023000000000138243,0.0,0.023000000000138243,0.0,0.0,1.0,0.0,0.0,0.02333333333336264,0.02333333333336264,0.0,0.0,1.0
6,48,21,0.0,0.018000000000029104,0.0,0.018000000000029104,0.0,0.0,1.0,0.0,0.0,0.021333333333384667,0.021333333333384667,0.0,0.0,1.0
6,48,22,0.0,0.01999999999998181,0.0,0.01999999999998181,0.0,0.0,1.0,0.0,0.0,0.01977777777776484,0.01977777777776484,0.0,0.0,1.0
6,48,23,0.0,0.02999999999974534,0.0,0.02999999999974534,0.0,0.0,1.0,0.0,0.0,0.018777777777687434,0.018777777777687434,0.0,0.0,1.0
6,48,24,0.0,0.01999999999998181,0.0,0.01999999999998181,0.0,0.0,1.0,0.0,0.0,0.02144444444441736,0.02144444444441736,0.0,0.0,1.0
6,48,25,0.0,0.01999999999998181,0.0,0.01999999999998181,0.0,0.0,1.0,0.0,0.0,0.018222222222195546,0.018222222222195546,0.0,0.0,1.0
6,48,26,0.0,0.010999999999967258,0.0,0.010999999999967258,0.0,0.0,1.0,0.0,0.0,0.023444444444420592,0.023444444444420592,0.0,0.0,1.0
6,48,27,0.0,0.028999999999996362,0.0,0.028999999999996362,0.0,0.0,1.0,0.0,0.0,0.019777777777764842,0.019777777777764842,0.0,0.0,1.0
6,48,28,0.0,0.010000000000218279,0.0,0.010000000000218279,0.0,0.0,1.0,0.0,0.0,0.0275555555556366,0.0275555555556366,0.0,0.0,1.0
6,48,29,0.0,0.0409999999997126,0.0,0.0409999999997126,0.0,0.0,1.0,0.0,0.0,0.0532222222222774,0.0532222222222774,0.0,0.0,1.0
6,48,30,0.0,0.24000000000023647,0.0,0.24000000000023647,0.0,0.0,1.0,0.0,0.0,0.06222222222226669,0.06222222222226669,0.0,0.0,1.0
6,49,0,0.18899999999985084,10.548999999999978,0.9380000000003292,11.676000000000158,0.016187050359699237,0.08033573141489521,0.9034772182254055,0.2381666666666812,0.4578333333333452,3.436166666666736,4.1321666666667625,0.05763723631670448,0.11079740249263935,0.8315653611906562
6,49,1,0.0,1.5850000000007185,0.0,1.5850000000007185,0.0,0.0,1.0,0.20544444444446222,0.31955555555555293,2.4843333333333755,3.0093333333333905,0.06826908876089666,0.10618815536848035,0.8255427558706231
6,49,2,0.0,0.9809999999999945,0.0,0.9809999999999945,0.0,0.0,1.0,0.05655555555555717,0.03244444444443515,0.4611111111111717,0.5501111111111641,0.10280751363360241,0.058977984245584376,0.8382145021208132
6,49,3,0.0,0.010999999999967258,0.0,0.010999999999967258,0.0,0.0,1.0,0.05766666666669253,0.022222222222277804,0.26133333333324216,0.3412222222222125,0.16900032562691228,0.06512536633035035,0.7658743080427374
6,49,4,0.0,0.010999999999967258,0.0,0.010999999999967258,0.0,0.0,1.0,0.011000000000017785,0.013333333333396999,0.2285555555554816,0.2528888888888964,0.04349736379620261,0.05272407732889694,0.9037785588749004
6,49,5,0.0,0.16200000000026193,0.0,0.16200000000026193,0.0,0.0,1.0,0.0732222222222592,0.04977777777781336,0.3963333333331825,0.519333333333255,0.1409927257168233,0.09584937954651,0.7631578947366667
6,49,6,0.15200000000004366,1.201999999999316,0.007999999999810825,1.3619999999991705,0.1116005873716125,0.005873715124681129,0.8825256975037064,0.06322222222224304,0.06755555555549918,1.2356666666665257,1.3664444444442678,0.04626768580259074,0.04943893315982852,0.9042933810375808
6,49,7,0.009000000000014552,3.2850000000003092,0.041999999999916326,3.33600000000024,0.002697841726622873,0.012589928057527969,0.9847122302158492,0.06322222222224304,0.0722222222221818,1.1998888888888863,1.335333333333311,0.04734564819439148,0.05408553835909861,0.89856881344651
6,49,8,0.0,0.6140000000004875,0.03099999999994907,0.6450000000004366,0.0,0.048062015503764474,0.9519379844962356,0.003111111111113334,0.3355555555555914,2.018777777777763,2.357444444444468,0.001319696469812873,0.14233869067258767,0.8563416128575994
6,49,9,0.0,3.5209999999988213,1.750999999999749,5.27199999999857,0.0,0.33213201820945065,0.6678679817905494,0.002111111111111717,0.31433333333339103,1.3706666666667437,1.6871111111112465,0.001251317175974969,0.18631454162278005,0.812434141201245
6,49,10,0.0,0.7800000000002001,0.0,0.7800000000002001,0.0,0.0,1.0,0.002111111111111717,0.3042222222222664,1.7335555555555402,2.0398888888889184,0.0010349147557059306,0.14913666321697033,0.8498284220273237
6,49,11,0.0,2.633000000001175,0.0,2.633000000001175,0.0,0.0,1.0,0.0,0.0,0.8931111111113648,0.8931111111113648,0.0,0.0,1.0
6,49,12,0.0,1.1750000000006366,0.0,1.1750000000006366,0.0,0.0,1.0,0.0,0.0,1.0872222222222059,1.0872222222222059,0.0,0.0,1.0
6,49,13,0.0,2.8149999999982356,0.0,2.8149999999982356,0.0,0.0,1.0,0.0,0.0,1.461777777777873,1.461777777777873,0.0,0.0,1.0
6,49,14,0.0,6.877000000000862,0.0,6.877000000000862,0.0,0.0,1.0,0.0,0.0,2.194888888888777,2.194888888888777,0.0,0.0,1.0
6,49,15,0.0,7.2850000000016735,0.0,7.2850000000016735,0.0,0.0,1.0,0.0,0.0,2.6973333333333662,2.6973333333333662,0.0,0.0,1.0
6,49,16,0.0,7.878999999999451,0.0,7.878999999999451,0.0,0.0,1.0,0.0,0.0,1.8968888888888005,1.8968888888888005,0.0,0.0,1.0
6,49,17,0.0,0.42000000000007276,0.0,0.42000000000007276,0.0,0.0,1.0,0.0,0.0,1.2146666666665926,1.2146666666665926,0.0,0.0,1.0
6,49,18,0.0,0.432999999999538,0.0,0.432999999999538,0.0,0.0,1.0,0.0,0.0,0.3342222222222011,0.3342222222222011,0.0,0.0,1.0
6,49,19,0.0,0.03899999999975989,0.0,0.03899999999975989,0.0,0.0,1.0,0.0,0.0,0.2876666666666095,0.2876666666666095,0.0,0.0,1.0
6,49,20,0.0,0.04499999999961801,0.0,0.04499999999961801,0.0,0.0,1.0,0.0,0.0,0.04588888888894047,0.04588888888894047,0.0,0.0,1.0
6,49,21,0.0,0.030000000000654836,0.0,0.030000000000654836,0.0,0.0,1.0,0.0,0.0,0.07400000000006897,0.07400000000006897,0.0,0.0,1.0
6,49,22,0.0,0.018000000000029104,0.0,0.018000000000029104,0.0,0.0,1.0,0.0,0.0,0.0707777777777461,0.0707777777777461,0.0,0.0,1.0
6,49,23,0.0,0.02199999999947977,0.0,0.02199999999947977,0.0,0.0,1.0,0.0,0.0,0.05855555555545921,0.05855555555545921,0.0,0.0,1.0
6,49,24,0.0,0.018000000000029104,0.0,0.018000000000029104,0.0,0.0,1.0,0.0,0.0,0.023444444444420443,0.023444444444420443,0.0,0.0,1.0
6,49,25,0.0,0.0430000000005748,0.0,0.0430000000005748,0.0,0.0,1.0,0.0,0.0,0.01477777777775661,0.01477777777775661,0.0,0.0,1.0
6,49,26,0.0,0.020999999999276042,0.0,0.020999999999276042,0.0,0.0,1.0,0.0,0.0,0.018999999999980043,0.018999999999980043,0.0,0.0,1.0
6,49,27,0.0,0.047000000000025466,0.0,0.047000000000025466,0.0,0.0,1.0,0.0,0.0,0.015333333333324291,0.015333333333324291,0.0,0.0,1.0
6,49,28,0.0,0.020000000000436557,0.0,0.020000000000436557,0.0,0.0,1.0,0.0,0.0,0.02100000000008433,0.02100000000008433,0.0,0.0,1.0
6,49,29,0.0,0.042000000000371074,0.0,0.042000000000371074,0.0,0.0,1.0,0.0,0.0,0.04666666666672512,0.04666666666672512,0.0,0.0,1.0
6,49,30,0.0,0.06699999999955253,0.0,0.06699999999955253,0.0,0.0,1.0,0.0,0.0,0.05555555555560593,0.05555555555560593,0.0,0.0,1.0
6,49,31,0.0,0.11000000000058208,0.0,0.11000000000058208,0.0,0.0,1.0,0.0,0.0,0.054222222222203076,0.054222222222203076,0.0,0.0,1.0
6,49,32,0.0,0.07099999999945794,0.0,0.07099999999945794,0.0,0.0,1.0,0.0,0.0,0.027777777777777627,0.027777777777777627,0.0,0.0,1.0
6,49,33,0.0,0.06899999999995998,0.0,0.06899999999995998,0.0,0.0,1.0,0.0,0.0,0.024555555555555813,0.024555555555555813,0.0,0.0,1.0
6,49,34,0.0,0.08100000000058571,0.0,0.08100000000058571,0.0,0.0,1.0,0.0,0.0,0.019333333333381286,0.019333333333381286,0.0,0.0,1.0
6,49,35,0.0,0.023999999999887223,0.0,0.023999999999887223,0.0,0.0,1.0,0.0,0.0,0.01566666666677606,0.01566666666677606,0.0,0.0,1.0
6,49,36,0.0,0.036000000000512955,0.0,0.036000000000512955,0.0,0.0,1.0,0.0,0.0,0.011333333333368353,0.011333333333368353,0.0,0.0,1.0
6,49,37,0.0,0.041999999999916326,0.0,0.041999999999916326,0.0,0.0,1.0,0.0,0.0,0.022999999999986514,0.022999999999986514,0.0,0.0,1.0
6,49,38,0.0,0.12899999999945067,0.0,0.12899999999945067,0.0,0.0,1.0,0.0,0.0,0.021333333333232937,0.021333333333232937,0.0,0.0,1.0
6,49,39,0.0,0.02099999999973079,0.0,0.02099999999973079,0.0,0.0,1.0,0.0,0.0,0.019777777777714167,0.019777777777714167,0.0,0.0,1.0
6,49,40,0.0,0.028000000000247383,0.0,0.028000000000247383,0.0,0.0,1.0,0.0,0.0,0.0391111111110956,0.0391111111110956,0.0,0.0,1.0
6,49,41,0.0,0.3029999999998836,0.0,0.3029999999998836,0.0,0.0,1.0,0.0,0.0,0.03888888888892917,0.03888888888892917,0.0,0.0,1.0
6,50,0,1.1510000000002947,4.2150000000001455,1.1069999999995161,6.472999999999956,0.17781554148004056,0.17101807508103253,0.651166383438927,0.5161666666665118,0.41133333333334576,3.102833333333668,4.030333333333526,0.1280704656355522,0.10205938301215602,0.7698701513522918
6,50,1,0.08899999999994179,0.27300000000013824,0.1230000000000473,0.48500000000012733,0.18350515463900707,0.2536082474227113,0.5628865979382816,0.3916666666665505,0.2885555555555533,2.238777777778043,2.919000000000147,0.13417837158839696,0.09885424993338086,0.7669673784782222
6,50,2,0.42000000000007276,0.0500000000001819,0.1289999999999054,0.5990000000001601,0.7011686143571962,0.21535893155237218,0.08347245409043161,0.0631111111110335,0.03244444444443515,0.38877777777790673,0.48433333333337536,0.13030511585208815,0.06698784124796765,0.8027070428999442
6,50,3,0.0,0.07999999999992724,0.03999999999996362,0.11999999999989086,0.0,0.3333333333333333,0.6666666666666666,0.05533333333333859,0.020000000000007075,0.1837777777777521,0.25911111111109775,0.21355060034308448,0.07718696397944809,0.7092624356774675
6,50,4,0.0,0.019999999999527063,0.011000000000194632,0.030999999999721695,0.0,0.3548387096868834,0.6451612903131166,0.037777777777793946,0.011111111111126268,0.0361111111110909,0.08500000000001112,0.4444444444445765,0.13071895424852722,0.4248366013068962
6,50,5,0.0,0.04100000000016735,0.04899999999997817,0.09000000000014552,0.0,0.5444444444433216,0.45555555555667837,0.11011111111116001,0.04755555555554262,0.16699999999991633,0.3246666666666189,0.3391512662561895,0.14647501711154912,0.5143737166322615
6,50,6,0.40800000000012915,0.06700000000000728,0.35999999999989996,0.8350000000000364,0.48862275449115133,0.4311377245507596,0.08023952095808905,0.1088888888888404,0.05099999999995614,0.6196666666666412,0.7795555555554377,0.13968072976050624,0.06542189281637324,0.7948973774231206
6,50,7,0.0,0.0909999999998945,0.0,0.0909999999998945,0.0,0.0,1.0,0.08211111111106421,0.04899999999995291,0.7092222222222517,0.8403333333332689,0.09771254793066701,0.058310194367262994,0.84397725770207
6,50,8,0.0,0.09200000000055297,0.0,0.09200000000055297,0.0,0.0,1.0,0.029666666666697792,0.2148888888889107,0.9856666666666266,1.2302222222222352,0.02411488439308863,0.17467485549134537,0.801210260115566
6,50,9,0.0,0.15999999999939973,0.11000000000058208,0.2699999999999818,0.0,0.4074074074095907,0.5925925925904093,0.03188888888896852,0.2102222222222533,0.7321111111111046,0.9742222222223265,0.03273266423365488,0.21578467153285555,0.7514826642334895
6,50,10,0.0,1.0010000000002037,0.0,1.0010000000002037,0.0,0.0,1.0,0.03188888888896852,0.20677777777781456,1.0101111111110994,1.2487777777778826,0.025536079722456854,0.1655841267016794,0.8088797935758637
6,50,11,0.0,0.8669999999997344,0.0,0.8669999999997344,0.0,0.0,1.0,0.02788888888891153,0.0,0.7344444444447112,0.7623333333336227,0.036583588398208494,0.0,0.9634164116017916
6,50,12,0.0,0.07200000000011642,0.0,0.07200000000011642,0.0,0.0,1.0,0.02222222222225254,0.00766666666666222,0.8965555555555511,0.9264444444444658,0.023986567522219743,0.008275365795149722,0.9677380666826306
6,50,13,0.0,0.4459999999999127,0.0,0.4459999999999127,0.0,0.0,1.0,0.020333333333383052,0.026555555555559194,1.3321111111111652,1.3790000000001075,0.014744984288166401,0.019257110627670142,0.9659979050841634
6,50,14,0.0,0.5540000000005421,0.0,0.5540000000005421,0.0,0.0,1.0,0.00666666666671113,0.02988888888891476,2.1249999999998486,2.1615555555554744,0.0030841986224119677,0.013827490490400069,0.983088310887188
6,50,15,0.0,1.126999999997679,0.0,1.126999999997679,0.0,0.0,1.0,0.006555555555577384,0.038888888888878786,2.6502222222222573,2.6956666666667135,0.0024318865669261543,0.014426445735950826,0.983141667697123
6,50,16,0.0,0.13000000000010914,0.0,0.13000000000010914,0.0,0.0,1.0,0.005222222222225052,0.019999999999981807,1.8778888888887701,1.903111111110977,0.002744044838862026,0.010509107893498886,0.9867468472676391
6,50,17,0.0,0.05999999999994543,0.0,0.05999999999994543,0.0,0.0,1.0,0.001000000000001617,0.01666666666662624,0.9992222222221144,1.0168888888887422,0.0009833916083933404,0.01638986013982275,0.982626748251784
6,50,18,0.0,0.07099999999991269,0.0,0.07099999999991269,0.0,0.0,1.0,0.0,0.0,0.12133333333324318,0.12133333333324318,0.0,0.0,1.0
6,50,19,0.0,0.06899999999995998,0.0,0.06899999999995998,0.0,0.0,1.0,0.0,0.0,0.0808888888887951,0.0808888888887951,0.0,0.0,1.0
6,50,20,0.0,0.07100000000036744,0.0,0.07100000000036744,0.0,0.0,1.0,0.0,0.0,0.039333333333363245,0.039333333333363245,0.0,0.0,1.0
6,50,21,0.0,0.09999999999990905,0.0,0.09999999999990905,0.0,0.0,1.0,0.0,0.0,0.06722222222227477,0.06722222222227477,0.0,0.0,1.0
6,50,22,0.0,0.3409999999998945,0.0,0.3409999999998945,0.0,0.0,1.0,0.0,0.0,0.06322222222221778,0.06322222222221778,0.0,0.0,1.0
6,50,23,0.0,0.057999999999992724,0.0,0.057999999999992724,0.0,0.0,1.0,0.0,0.0,0.05077777777771391,0.05077777777771391,0.0,0.0,1.0
6,50,42,0.0,0.01900000000023283,0.0,0.01900000000023283,0.0,0.0,1.0,0.0,0.0,0.03577777777779072,0.03577777777779072,0.0,0.0,1.0
6,51,0,1.6349999999990814,1.9770000000009986,0.3000000000001819,3.912000000000262,0.4179447852758108,0.07668711656445854,0.5053680981597306,1.3640000000000327,0.2933333333332939,1.2033333333332998,2.8606666666666265,0.4768119319506124,0.1025402004194703,0.4206478676299173
6,51,1,0.032999999999901775,0.018000000000029104,0.0,0.05099999999993088,0.6470588235283627,0.0,0.35294117647163725,0.9780000000000149,0.20988888888885207,0.863444444444465,2.051333333333332,0.4767630809229845,0.10231827537643104,0.4209186437005844
6,51,2,0.007999999999810825,0.5010000000002037,0.0,0.5090000000000146,0.015717092337545376,0.0,0.9842829076624546,0.09744444444433814,0.03244444444443515,0.10944444444450913,0.2393333333332824,0.40714948932183376,0.13556174558959075,0.4572887650885755
6,51,3,0.017999999999574356,0.0,0.0,0.017999999999574356,1.0,0.0,0.0,0.14111111111105856,0.020000000000007075,0.07233333333331556,0.23344444444438117,0.6044740599713809,0.0856734888149036,0.3098524512137156
6,51,4,0.05200000000058935,0.0,0.0,0.05200000000058935,1.0,0.0,0.0,0.24799999999994624,0.01322222222226325,0.015666666666624626,0.2768888888888341,0.8956661316211708,0.04775280898892167,0.05658105938990751
6,51,5,0.2699999999999818,0.0,0.0,0.2699999999999818,1.0,0.0,0.0,0.29233333333331757,0.048777777777811726,0.014222222222189074,0.35533333333331835,0.8227016885553374,0.13727329580998252,0.04002501563468013
6,51,6,0.10899999999969623,0.0,0.0,0.10899999999969623,1.0,0.0,0.0,0.23655555555549454,0.047555555555567876,0.10311111111109818,0.3872222222221606,0.6109038737445595,0.12281205164997963,0.26628407460546094
6,51,7,0.03199999999969805,0.7289999999998145,0.0,0.7609999999995125,0.04204993429660781,0.0,0.9579500657033921,0.06766666666660766,0.039999999999988885,0.14244444444446144,0.250111111111058,0.2705464238114608,0.15992892047977628,0.5695246557087629
6,51,8,0.028999999999996362,0.3029999999998836,0.0,0.33199999999987995,0.08734939759038207,0.0,0.9126506024096179,0.03555555555557375,0.017777777777862665,0.16122222222222465,0.21455555555566108,0.16571724495080598,0.08285862247575623,0.7514241325734378
6,51,9,0.19700000000057116,0.07600000000047658,0.0,0.27300000000104774,0.7216117216110444,0.0,0.2783882783889557,0.03877777777784609,0.03433333333340569,0.18600000000004813,0.2591111111112999,0.14965694682691275,0.13250428816484822,0.717838765008239
6,51,10,0.06100000000014916,0.041999999999916326,0.0,0.10300000000006548,0.5922330097098095,0.0,0.40776699029019053,0.0353333333334073,0.043333333333420244,0.23966666666663314,0.3183333333334607,0.11099476439809372,0.13612565445048033,0.752879581151426
6,51,11,0.028999999999996362,0.010999999999967258,0.0,0.03999999999996362,0.7250000000005684,0.0,0.2749999999994316,0.2644444444444566,0.03788888888887717,0.2246666666667099,0.5270000000000437,0.5017921146953219,0.07189542483657312,0.4263124604681049
6,51,12,0.1610000000000582,0.02900000000045111,0.0,0.19000000000050932,0.8473684210506665,0.0,0.15263157894933355,0.26100000000001783,0.02988888888886423,0.16066666666665697,0.451555555555539,0.5780019685039977,0.06619094488183759,0.35580708661416477
6,51,13,0.010000000000218279,0.02099999999973079,0.06899999999995998,0.09999999999990905,0.10000000000227374,0.6900000000002273,0.20999999999749888,0.2822222222222687,0.04311111111110222,0.12466666666675034,0.4500000000001213,0.6271604938270948,0.09580246913575688,0.2770370370371483
6,51,14,0.012000000000170985,0.0,0.17000000000007276,0.18200000000024374,0.06593406593491712,0.9340659340650829,0.0,0.032000000000051744,0.03644444444444162,0.23866666666642936,0.3071111111109227,0.10419681620862604,0.1186685962374008,0.7771345875539732
6,51,15,0.038000000000010914,0.0,0.03000000000020009,0.068000000000211,0.5588235294101912,0.4411764705898088,0.0,0.029666666666697792,0.051222222222198376,0.20122222222203667,0.28211111111093284,0.10515951161892433,0.18156754627809243,0.7132729421029832
6,51,16,0.009000000000014552,0.0,0.1499999999996362,0.15899999999965075,0.05660377358512151,0.9433962264148785,0.0,0.005222222222225052,0.03044444444443192,0.1463333333330815,0.18199999999973845,0.028693528693585477,0.16727716727733885,0.8040293040290757
6,52,0,5.257000000001199,0.6739999999983866,0.2300000000000182,6.1609999999996035,0.8532705729591847,0.03733160201266564,0.10939782502814964,1.609833333333351,0.14833333333338788,0.4553333333332527,2.2134999999999914,0.7272795723213722,0.06701302612757554,0.2057074015510524
6,52,1,0.018999999999778083,0.06300000000010186,0.0,0.08199999999987995,0.23170731707080366,0.0,0.7682926829291963,1.1025555555555304,0.10111111111114546,0.3592222222221911,1.5628888888888668,0.7054599744063639,0.06469500924216706,0.22984501635146917
6,52,2,0.19000000000005457,0.0,0.0,0.19000000000005457,1.0,0.0,0.0,0.05266666666653288,0.014444444444456571,0.06466666666670386,0.1317777777776933,0.39966273187107904,0.10961214165277611,0.4907251264761448
6,52,3,0.09999999999990905,0.0,0.0,0.09999999999990905,1.0,0.0,0.0,0.22511111111109336,0.015555555555541408,0.0556666666666893,0.29633333333332407,0.7596550431195739,0.05249343832016388,0.18785151856026222
6,52,4,0.48199999999951615,0.0,0.0,0.48199999999951615,1.0,0.0,0.0,0.39366666666668,0.015444444444458187,0.0,0.4091111111111382,0.9622487778381004,0.03775122216189964,0.0
6,52,5,1.3099999999999454,0.0,0.01900000000023283,1.3290000000001783,0.9857035364934309,0.014296463506569062,0.0,0.4048888888888895,0.004333333333357183,0.0,0.4092222222222467,0.9894108064077621,0.010589193592237934,0.0
6,52,8,0.03099999999994907,0.0,0.0,0.03099999999994907,1.0,0.0,0.0,0.1513333333333928,0.025444444444423828,0.1231111111111305,0.2998888888889471,0.5046313449426717,0.08484623934782141,0.41052241570950704
6,52,9,0.03099999999994907,0.0,0.0500000000001819,0.08100000000013097,0.38271604938146847,0.6172839506185316,0.0,0.25344444444469144,0.07000000000001212,0.0467777777778085,0.37022222222251205,0.684573829531944,0.18907563025198557,0.1263505402160705
6,52,10,0.0,0.0,0.14899999999988722,0.14899999999988722,0.0,1.0,0.0,0.24900000000025105,0.18766666666665008,0.014333333333373352,0.45100000000027446,0.5521064301554313,0.4161123429413212,0.031781226903247514
6,52,11,0.0,0.0,0.08100000000013097,0.08100000000013097,0.0,1.0,0.0,0.7992222222222457,0.24788888888881247,0.009111111111148299,1.0562222222222066,0.756679991584296,0.23469387755095153,0.008626130864752356
6,52,12,2.1289999999999054,0.0,0.11099999999987631,2.2399999999997817,0.950446428571479,0.049553571428521036,0.0,0.6899999999998524,0.21222222222205445,0.006777777777794351,0.9089999999997012,0.7590759075908462,0.23346779122345898,0.007456301185694807
6,52,13,0.01999999999998181,0.0,0.007999999999810825,0.027999999999792635,0.7142857142903546,0.2857142857096454,0.0,0.9579999999998815,0.1286666666666052,0.005555555555575766,1.0922222222220623,0.8771108850457981,0.11780264496435568,0.005086469989846309
6,52,14,0.20800000000008367,0.0,0.03000000000020009,0.23800000000028376,0.8739495798312423,0.12605042016875764,0.0,0.3066666666666909,0.07544444444445413,0.002333333333303421,0.3844444444444485,0.797687861271731,0.1962427745664971,0.0060693641617718406
6,52,15,0.0,0.0,0.02099999999973079,0.02099999999973079,0.0,1.0,0.0,0.36866666666674064,0.09800000000000686,0.0,0.4666666666667475,0.7900000000000217,0.20999999999997832,0.0
6,52,16,0.0,0.0,0.05999999999994543,0.05999999999994543,0.0,1.0,0.0,0.0885555555556089,0.05844444444442664,0.0,0.14700000000003555,0.6024187452761054,0.3975812547238946,0.0
6,52,17,0.0,0.0,0.013000000000374712,0.013000000000374712,0.0,1.0,0.0,0.08422222222225173,0.04011111111104682,0.0,0.12433333333329855,0.6773905272569058,0.3226094727430942,0.0
6,52,18,0.0,0.0,0.03799999999955617,0.03799999999955617,0.0,1.0,0.0,0.006777777777794351,0.006777777777794332,0.0,0.013555555555588683,0.5000000000000007,0.4999999999999993,0.0
6,52,19,0.0,0.0,0.010000000000218279,0.010000000000218279,0.0,1.0,0.0,0.009000000000014554,0.009666666666665436,0.0,0.018666666666679987,0.48214285714329275,0.5178571428567074,0.0
6,52,20,0.0,0.0,0.03900000000021464,0.03900000000021464,0.0,1.0,0.0,0.005555555555575767,0.007777777777795949,0.0,0.013333333333371715,0.4166666666669831,0.583333333333017,0.0
6,52,21,0.0,0.0,0.02099999999973079,0.02099999999973079,0.0,1.0,0.0,0.0053333333333082725,0.009888888888882404,0.0,0.015222222222190676,0.3503649635027294,0.6496350364972706,0.0
6,52,22,0.0,0.0,0.028999999999996362,0.028999999999996362,0.0,1.0,0.0,0.00544444444444202,0.01011111111109937,0.0,0.01555555555554139,0.3500000000001629,0.6499999999998372,0.0
6,52,23,0.021000000000185537,0.0,0.04100000000016735,0.062000000000352884,0.3387096774204195,0.6612903225795804,0.0,0.01644444444440928,0.00777777777779595,0.0,0.024222222222205228,0.6788990825678318,0.3211009174321682,0.0
6,52,24,0.08799999999973807,0.0,0.0,0.08799999999973807,1.0,0.0,0.0,0.02555555555555758,0.020555555555549474,0.02300000000003719,0.06911111111114424,0.36977491961399994,0.2974276527328884,0.3327974276531117
6,52,25,0.08100000000013097,0.2070000000003347,0.14399999999977808,0.43200000000024374,0.18750000000019737,0.33333333333263154,0.47916666666717106,0.022111111111068265,0.015999999999975322,0.02300000000003719,0.06111111111108078,0.3618181818176603,0.26181818181790795,0.3763636363644317
6,53,0,2.675000000000182,0.0,0.34999999999990905,3.025000000000091,0.8842975206611906,0.11570247933880944,0.0,2.451333333333461,0.32300000000009277,0.12283333333308141,2.897166666666635,0.8461140194443378,0.11148823563254776,0.042397744923114336
6,53,1,0.03999999999996362,0.0,0.010000000000218279,0.0500000000001819,0.7999999999963621,0.200000000003638,0.0,1.6646666666667391,0.2186666666667002,0.08188888888872094,1.9652222222221605,0.8470628144965864,0.1112681630576335,0.04166902244578004
6,53,2,0.06599999999980355,0.0,0.01999999999998181,0.08599999999978536,0.7674418604647474,0.23255813953525264,0.0,0.05722222222215754,0.1231111111111305,0.0070000000000113175,0.18733333333329938,0.30545670225356536,0.6571767497036627,0.03736654804277181
6,53,3,0.0,0.0,0.09999999999990905,0.09999999999990905,0.0,1.0,0.0,0.2967777777776569,0.032000000000001215,0.0,0.3287777777776581,0.9026698208853952,0.09733017911460486,0.0
6,53,4,1.110000000000582,0.0,0.01999999999998181,1.1300000000005639,0.9823008849557772,0.01769911504422286,0.0,0.44055555555542014,0.030777777777833155,0.0,0.4713333333332533,0.9347006129183062,0.06529938708169387,0.0
6,53,5,0.20100000000002183,0.0,0.0,0.20100000000002183,1.0,0.0,0.0,0.4392222222221689,0.004333333333357183,0.0,0.44355555555552606,0.9902304609217893,0.009769539078210732,0.0
6,53,6,0.10999999999967258,0.0,0.0,0.10999999999967258,1.0,0.0,0.0,0.22222222222222224,0.008666666666663837,0.0,0.23088888888888606,0.9624639076034767,0.037536092396523335,0.0
6,53,7,0.18299999999999272,0.0,0.027000000000043656,0.21000000000003638,0.8714285714283858,0.1285714285716142,0.0,0.07233333333341661,0.014777777777756759,0.0,0.08711111111117337,0.8303571428575054,0.1696428571424946,0.0
6,53,8,0.09900000000016007,0.0,0.06199999999989814,0.1610000000000582,0.6149068322989085,0.3850931677010914,0.0,0.15811111111123766,0.18599999999994707,0.0,0.34411111111118475,0.4594769131420195,0.5405230868579805,0.0
6,53,9,0.7600000000002183,0.0,0.08999999999969077,0.849999999999909,0.894117647059176,0.105882352940824,0.0,0.7027777777779597,0.3783333333333556,0.0,1.0811111111113152,0.6500513874615049,0.34994861253849513,0.0
6,53,10,1.0730000000012296,0.0,0.2790000000004511,1.3520000000016807,0.7936390532543608,0.20636094674563926,0.0,0.7938888888889878,0.6016666666666627,0.0,1.3955555555556505,0.5688694267516246,0.43113057324837545,0.0
6,53,11,0.09000000000014552,0.0,1.0399999999995089,1.1299999999996544,0.07964601769926818,0.9203539823007318,0.0,2.6693333333333205,0.7092222222222012,0.0,3.3785555555555216,0.7900812312954295,0.2099187687045705,0.0
6,53,12,3.6499999999987267,0.0,0.5709999999994579,4.220999999998185,0.8647239990524275,0.1352760009475725,0.0,2.1223333333331436,0.6021111111109956,0.0,2.7244444444441394,0.7789967373572769,0.22100326264272296,0.0
6,53,13,0.12099999999963984,0.0,0.02999999999974534,0.15099999999938518,0.8013245033121358,0.1986754966878642,0.0,2.363333333333179,0.39622222222220044,0.0,2.7595555555553797,0.8564181027540654,0.1435818972459346,0.0
6,53,14,2.311000000000149,0.0,0.16900000000032378,2.480000000000473,0.9318548387095599,0.06814516129044014,0.0,0.405666666666598,0.14433333333328038,0.0,0.5499999999998784,0.7375757575757959,0.2624242424242042,0.0
6,53,15,0.03999999999996362,0.0,0.15200000000004366,0.19200000000000728,0.20833333333313597,0.791666666666864,0.0,0.7140000000000425,0.1060000000000198,0.0,0.8200000000000622,0.870731707317059,0.12926829268294115,0.0
6,53,16,0.7000000000002728,0.0,0.09999999999990905,0.8000000000001819,0.8750000000001421,0.12499999999985789,0.0,0.35866666666672414,0.08177777777776403,0.0,0.44044444444448816,0.814328960645862,0.18567103935413803,0.0
6,53,17,0.010000000000218279,0.0,0.0,0.010000000000218279,1.0,0.0,0.0,0.3417777777777799,0.05911111111112808,0.0,0.400888888888908,0.8525498891352197,0.1474501108647803,0.0
6,53,18,0.03899999999975989,0.0,0.0,0.03899999999975989,1.0,0.0,0.0,0.0067777777777940544,0.0067777777777943415,0.0,0.013555555555588395,0.49999999999998945,0.5000000000000107,0.0
6,53,19,0.012000000000170985,0.0,0.0,0.012000000000170985,1.0,0.0,0.0,0.009000000000014257,0.009666666666665444,0.0,0.018666666666679703,0.4821428571432842,0.5178571428567157,0.0
6,53,20,0.03000000000020009,0.0,0.0,0.03000000000020009,1.0,0.0,0.0,0.005555555555575471,0.009000000000065069,0.0,0.01455555555564054,0.38167938931211687,0.6183206106878831,0.0
6,53,21,0.007999999999810825,0.0,0.0,0.007999999999810825,1.0,0.0,0.0,0.005333333333307977,0.012222222222185835,0.0,0.01755555555549381,0.3037974683540545,0.6962025316459456,0.0
6,53,22,0.009999999999763531,0.0,0.0,0.009999999999763531,1.0,0.0,0.0,0.0054444444444417235,0.013555555555538163,0.0,0.018999999999979887,0.2865497076024993,0.7134502923975007,0.0
6,53,23,0.010000000000218279,0.0,0.0,0.010000000000218279,1.0,0.0,0.0,0.01644444444440898,0.011111111111100996,0.0,0.027555555555509977,0.5967741935480873,0.4032258064519128,0.0
6,53,24,0.018999999999778083,0.0,0.0,0.018999999999778083,1.0,0.0,0.0,0.025555555555557285,0.023777777777821824,0.02300000000003719,0.0723333333334163,0.3533026113667462,0.3287250384026897,0.3179723502305642
6,53,25,0.010999999999967258,0.0,0.0,0.010999999999967258,1.0,0.0,0.0,0.022111111111067967,0.019555555555547867,0.02300000000003719,0.06466666666665302,0.34192439862483454,0.30240549828173185,0.3556701030934336
6,53,27,0.010999999999967258,0.0,0.0,0.010999999999967258,1.0,0.0,0.0,0.002222222222219905,0.0046666666667078876,0.0,0.006888888888927793,0.32258064515913226,0.6774193548408678,0.0
6,53,28,0.009000000000014552,0.0,0.0,0.009000000000014552,1.0,0.0,0.0,0.003444444444489017,0.0040000000000064585,0.0,0.007444444444495475,0.4626865671669948,0.5373134328330053,0.0
6,53,29,0.011000000000422006,0.0,0.0,0.011000000000422006,1.0,0.0,0.0,0.004444444444490634,0.0007777777777341128,0.0,0.005222222222224747,0.8510638297956674,0.14893617020433259,0.0
6,53,30,0.01999999999998181,0.0,0.0,0.01999999999998181,1.0,0.0,0.0,0.004555555555573854,0.0007777777777341128,0.0,0.005333333333307966,0.8541666666741602,0.14583333332583978,0.0
6,53,31,0.009999999999763531,0.0,0.0,0.009999999999763531,1.0,0.0,0.0,0.004333333333306359,0.0034444444444387758,0.0,0.007777777777745135,0.5571428571417273,0.44285714285827266,0.0
6,53,32,0.009000000000014552,0.0,0.0,0.009000000000014552,1.0,0.0,0.0,0.004333333333356886,0.004555555555574141,0.0,0.008888888888931027,0.4875000000003387,0.5124999999996613,0.0
6,53,33,0.020000000000436557,0.0,0.0,0.020000000000436557,1.0,0.0,0.0,0.004333333333356886,0.0066666666666100665,0.0,0.010999999999966953,0.39393939394271865,0.6060606060572814,0.0
6,53,34,0.009999999999763531,0.0,0.0,0.009999999999763531,1.0,0.0,0.0,0.004555555555573854,0.00777777777774543,0.0,0.012333333333319284,0.36936936937127374,0.6306306306287263,0.0
6,53,36,0.0,0.0,0.021999999999934516,0.021999999999934516,0.0,1.0,0.0,0.00911111111119853,0.011333333333317963,0.0,0.020444444444516492,0.44565217391574885,0.5543478260842511,0.0
6,53,37,0.0,0.0,0.021999999999934516,0.021999999999934516,0.0,1.0,0.0,0.010000000000015873,0.015555555555591925,0.0,0.025555555555607797,0.39130434782590817,0.6086956521740919,0.0
6,53,38,0.0,0.0,0.04899999999997817,0.04899999999997817,0.0,1.0,0.0,0.0066666666666097794,0.016444444444459794,0.0,0.023111111111069574,0.28846153845959543,0.7115384615404046,0.0
6,53,39,0.0,0.0,0.028000000000247383,0.028000000000247383,0.0,1.0,0.0,0.0021111111110356296,0.01633333333332605,0.0,0.01844444444436168,0.11445783132172244,0.8855421686782775,0.0
6,53,40,0.0,0.0,0.02099999999973079,0.02099999999973079,0.0,1.0,0.0,0.0,0.010666666666616533,0.0,0.010666666666616533,0.0,1.0,0.0
6,53,41,0.0,0.0,0.028000000000247383,0.028000000000247383,0.0,1.0,0.0,0.0,0.006666666666660594,0.0,0.006666666666660594,0.0,1.0,0.0
6,53,42,0.0,0.0,0.010999999999967258,0.010999999999967258,0.0,1.0,0.0,0.0,0.005555555555575757,0.0008888888889183969,0.006444444444494154,0.0,0.8620689655137265,0.13793103448627353
6,53,43,0.0,0.008000000000265572,0.010999999999967258,0.01900000000023283,0.0,0.5789473684122348,0.4210526315877652,0.0,0.0036666666666557526,0.0020000000000032336,0.005666666666658986,0.0,0.6470588235283629,0.35294117647163725
6,53,44,0.0,0.009999999999763531,0.010999999999967258,0.02099999999973079,0.0,0.5238095238146797,0.47619047618532034,0.0,0.0024444444444371594,0.0032222222222218176,0.005666666666658977,0.0,0.43137254901890765,0.5686274509810924
6,53,45,0.0,0.010999999999967258,0.0,0.010999999999967258,0.0,0.0,1.0,0.0,0.001222222222218575,0.0044444444444404025,0.005666666666658977,0.0,0.21568627450945296,0.7843137254905471
6,53,46,0.0,0.01900000000023283,0.0,0.01900000000023283,0.0,0.0,1.0,0.0,0.0,0.03233333333335193,0.03233333333335193,0.0,0.0,1.0
6,53,47,0.0,0.24299999999993815,0.0,0.24299999999993815,0.0,0.0,1.0,0.0,0.0,0.03111111111113334,0.03111111111113334,0.0,0.0,1.0
6,54,0,6.7059999999992215,0.0,0.5180000000004839,7.223999999999705,0.928294573643341,0.07170542635665905,0.0,2.611166666666312,0.6220000000001468,0.0,3.2331666666664587,0.8076189494303252,0.19238105056967475,0.0
6,54,1,0.011000000000422006,0.0,0.8299999999999272,0.8410000000003492,0.013079667063516572,0.9869203329364834,0.0,1.750111111110856,0.4180000000000696,0.0,2.1681111111109255,0.8072054527750245,0.19279454722497558,0.0
6,54,2,0.018000000000029104,0.0,0.009999999999763531,0.027999999999792635,0.6428571428629432,0.3571428571370568,0.0,0.0241111111110715,0.293222222222236,0.0,0.3173333333333075,0.07598039215674411,0.9240196078432559,0.0
6,54,3,0.07099999999945794,0.0,0.1380000000003747,0.20899999999983265,0.3397129186579655,0.6602870813420345,0.0,0.21099999999993693,0.032000000000001215,0.0,0.24299999999993815,0.8683127572016075,0.13168724279839242,0.0
6,54,4,0.6339999999995598,0.0,0.0,0.6339999999995598,1.0,0.0,0.0,0.23033333333326786,0.028666666666696174,0.0,0.25899999999996404,0.88931788931776,0.11068211068223997,0.0
6,54,5,0.056999999999789,0.0,0.0,0.056999999999789,1.0,0.0,0.0,0.2401111111111176,0.0022222222222202013,0.0,0.2423333333333378,0.9908298945437958,0.009170105456204237,0.0
6,54,6,0.04900000000043292,0.0,0.0,0.04900000000043292,1.0,0.0,0.0,0.08011111111111151,0.007666666666611693,0.0,0.0877777777777232,0.9126582278486732,0.08734177215132675,0.0
6,54,7,0.09000000000014552,0.0,0.03199999999969805,0.12199999999984357,0.7377049180349255,0.2622950819650744,0.0,0.09566666666675398,0.029222222222162805,0.0,0.12488888888891679,0.7660142348759729,0.23398576512402713,0.0
6,54,8,0.08900000000039654,0.0,0.012000000000170985,0.10100000000056752,0.8811881188108559,0.11881188118914413,0.0,0.2346666666667766,0.3265555555553874,0.0,0.561222222222164,0.418135022768008,0.5818649772319919,0.0
6,54,9,0.14000000000032742,0.0,1.40099999999984,1.5410000000001673,0.09085009733959261,0.9091499026604074,0.0,1.2462222222224126,0.5358888888889245,0.0,1.782111111111337,0.6992954672984782,0.30070453270152186,0.0
6,54,10,4.101999999999407,0.0,1.36200000000008,5.463999999999487,0.7507320644216311,0.24926793557836893,0.0,1.355222222222336,0.738888888888899,0.0,2.094111111111235,0.6471586989972039,0.35284130100279604,0.0
6,54,11,0.9489999999996144,0.0,0.9630000000001928,1.9119999999998072,0.4963389121337396,0.5036610878662604,0.0,3.2796666666667478,0.7993333333333794,0.0,4.079000000000127,0.804036937157795,0.1959630628422051,0.0
6,54,12,12.031000000000859,0.0,1.8270000000002256,13.858000000001084,0.8681627940539701,0.1318372059460299,0.0,2.260111111110998,0.799444444444311,0.0,3.059555555555309,0.7387056943637645,0.2612943056362354,0.0
6,54,13,0.11099999999942156,0.0,0.7880000000000109,0.8989999999994325,0.1234705228025491,0.8765294771974509,0.0,2.4413333333332043,0.6985555555554835,0.0,3.139888888888688,0.7775222053151295,0.22247779468487044,0.0
6,54,14,0.6889999999998508,0.0,0.032000000000152795,0.7210000000000036,0.9556171983354332,0.04438280166456676,0.0,0.3847777777776979,0.3687777777777228,0.0,0.7535555555554208,0.5106163373635949,0.48938366263640504,0.0
6,54,15,0.15100000000029468,0.0,0.06899999999950523,0.2199999999997999,0.6863636363656,0.31363636363439995,0.0,0.9886666666666818,0.2005555555555879,0.0,1.1892222222222697,0.8313556946650267,0.1686443053349733,0.0
6,54,16,2.326999999999771,0.0,0.32100000000036744,2.6480000000001382,0.8787764350451848,0.1212235649548152,0.0,0.7222222222222725,0.11477777777776688,0.0,0.8370000000000394,0.8628700384972982,0.13712996150270187,0.0
6,54,21,0.0,0.0,0.011000000000422006,0.011000000000422006,0.0,1.0,0.0,0.023111111111120113,0.0023333333333034213,0.0,0.025444444444423536,0.9082969432325412,0.09170305676745873,0.0
6,54,22,0.0,0.0,0.009999999999308784,0.009999999999308784,0.0,1.0,0.0,0.013111111111103945,0.0034444444444387858,0.0,0.01655555555554273,0.7919463087250129,0.20805369127498716,0.0
6,54,23,0.0,0.0,0.010000000000218279,0.010000000000218279,0.0,1.0,0.0,0.008888888888880508,0.0033333333333050376,0.0,0.012222222222185546,0.727272727274224,0.272727272725776,0.0
6,54,24,0.0,0.0,0.010000000000218279,0.010000000000218279,0.0,1.0,0.0,0.004444444444440106,0.0032222222222723453,0.0,0.007666666666712452,0.5797101449235084,0.42028985507649164,0.0
6,54,25,0.0,0.0,0.009000000000014552,0.009000000000014552,0.0,1.0,0.0,0.003333333333304742,0.003555555555572533,0.0,0.006888888888877275,0.4838709677386009,0.5161290322613992,0.0
6,54,26,0.0,0.0,0.012999999999919964,0.012999999999919964,0.0,1.0,0.0,0.0024444444444368723,0.005666666666709515,0.0,0.008111111111146388,0.30136986301145435,0.6986301369885455,0.0
6,54,27,0.0,0.0,0.02900000000045111,0.02900000000045111,0.0,1.0,0.0,0.002222222222219905,0.004666666666707898,0.0,0.006888888888927803,0.32258064515913176,0.6774193548408682,0.0
6,54,29,0.0,0.0,0.006999999999607098,0.006999999999607098,0.0,1.0,0.0,0.004444444444490634,0.004333333333306655,0.0,0.008777777777797289,0.5063291139281872,0.4936708860718127,0.0
6,54,32,0.0,0.0,0.03099999999994907,0.03099999999994907,0.0,1.0,0.0,0.004333333333356886,0.005555555555575766,0.0,0.009888888888932652,0.4382022471914538,0.5617977528085464,0.0
6,54,33,0.0,0.0,0.010000000000218279,0.010000000000218279,0.0,1.0,0.0,0.004333333333356886,0.006666666666610075,0.0,0.010999999999966962,0.3939393939427183,0.6060606060572817,0.0
6,54,34,0.0,0.0,0.018999999999323336,0.018999999999323336,0.0,1.0,0.0,0.004555555555573854,0.00777777777774544,0.0,0.012333333333319294,0.36936936937127346,0.6306306306287265,0.0
6,54,35,0.010999999999967258,0.0,0.04100000000016735,0.052000000000134605,0.2115384615372843,0.7884615384627157,0.0,0.005666666666709217,0.010999999999916731,0.0,0.01666666666662595,0.34000000000338365,0.6599999999966163,0.0
6,54,36,0.030000000000654836,0.0,0.016999999999825377,0.04700000000048021,0.6382978723478365,0.3617021276521635,0.0,0.00911111111119853,0.011333333333317971,0.0,0.0204444444445165,0.4456521739157487,0.5543478260842514,0.0
6,54,37,0.04100000000016735,0.0,0.0,0.04100000000016735,1.0,0.0,0.0,0.01333333333332091,0.0180000000000291,0.0,0.03133333333335001,0.425531914892994,0.574468085107006,0.0
6,54,38,0.018999999999323336,0.0,0.030000000000654836,0.04899999999997817,0.3877551020271796,0.6122448979728204,0.0,0.009999999999914817,0.03755555555562751,0.0301111111110812,0.07766666666662352,0.1287553648058417,0.4835479256092065,0.3876967095849519
6,54,39,0.0,0.0,0.018999999999323336,0.018999999999323336,0.0,1.0,0.0,0.005444444444340667,0.03744444444449376,0.0301111111110812,0.07299999999991563,0.0745814307444789,0.5129375951306443,0.4124809741248767
6,54,47,0.0,0.018000000000029104,0.0,0.018000000000029104,0.0,0.0,1.0,0.0,0.0,0.03111111111113334,0.03111111111113334,0.0,0.0,1.0
6,55,0,6.223999999998114,0.0,0.4930000000003929,6.716999999998507,0.9266041387523444,0.07339586124765558,0.0,2.615999999999758,0.8265000000001237,0.0,3.4424999999998818,0.7599128540304569,0.2400871459695431,0.0
6,55,1,0.010999999999967258,0.0,1.530999999999949,1.5419999999999163,0.007133592736684731,0.9928664072633153,0.0,1.7459999999998421,0.5521111111111673,0.0,2.2981111111110093,0.7597543876613294,0.24024561233867067,0.0
6,55,7,0.03099999999994907,0.0,0.009999999999763531,0.0409999999997126,0.7560975609796676,0.24390243902033243,0.0,0.09422222222231842,0.01933333333328038,0.0,0.1135555555555988,0.8297455968694156,0.1702544031305843,0.0
6,55,8,0.21000000000003638,0.0,0.11999999999989086,0.32999999999992724,0.6363636363638869,0.36363636363611307,0.0,0.16900000000007112,0.37577777777768356,0.0,0.5447777777777547,0.310218233734592,0.689781766265408,0.0
6,55,9,0.5099999999997635,0.0,1.1849999999994907,1.6949999999992542,0.30088495575220525,0.6991150442477947,0.0,1.352555555555581,0.6204444444444763,0.0,1.9730000000000574,0.685532466069712,0.31446753393028803,0.0
6,55,10,4.233000000000175,0.0,0.31200000000080763,4.545000000000982,0.9313531353133685,0.0686468646866315,0.0,1.4292222222222033,0.7147777777778274,0.0,2.1440000000000308,0.6666148424543763,0.33338515754562364,0.0
6,55,11,0.3400000000001455,0.0,0.018000000000029104,0.3580000000001746,0.9497206703910047,0.05027932960899532,0.0,3.0211111111112188,0.652666666666745,0.0,3.6737777777779637,0.8223445439148196,0.1776554560851805,0.0
6,55,12,3.049000000000433,0.0,0.8219999999996617,3.8710000000000946,0.7876517695686795,0.21234823043132048,0.0,1.8311111111111638,0.6171111111111208,0.0,2.4482222222222845,0.7479350095307278,0.25206499046927233,0.0
6,55,13,0.0,0.0,1.1359999999999673,1.1359999999999673,0.0,1.0,0.0,1.765555555555592,0.6275555555555709,0.0,2.3931111111111627,0.7377658092673407,0.2622341907326593,0.0
6,55,14,0.009999999999763531,0.0,0.9119999999998072,0.9219999999995707,0.010845986984564194,0.9891540130154358,0.0,0.11011111111105897,0.3443333333333006,0.0,0.45444444444435955,0.24229828850848797,0.757701711491512,0.0
6,55,15,0.03000000000020009,0.0,0.03099999999994907,0.06100000000014916,0.4918032786906022,0.5081967213093979,0.0,0.6496666666666392,0.16833333333336972,0.0,0.8180000000000089,0.7942135289323131,0.2057864710676869,0.0
6,55,16,2.6399999999998727,0.0,0.01900000000023283,2.6590000000001055,0.9928544565625302,0.007145543437469755,0.0,0.7466666666666949,0.08677777777777211,0.0,0.833444444444467,0.8958805492601083,0.10411945073989173,0.0
6,55,17,0.6019999999998618,0.0,0.3409999999998945,0.9429999999997563,0.6383881230116834,0.3616118769883167,0.0,0.7419999999999871,0.09333333333340003,0.0,0.8353333333333871,0.8882681564245084,0.11173184357549165,0.0
6,55,18,0.12800000000015643,0.0,0.1590000000001055,0.28700000000026193,0.445993031359023,0.554006968640977,0.0,0.19433333333331068,0.05555555555555555,0.0,0.24988888888886623,0.7776789684303934,0.22232103156960661,0.0
6,55,19,0.02999999999974534,0.0,0.0,0.02999999999974534,1.0,0.0,0.0,0.028666666666645645,0.017666666666678387,0.0,0.04633333333332403,0.6187050359708935,0.38129496402910645,0.0
6,55,20,0.07000000000016371,0.0,0.0,0.07000000000016371,1.0,0.0,0.0,0.018666666666629476,0.0012222222222691118,0.0,0.019888888888898587,0.938547486031192,0.061452513968808055,0.0
6,55,21,0.04899999999997817,0.0,0.0,0.04899999999997817,1.0,0.0,0.0,0.02433333333333899,0.004555555555523622,0.0,0.028888888888862613,0.8423076923086542,0.15769230769134573,0.0
6,55,22,0.04100000000016735,0.0,0.0,0.04100000000016735,1.0,0.0,0.0,0.03633333333335839,0.05444444444436967,0.0,0.09077777777772805,0.40024479804211094,0.5997552019578891,0.0
6,55,29,0.0,0.0,0.011999999999716238,0.011999999999716238,0.0,1.0,0.0,0.001777777777786262,0.004333333333306655,0.0,0.006111111111092917,0.2909090909113453,0.7090909090886547,0.0
6,55,30,0.0,0.0,0.020000000000436557,0.020000000000436557,0.0,1.0,0.0,0.001777777777786262,0.005333333333308272,0.0,0.007111111111094534,0.2500000000017759,0.7499999999982241,0.0
6,55,31,0.0,0.0,0.009000000000014552,0.009000000000014552,0.0,1.0,0.0,0.0023333333333539438,0.0066666666667111315,0.0,0.009000000000065076,0.2592592592596747,0.7407407407403253,0.0
6,55,38,0.02999999999974534,0.0,0.021999999999934516,0.05199999999967986,0.5769230769217315,0.4230769230782685,0.0,0.00999999999991511,0.02655555555560972,0.0301111111110812,0.06666666666660603,0.14999999999886307,0.3983333333345081,0.4516666666666288
6,55,39,0.0,0.2709999999997308,0.1680000000005748,0.4390000000003056,0.0,0.38268792710810445,0.6173120728918955,0.006444444444342576,0.02655555555560972,0.0301111111110812,0.0631111111110335,0.1021126760548495,0.4207746478886996,0.4771126760564508
6,55,55,0.0,0.01999999999998181,0.0,0.01999999999998181,0.0,0.0,1.0,0.0035555555555220005,0.0,0.028777777777779397,0.0323333333333014,0.10996563573790244,0.0,0.8900343642620975
6,55,58,0.01900000000023283,0.01900000000023283,0.0,0.03800000000046566,0.5,0.0,0.5,0.023666666666637557,0.003166666666705472,0.018499999999979384,0.045333333333322415,0.5220588235288954,0.0698529411773434,0.40808823529376115
6,56,0,2.1530000000004748,0.0,1.2280000000000655,3.3810000000005402,0.6367938479740108,0.36320615202598916,0.0,2.0651666666665656,0.7860000000000582,0.0,2.8511666666666238,0.724323376395603,0.27567662360439704,0.0
6,56,1,0.5910000000003492,0.0,0.3589999999999236,0.9500000000002728,0.6221052631580837,0.3778947368419163,0.0,1.3852222222222077,0.5251111111111741,0.0,1.9103333333333818,0.7251206886523325,0.2748793113476675,0.0
6,56,3,0.4830000000001746,0.0,0.0,0.4830000000001746,1.0,0.0,0.0,0.22744444444449777,0.003222222222221818,0.0,0.2306666666667196,0.9860308285163826,0.013969171483617393,0.0
6,56,4,0.01999999999998181,0.0,0.0,0.01999999999998181,1.0,0.0,0.0,0.22788888888893175,0.0021111111110864536,0.0,0.2300000000000182,0.9908212560387553,0.009178743961244724,0.0
6,56,5,0.04100000000016735,0.0,0.0,0.04100000000016735,1.0,0.0,0.0,0.021666666666634332,0.0,0.0,0.021666666666634332,1.0,0.0,0.0
6,56,6,0.03099999999994907,0.0,0.0,0.03099999999994907,1.0,0.0,0.0,0.03366666666665374,0.0011111111110848368,0.0,0.03477777777773857,0.9680511182115822,0.031948881788417906,0.0
6,56,7,0.04800000000022919,0.0,0.0,0.04800000000022919,1.0,0.0,0.0,0.0867777777777216,0.014444444444406042,0.0,0.10122222222212764,0.8572996706917938,0.1427003293082062,0.0
6,56,8,0.29999999999972715,0.0,0.0,0.29999999999972715,1.0,0.0,0.0,0.1854444444444299,0.21522222222216036,0.0,0.40066666666659023,0.46283971159184345,0.5371602884081567,0.0
6,56,9,0.10300000000006548,0.0,0.6220000000002983,0.7250000000003638,0.14206896551726042,0.8579310344827396,0.0,1.882333333333362,0.32211111111114915,0.0,2.204444444444511,0.853881048387084,0.14611895161291608,0.0
6,56,10,2.486000000000331,0.0,0.569999999999709,3.05600000000004,0.8134816753927678,0.18651832460723217,0.0,1.9548888888888947,0.31077777777783117,0.0,2.265666666666726,0.8628316414104062,0.1371683585895938,0.0
6,56,14,0.0,0.0,0.13100000000031287,0.13100000000031287,0.0,1.0,0.0,0.253555555555522,0.3177777777777414,0.0,0.5713333333332634,0.4437961882535934,0.5562038117464065,0.0
6,56,17,0.9700000000002547,0.0,0.0,0.9700000000002547,1.0,0.0,0.0,0.483444444444457,0.05766666666669253,0.0,0.5411111111111495,0.8934291581108428,0.10657084188915729,0.0
6,56,18,0.010999999999967258,0.0,0.0,0.010999999999967258,1.0,0.0,0.0,0.1943333333333107,0.05555555555555555,0.0,0.24988888888886626,0.7776789684303934,0.22232103156960661,0.0
6,56,19,0.007999999999810825,0.0,0.0,0.007999999999810825,1.0,0.0,0.0,0.02866666666664568,0.017666666666678387,0.0,0.04633333333332407,0.6187050359708938,0.3812949640291062,0.0
6,56,20,0.010999999999967258,0.0,0.0,0.010999999999967258,1.0,0.0,0.0,0.018666666666629514,0.0,0.0,0.018666666666629514,1.0,0.0,0.0
6,56,22,0.047999999999774445,0.0,0.01999999999998181,0.06799999999975626,0.7058823529403897,0.2941176470596103,0.0,0.03633333333335843,0.23122222222213573,0.0,0.26755555555549415,0.13579734219281597,0.8642026578071841,0.0
6,56,23,0.1890000000003056,0.0,0.4389999999993961,0.6279999999997017,0.30095541401336845,0.6990445859866316,0.0,0.03222222222226875,0.23122222222213573,0.0,0.26344444444440446,0.12231126107147311,0.877688738928527,0.0
6,56,24,0.012000000000170985,0.0,0.0,0.012000000000170985,1.0,0.0,0.0,0.02233333333338632,0.22899999999991552,0.0,0.2513333333333018,0.0888594164458453,0.9111405835541547,0.0
6,56,26,0.012999999999919964,0.0,0.0,0.012999999999919964,1.0,0.0,0.0,0.001444444444435584,0.0,0.0,0.001444444444435584,1.0,0.0,0.0
6,56,29,0.007000000000061846,0.0,0.0,0.007000000000061846,1.0,0.0,0.0,0.001777777777786299,0.003555555555572533,0.0,0.005333333333358832,0.3333333333333374,0.6666666666666626,0.0
6,56,30,0.009000000000014552,0.0,0.0,0.009000000000014552,1.0,0.0,0.0,0.001777777777786299,0.004555555555574149,0.0,0.006333333333360449,0.2807017543861086,0.7192982456138913,0.0
6,56,32,0.012000000000170985,0.0,0.0,0.012000000000170985,1.0,0.0,0.0,0.0013333333333523639,0.001000000000001617,0.0,0.0023333333333539806,0.5714285714316709,0.4285714285683292,0.0
6,56,36,0.010999999999967258,0.0,0.0,0.010999999999967258,1.0,0.0,0.0,0.0012222222222186166,0.0,0.0,0.0012222222222186166,1.0,0.0,0.0
6,56,40,0.009000000000014552,0.0,0.0,0.009000000000014552,1.0,0.0,0.0,0.0010000000000016493,0.018666666666730534,0.0301111111110812,0.04977777777781338,0.02008928571430448,0.37500000000101485,0.6049107142846808
6,56,43,0.009999999999763531,0.0,0.0,0.009999999999763531,1.0,0.0,0.0,0.001111111111084869,0.0,0.0,0.001111111111084869,1.0,0.0,0.0
6,56,46,0.009000000000014552,0.0,0.0,0.009000000000014552,1.0,0.0,0.0,0.002000000000003266,0.0,0.0,0.002000000000003266,1.0,0.0,0.0
6,56,47,0.009000000000014552,0.0,0.0,0.009000000000014552,1.0,0.0,0.0,0.003333333333355598,0.0,0.0,0.003333333333355598,1.0,0.0,0.0
6,56,49,0.012000000000170985,0.0,0.0,0.012000000000170985,1.0,0.0,0.0,0.003555555555572565,0.0,0.0,0.003555555555572565,1.0,0.0,0.0
6,56,51,0.010999999999967258,0.0,0.0,0.010999999999967258,1.0,0.0,0.0,0.0034444444444893456,0.0,0.0,0.0034444444444893456,1.0,0.0,0.0
6,56,53,0.008000000000265572,0.0,0.0,0.008000000000265572,1.0,0.0,0.0,0.004333333333306687,0.0,0.018888888888896973,0.02322222222220366,0.18660287081239885,0.0,0.8133971291876012
6,56,54,0.019999999999527063,0.17000000000007276,0.0,0.18999999999959982,0.1052631578924694,0.0,0.8947368421075306,0.004444444444440435,0.0,0.02544444444442383,0.029888888888864266,0.14869888475835266,0.0,0.8513011152416473
6,56,55,0.012000000000170985,0.03899999999975989,0.0,0.05099999999993088,0.23529411765073038,0.0,0.7647058823492696,0.004555555555523655,0.0,0.029999999999997983,0.03455555555552164,0.13183279742685897,0.0,0.8681672025731411
6,56,56,0.0,0.03000000000020009,0.0,0.03000000000020009,0.0,0.0,1.0,0.004666666666657402,0.0,0.011999999999968876,0.01666666666662628,0.28000000000012265,0.0,0.7199999999998773
6,56,57,0.011999999999716238,0.0,0.0,0.011999999999716238,1.0,0.0,0.0,0.018888888888897004,0.0021111111111369813,0.01777777777776161,0.03877777777779559,0.4871060171919626,0.0544412607456278,0.4584527220624097
6,56,58,0.11099999999987631,0.09199999999964348,0.01900000000023283,0.22199999999975262,0.5,0.08558558558672974,0.41441441441327026,0.02683333333334308,0.003166666666705472,0.01983333333328119,0.04983333333332974,0.5384615384617729,0.06354515050245553,0.3979933110357716
6,57,0,3.2900000000011005,0.0,1.0450000000000728,4.335000000001173,0.7589388696655617,0.24106113033443827,0.0,1.1385000000002492,0.5881666666666282,0.0,1.7266666666668775,0.6593629343629982,0.34063706563700175,0.0
6,57,1,0.12199999999938882,0.0,0.05999999999994543,0.18199999999933425,0.6703296703287642,0.3296703296712358,0.0,0.7695555555558005,0.3932222222222208,0.0,1.1627777777780213,0.6618251313904208,0.3381748686095792,0.0
6,57,2,0.07600000000047658,0.0,0.010000000000218279,0.08600000000069485,0.8837209302309595,0.11627906976904048,0.0,0.3096666666666958,0.05222222222219999,0.0,0.3618888888888958,0.8556954252380131,0.14430457476198677,0.0
6,57,3,1.45699999999988,0.0,0.018999999999778083,1.475999999999658,0.9871273712738601,0.012872628726139895,0.0,0.23266666666677338,0.0043333333333319185,0.0,0.2370000000001053,0.9817158931083123,0.018284106891687735,0.0
6,57,4,0.010999999999967258,0.0,0.0,0.010999999999967258,1.0,0.0,0.0,0.23344444444450752,0.0041111111110896876,0.0,0.2375555555555972,0.9826941066418144,0.017305893358185546,0.0
6,57,5,0.03900000000021464,0.0,0.0,0.03900000000021464,1.0,0.0,0.0,0.028555555555511897,0.0008888888888931331,0.0,0.02944444444440503,0.9698113207545324,0.030188679245467573,0.0
6,57,6,0.05299999999942884,0.0,0.0,0.05299999999942884,1.0,0.0,0.0,0.03633333333330787,0.0034444444444387853,0.0,0.03977777777774665,0.9134078212291249,0.0865921787708752,0.0
6,57,7,0.05999999999994543,0.0,0.0,0.05999999999994543,1.0,0.0,0.0,0.06477777777768602,0.14299999999997856,0.0,0.2077777777776646,0.31176470588208116,0.6882352941179187,0.0
6,57,8,0.04800000000022919,0.0,0.0,0.04800000000022919,1.0,0.0,0.0,0.10777777777780606,0.21211111111112282,0.0,0.31988888888892886,0.3369225425495427,0.6630774574504574,0.0
6,57,9,0.3589999999999236,0.0,0.0,0.3589999999999236,1.0,0.0,0.0,1.671888888888841,0.29277777777782726,0.0,1.9646666666666683,0.8509783961090124,0.14902160389098762,0.0
6,57,10,8.692000000000007,0.0,0.09000000000014552,8.782000000000153,0.9897517649737937,0.010248235026206327,0.0,2.231222222222186,0.15688888888891797,0.0,2.3881111111111037,0.9343041920625196,0.0656958079374804,0.0
6,57,11,0.8709999999996398,0.0,0.0,0.8709999999996398,1.0,0.0,0.0,2.588333333333392,0.09122222222221253,0.0,2.6795555555556043,0.9659562116437264,0.03404378835627375,0.0
6,57,12,2.6860000000010587,0.0,0.0,2.6860000000010587,1.0,0.0,0.0,1.103444444444449,0.018999999999929667,0.0,1.1224444444443786,0.9830726588794915,0.016927341120508515,0.0
6,57,13,0.8229999999994106,0.0,0.06999999999970896,0.8929999999991196,0.9216125419935297,0.07838745800647029,0.0,0.6731111111111608,0.11333333333333133,0.0,0.7864444444444921,0.855891494772546,0.1441085052274541,0.0
6,57,14,1.4190000000003238,0.0,0.5799999999999272,1.999000000000251,0.7098549274638047,0.2901450725361953,0.0,0.2613333333332674,0.1287777777777895,0.0,0.3901111111110569,0.6698946169181811,0.330105383081819,0.0
6,57,23,0.0,0.0,1.6219999999998436,1.6219999999998436,0.0,1.0,0.0,0.027666666666694557,0.3455555555555192,0.0,0.37322222222221374,0.07412920512064801,0.9258707948793521,0.0
6,57,56,0.009000000000014552,0.010999999999967258,0.0,0.01999999999998181,0.4500000000011369,0.0,0.5499999999988632,0.004666666666657369,0.0,0.009777777777748674,0.014444444444406044,0.3230769230771383,0.0,0.6769230769228617
6,57,57,0.009000000000014552,0.007999999999810825,0.0,0.016999999999825377,0.5294117647121764,0.0,0.47058823528782356,0.016777777777759992,0.0021111111111369813,0.015666666666624626,0.0345555555555216,0.4855305466237566,0.06109324758923312,0.4533762057870102
6,57,58,0.010000000000218279,0.0,0.0,0.010000000000218279,1.0,0.0,0.0,0.02366666666663756,0.003166666666705472,0.016666666666575715,0.04349999999991874,0.5440613026823395,0.07279693486692844,0.3831417624507321
6,58,0,0.6450000000004366,0.0,0.8249999999998181,1.4700000000002547,0.4387755102043026,0.5612244897956974,0.0,0.8575000000001106,0.3876666666666324,0.0,1.245166666666743,0.6886628296078635,0.31133717039213654,0.0
6,58,1,0.02999999999974534,0.0,0.011999999999943611,0.04199999999968895,0.7142857142849409,0.2857142857150591,0.0,0.5822222222223749,0.2595555555555569,0.0,0.8417777777779318,0.6916578669483124,0.30834213305168756,0.0
6,58,2,0.01900000000023283,0.0,0.0,0.01900000000023283,1.0,0.0,0.0,0.19033333333330424,0.012333333333319589,0.0,0.20266666666662383,0.9391447368421602,0.06085526315783978,0.0
6,58,3,0.009000000000014552,0.0,0.009999999999990905,0.019000000000005457,0.47368421052694565,0.5263157894730544,0.0,0.1767777777778671,0.0043333333333319185,0.0,0.181111111111199,0.9760736196319213,0.023926380368078735,0.0
6,58,4,0.01900000000023283,0.0,0.0,0.01900000000023283,1.0,0.0,0.0,0.1730000000000271,0.0041111111110896876,0.0,0.1771111111111168,0.9767879548307364,0.02321204516926349,0.0
6,58,5,0.021999999999934516,0.0,0.008000000000038199,0.029999999999972715,0.7333333333318175,0.2666666666681825,0.0,0.09744444444443918,0.01555555555556667,0.0,0.11300000000000586,0.862340216322426,0.137659783677574,0.0
6,58,6,0.02099999999973079,0.0,0.0,0.02099999999973079,1.0,0.0,0.0,0.10522222222223516,0.06033333333334667,0.0,0.16555555555558182,0.6355704697986351,0.36442953020136504,0.0
6,58,7,0.012000000000170985,0.0,0.02299999999991087,0.035000000000081855,0.3428571428612263,0.6571428571387737,0.0,0.10722222222218787,0.22544444444444403,0.0,0.3326666666666319,0.3223112892450874,0.6776887107549125,0.0
6,58,8,0.009999999999763531,0.0,1.2639999999998963,1.2739999999996598,0.007849293563395763,0.9921507064366042,0.0,0.06622222222227316,0.28422222222222143,0.0,0.3504444444444946,0.18896639188344108,0.811033608116559,0.0
6,58,9,0.03000000000020009,0.0,0.0,0.03000000000020009,1.0,0.0,0.0,1.5081111111109953,0.2636666666666972,0.0,1.7717777777776924,0.8511852502194664,0.1488147497805336,0.0
6,58,10,3.0189999999993233,0.0,0.08900000000039654,3.10799999999972,0.9713642213640912,0.028635778635908802,0.0,2.9686666666666497,0.16355555555557857,0.0,3.1322222222222282,0.9477829017381978,0.05221709826180221,0.0
6,58,11,4.5210000000001855,0.0,0.0409999999997126,4.561999999999898,0.9910127137221145,0.00898728627788547,0.0,3.338444444444475,0.09488888888886828,0.0,3.4333333333333433,0.9723624595469316,0.02763754045306835,0.0
6,58,12,1.0199999999999818,0.0,0.03099999999994907,1.0509999999999309,0.9705042816365832,0.02949571836341685,0.0,1.9804444444445026,0.08499999999993531,0.0,2.065444444444438,0.9588466297272892,0.04115337027271075,0.0
6,58,13,0.009999999999763531,0.0,0.028999999999996362,0.03899999999975989,0.2564102564057717,0.7435897435942282,0.0,0.6865555555555654,0.11111111111106059,0.0,0.7976666666666259,0.8607048335423324,0.1392951664576677,0.0
6,58,14,0.09999999999990905,0.0,0.1790000000000873,0.27899999999999636,0.35842293906777906,0.641577060932221,0.0,0.27144444444436683,0.1385555555555887,0.0,0.4099999999999555,0.6620596205960885,0.3379403794039116,0.0
6,58,15,0.0,0.0,0.17000000000007276,0.17000000000007276,0.0,1.0,0.0,0.17644444444446586,0.12422222222226588,0.0,0.30066666666673175,0.5868440502586286,0.4131559497413714,0.0
6,58,20,0.0,0.0,0.2270000000003165,0.2270000000003165,0.0,1.0,0.0,0.0025555555555204254,0.16522222222228164,0.0,0.16777777777780206,0.01523178807925861,0.9847682119207414,0.0
6,58,23,0.0,0.0,1.029000000000451,1.029000000000451,0.0,1.0,0.0,0.0,0.2978888888888933,0.0,0.2978888888888933,0.0,1.0,0.0
6,59,0,1.0579999999999927,0.0,0.38400000000001455,1.4420000000000073,0.7337031900138609,0.26629680998613914,0.0,0.5703333333333376,0.213333333333253,0.0,0.7836666666665906,0.7277754147172177,0.27222458528278226,0.0
6,59,6,0.7120000000004438,0.0,0.13200000000006185,0.8440000000005057,0.8436018957346176,0.15639810426538242,0.0,0.24588888888891028,0.07600000000002183,0.0,0.3218888888889321,0.7638936831204334,0.23610631687956668,0.0
6,59,7,0.028000000000247383,0.0,0.38000000000010914,0.4080000000003565,0.06862745098093852,0.9313725490190615,0.0,0.20133333333327144,0.23655555555554506,0.0,0.4378888888888165,0.45978178127372304,0.540218218726277,0.0
6,59,8,0.02099999999973079,0.0,0.2300000000000182,0.250999999999749,0.08366533864442945,0.9163346613555705,0.0,0.014333333333373314,0.3096666666666453,0.0,0.3240000000000186,0.04423868312769287,0.955761316872307,0.0
6,59,9,0.028000000000247383,0.0,0.6610000000000582,0.6890000000003056,0.04063860667668355,0.9593613933233165,0.0,0.49822222222211265,0.27933333333332183,0.0,0.7775555555554345,0.6407545012860405,0.3592454987139594,0.0
6,59,10,1.3659999999995307,0.0,0.03899999999975989,1.4049999999992906,0.9722419928827192,0.027758007117280842,0.0,2.3207777777777463,0.17911111111112,0.0,2.4998888888888664,0.9283523712164943,0.07164762878350568,0.0
6,59,11,7.832000000000789,0.0,0.5520000000001346,8.384000000000924,0.9341603053435027,0.06583969465649735,0.0,2.441777777777689,0.08944444444442624,0.0,2.5312222222221155,0.9646635354023145,0.03533646459768536,0.0
6,59,12,0.03899999999975989,0.0,0.011999999999716238,0.05099999999947613,0.7647058823560882,0.23529411764391178,0.0,1.9616666666666385,0.07822222222219151,0.0,2.03988888888883,0.9616536848412363,0.038346315158763765,0.0
6,59,13,0.021999999999934516,0.0,0.03000000000020009,0.052000000000134605,0.4230769230745686,0.5769230769254314,0.0,0.15544444444438138,0.041444444444449696,0.0,0.19688888888883108,0.7895033860044262,0.21049661399557382,0.0
6,59,14,0.05999999999994543,0.0,0.06899999999995998,0.1289999999999054,0.46511627906968545,0.5348837209303146,0.0,0.028999999999945833,0.0707777777778473,0.0,0.09977777777779313,0.29064587973215184,0.7093541202678482,0.0
6,59,15,0.009000000000014552,0.0,0.12000000000034561,0.12900000000036016,0.06976744186038314,0.9302325581396169,0.0,0.020777777777766463,0.06655555555562387,0.0,0.08733333333339033,0.23791348600480425,0.7620865139951958,0.0
6,59,20,0.022999999999683496,0.0,1.2390000000004875,1.262000000000171,0.018225039619398083,0.981774960380602,0.0,0.0025555555555203885,0.2230000000000574,0.0,0.2255555555555778,0.011330049260926714,0.9886699507390733,0.0
6,59,21,0.0,0.0,0.02099999999973079,0.02099999999973079,0.0,1.0,0.0,0.0025555555555203885,0.21866666666670023,0.0,0.22122222222222063,0.011551983927515651,0.9884480160724843,0.0
6,59,23,0.0,0.0,0.02999999999974534,0.02999999999974534,0.0,1.0,0.0,0.0,0.1176666666666885,0.0,0.1176666666666885,0.0,1.0,0.0
6,60,0,1.668999999999869,0.0,0.058999999999741704,1.7279999999996107,0.9658564814816233,0.034143518518376735,0.0,0.7101666666665853,0.07383333333329271,0.0,0.783999999999878,0.90582482993201,0.09417517006799005,0.0
6,60,1,0.01999999999998181,0.0,0.0,0.01999999999998181,1.0,0.0,0.0,0.476888888888829,0.04922222222219514,0.0,0.5261111111110242,0.906441393875432,0.093558606124568,0.0
6,60,2,0.03099999999994907,0.0,0.0,0.03099999999994907,1.0,0.0,0.0,0.010222222222233136,0.0,0.0,0.010222222222233136,1.0,0.0,0.0
6,60,3,0.021000000000185537,0.0,0.0,0.021000000000185537,1.0,0.0,0.0,0.07711111111110668,0.0,0.0,0.07711111111110668,1.0,0.0,0.0
6,60,4,0.6179999999999382,0.0,0.0,0.6179999999999382,1.0,0.0,0.0,0.12011111111117619,0.005666666666658987,0.0,0.12577777777783516,0.9549469964665128,0.04505300353348729,0.0
6,60,5,0.41000000000030923,0.0,0.05099999999993088,0.4610000000002401,0.8893709327550883,0.11062906724491174,0.0,0.3076666666666925,0.02699999999999313,0.0,0.33466666666668565,0.9193227091633717,0.08067729083662828,0.0
6,60,6,1.007999999999356,0.0,0.05999999999994543,1.0679999999993015,0.9438202247191155,0.056179775280884525,0.0,0.2414444444445204,0.07255555555558305,0.0,0.3140000000001034,0.7689313517338882,0.23106864826611193,0.0
6,60,7,0.0,0.0,0.03000000000020009,0.03000000000020009,0.0,1.0,0.0,0.1973333333333155,0.09355555555556648,0.0,0.290888888888882,0.6783804430862803,0.32161955691371974,0.0
6,60,8,0.0,0.0,0.009999999999763531,0.009999999999763531,0.0,1.0,0.0,0.011555555555585429,0.16666666666666666,0.0,0.1782222222222521,0.06483790523706448,0.9351620947629354,0.0
6,60,9,0.0,0.0,0.18899999999985084,0.18899999999985084,0.0,1.0,0.0,0.161666666666608,0.12899999999995596,0.0,0.29066666666656393,0.5561926605504535,0.4438073394495466,0.0
6,60,10,0.010000000000218279,0.0,0.032000000000152795,0.042000000000371074,0.2380952380983316,0.7619047619016683,0.0,1.8012222222222487,0.18166666666669093,0.0,1.9828888888889395,0.9083828308864633,0.09161716911353673,0.0
6,60,11,4.0809999999992215,0.0,0.009000000000014552,4.089999999999236,0.997799511002441,0.002200488997558981,0.0,1.9476666666667166,0.09277777777778183,0.0,2.0404444444444985,0.9545306033543882,0.04546939664561176,0.0
6,60,12,0.08800000000019281,0.0,0.0,0.08800000000019281,1.0,0.0,0.0,1.805111111111172,0.102777777777798,0.0,1.90788888888897,0.9461301030807674,0.05386989691923258,0.0
6,60,13,0.041999999999916326,0.0,0.0,0.041999999999916326,1.0,0.0,0.0,0.17188888888889173,0.03366666666665374,0.0,0.20555555555554547,0.8362162162162711,0.16378378378372893,0.0
6,60,14,0.018000000000029104,0.0,0.023000000000138243,0.04100000000016735,0.43902439024282036,0.5609756097571796,0.0,0.021111111111066647,0.043333333333369715,0.0,0.06444444444443637,0.32758620689590284,0.6724137931040971,0.0
6,60,15,0.0,0.0,0.016999999999825377,0.016999999999825377,0.0,1.0,0.0,0.009666666666665455,0.027777777777828305,0.0,0.03744444444449376,0.25816023738835164,0.7418397626116483,0.0
6,60,16,0.0,0.0,0.021000000000185537,0.021000000000185537,0.0,1.0,0.0,0.001000000000001617,0.01877777777781375,0.0,0.019777777777815368,0.05056179775279465,0.9494382022472053,0.0
6,60,17,0.0,0.0,0.010999999999967258,0.010999999999967258,0.0,1.0,0.0,0.0,0.035666666666656965,0.0,0.035666666666656965,0.0,1.0,0.0
6,60,18,0.0,0.0,0.2889999999997599,0.2889999999997599,0.0,1.0,0.0,0.0,0.037666666666660194,0.0,0.037666666666660194,0.0,1.0,0.0
6,60,19,0.0,0.0,0.03900000000021464,0.03900000000021464,0.0,1.0,0.0,0.0025555555555203885,0.22755555555558102,0.0,0.2301111111111014,0.011105746016264831,0.9888942539837351,0.0
6,60,20,0.0,0.0,0.48099999999976717,0.48099999999976717,0.0,1.0,0.0,0.0025555555555203885,0.1977777777778,0.0,0.2003333333333204,0.012756516916075974,0.987243483083924,0.0
6,61,0,1.5049999999996544,0.0,0.0,1.5049999999996544,1.0,0.0,0.0,0.9515000000001237,0.009833333333290284,0.0,0.961333333333414,0.9897711511789639,0.010228848821036193,0.0
6,61,1,0.009000000000014552,0.0,0.0,0.009000000000014552,1.0,0.0,0.0,0.6377777777778546,0.006555555555526856,0.0,0.6443333333333815,0.9898258320400521,0.0101741679599478,0.0
6,61,3,0.010999999999967258,0.0,0.0,0.010999999999967258,1.0,0.0,0.0,0.07711111111110668,0.0,0.0,0.07711111111110668,1.0,0.0,0.0
6,61,4,0.012999999999919964,0.0,0.0,0.012999999999919964,1.0,0.0,0.0,0.12011111111117619,0.005666666666658987,0.0,0.12577777777783516,0.9549469964665128,0.04505300353348729,0.0
6,61,5,0.008000000000265572,0.0,0.0,0.008000000000265572,1.0,0.0,0.0,0.2285555555555321,0.01233333333331959,0.0,0.24088888888885168,0.9488007380074291,0.051199261992570785,0.0
6,61,7,0.007000000000061846,0.0,0.0,0.007000000000061846,1.0,0.0,0.0,0.1127777777777131,0.011111111111101005,0.0,0.12388888888881411,0.9103139013453189,0.08968609865468108,0.0
6,61,9,0.01999999999998181,0.0,0.0,0.01999999999998181,1.0,0.0,0.0,0.0044444444444404025,0.0256666666666408,0.0,0.030111111111081203,0.14760147601477253,0.8523985239852274,0.0
6,61,10,0.009999999999763531,0.0,0.0,0.009999999999763531,1.0,0.0,0.0,0.778333333333295,0.042555555555585066,0.0,0.8208888888888801,0.9481591770438184,0.0518408229561816,0.0
6,61,11,2.8640000000004875,0.0,0.15300000000024738,3.017000000000735,0.9492873715610838,0.05071262843891618,0.0,0.9246666666666797,0.02577777777782507,0.0,0.9504444444445048,0.972878185644095,0.027121814355904945,0.0
6,61,12,1.2390000000004875,0.0,0.038000000000010914,1.2770000000004984,0.9702427564604572,0.029757243539542743,0.0,0.9314444444444234,0.03677777777779232,0.0,0.9682222222222158,0.9620151480376253,0.037984851962374694,0.0
6,61,13,0.03899999999975989,0.0,0.13099999999985812,0.169999999999618,0.22941176470498545,0.7705882352950145,0.0,0.15955555555557213,0.021333333333334138,0.0,0.18088888888890628,0.8820638820638889,0.11793611793611104,0.0
6,62,0,2.5060000000012224,0.0,0.0,2.5060000000012224,1.0,0.0,0.0,0.9001666666666399,0.0,0.0,0.9001666666666399,1.0,0.0,0.0
6,62,11,0.01999999999998181,0.0,0.0,0.01999999999998181,1.0,0.0,0.0,0.46033333333338705,0.02122222222225092,0.0,0.48155555555563795,0.9559298569450334,0.04407014305496668,0.0
6,62,12,0.009999999999763531,0.0,0.0,0.009999999999763531,1.0,0.0,0.0,0.46355555555560884,0.03577777777779071,0.0,0.4993333333333996,0.9283489096573044,0.07165109034269553,0.0
6,63,0,1.3809999999989486,0.0,0.0,1.3809999999989486,1.0,0.0,0.0,0.926833333333434,0.16350000000011278,0.0,1.0903333333335468,0.8500458575358476,0.14995414246415234,0.0
6,64,0,1.674000000000433,0.0,0.9810000000006767,2.6550000000011096,0.6305084745761708,0.36949152542382924,0.0,0.6119999999998527,0.4263333333334079,0.0,1.0383333333332605,0.5894060995183585,0.4105939004816415,0.0
6,65,0,0.6169999999997344,0.0,1.5769999999997708,2.1939999999995052,0.2812215132178093,0.7187784867821907,0.0,0.5060000000000855,0.5290000000000721,0.0,1.0350000000001576,0.48888888888889703,0.511111111111103,0.0
6,66,0,0.7450000000003456,0.0,0.6059999999997672,1.3510000000001128,0.551443375277782,0.448556624722218,0.0,0.2353333333333012,0.45883333333328363,0.0,0.6941666666665849,0.33901560624249066,0.6609843937575093,0.0
6,66,1,0.0,0.0,0.010000000000218279,0.010000000000218279,0.0,1.0,0.0,0.15688888888886746,0.30588888888885574,0.0,0.4627777777777232,0.33901560624249066,0.6609843937575093,0.0
6,66,3,0.0,0.0,0.009000000000014552,0.009000000000014552,0.0,1.0,0.0,0.08177777777771351,0.042555555555585066,0.0,0.12433333333329857,0.6577301161748234,0.34226988382517665,0.0
6,66,5,0.0,0.0,0.03199999999969805,0.03199999999969805,0.0,1.0,0.0,0.00777777777774544,0.030111111111131725,0.0,0.03788888888887716,0.2052785923745766,0.7947214076254234,0.0
6,66,6,0.0,0.0,0.018000000000029104,0.018000000000029104,0.0,1.0,0.0,0.021333333333334144,0.07566666666667111,0.0,0.09700000000000526,0.21993127147765967,0.7800687285223403,0.0
6,66,7,0.0,0.0,0.4010000000002947,0.4010000000002947,0.0,1.0,0.0,0.021333333333334138,0.06777777777779193,0.0,0.08911111111112606,0.23940149625932047,0.7605985037406795,0.0
6,67,0,0.04999999999972715,0.0,0.5399999999995089,0.589999999999236,0.08474576271151169,0.9152542372884883,0.0,0.1561666666666497,0.20250000000002424,0.0,0.3586666666666739,0.4354089219330294,0.5645910780669707,0.0
6,67,1,0.0,0.0,0.020000000000436557,0.020000000000436557,0.0,1.0,0.0,0.10411111111109979,0.13500000000001616,0.0,0.23911111111111594,0.4354089219330294,0.5645910780669707,0.0
6,67,3,0.7279999999996107,0.0,0.20100000000002183,0.9289999999996326,0.7836383207749178,0.21636167922508215,0.0,0.08177777777771351,0.042555555555585066,0.0,0.12433333333329857,0.6577301161748234,0.34226988382517665,0.0
6,67,4,0.007999999999810825,0.0,0.1730000000002292,0.18100000000004002,0.044198895026569374,0.9558011049734306,0.0,0.08177777777771351,0.05044444444446425,0.0,0.13222222222217778,0.6184873949577051,0.38151260504229484,0.0
6,67,5,0.0,0.0,0.03900000000021464,0.03900000000021464,0.0,1.0,0.0,0.00777777777774544,0.030111111111131725,0.0,0.03788888888887716,0.2052785923745766,0.7947214076254234,0.0
6,67,6,0.06199999999989814,0.0,0.009000000000014552,0.07099999999991269,0.8732394366193574,0.12676056338064254,0.0,0.021333333333334144,0.07566666666667111,0.0,0.09700000000000526,0.21993127147765967,0.7800687285223403,0.0
6,67,7,0.13000000000010914,0.0,0.181999999999789,0.31199999999989814,0.4166666666671525,0.5833333333328475,0.0,0.021333333333334138,0.06777777777779193,0.0,0.08911111111112606,0.23940149625932047,0.7605985037406795,0.0
6,67,9,0.0,0.0,0.4450000000001637,0.4450000000001637,0.0,1.0,0.0,0.0,0.08544444444441979,0.0,0.08544444444441979,0.0,1.0,0.0
6,67,10,0.0,0.0,0.3239999999996144,0.3239999999996144,0.0,1.0,0.0,0.0,0.08544444444441979,0.0,0.08544444444441979,0.0,1.0,0.0
6,68,0,0.14199999999982538,0.0,0.03900000000021464,0.18100000000004002,0.7845303867391933,0.21546961326080674,0.0,0.04349999999991875,0.09983333333336,0.0,0.14333333333327875,0.30348837209257196,0.696511627907428,0.0
6,69,0,0.06899999999995998,0.0,0.0,0.06899999999995998,1.0,0.0,0.0,0.05274999999994634,0.00975000000005366,0.0,0.0625,0.8439999999991414,0.15600000000085856,0.0
