gear,speed_bin_mph,pedal_bin_pct,LOCKED,OPEN,PARTIAL,total_time_s,frac_locked,frac_partial,frac_open,LOCKED_smoothed,PARTIAL_smoothed,OPEN_smoothed,total_time_s_smoothed,frac_locked_smoothed,frac_partial_smoothed,frac_open_smoothed
3,20,0,0.21000000000003638,2.6059999999981187,10.526999999999646,13.3429999999978,0.01573858952260144,0.7889530090685288,0.19530840140886968,0.12200000000007094,5.205250000000191,2.195499999999541,7.522749999999803,0.016217473663231417,0.6919344654548307,0.2918480608819379
3,20,1,0.02200000000084401,0.0,0.0,0.02200000000084401,1.0,0.0,0.0,0.09283333333322237,3.470166666666794,1.4636666666663605,5.026666666666377,0.0184681697612522,0.6903514588860068,0.291180371352741
3,20,2,0.029999999998835847,0.0,0.0,0.029999999998835847,1.0,0.0,0.0,0.06366666666667697,0.0,0.0,0.06366666666667697,1.0,0.0,0.0
3,20,3,0.09900000000016007,0.0,0.0,0.09900000000016007,1.0,0.0,0.0,0.11966666666648962,0.0,0.0,0.11966666666648962,1.0,0.0,0.0
3,20,4,0.03099999999994907,0.0,0.0,0.03099999999994907,1.0,0.0,0.0,0.1534999999999703,0.0028333333333042296,0.0,0.15633333333327454,0.9818763326227806,0.018123667377219373,0.0
3,20,5,0.009000000000014552,0.0,0.0,0.009000000000014552,1.0,0.0,0.0,0.1136666666666315,0.012999999999995756,0.0,0.12666666666662726,0.897368421052633,0.10263157894736684,0.0
3,20,7,4.881999999999607,0.0,0.11000000000058208,4.992000000000189,0.9779647435896278,0.022035256410372177,0.0,0.9871666666664775,0.07850000000015218,0.013333333333396999,1.0790000000000266,0.9148903305527832,0.07275254865630236,0.01235712079091443
3,20,9,0.0,0.01999999999998181,0.03999999999996362,0.05999999999994543,0.0,0.6666666666666666,0.3333333333333333,0.0,0.08016666666674155,0.0166666666667273,0.09683333333346884,0.0,0.8278829604126956,0.1721170395873044
3,20,11,0.0,0.0,0.049999999999954525,0.049999999999954525,0.0,1.0,0.0,0.006666666666660603,0.021499999999984237,0.004999999999957557,0.033166666666602396,0.20100502512583485,0.6482412060309316,0.15075376884323355
3,20,12,0.0,0.0,0.01999999999998181,0.01999999999998181,0.0,1.0,0.0,0.006666666666660603,0.01666666666665151,0.004999999999957557,0.028333333333269668,0.23529411764737354,0.5882352941184339,0.17647058823419265
3,20,13,0.0,0.0,0.010999999999967258,0.010999999999967258,0.0,1.0,0.0,0.006666666666660603,0.010166666666653631,0.00833333333328786,0.025166666666602097,0.26490066225209435,0.4039735099342933,0.33112582781361216
3,20,14,0.0,0.0,0.009999999999990905,0.009999999999990905,0.0,1.0,0.0,0.0,0.00849999999998848,0.016500000000026677,0.025000000000015156,0.0,0.3399999999993331,0.6600000000006669
3,20,15,0.0,0.07900000000017826,0.009999999999990905,0.08900000000016917,0.0,0.112359550561482,0.887640449438518,0.008499999999912689,0.018166666666653935,0.35333333333339095,0.3799999999999576,0.02236842105240431,0.04780701754383148,0.9298245614037641
3,20,16,0.0,0.4210000000000491,0.04899999999997817,0.4700000000000273,0.0,0.10425531914888368,0.8957446808511164,0.008499999999912689,0.021833333333347582,0.5849999999999606,0.6153333333332208,0.013813651137455432,0.03548212351032217,0.9507042253522224
3,20,17,0.0,0.40699999999969805,0.009999999999990905,0.41699999999968895,0.0,0.0239808153477179,0.9760191846522821,0.008499999999912689,0.02016666666668243,0.7733333333332268,0.801999999999822,0.010598503740541864,0.02514546965921061,0.9642560266002476
3,20,18,0.0,0.666999999999689,0.0,0.666999999999689,0.0,0.0,1.0,0.0,0.008666666666689101,0.4964999999999596,0.5051666666666487,0.0,0.017156054107600283,0.9828439458923998
3,20,19,0.0,0.2130000000004202,0.0,0.2130000000004202,0.0,0.0,1.0,0.0,0.0,0.40916666666672086,0.40916666666672086,0.0,0.0,1.0
3,20,20,0.0,0.049999999999954525,0.0,0.049999999999954525,0.0,0.0,1.0,0.0,0.0,0.2161666666667467,0.2161666666667467,0.0,0.0,1.0
3,20,21,0.0,0.03099999999994907,0.0,0.03099999999994907,0.0,0.0,1.0,0.0,0.0,0.2226666666666688,0.2226666666666688,0.0,0.0,1.0
3,21,0,0.20399999999926877,6.176000000000045,10.29400000000112,16.674000000000433,0.012234616768577634,0.6173683579225652,0.37039702530885715,0.17600000000008248,4.061000000000178,1.7886666666661217,6.025666666666382,0.029208386347307207,0.6739503236157055,0.2968412900369873
3,21,1,0.052000000000134605,0.0,0.0,0.052000000000134605,1.0,0.0,0.0,0.12499999999994948,2.711777777777892,1.2024444444440974,4.039222222221939,0.030946551866410592,0.6713613732017368,0.2976920749318525
3,21,2,0.03900000000021464,0.0,0.0,0.03900000000021464,1.0,0.0,0.0,0.06222222222226668,0.009111111111097771,0.016555555555492495,0.08788888888885694,0.7079646017706747,0.1036662452590515,0.18836915297027385
3,21,3,0.13999999999987267,0.0,0.0,0.13999999999987267,1.0,0.0,0.0,0.10733333333327107,0.006888888888877571,0.013111111111104239,0.12733333333325286,0.8429319371728186,0.05410122164043396,0.10296684118674758
3,21,4,0.3789999999999054,0.0,0.0,0.3789999999999054,1.0,0.0,0.0,0.28111111111108283,0.03555555555557374,0.03888888888882825,0.3555555555554848,0.7906250000000778,0.10000000000007105,0.10937499999985122
3,21,5,0.26299999999991996,0.0,0.016999999999825377,0.27999999999974534,0.9392857142862827,0.06071428571371728,0.0,0.2357777777777099,0.044333333333371326,0.03577777777774018,0.3158888888888214,0.7463946535349428,0.1403447062963163,0.11326064016874092
3,21,6,0.0,0.0,0.06100000000014916,0.06100000000014916,0.0,1.0,0.0,0.8404444444442257,0.09077777777787964,0.0367777777777418,0.9679999999998472,0.8682277318640066,0.09377869605154336,0.037993572084450006
3,21,7,1.0409999999992579,0.0,0.20899999999983265,1.2499999999990905,0.8328000000000122,0.16719999999998778,0.0,0.7713333333332332,0.09544444444448648,0.011000000000068311,0.877777777777788,0.8787341772150655,0.1087341772152365,0.01253164556969793
3,21,8,0.0,0.08000000000038199,0.09100000000034925,0.17100000000073123,0.0,0.5321637426898252,0.4678362573101748,0.7713333333332332,0.13311111111122245,0.01422222222229013,0.9186666666667457,0.8396226415092527,0.14489598451873476,0.015481373972012599
3,21,9,0.0,0.0,0.3100000000001728,0.3100000000001728,0.0,1.0,0.0,0.1123333333333803,0.10011111111111859,0.014555555555590316,0.2270000000000892,0.49486049926579806,0.4410181106214945,0.06412139011270747
3,21,10,0.0,0.0,0.03999999999996362,0.03999999999996362,0.0,1.0,0.0,0.0,0.3682222222221803,0.006333333333410944,0.3745555555555913,0.0,0.9830910708986375,0.016908929101362522
3,21,11,0.0,0.0,0.019000000000005457,0.019000000000005457,0.0,1.0,0.0,0.03422222222222149,0.46111111111096964,0.025333333333492192,0.5206666666666833,0.06572769953051293,0.8856167306868533,0.0486555697826339
3,21,12,0.03999999999996362,0.02999999999974534,0.0,0.06999999999970896,0.5714285714304276,0.0,0.4285714285695725,0.03422222222222149,0.45688888888879675,0.04077777777795038,0.5318888888889686,0.06434092333401864,0.8589931063293409,0.07666597033664058
3,21,14,0.0,0.01999999999998181,0.01999999999998181,0.03999999999996362,0.0,0.5,0.5,0.008000000000013009,0.03333333333330302,0.23388888888889092,0.27522222222220694,0.029067420266500235,0.12111425111011054,0.8498183286233892
3,21,16,0.05099999999947613,1.6000000000001364,0.01999999999998181,1.6709999999995944,0.030520646319263024,0.011968880909626969,0.95751047277111,0.0254444444444239,0.019111111111139206,1.1374444444444027,1.1819999999999657,0.0215266027448601,0.016168452716700303,0.9623049445384397
3,21,17,0.0,1.0029999999997017,0.0420000000001437,1.0449999999998454,0.0,0.04019138755995207,0.9598086124400479,0.0254444444444239,0.016888888888944267,1.530888888888872,1.5732222222222403,0.016173458577569917,0.01073522141397674,0.9730913200084533
3,21,18,0.0,0.5420000000000869,0.0,0.5420000000000869,0.0,0.0,1.0,0.0,0.007888888888929715,1.4447777777778266,1.4526666666667563,0.0,0.0054306256692950175,0.994569374330705
3,21,19,0.0,0.1470000000001619,0.0,0.1470000000001619,0.0,0.0,1.0,0.0,0.0,1.2725555555556158,1.2725555555556158,0.0,0.0,1.0
3,21,20,0.0,0.8360000000000127,0.0,0.8360000000000127,0.0,0.0,1.0,0.0,0.0,0.8998888888888689,0.8998888888888689,0.0,0.0,1.0
3,21,21,0.0,0.01999999999998181,0.0,0.01999999999998181,0.0,0.0,1.0,0.0,0.0,0.5028888888887827,0.5028888888887827,0.0,0.0,1.0
3,21,22,0.0,0.3990000000001146,0.0,0.3990000000001146,0.0,0.0,1.0,0.0,0.0,0.2188888888887972,0.2188888888887972,0.0,0.0,1.0
3,21,23,0.0,0.21100000000001273,0.0,0.21100000000001273,0.0,0.0,1.0,0.0,0.0,0.12211111111107836,0.12211111111107836,0.0,0.0,1.0
3,21,34,0.0,0.010999999999967258,0.02999999999974534,0.0409999999997126,0.0,0.7317073170720887,0.26829268292791136,0.0,0.0054444444444420185,0.003222222222221819,0.008666666666663837,0.0,0.6282051282050534,0.37179487179494664
3,21,35,0.0,0.0,0.01900000000023283,0.01900000000023283,0.0,1.0,0.0,0.0,0.006666666666660603,0.0012222222222185845,0.007888888888879187,0.0,0.8450704225354819,0.15492957746451813
3,21,36,0.0,0.0,0.010999999999967258,0.010999999999967258,0.0,1.0,0.0,0.0011111111110849107,0.0045555555556246775,0.0,0.0056666666667095885,0.19607843136644024,0.8039215686335597,0.0
3,21,37,0.009999999999763531,0.0,0.011000000000422006,0.021000000000185537,0.4761904761750086,0.5238095238249914,0.0,0.023222222222153175,0.002444444444487696,0.0,0.025666666666640872,0.9047619047601239,0.09523809523987607,0.0
3,21,38,0.19899999999961437,0.0,0.0,0.19899999999961437,1.0,0.0,0.0,0.023222222222153175,0.00666666666671113,0.0,0.029888888888864304,0.7769516728607825,0.22304832713921754,0.0
3,21,39,0.0,0.0,0.04899999999997817,0.04899999999997817,0.0,1.0,0.0,0.022111111111068338,0.009777777777799201,0.02455555555555596,0.056444444444423494,0.39173228346395456,0.17322834645713675,0.43503937007890875
3,21,40,0.0,0.068000000000211,0.0,0.068000000000211,0.0,0.0,1.0,0.0,0.009777777777799201,0.053555555555552324,0.06333333333335153,0.0,0.1543859649125746,0.8456140350874253
3,22,0,0.5590000000001965,1.9189999999990732,3.5250000000003183,6.002999999999588,0.0931201066133991,0.5872063968016925,0.31967349658490835,0.13733333333326905,2.368166666666904,1.3728333333331193,3.878333333333292,0.03541039965619351,0.6106145251397325,0.35397507520407406
3,22,1,0.009000000000014552,0.03099999999949432,0.01999999999998181,0.05999999999949068,0.15000000000151584,0.3333333333358597,0.5166666666626245,0.09588888888886989,1.5832222222223764,0.9252222222220957,2.604333333333342,0.03681897691880311,0.6079184265540911,0.35526259652710585
3,22,2,0.0,0.09000000000014552,0.03999999999996362,0.13000000000010914,0.0,0.30769230769176953,0.6923076923082304,0.0454444444445067,0.009111111111097771,0.016555555555492495,0.07111111111109697,0.6390625000010026,0.1281249999998379,0.2328124999991595
3,22,3,0.16900000000032378,0.027999999999792635,0.021999999999934516,0.21900000000005093,0.771689497718194,0.10045662100424384,0.1278538812775622,0.08955555555561052,0.006888888888877571,0.013111111111104239,0.10955555555559232,0.8174442190671646,0.06288032454348613,0.11967545638934944
3,22,4,0.07900000000017826,0.0,0.0,0.07900000000017826,1.0,0.0,0.0,0.2656666666666246,0.03555555555557374,0.03888888888882825,0.34011111111102654,0.781117281934079,0.10454099967338884,0.11434171839253227
3,22,5,1.3609999999994216,0.32199999999966167,0.2810000000004038,1.963999999999487,0.6929735234214751,0.14307535641572158,0.16395112016280333,0.23133333333326944,0.044333333333371326,0.03577777777774018,0.3114444444443809,0.7427755975739743,0.14234748483782494,0.11487691758820097
3,22,6,0.0,0.0,0.03999999999996362,0.03999999999996362,0.0,1.0,0.0,0.29699999999982335,0.07855555555559274,0.046666666666624224,0.4222222222220403,0.7034210526314636,0.18605263157911558,0.11052631578942078
3,22,7,0.007999999999810825,0.009000000000014552,0.09900000000016007,0.11599999999998545,0.06896551723975715,0.853448275863556,0.07758620689668691,0.24433333333329046,0.10433333333326623,0.03333333333340407,0.38199999999996076,0.6396160558463758,0.2731239092494161,0.0872600349042081
3,22,8,1.011000000000422,0.010000000000218279,0.24899999999934153,1.2699999999999818,0.7960629921263279,0.19606299212546857,0.007874015748203482,0.24433333333329046,0.13755555555556184,0.034333333333405686,0.416222222222258,0.587026161238501,0.33048585157500004,0.08248798718649883
3,22,9,0.0,0.009000000000014552,0.09000000000060027,0.09900000000061482,0.0,0.9090909090913267,0.09090909090867333,0.1277777777778384,0.2957777777777311,0.024777777777823456,0.44833333333339304,0.28500619578696224,0.6597273853777511,0.055266418835286595
3,22,10,0.0,0.011999999999716238,0.08099999999967622,0.09299999999939246,0.0,0.8709677419376921,0.12903225806230786,0.0,0.5606666666666469,0.004111111111190738,0.5647777777778377,0.0,0.9927208341529189,0.007279165847080999
3,22,11,0.0,0.016000000000985892,2.683999999999287,2.700000000000273,0.0,0.9940740740737095,0.0059259259262904726,0.03422222222222141,0.6867777777777064,0.06855555555567762,0.7895555555556054,0.04334365325077023,0.8698283141006147,0.0868280326486152
3,22,12,0.2680000000000291,0.17000000000098225,1.2559999999998581,1.6940000000008695,0.15820543093263964,0.7414403778035499,0.10035419126381051,0.03422222222222141,0.5067777777777691,0.17388888888904652,0.714888888889037,0.047870686975431904,0.7088902704381376,0.2432390425864306
3,22,13,0.0,0.15099999999983993,0.07200000000011642,0.22299999999995634,0.0,0.3228699551575359,0.6771300448424641,0.042222222222234346,0.22377777777784205,0.28555555555562423,0.5515555555557006,0.07655116841257237,0.40572119258663353,0.5177276390007942
3,22,14,0.07200000000011642,0.9710000000004584,0.16699999999991633,1.2100000000004911,0.05950413223147702,0.13801652892549465,0.8024793388430284,0.008000000000012936,0.06444444444438584,0.3572222222222384,0.42966666666663716,0.018619084561707102,0.1499870700800394,0.8313938453582534
3,22,15,0.0,0.8839999999995598,0.009999999999763531,0.8939999999993233,0.0,0.011185682326365885,0.9888143176736341,0.03344444444443676,0.05555555555550504,0.8317777777778147,0.9207777777777565,0.036321950042227324,0.060335465186383115,0.9033425847713896
3,22,16,0.17800000000033833,2.7260000000001128,0.012000000000170985,2.916000000000622,0.061042524005589974,0.0041152263375063185,0.9348422496569037,0.025444444444423828,0.02155555555552584,1.3184444444444743,1.365444444444424,0.01863455122465765,0.015786475709963013,0.9655789730653793
3,22,17,0.0,3.117000000000189,0.01900000000023283,3.136000000000422,0.0,0.006058673469461184,0.9939413265305388,0.025444444444423828,0.010333333333392147,1.8358888888889802,1.871666666666796,0.013594538438693892,0.00552092609085918,0.980884535470447
3,22,18,0.0,3.2950000000001864,0.0,3.2950000000001864,0.0,0.0,1.0,0.0,0.006777777777819616,2.0040000000001394,2.010777777777959,0.0,0.00337072442948395,0.9966292755705161
3,22,19,0.0,3.6120000000003074,0.0,3.6120000000003074,0.0,0.0,1.0,0.0,0.0,1.8751111111111591,1.8751111111111591,0.0,0.0,1.0
3,22,20,0.0,2.090999999999724,0.0,2.090999999999724,0.0,0.0,1.0,0.0,0.0,1.7039999999999698,1.7039999999999698,0.0,0.0,1.0
3,22,21,0.0,1.0989999999993074,0.0,1.0989999999993074,0.0,0.0,1.0,0.0,0.0,1.0346666666666176,1.0346666666666176,0.0,0.0,1.0
3,22,23,0.0,0.209999999999809,0.0,0.209999999999809,0.0,0.0,1.0,0.0,0.0,0.19566666666666319,0.19566666666666319,0.0,0.0,1.0
3,22,24,0.0,0.278999999999769,0.0,0.278999999999769,0.0,0.0,1.0,0.0,0.0,0.19677777777772276,0.19677777777772276,0.0,0.0,1.0
3,22,25,0.0,0.009000000000014552,0.0,0.009000000000014552,0.0,0.0,1.0,0.0,0.0,0.11777777777777187,0.11777777777777187,0.0,0.0,1.0
3,22,28,0.0,0.010000000000218279,0.0,0.010000000000218279,0.0,0.0,1.0,0.008777777777747056,0.00666666666671113,0.0368888888888757,0.052333333333333884,0.16772823779134327,0.1273885350326954,0.7048832271759613
3,22,29,0.0,0.021999999999934516,0.0,0.021999999999934516,0.0,0.0,1.0,0.011111111111151532,0.005555555555575766,0.023444444444446006,0.040111111111173305,0.2770083102498857,0.13850415512494285,0.5844875346251714
3,22,30,0.0,0.009999999999763531,0.0,0.009999999999763531,0.0,0.0,1.0,0.01000000000001617,0.0,0.026888888888884795,0.03688888888890096,0.2710843373497472,0.0,0.7289156626502529
3,22,31,0.0,0.010000000000218279,0.0,0.010000000000218279,0.0,0.0,1.0,0.0023333333334044763,0.0076666666667127474,0.02888888888888803,0.038888888889005255,0.06000000000164985,0.19714285714345217,0.742857142854898
3,22,32,0.0,0.021999999999934516,0.0,0.021999999999934516,0.0,0.0,1.0,0.0,0.009888888888882421,0.023333333333337525,0.033222222222219946,0.0,0.2976588628760799,0.7023411371239201
3,22,33,0.0,0.018000000000029104,0.0,0.018000000000029104,0.0,0.0,1.0,0.0,0.01444444444445657,0.020999999999983577,0.03544444444444014,0.0,0.40752351097217837,0.5924764890278217
3,22,40,0.0,0.15299999999979264,0.03900000000021464,0.19200000000000728,0.0,0.20312500000111022,0.7968749999988898,0.0,0.009777777777799201,0.05355555555555247,0.06333333333335167,0.0,0.15438596491257428,0.8456140350874257
3,22,41,0.0,0.26099999999996726,0.0,0.26099999999996726,0.0,0.0,1.0,0.0,0.004333333333357182,0.05355555555555247,0.057888888888909654,0.0,0.07485604606564424,0.9251439539343558
3,23,0,0.0,0.11100000000010368,0.37000000000000455,0.48100000000010823,0.0,0.7692307692306056,0.2307692307693944,0.10983333333336986,0.7706666666667275,0.34683333333310884,1.2273333333332062,0.0894894079305116,0.6279196089083167,0.28259098316117176
3,23,7,0.0,0.08899999999994179,0.0,0.08899999999994179,0.0,0.0,1.0,0.12866666666670626,0.06766666666655712,0.036555555555587996,0.23288888888885134,0.5524809160307934,0.29055343511408027,0.15696564885512643
3,23,8,0.1390000000001237,0.11200000000008004,0.18999999999959982,0.44099999999980355,0.3151927437645932,0.4308390022668582,0.2539682539685486,0.12866666666670626,0.07322222222218341,0.032111111111147596,0.23400000000003726,0.5498575498576315,0.31291547958193056,0.13722697056043795
3,23,10,0.0,0.0,1.6109999999998763,1.6109999999998763,0.0,1.0,0.0,0.0011111111111101006,1.0983333333333576,0.012000000000082561,1.1114444444445504,0.0009997000899720037,0.9882035389382462,0.010796760971781741
3,23,11,0.0,0.0,0.2110000000002401,0.2110000000002401,0.0,1.0,0.0,0.030888888888891113,1.3468888888887705,0.10966666666683977,1.4874444444445014,0.02076641517890561,0.9055053410023508,0.07372824381874357
3,23,12,0.0,0.38899999999966894,0.2790000000004511,0.66800000000012,0.0,0.41766467065928287,0.5823353293407171,0.030888888888891113,1.0514444444443647,0.2542222222224382,1.336555555555694,0.023110815529137185,0.7866821847201182,0.19020699975074457
3,23,13,0.0,0.8090000000001965,0.03999999999996362,0.8490000000001601,0.0,0.04711425206119679,0.9528857479388032,0.037777777777793946,0.315444444444438,0.8152222222223725,1.1684444444446045,0.032331685051359735,0.2699695701787327,0.6976987447699076
3,23,14,0.0,0.02999999999974534,0.18000000000029104,0.21000000000003638,0.0,0.8571428571440945,0.14285714285590545,0.008000000000012936,0.07555555555553736,0.8947777777778406,0.9783333333333909,0.008177172061341532,0.07722884724585988,0.9145939806927986
3,23,15,0.0,0.3500000000003638,0.09099999999943975,0.44099999999980355,0.0,0.20634920634802786,0.7936507936519721,0.027777777777828305,0.07777777777770704,1.467111111111194,1.5726666666667295,0.01766285149077609,0.04945598417403811,0.9328811643351858
3,23,16,0.0,0.9049999999999727,0.0,0.9049999999999727,0.0,0.0,1.0,0.01977777777781537,0.03877777777769451,1.6191111111110985,1.6776666666666085,0.011788860189439334,0.023114113517402658,0.965097026293158
3,23,17,0.0,1.2810000000002333,0.0,1.2810000000002333,0.0,0.0,1.0,0.019777777777815374,0.02011111111111556,2.7816666666666507,2.8215555555555816,0.007009529810204644,0.007127667953061289,0.9858628022367341
3,23,18,0.0,2.054000000000201,0.0,2.054000000000201,0.0,0.0,1.0,0.0,0.0021111111111369813,3.2352222222222498,3.2373333333333867,0.0,0.0006521142229624011,0.9993478857770376
3,23,19,0.0,2.985000000000184,0.0,2.985000000000184,0.0,0.0,1.0,0.0,0.0,3.1422222222222254,3.1422222222222254,0.0,0.0,1.0
3,23,20,0.0,1.3139999999995666,0.0,1.3139999999995666,0.0,0.0,1.0,0.0,0.0,2.871555555555466,2.871555555555466,0.0,0.0,1.0
3,23,21,0.0,3.2320000000004825,0.0,3.2320000000004825,0.0,0.0,1.0,0.0,0.0,1.8368888888887034,1.8368888888887034,0.0,0.0,1.0
3,23,22,0.0,0.32100000000036744,0.0,0.32100000000036744,0.0,0.0,1.0,0.0,0.0,1.5123333333331361,1.5123333333331361,0.0,0.0,1.0
3,23,23,0.0,0.3199999999994816,0.0,0.3199999999994816,0.0,0.0,1.0,0.0,0.0,0.5208888888888055,0.5208888888888055,0.0,0.0,1.0
3,23,24,0.0,0.02100000000041291,0.0,0.02100000000041291,0.0,0.0,1.0,0.0,0.0,0.69499999999993,0.69499999999993,0.0,0.0,1.0
3,23,25,0.0,0.7210000000000036,0.0,0.7210000000000036,0.0,0.0,1.0,0.0,0.0,0.43111111111122424,0.43111111111122424,0.0,0.0,1.0
3,23,26,0.0,0.02999999999974534,0.0,0.02999999999974534,0.0,0.0,1.0,0.0,0.005555555555575766,0.4422222222222621,0.44777777777783784,0.0,0.01240694789086233,0.9875930521091377
3,23,27,0.0,0.24899999999979627,0.010000000000218279,0.25900000000001455,0.0,0.038610038610879215,0.9613899613891208,0.0011111111111353643,0.011111111111151532,0.13000000000007123,0.1422222222223581,0.007812500000163066,0.07812500000020957,0.9140624999996274
3,23,28,0.010000000000218279,0.0,0.0500000000001819,0.06000000000040018,0.16666666666919305,0.833333333330807,0.0,0.008777777777747056,0.011111111111151532,0.10133333333329926,0.12122222222219785,0.07241063244705719,0.09165902841465069,0.8359303391382922
3,23,29,0.06899999999950523,0.05099999999993088,0.0,0.11999999999943611,0.5749999999985789,0.0,0.4250000000014211,0.014333333333322823,0.005555555555575766,0.02344444444444586,0.04333333333334445,0.33076923076890336,0.1282051282055617,0.5410256410255349
3,23,30,0.021000000000640284,0.11800000000016553,0.0,0.1390000000008058,0.151079136694378,0.0,0.848920863305622,0.016555555555492495,0.0023333333334044763,0.026888888888884646,0.04577777777778162,0.3616504854354853,0.05097087378795758,0.587378640776557
3,23,31,0.0,0.03099999999994907,0.0,0.03099999999994907,0.0,0.0,1.0,0.008888888888880805,0.011111111111151532,0.02888888888888788,0.04888888888892022,0.18181818181789994,0.22727272727340841,0.5909090909086916
3,23,32,0.0,0.06899999999995998,0.06900000000041473,0.1380000000003747,0.0,0.5000000000016477,0.4999999999983524,0.0033333333333050376,0.013333333333321207,0.02422222222223051,0.04088888888885675,0.08152173912980684,0.32608695652169883,0.5923913043484944
3,23,33,0.0,0.05999999999994543,0.019999999999527063,0.0799999999994725,0.0,0.24999999999573674,0.7500000000042633,0.0,0.012222222222185844,0.04755555555551736,0.059777777777703205,0.0,0.20446096654239743,0.7955390334576026
3,23,34,0.0,0.009000000000014552,0.011000000000422006,0.020000000000436557,0.0,0.550000000009095,0.44999999999090506,0.0,0.0034444444444387853,0.09811111111106481,0.1015555555555036,0.0,0.033916849015278916,0.9660831509847211
3,24,0,0.05099999999993088,0.01999999999998181,0.70900000000006,0.7799999999999727,0.06538461538452905,0.9089743589744678,0.025641025641003217,0.015166666666668032,0.1798333333333441,0.021833333333347582,0.2168333333333597,0.06994619523443285,0.8293620292082501,0.10069177555731712
3,24,1,0.04000000000007731,0.0,0.0,0.04000000000007731,1.0,0.0,0.0,0.012222222222223737,0.11988888888889605,0.014555555555565055,0.14666666666668485,0.08333333333333333,0.81742424242419,0.09924242424247672
3,24,2,0.019000000000005457,0.0,0.0,0.019000000000005457,1.0,0.0,0.0,0.014555555555565055,0.0,0.0,0.014555555555565055,1.0,0.0,0.0
3,24,3,0.07200000000000273,0.0,0.0,0.07200000000000273,1.0,0.0,0.0,0.01555555555555404,0.0,0.0,0.01555555555555404,1.0,0.0,0.0
3,24,4,0.04899999999997817,0.0,0.0,0.04899999999997817,1.0,0.0,0.0,0.07211111111109858,0.014333333333335455,0.005666666666658987,0.09211111111109303,0.7828709288299331,0.15560916767194743,0.06151990349811929
3,24,5,0.4499999999999318,0.05099999999993088,0.1290000000000191,0.6299999999998818,0.7142857142857401,0.2047619047619735,0.08095238095228643,0.06411111111109828,0.014333333333335455,0.013444444444442323,0.09188888888887606,0.6977025392986277,0.15598548972193121,0.14631197097944112
3,24,6,0.0,0.07000000000005002,0.0,0.07000000000005002,0.0,0.0,1.0,0.05866666666665626,0.014333333333335455,0.02544444444443646,0.09844444444442817,0.5959367945823856,0.14559819413097114,0.25846501128664334
3,24,7,0.0,0.019000000000005457,0.0,0.019000000000005457,0.0,0.0,1.0,0.015444444444458187,0.02455555555550543,0.034444444444451015,0.07444444444441464,0.20746268656743183,0.32985074626811545,0.4626865671644526
3,24,8,0.0,0.01999999999998181,0.03099999999994907,0.05099999999993088,0.0,0.6078431372547272,0.3921568627452729,0.015444444444458187,0.02455555555550543,0.029000000000008994,0.06899999999997261,0.22383252818064228,0.35587761674659674,0.42028985507276095
3,24,9,0.0,0.02100000000007185,0.0,0.02100000000007185,0.0,0.0,1.0,0.015444444444458187,0.32677777777775596,0.01911111111112657,0.3613333333333407,0.042742927429311454,0.9043665436653577,0.052890528905330754
3,24,10,0.0,0.019000000000005457,1.1090000000003783,1.1280000000003838,0.0,0.9831560283687952,0.01684397163120478,0.021111111111117173,0.9213333333333997,0.011555555555547574,0.9540000000000645,0.02212904728628485,0.9657582110412343,0.012112741672480914
3,24,11,0.009999999999990905,0.03099999999994907,4.09900000000016,4.1400000000001,0.0024154589371958124,0.9900966183575026,0.0074879227053015265,0.021111111111117173,1.1786666666667365,0.14433333333334356,1.3441111111111972,0.01570637348103186,0.876911630982884,0.10738199553608406
3,24,12,0.0,0.3500000000002501,0.7919999999990068,1.141999999999257,0.0,0.6935201401046603,0.3064798598953396,0.021111111111117173,0.8875555555556124,0.3211111111111033,1.229777777777833,0.017166606432964044,0.7217202746657168,0.2611131189013191
3,24,13,0.0,0.37200000000007094,0.03000000000020009,0.40200000000027103,0.0,0.0746268656720892,0.9253731343279108,0.0,0.2955555555556152,1.1663333333333854,1.4618888888890007,0.0,0.20217374781487674,0.7978262521851232
3,24,14,0.0,4.095000000000141,0.023000000000138243,4.118000000000279,0.0,0.005585235551271657,0.9944147644487283,0.0,0.06355555555555586,1.1545555555556082,1.218111111111164,0.0,0.05217549940709459,0.9478245005929055
3,24,15,0.0,0.3910000000001901,0.06700000000000728,0.45800000000019736,0.0,0.14628820960693975,0.8537117903930602,0.0,0.08366666666660826,1.8880000000001218,1.97166666666673,0.0,0.04243448858830375,0.9575655114116963
3,24,16,0.0,2.852000000000203,0.1499999999996362,3.001999999999839,0.0,0.04996668887396544,0.9500333111260345,0.0,0.056555555555456126,1.527666666666663,1.5842222222221192,0.0,0.03569925655766154,0.9643007434423384
3,24,17,0.0,2.0659999999990646,0.0,2.0659999999990646,0.0,0.0,1.0,0.0,0.03122222222217867,2.8740000000000236,2.905222222222202,0.0,0.010746930814227635,0.9892530691857724
3,24,18,0.0,6.738999999999692,0.0,6.738999999999692,0.0,0.0,1.0,0.0,0.0,2.921666666666668,2.921666666666668,0.0,0.0,1.0
3,24,19,0.0,3.9680000000001883,0.0,3.9680000000001883,0.0,0.0,1.0,0.0,0.0,2.9460000000000703,2.9460000000000703,0.0,0.0,1.0
3,24,20,0.0,2.22199999999998,0.0,2.22199999999998,0.0,0.0,1.0,0.0,0.0,2.681666666666659,2.681666666666659,0.0,0.0,1.0
3,24,21,0.0,5.320999999999458,0.0,5.320999999999458,0.0,0.0,1.0,0.0,0.0,1.90644444444437,1.90644444444437,0.0,0.0,1.0
3,24,22,0.0,0.9319999999994479,0.0,0.9319999999994479,0.0,0.0,1.0,0.0,0.0,1.7724444444442797,1.7724444444442797,0.0,0.0,1.0
3,24,23,0.0,2.175999999999874,0.0,2.175999999999874,0.0,0.0,1.0,0.0,0.0,0.6536666666666011,0.6536666666666011,0.0,0.0,1.0
3,24,24,0.0,0.4290000000000873,0.0,0.4290000000000873,0.0,0.0,1.0,0.0,0.0,0.8986666666666056,0.8986666666666056,0.0,0.0,1.0
3,24,25,0.0,2.089999999999918,0.0,2.089999999999918,0.0,0.0,1.0,0.0,0.0,0.5993333333334346,0.5993333333334346,0.0,0.0,1.0
3,24,26,0.0,0.30100000000106775,0.0,0.30100000000106775,0.0,0.0,1.0,0.0,0.005555555555575766,0.6506666666666531,0.6562222222222288,0.0,0.008465966813440804,0.9915340331865592
3,24,27,0.0,0.5799999999998136,0.03999999999996362,0.6199999999997772,0.0,0.06451612903222258,0.9354838709677774,0.0011111111111353643,0.011111111111151532,0.22088888888890743,0.2331111111111943,0.004766444232704819,0.047664442326181174,0.947569113441114
3,24,30,0.028999999999541615,0.0,0.0,0.028999999999541615,1.0,0.0,0.0,0.016555555555492495,0.0023333333334044763,0.022222222222226907,0.04111111111112388,0.40270270270104375,0.05675675675846963,0.5405405405404866
3,24,31,0.02999999999974534,0.0,0.021000000000640284,0.051000000000385626,0.588235294108206,0.41176470589179404,0.0,0.008888888888880805,0.011111111111151532,0.02422222222223014,0.04422222222226248,0.20100502512526236,0.2512562814077205,0.5477386934670171
3,24,32,0.0,0.0,0.009999999999308784,0.009999999999308784,0.0,1.0,0.0,0.0033333333333050376,0.013333333333321207,0.018666666666654372,0.03533333333328062,0.09433962264084936,0.37735849056625753,0.528301886792893
3,24,33,0.0,0.008000000000038199,0.0,0.008000000000038199,0.0,0.0,1.0,0.0,0.012222222222185844,0.04311111111107659,0.05533333333326244,0.0,0.22088353413617176,0.7791164658638282
3,24,34,0.0,0.24199999999973443,0.0,0.24199999999973443,0.0,0.0,1.0,0.0,0.0034444444444387853,0.11199999999995336,0.11544444444439214,0.0,0.02983638113567191,0.9701636188643281
3,24,35,0.0,0.5459999999998217,0.0,0.5459999999998217,0.0,0.0,1.0,0.0,0.0012222222222691118,0.13011111111106566,0.13133333333333477,0.0,0.009306260575653034,0.9906937394243469
3,24,36,0.0,0.08100000000013097,0.0,0.08100000000013097,0.0,0.0,1.0,0.0,0.0,0.10555555555553497,0.10555555555553497,0.0,0.0,1.0
3,25,5,0.07799999999997453,0.0,0.0,0.07799999999997453,1.0,0.0,0.0,0.10533333333328047,0.03433333333336148,0.030111111111119093,0.16977777777776104,0.6204188481672891,0.20222513089023805,0.17735602094247288
3,25,11,0.18000000000006366,0.032999999999901775,1.2619999999999436,1.474999999999909,0.12203389830513543,0.8555932203389975,0.02237288135586699,0.054333333333336974,1.1755555555554211,0.143111111111226,1.372999999999984,0.039572711823261185,0.8561948693047595,0.10423241887197937
3,25,12,0.0,0.4770000000003165,1.245000000000573,1.7220000000008895,0.0,0.7229965156794018,0.2770034843205982,0.021111111111117173,1.4003333333332522,1.4075555555555752,2.8289999999999447,0.007462393464516644,0.4949923412277411,0.49754526530774223
3,25,13,0.0,0.4289999999995757,0.029999999999972715,0.45899999999954844,0.0,0.06535947712418787,0.9346405228758121,0.0,0.821444444444334,4.07644444444462,4.8978888888889545,0.0,0.16771398108025923,0.8322860189197407
3,25,14,0.0,3.546000000000504,0.04099999999993997,3.587000000000444,0.0,0.011430164482836604,0.9885698355171634,0.0,0.49422222222220724,4.3794444444445295,4.873666666666737,0.0,0.10140665253174204,0.8985933474682579
3,25,15,0.0,0.36899999999968713,0.07000000000005002,0.43899999999973716,0.0,0.15945330296148505,0.8405466970385149,0.0,0.1593333333331783,4.592111111111314,4.751444444444492,0.0,0.03353366227810468,0.9664663377218954
3,25,16,0.0,4.454000000000292,0.1309999999999718,4.585000000000264,0.0,0.028571428571420778,0.9714285714285792,0.0,0.06266666666659956,2.619000000000003,2.6816666666666023,0.0,0.02336855189556286,0.9766314481044372
3,25,17,0.0,1.0809999999999604,0.0,1.0809999999999604,0.0,0.0,1.0,0.0,0.03977777777775928,4.217666666666692,4.2574444444444515,0.0,0.009343111412684525,0.9906568885873154
3,25,18,0.0,4.434000000000594,0.0,4.434000000000594,0.0,0.0,1.0,0.0,0.0070000000000113175,3.649777777777792,3.6567777777778034,0.0,0.0019142535930266906,0.9980857464069733
3,25,19,0.0,1.6869999999998981,0.0,1.6869999999998981,0.0,0.0,1.0,0.0,0.005777777777742206,3.629555555555612,3.6353333333333544,0.0,0.0015893392016528992,0.9984106607983471
3,25,20,0.0,1.111000000000331,0.0,1.111000000000331,0.0,0.0,1.0,0.0,0.0016666666666525188,2.854333333333298,2.8559999999999506,0.0,0.0005835667600324046,0.9994164332399675
3,25,21,0.0,2.2949999999998454,0.0,2.2949999999998454,0.0,0.0,1.0,0.0,0.0,2.1791111111109243,2.1791111111109243,0.0,0.0,1.0
3,25,22,0.0,0.4099999999998545,0.0,0.4099999999998545,0.0,0.0,1.0,0.0,0.0,2.0552222222220973,2.0552222222220973,0.0,0.0,1.0
3,25,23,0.0,0.944999999999709,0.0,0.944999999999709,0.0,0.0,1.0,0.0,0.0,0.96533333333325,0.96533333333325,0.0,0.0,1.0
3,25,24,0.0,0.32900000000017826,0.0,0.32900000000017826,0.0,0.0,1.0,0.0,0.0,1.292888888888904,1.292888888888904,0.0,0.0,1.0
3,25,25,0.0,1.056999999999789,0.0,1.056999999999789,0.0,0.0,1.0,0.0,0.0,0.9183333333333444,0.9183333333333444,0.0,0.0,1.0
3,25,26,0.0,0.4159999999997126,0.0,0.4159999999997126,0.0,0.0,1.0,0.0,0.0044444444444404025,0.9332222222222096,0.93766666666665,0.0,0.004739898092186791,0.9952601019078132
3,25,27,0.0,0.41200000000003456,0.0,0.41200000000003456,0.0,0.0,1.0,0.0,0.0044444444444404025,0.3977777777778202,0.4022222222222606,0.0,0.011049723756894973,0.9889502762431049
3,25,35,0.0,0.1430000000000291,0.0,0.1430000000000291,0.0,0.0,1.0,0.0,0.0,0.15911111111106238,0.15911111111106238,0.0,0.0,1.0
3,25,36,0.0,0.14999999999986358,0.0,0.14999999999986358,0.0,0.0,1.0,0.0,0.0,0.15677777777775898,0.15677777777775898,0.0,0.0,1.0
3,25,37,0.0,0.029999999999972715,0.0,0.029999999999972715,0.0,0.0,1.0,0.0,0.0,0.0525555555555507,0.0525555555555507,0.0,0.0,1.0
3,26,0,0.3980000000001951,0.0,0.10799999999994725,0.5060000000001423,0.7865612648222987,0.21343873517770132,0.0,0.13350000000002638,0.1068333333332608,0.014999999999995831,0.255333333333283,0.5228459530028173,0.4184073107047592,0.05874673629242345
3,26,3,0.012000000000000455,0.15200000000004366,0.011000000000024102,0.1750000000000682,0.06857142857140444,0.06285714285725608,0.8685714285713395,0.001333333333333384,0.006444444444443635,0.016888888888893738,0.024666666666670757,0.054054054054047146,0.26126126126118515,0.6846846846847677
3,26,4,0.0,0.0,0.016999999999939064,0.016999999999939064,0.0,1.0,0.0,0.051222222222179425,0.023555555555592234,0.029000000000046888,0.10377777777781855,0.4935760171300147,0.22698072805165612,0.27944325481832916
3,26,5,0.37099999999963984,0.10900000000037835,0.16300000000029513,0.6430000000003133,0.576982892689672,0.25349922239535877,0.16951788491496927,0.049888888888846045,0.026444444444469657,0.016666666666676773,0.09299999999999248,0.5364396654715062,0.2843488649943204,0.17921146953417336
3,26,6,0.0,0.0409999999997126,0.0,0.0409999999997126,0.0,0.0,1.0,0.049888888888846045,0.03000000000002956,0.018777777777813753,0.09866666666668936,0.5056306306300801,0.3040540540542837,0.19031531531563617
3,26,7,0.0,0.01900000000023283,0.0,0.01900000000023283,0.0,0.0,1.0,0.0,0.020666666666664293,0.010111111111099389,0.030777777777763683,0.0,0.6714801444045625,0.32851985559543745
3,26,8,0.0,0.03099999999994907,0.0,0.03099999999994907,0.0,0.0,1.0,0.0,0.025666666666672375,0.01122222222220949,0.036888888888881866,0.0,0.6957831325304077,0.3042168674695923
3,26,9,0.0,0.02999999999974534,0.0,0.02999999999974534,0.0,0.0,1.0,0.0332222222222198,0.05822222222223495,0.03322222222220085,0.1246666666666556,0.2664884135472413,0.4670231729056694,0.2664884135470893
3,26,10,0.29899999999997817,0.1570000000001528,0.19200000000000728,0.6480000000001382,0.46141975308628763,0.2962962962962443,0.24228395061746805,0.05322222222222687,0.3296666666666397,0.04433333333333344,0.4272222222222,0.12457737321198094,0.7716514954486116,0.10377113133940746
3,26,11,0.0,0.03000000000020009,0.7299999999997908,0.7599999999999909,0.0,0.9605263157892099,0.03947368421079006,0.05988888888893801,0.9018888888888972,0.16611111111112425,1.1278888888889593,0.053098216924481176,0.7996256526450171,0.14727613043050192
3,26,12,0.0,0.1910000000002583,1.1509999999989304,1.3419999999991887,0.0,0.8576751117731939,0.14232488822680608,0.026666666666718204,1.3351111111111764,1.7135555555554889,3.0753333333333837,0.008671146759175515,0.4341354144085697,0.5571934388322548
3,26,13,0.0,10.754999999999654,3.264000000000692,14.019000000000347,0.0,0.23282687780873182,0.7671731221912682,0.0066666666667111315,1.2757777777778692,4.567666666666633,5.850111111111214,0.0011395794951738643,0.21807752939166627,0.7807828911131598
3,26,14,0.0,16.47300000000081,0.8169999999995525,17.29000000000036,0.0,0.047252747252720384,0.9527472527472796,0.0,0.7139999999999859,5.408555555555495,6.122555555555481,0.0,0.11661796998348459,0.8833820300165154
3,26,15,0.0,2.9850000000001273,0.10599999999931242,3.0909999999994398,0.0,0.03429310902598888,0.9657068909740111,0.0,0.25944444444436005,5.327333333333336,5.586777777777696,0.0,0.04643901274833982,0.9535609872516603
3,26,16,0.0,6.163999999999874,0.028999999999996362,6.19299999999987,0.0,0.004682706281284833,0.9953172937187151,0.0,0.038555555555528066,3.704000000000027,3.7425555555555547,0.0,0.010301932725699988,0.9896980672743001
3,26,17,0.0,3.2090000000006285,0.011000000000422006,3.2200000000010505,0.0,0.0034161490684529246,0.9965838509315471,0.0,0.023111111111133037,4.439444444444607,4.46255555555574,0.0,0.005178895998809569,0.9948211040011905
3,26,18,0.0,6.959999999999923,0.03699999999980719,6.99699999999973,0.0,0.005287980563071119,0.9947120194369289,0.0,0.0070000000000113175,3.601333333333457,3.6083333333334684,0.0,0.0019399538106266204,0.9980600461893734
3,26,19,0.0,2.7040000000001783,0.01499999999987267,2.719000000000051,0.0,0.005516734093369765,0.9944832659066303,0.0,0.005777777777742206,3.2040000000001023,3.2097777777778447,0.0,0.0018000553863084592,0.9981999446136915
3,26,20,0.0,2.840999999999724,0.0,2.840999999999724,0.0,0.0,1.0,0.0,0.0016666666666525188,2.4113333333333897,2.4130000000000424,0.0,0.0006907031357863612,0.9993092968642135
3,26,21,0.0,3.5400000000000773,0.0,3.5400000000000773,0.0,0.0,1.0,0.0,0.0,1.9956666666666492,1.9956666666666492,0.0,0.0,1.0
3,26,22,0.0,0.9399999999995998,0.0,0.9399999999995998,0.0,0.0,1.0,0.0,0.0,1.7477777777778176,1.7477777777778176,0.0,0.0,1.0
3,26,23,0.0,1.9380000000010114,0.0,1.9380000000010114,0.0,0.0,1.0,0.0,0.0,1.0544444444445211,1.0544444444445211,0.0,0.0,1.0
3,26,24,0.0,0.588999999999487,0.0,0.588999999999487,0.0,0.0,1.0,0.0,0.0,1.3742222222223923,1.3742222222223923,0.0,0.0,1.0
3,26,25,0.0,2.0830000000000837,0.0,2.0830000000000837,0.0,0.0,1.0,0.0,0.0,1.0825555555555233,1.0825555555555233,0.0,0.0,1.0
3,26,26,0.0,0.9709999999997763,0.0,0.9709999999997763,0.0,0.0,1.0,0.0,0.0,1.0575555555554577,1.0575555555554577,0.0,0.0,1.0
3,26,27,0.0,0.4889999999996917,0.0,0.4889999999996917,0.0,0.0,1.0,0.0,0.0,0.7024444444443816,0.7024444444443816,0.0,0.0,1.0
3,26,28,0.0,0.4110000000002856,0.0,0.4110000000002856,0.0,0.0,1.0,0.0,0.0,0.39611111111111724,0.39611111111111724,0.0,0.0,1.0
3,26,35,0.0,0.2699999999999818,0.0,0.2699999999999818,0.0,0.0,1.0,0.0,0.0,0.10377777777777432,0.10377777777777432,0.0,0.0,1.0
3,26,37,0.0,0.19100000000003092,0.0,0.19100000000003092,0.0,0.0,1.0,0.0,0.0,0.04777777777775959,0.04777777777775959,0.0,0.0,1.0
3,26,38,0.0,0.020999999999958163,0.0,0.020999999999958163,0.0,0.0,1.0,0.0,0.0,0.030111111111106464,0.030111111111106464,0.0,0.0,1.0
3,27,0,0.375,0.08999999999997499,0.5219999999996503,0.9869999999996253,0.379939209726588,0.5288753799390562,0.09118541033435579,0.1490000000000009,0.1114999999999687,0.014999999999995831,0.27549999999996544,0.5408348457350983,0.40471869328487364,0.054446460980028
3,27,1,0.027999999999963165,0.0,0.010999999999967258,0.038999999999930424,0.7179487179490543,0.2820512820509457,0.0,0.09933333333333394,0.07655555555553266,0.009999999999997221,0.18588888888886385,0.5343693962941577,0.4118350268977207,0.05379557680812141
3,27,2,0.0,0.0,0.01999999999998181,0.01999999999998181,0.0,1.0,0.0,0.0044444444444404025,0.004666666666663685,0.016888888888893738,0.025999999999997823,0.17094017094002978,0.17948717948707985,0.6495726495728904
3,27,4,0.0,0.0,0.010000000000047748,0.010000000000047748,0.0,1.0,0.0,0.042555555555515594,0.023555555555592234,0.029000000000046888,0.09511111111115472,0.4474299065414308,0.24766355140214125,0.3049065420564279
3,27,5,0.0,0.0,0.011000000000024102,0.011000000000024102,0.0,1.0,0.0,0.041222222222182206,0.026444444444469657,0.02588888888889566,0.09355555555554752,0.44061757719675976,0.28266033254186146,0.2767220902613788
3,27,6,0.0,0.0,0.036999999999920874,0.036999999999920874,0.0,1.0,0.0,0.041222222222182206,0.03000000000002956,0.03244444444448567,0.10366666666669744,0.397642015004855,0.289389067524315,0.31296891747083
3,27,7,0.0,0.0,0.05900000000002592,0.05900000000002592,0.0,1.0,0.0,0.0,0.020666666666664293,0.030444444444431912,0.0511111111110962,0.0,0.404347826087028,0.595652173912972
3,27,8,0.0,0.0,0.09000000000003183,0.09000000000003183,0.0,1.0,0.0,0.0,0.025666666666672375,0.025777777777768227,0.0514444444444406,0.0,0.49892008639323676,0.5010799136067632
3,27,9,0.0,0.020999999999958163,0.08199999999999363,0.1029999999999518,0.0,0.7961165048546797,0.2038834951453203,0.0332222222222198,0.05822222222223495,0.050888888888860284,0.14233333333331505,0.23341139734583655,0.40905542544901,0.3575331772051533
3,27,10,0.0,0.060000000000002274,0.16000000000008185,0.22000000000008413,0.0,0.7272727272728212,0.2727272727271788,0.0332222222222198,0.18944444444442374,0.07388888888890378,0.2965555555555473,0.11202697639564875,0.6388160359684755,0.24915698763587582
3,27,11,0.0,0.06800000000004047,0.54099999999994,0.6089999999999804,0.0,0.8883415435138873,0.11165845648611274,0.03988888888893093,0.6434444444443999,0.17811111111109942,0.8614444444444302,0.04630465626214166,0.7469366696762149,0.2067586740616434
3,27,12,0.06000000000040018,0.47899999999924603,2.8360000000008085,3.3750000000004547,0.017777777777893952,0.8402962962964227,0.1419259259256834,0.0066666666667111315,1.0810000000000108,1.6971111111110668,2.784777777777789,0.002393967202665281,0.3881817819095902,0.6094242508877445
3,27,13,0.0,2.960000000000207,0.9569999999999368,3.9170000000001437,0.0,0.24431963237168794,0.755680367628312,0.0066666666667111315,1.1607777777778097,4.176888888888862,5.344333333333383,0.001247427181446592,0.2171978627414331,0.7815547100771203
3,27,14,0.0,5.7989999999991255,1.1410000000004175,6.939999999999543,0.0,0.16440922190208826,0.8355907780979117,0.0,0.7094444444444244,5.041999999999998,5.751444444444423,0.0,0.12335065587388375,0.8766493441261162
3,27,15,0.0,5.360999999999763,0.0,5.360999999999763,0.0,0.0,1.0,0.0,0.2359999999999142,4.757111111111075,4.99311111111099,0.0,0.047265120833131856,0.952734879166868
3,27,16,0.0,2.7949999999998454,0.0,2.7949999999998454,0.0,0.0,1.0,0.0,0.01622222222219231,3.754555555555505,3.770777777777697,0.0,0.004302089165210064,0.99569791083479
3,27,17,0.0,6.918000000000063,0.0,6.918000000000063,0.0,0.0,1.0,0.0,0.008555555555580617,4.129555555555574,4.138111111111154,0.0,0.0020675026179476615,0.9979324973820524
3,27,18,0.0,3.940000000000282,0.0,3.940000000000282,0.0,0.0,1.0,0.0,0.0070000000000113175,3.3838888888889884,3.3908888888889996,0.0,0.0020643554623533586,0.9979356445376467
3,27,19,0.0,1.478999999999587,0.0,1.478999999999587,0.0,0.0,1.0,0.0,0.005777777777742206,2.8071111111110874,2.8128888888888297,0.0,0.0020540369726529052,0.9979459630273471
3,27,20,0.0,3.6800000000004047,0.0,3.6800000000004047,0.0,0.0,1.0,0.0,0.0016666666666525188,2.2516666666666585,2.253333333333311,0.0,0.0007396449704079298,0.999260355029592
3,27,21,0.0,2.365000000000464,0.0,2.365000000000464,0.0,0.0,1.0,0.0,0.0,1.959333333333215,1.959333333333215,0.0,0.0,1.0
3,27,22,0.0,0.7789999999995416,0.0,0.7789999999995416,0.0,0.0,1.0,0.0,0.0,1.6267777777778871,1.6267777777778871,0.0,0.0,1.0
3,27,23,0.0,2.5180000000002565,0.0,2.5180000000002565,0.0,0.0,1.0,0.0,0.0,1.125666666666752,1.125666666666752,0.0,0.0,1.0
3,27,24,0.0,1.0420000000010532,0.0,1.0420000000010532,0.0,0.0,1.0,0.0,0.0,1.4504444444446312,1.4504444444446312,0.0,0.0,1.0
3,27,25,0.0,1.8669999999999618,0.0,1.8669999999999618,0.0,0.0,1.0,0.0,0.0,1.178444444444444,1.178444444444444,0.0,0.0,1.0
3,27,26,0.0,1.388999999999669,0.0,1.388999999999669,0.0,0.0,1.0,0.0,0.0,1.085111111111107,1.085111111111107,0.0,0.0,1.0
3,27,27,0.0,0.8340000000004011,0.0,0.8340000000004011,0.0,0.0,1.0,0.0,0.0,0.8103333333333339,0.8103333333333339,0.0,0.0,1.0
3,27,28,0.0,1.3999999999998636,0.0,1.3999999999998636,0.0,0.0,1.0,0.0,0.0,0.4834444444444696,0.4834444444444696,0.0,0.0,1.0
3,27,29,0.0,0.018999999999778083,0.0,0.018999999999778083,0.0,0.0,1.0,0.0,0.0,0.28200000000002645,0.28200000000002645,0.0,0.0,1.0
3,27,30,0.0,0.009000000000014552,0.0,0.009000000000014552,0.0,0.0,1.0,0.0,0.0,0.008888888888880805,0.008888888888880805,0.0,0.0,1.0
3,27,31,0.0,0.021999999999934516,0.0,0.021999999999934516,0.0,0.0,1.0,0.0,0.0,0.008888888888880805,0.008888888888880805,0.0,0.0,1.0
3,27,32,0.0,0.009000000000014552,0.0,0.009000000000014552,0.0,0.0,1.0,0.0,0.0,0.009222222222180991,0.009222222222180991,0.0,0.0,1.0
3,27,33,0.0,0.010999999999967258,0.0,0.010999999999967258,0.0,0.0,1.0,0.0,0.0,0.006444444444418372,0.006444444444418372,0.0,0.0,1.0
3,27,34,0.0,0.008000000000038199,0.0,0.008000000000038199,0.0,0.0,1.0,0.0,0.0,0.07477777777780324,0.07477777777780324,0.0,0.0,1.0
3,27,35,0.0,0.3430000000000746,0.0,0.3430000000000746,0.0,0.0,1.0,0.0,0.0,0.09666666666670508,0.09666666666670508,0.0,0.0,1.0
3,27,36,0.0,0.01999999999998181,0.0,0.01999999999998181,0.0,0.0,1.0,0.0,0.0,0.12244444444450488,0.12244444444450488,0.0,0.0,1.0
3,27,37,0.0,0.008000000000038199,0.0,0.008000000000038199,0.0,0.0,1.0,0.0,0.0,0.05655555555555717,0.05655555555555717,0.0,0.0,1.0
3,27,38,0.0,0.009999999999990905,0.0,0.009999999999990905,0.0,0.0,1.0,0.0,0.0,0.03700000000003456,0.03700000000003456,0.0,0.0,1.0
3,27,39,0.0,0.010999999999967258,0.0,0.010999999999967258,0.0,0.0,1.0,0.0,0.0,0.012444444444428075,0.012444444444428075,0.0,0.0,1.0
3,28,0,0.0929999999998472,0.0,0.028000000000247383,0.12100000000009459,0.7685950413204504,0.23140495867954955,0.0,0.11249999999998295,0.09349999999997749,0.014999999999995831,0.22099999999995626,0.5090497737556797,0.423076923076905,0.06787330316741538
3,28,6,0.0,0.08299999999996999,0.0,0.08299999999996999,0.0,0.0,1.0,0.0,0.011888888888885655,0.013666666666671922,0.025555555555557576,0.0,0.4652173913041845,0.5347826086958155
3,28,7,0.0,0.04000000000007731,0.0,0.04000000000007731,0.0,0.0,1.0,0.0,0.020666666666664293,0.020333333333332527,0.04099999999999682,0.0,0.5040650406503877,0.49593495934961235
3,28,8,0.0,0.05999999999994543,0.0,0.05999999999994543,0.0,0.0,1.0,0.0,0.025666666666672378,0.016888888888887427,0.0425555555555598,0.0,0.6031331592690036,0.39686684073099654
3,28,9,0.0,0.03100000000000591,0.0,0.03100000000000591,0.0,0.0,1.0,0.0,0.036888888888900816,0.026666666666655046,0.06355555555555586,0.0,0.5804195804197653,0.4195804195802347
3,28,10,0.0,0.06799999999998363,0.0,0.06799999999998363,0.0,0.0,1.0,0.0,0.08700000000000173,0.04977777777778177,0.1367777777777835,0.0,0.63606823720551,0.36393176279449
3,28,11,0.0,0.20000000000004547,0.0,0.20000000000004547,0.0,0.0,1.0,0.0066666666667111315,0.4186666666667836,0.1705555555554699,0.5958888888889646,0.011187768040349162,0.7025918329294375,0.2862203990302133
3,28,12,0.0,0.3499999999999659,0.18100000000004002,0.5310000000000059,0.0,0.34086629001890395,0.659133709981096,0.0066666666667111315,0.5148888888889853,0.5152222222221338,1.0367777777778302,0.00643017897335732,0.49662415603907767,0.49694566498756504
3,28,13,0.0,0.24099999999998545,0.06899999999995998,0.30999999999994543,0.0,0.2225806451612004,0.7774193548387995,0.0066666666667111315,0.5850000000001437,1.1737777777776348,1.7654444444444897,0.0037761973692742555,0.33136131915168726,0.6648624834790385
3,28,14,0.0,0.3440000000005057,0.03099999999994907,0.37500000000045475,0.0,0.0826666666664306,0.9173333333335694,0.0,0.2442222222222515,1.696777777777691,1.9409999999999423,0.0,0.1258228862556717,0.8741771137443284
3,28,15,0.0,0.459999999999809,0.0,0.459999999999809,0.0,0.0,1.0,0.0,0.13022222222226296,1.9835555555554452,2.1137777777777083,0.0,0.06160639192600952,0.9383936080739904
3,28,16,0.0,2.432999999999822,0.0,2.432999999999822,0.0,0.0,1.0,0.0,0.0,2.722444444444338,2.722444444444338,0.0,0.0,1.0
3,28,17,0.0,3.4659999999996103,0.0,3.4659999999996103,0.0,0.0,1.0,0.0,0.0,2.728222222222174,2.728222222222174,0.0,0.0,1.0
3,28,18,0.0,1.2810000000001196,0.0,1.2810000000001196,0.0,0.0,1.0,0.0,0.0,2.4202222222222516,2.4202222222222516,0.0,0.0,1.0
3,28,19,0.0,0.49800000000050204,0.0,0.49800000000050204,0.0,0.0,1.0,0.0,0.0,2.036000000000064,2.036000000000064,0.0,0.0,1.0
3,28,20,0.0,1.8809999999990623,0.0,1.8809999999990623,0.0,0.0,1.0,0.0,0.0,2.0243333333334776,2.0243333333334776,0.0,0.0,1.0
3,28,21,0.0,1.27699999999993,0.0,1.27699999999993,0.0,0.0,1.0,0.0,0.0,1.8820000000000743,1.8820000000000743,0.0,0.0,1.0
3,28,22,0.0,0.33100000000013097,0.0,0.33100000000013097,0.0,0.0,1.0,0.0,0.0,1.441222222222336,1.441222222222336,0.0,0.0,1.0
3,28,23,0.0,0.9529999999999745,0.0,0.9529999999999745,0.0,0.0,1.0,0.0,0.0,1.2000000000000197,1.2000000000000197,0.0,0.0,1.0
3,28,24,0.0,1.0409999999997126,0.0,1.0409999999997126,0.0,0.0,1.0,0.0,0.0,1.433555555555636,1.433555555555636,0.0,0.0,1.0
3,28,25,0.0,1.0230000000001382,0.0,1.0230000000001382,0.0,0.0,1.0,0.0,0.0,1.2122222222222312,1.2122222222222312,0.0,0.0,1.0
3,28,26,0.0,0.6010000000001128,0.0,0.6010000000001128,0.0,0.0,1.0,0.0,0.0,1.050999999999994,1.050999999999994,0.0,0.0,1.0
3,28,27,0.0,0.5090000000001282,0.0,0.5090000000001282,0.0,0.0,1.0,0.0,0.0,0.9963333333332809,0.9963333333332809,0.0,0.0,1.0
3,28,28,0.0,0.6890000000000782,0.0,0.6890000000000782,0.0,0.0,1.0,0.0,0.0,0.6230000000000091,0.6230000000000091,0.0,0.0,1.0
3,28,30,0.0,0.010000000000218279,0.0,0.010000000000218279,0.0,0.0,1.0,0.0,0.0,0.04444444444455531,0.04444444444455531,0.0,0.0,1.0
3,28,31,0.0,0.01999999999998181,0.0,0.01999999999998181,0.0,0.0,1.0,0.0,0.0,0.03900000000006276,0.03900000000006276,0.0,0.0,1.0
3,28,32,0.0,0.009999999999763531,0.0,0.009999999999763531,0.0,0.0,1.0,0.0,0.0,0.039333333333362946,0.039333333333362946,0.0,0.0,1.0
3,28,33,0.0,0.010999999999967258,0.0,0.010999999999967258,0.0,0.0,1.0,0.0,0.0,0.006444444444418076,0.006444444444418076,0.0,0.0,1.0
3,28,34,0.0,0.009000000000014552,0.0,0.009000000000014552,0.0,0.0,1.0,0.0,0.0,0.04477777777780497,0.04477777777780497,0.0,0.0,1.0
3,28,35,0.0,0.021000000000185537,0.0,0.021000000000185537,0.0,0.0,1.0,0.0,0.0,0.06666666666670679,0.06666666666670679,0.0,0.0,1.0
3,28,36,0.0,0.19900000000006912,0.0,0.19900000000006912,0.0,0.0,1.0,0.0,0.0,0.07444444444450275,0.07444444444450275,0.0,0.0,1.0
3,28,37,0.0,0.0500000000001819,0.0,0.0500000000001819,0.0,0.0,1.0,0.0,0.0,0.05744444444442474,0.05744444444442474,0.0,0.0,1.0
3,28,38,0.0,0.009999999999763531,0.0,0.009999999999763531,0.0,0.0,1.0,0.0,0.0,0.03977777777782215,0.03977777777782215,0.0,0.0,1.0
3,28,39,0.0,0.03200000000038017,0.0,0.03200000000038017,0.0,0.0,1.0,0.0,0.0,0.033222222222219495,0.033222222222219495,0.0,0.0,1.0
3,28,40,0.0,0.027999999999792635,0.0,0.027999999999792635,0.0,0.0,1.0,0.0,0.0,0.016333333333376287,0.016333333333376287,0.0,0.0,1.0
3,28,41,0.0,0.05899999999996908,0.0,0.05899999999996908,0.0,0.0,1.0,0.0,0.0,0.012111111111102324,0.012111111111102324,0.0,0.0,1.0
3,28,42,0.0,0.02200000000016189,0.0,0.02200000000016189,0.0,0.0,1.0,0.0,0.0,0.013444444444454659,0.013444444444454659,0.0,0.0,1.0
3,28,43,0.0,0.03999999999996362,0.0,0.03999999999996362,0.0,0.0,1.0,0.0,0.0,0.011333333333317678,0.011333333333317678,0.0,0.0,1.0
3,28,44,0.0,0.03999999999973625,0.0,0.03999999999973625,0.0,0.0,1.0,0.0,0.0,0.016666666666651214,0.016666666666651214,0.0,0.0,1.0
3,28,45,0.0,0.03000000000020009,0.0,0.03000000000020009,0.0,0.0,1.0,0.0,0.0,0.02333333333328655,0.02333333333328655,0.0,0.0,1.0
3,28,46,0.0,0.009000000000014552,0.0,0.009000000000014552,0.0,0.0,1.0,0.0,0.0,0.038888888888903746,0.038888888888903746,0.0,0.0,1.0
3,29,0,0.1790000000000873,0.0,0.0,0.1790000000000873,1.0,0.0,0.0,0.07666666666667273,0.004666666666707897,0.0,0.08133333333338062,0.9426229508191986,0.05737704918080144,0.0
3,29,12,0.0,0.30999999999994543,0.0500000000001819,0.36000000000012733,0.0,0.13888888888934503,0.861111111110655,0.0,0.044555555555588294,0.15111111111108103,0.19566666666666932,0.0,0.22771152754133403,0.7722884724586659
3,29,13,0.0,0.02899999999976899,0.0,0.02899999999976899,0.0,0.0,1.0,0.0,0.04800000000002708,0.17288888888890597,0.22088888888893304,0.0,0.2173038229377049,0.7826961770622951
3,29,14,0.0,0.051999999999964075,0.0,0.051999999999964075,0.0,0.0,1.0,0.0,0.011111111111101005,0.12788888888890268,0.13900000000000368,0.0,0.07993605115899792,0.9200639488410022
3,29,15,0.0,0.02500000000009095,0.0,0.02500000000009095,0.0,0.0,1.0,0.0,0.0034444444444387853,0.43300000000003064,0.43644444444446945,0.0,0.007892057026463159,0.9921079429735368
3,29,16,0.0,0.5830000000000837,0.0,0.5830000000000837,0.0,0.0,1.0,0.0,0.0,1.0475555555554859,1.0475555555554859,0.0,0.0,1.0
3,29,17,0.0,2.460999999999956,0.0,2.460999999999956,0.0,0.0,1.0,0.0,0.0,1.2112222222221538,1.2112222222221538,0.0,0.0,1.0
3,29,18,0.0,0.6769999999997935,0.0,0.6769999999997935,0.0,0.0,1.0,0.0,0.0,1.1026666666667084,1.1026666666667084,0.0,0.0,1.0
3,29,19,0.0,1.0620000000003529,0.0,1.0620000000003529,0.0,0.0,1.0,0.0,0.0,1.3526666666666831,1.3526666666666831,0.0,0.0,1.0
3,29,20,0.0,3.8260000000004766,0.0,3.8260000000004766,0.0,0.0,1.0,0.0,0.0,1.6524444444445152,1.6524444444445152,0.0,0.0,1.0
3,29,21,0.0,2.151000000000522,0.0,2.151000000000522,0.0,0.0,1.0,0.0,0.0,1.560222222222175,1.560222222222175,0.0,0.0,1.0
3,29,22,0.0,0.6480000000001382,0.0,0.6480000000001382,0.0,0.0,1.0,0.0,0.0,1.070222222222229,1.070222222222229,0.0,0.0,1.0
3,29,23,0.0,1.9490000000000691,0.0,1.9490000000000691,0.0,0.0,1.0,0.0,0.0,0.9417777777775882,0.9417777777775882,0.0,0.0,1.0
3,29,24,0.0,1.5389999999993051,0.0,1.5389999999993051,0.0,0.0,1.0,0.0,0.0,1.121222222222059,1.121222222222059,0.0,0.0,1.0
3,29,25,0.0,0.9700000000002547,0.0,0.9700000000002547,0.0,0.0,1.0,0.0,0.0,1.0071111111110185,1.0071111111110185,0.0,0.0,1.0
3,29,26,0.0,1.4379999999998745,0.0,1.4379999999998745,0.0,0.0,1.0,0.0,0.0,0.7977777777777847,0.7977777777777847,0.0,0.0,1.0
3,29,27,0.0,0.8279999999994061,0.0,0.8279999999994061,0.0,0.0,1.0,0.0,0.0,0.8142222222222445,0.8142222222222445,0.0,0.0,1.0
3,29,28,0.0,1.2789999999999964,0.0,1.2789999999999964,0.0,0.0,1.0,0.0,0.0,0.5518888888888996,0.5518888888888996,0.0,0.0,1.0
3,29,29,0.0,0.04900000000043292,0.0,0.04900000000043292,0.0,0.0,1.0,0.0,0.0,0.3734444444445317,0.3734444444445317,0.0,0.0,1.0
3,29,31,0.0,0.2710000000006403,0.0,0.2710000000006403,0.0,0.0,1.0,0.0,0.0,0.05999999999999581,0.05999999999999581,0.0,0.0,1.0
3,29,37,0.0,0.028999999999996362,0.0,0.028999999999996362,0.0,0.0,1.0,0.0,0.0,0.053222222222201465,0.053222222222201465,0.0,0.0,1.0
3,29,38,0.0,0.19099999999980355,0.0,0.19099999999980355,0.0,0.0,1.0,0.0,0.0,0.05555555555558067,0.05555555555558067,0.0,0.0,1.0
3,29,39,0.0,0.017000000000280124,0.0,0.017000000000280124,0.0,0.0,1.0,0.0,0.0,0.04988888888887116,0.04988888888887116,0.0,0.0,1.0
3,29,45,0.0,0.03999999999996362,0.0,0.03999999999996362,0.0,0.0,1.0,0.0,0.0,0.023333333333286698,0.023333333333286698,0.0,0.0,1.0
3,29,46,0.0,0.09099999999966712,0.0,0.09099999999966712,0.0,0.0,1.0,0.0,0.0,0.0388888888889039,0.0388888888889039,0.0,0.0,1.0
3,29,47,0.0,0.18000000000029104,0.0,0.18000000000029104,0.0,0.0,1.0,0.0,0.0,0.04577777777778146,0.04577777777778146,0.0,0.0,1.0
3,29,48,0.0,0.11100000000010368,0.0,0.11100000000010368,0.0,0.0,1.0,0.0,0.0,0.06877777777779338,0.06877777777779338,0.0,0.0,1.0
3,29,49,0.0,0.15699999999969805,0.0,0.15699999999969805,0.0,0.0,1.0,0.0,0.0,0.056555555555557024,0.056555555555557024,0.0,0.0,1.0
3,29,50,0.0,0.01999999999998181,0.0,0.01999999999998181,0.0,0.0,1.0,0.0,0.0,0.053555555555552165,0.053555555555552165,0.0,0.0,1.0
3,30,0,0.18800000000010186,0.0,0.0,0.18800000000010186,1.0,0.0,0.0,0.15266666666669454,0.0,0.0,0.15266666666669454,1.0,0.0,0.0
3,30,12,0.0,0.2300000000000182,0.10100000000011278,0.33100000000013097,0.0,0.3051359516618514,0.6948640483381486,0.0,0.01677777777781052,0.06322222222219251,0.08000000000000303,0.0,0.20972222222262357,0.7902777777773765
3,30,19,0.0,0.47900000000004184,0.0,0.47900000000004184,0.0,0.0,1.0,0.001000000000001617,0.0,1.0711111111111349,1.0721111111111365,0.0009327391439542274,0.0,0.9990672608560457
3,30,20,0.0,2.4699999999998,0.0,2.4699999999998,0.0,0.0,1.0,0.0,0.0,1.6546666666667733,1.6546666666667733,0.0,0.0,1.0
3,30,21,0.0,1.2279999999999518,0.0,1.2279999999999518,0.0,0.0,1.0,0.0011111111110848368,0.0,1.6530000000000704,1.6541111111111553,0.0006717270101271757,0.0,0.9993282729898728
3,30,22,0.0,0.22999999999956344,0.0,0.22999999999956344,0.0,0.0,1.0,0.0011111111110848368,0.0,1.3576666666666724,1.3587777777777572,0.0008177283506225924,0.0,0.9991822716493773
3,30,23,0.0,0.8649999999997817,0.0,0.8649999999997817,0.0,0.0,1.0,0.0011111111110848368,0.0,1.1619999999998072,1.163111111110892,0.0009552923194273418,0.0,0.9990447076805726
3,30,24,0.0,0.919999999999618,0.0,0.919999999999618,0.0,0.0,1.0,0.0,0.0,1.3599999999997736,1.3599999999997736,0.0,0.0,1.0
3,30,25,0.0,0.8309999999996762,0.0,0.8309999999996762,0.0,0.0,1.0,0.0011111111111353643,0.0,1.1961111111110463,1.1972222222221816,0.0009280742459599646,0.0,0.9990719257540401
3,30,26,0.0,0.7010000000004766,0.0,0.7010000000004766,0.0,0.0,1.0,0.0011111111111353643,0.0,0.9328888888888969,0.9340000000000322,0.001189626457318336,0.0,0.9988103735426817
3,30,27,0.0,0.27899999999999636,0.0,0.27899999999999636,0.0,0.0,1.0,0.0011111111111353643,0.0,0.9596666666666982,0.9607777777778336,0.001156470452205123,0.0,0.9988435295477949
3,30,28,0.0,1.0040000000001328,0.0,1.0040000000001328,0.0,0.0,1.0,0.0,0.0,0.7044444444444227,0.7044444444444227,0.0,0.0,1.0
3,30,29,0.0,0.32999999999992724,0.0,0.32999999999992724,0.0,0.0,1.0,0.0011111111110848368,0.0,0.5045555555555994,0.5056666666666843,0.002197319270437966,0.0,0.997802680729562
3,30,31,0.0,0.22899999999935972,0.0,0.22899999999935972,0.0,0.0,1.0,0.0034444444444387853,0.0,0.09211111111118143,0.09555555555562022,0.03604651162782336,0.0,0.9639534883721766
3,30,39,0.0,0.17099999999982174,0.0,0.17099999999982174,0.0,0.0,1.0,0.0,0.0,0.07011111111114586,0.07011111111114586,0.0,0.0,1.0
3,30,48,0.0,0.020999999999958163,0.0,0.020999999999958163,0.0,0.0,1.0,0.0,0.0,0.09322222222221575,0.09322222222221575,0.0,0.0,1.0
3,30,49,0.0,0.15000000000009095,0.0,0.15000000000009095,0.0,0.0,1.0,0.0,0.0,0.08099999999997938,0.08099999999997938,0.0,0.0,1.0
3,30,50,0.0,0.0500000000001819,0.0,0.0500000000001819,0.0,0.0,1.0,0.0,0.0,0.07799999999997452,0.07799999999997452,0.0,0.0,1.0
3,30,51,0.0,0.10500000000001819,0.0,0.10500000000001819,0.0,0.0,1.0,0.0,0.0,0.019444444444464647,0.019444444444464647,0.0,0.0,1.0
3,31,0,0.5389999999997599,0.0,0.0,0.5389999999997599,1.0,0.0,0.0,0.19499999999993634,0.03016666666663544,0.023000000000024556,0.24816666666659634,0.7857622565479849,0.12155809267955939,0.09267965077245564
3,31,1,0.010000000000218279,0.0,0.0,0.010000000000218279,1.0,0.0,0.0,0.12999999999995757,0.020111111111090294,0.015333333333349705,0.16544444444439757,0.7857622565479849,0.12155809267955939,0.09267965077245563
3,31,4,0.010000000000218279,0.0,0.0,0.010000000000218279,1.0,0.0,0.0,0.0021111111111369813,0.0011111111111101006,0.0,0.003222222222247082,0.6551724137960774,0.34482758620392256,0.0
3,31,5,0.009000000000014552,0.0,0.0,0.009000000000014552,1.0,0.0,0.0,0.004333333333357183,0.0011111111111101006,0.0,0.005444444444467284,0.7959183673479805,0.2040816326520195,0.0
3,31,6,0.01999999999998181,0.0,0.0,0.01999999999998181,1.0,0.0,0.0,0.0032222222222218176,0.0011111111111101006,0.0,0.0043333333333319185,0.743589743589893,0.25641025641010695,0.0
3,31,8,0.010999999999967258,0.0,0.0,0.010999999999967258,1.0,0.0,0.0,0.0012222222222185843,0.0011111111111101006,0.0,0.002333333333328685,0.5238095238090082,0.4761904761909918,0.0
3,31,10,0.009000000000014552,0.0,0.0,0.009000000000014552,1.0,0.0,0.0,0.001000000000001617,0.0013333333333523318,0.0,0.0023333333333539485,0.4285714285683351,0.571428571431665,0.0
3,31,14,0.010999999999967258,0.0,0.0,0.010999999999967258,1.0,0.0,0.0,0.012222222222236368,0.20444444444443535,0.013333333333321207,0.22999999999999293,0.053140096618420625,0.8888888888888766,0.05797101449270268
3,31,16,0.010000000000218279,0.0,0.0,0.010000000000218279,1.0,0.0,0.0,0.01211111111115315,0.20233333333332362,0.013333333333321207,0.22777777777779798,0.05317073170749692,0.8882926829267078,0.05853658536579523
3,31,18,0.009000000000014552,0.0,0.0,0.009000000000014552,1.0,0.0,0.0,0.001000000000001617,0.0,0.0623333333333499,0.06333333333335152,0.015789473684231524,0.0,0.9842105263157684
3,31,19,0.0,0.08200000000010732,0.0,0.08200000000010732,0.0,0.0,1.0,0.001000000000001617,0.0,0.45277777777773237,0.453777777777734,0.0022037218413358036,0.0,0.9977962781586642
3,31,20,0.0,1.0439999999996417,0.0,1.0439999999996417,0.0,0.0,1.0,0.0,0.0,0.9247777777777123,0.9247777777777123,0.0,0.0,1.0
3,31,21,0.0,2.550000000000068,0.0,2.550000000000068,0.0,0.0,1.0,0.0011111111110848368,0.0,1.0457777777776553,1.0468888888887402,0.001061345786432281,0.0,0.9989386542135676
3,31,22,0.009999999999763531,0.7300000000004729,0.0,0.7400000000002365,0.013513513513189643,0.0,0.9864864864868104,0.0011111111110848368,0.0,1.216444444444379,1.2175555555554638,0.0009125752874397047,0.0,0.9990874247125603
3,31,23,0.0,1.8679999999994834,0.0,1.8679999999994834,0.0,0.0,1.0,0.0011111111110848368,0.0,1.2844444444443122,1.285555555555397,0.0008643042350704204,0.0,0.9991356957649296
3,31,24,0.0,1.7089999999998327,0.0,1.7089999999998327,0.0,0.0,1.0,0.0,0.0,1.6231111111110044,1.6231111111110044,0.0,0.0,1.0
3,31,25,0.0,1.5889999999999418,0.0,1.5889999999999418,0.0,0.0,1.0,0.0011111111111353643,0.0,1.3966666666666343,1.3977777777777696,0.0007949125596357978,0.0,0.9992050874403643
3,31,26,0.010000000000218279,1.0680000000004384,0.0,1.0780000000006567,0.009276437848063254,0.0,0.9907235621519368,0.0011111111111353643,0.0,1.000000000000038,1.0011111111111732,0.00110987791345368,0.0,0.9988901220865464
3,31,27,0.0,0.6920000000000073,0.0,0.6920000000000073,0.0,0.0,1.0,0.0011111111111353643,0.0,0.8873333333334079,0.8884444444445433,0.0012506253126834874,0.0,0.9987493746873165
3,31,28,0.0,1.3479999999999563,0.0,1.3479999999999563,0.0,0.0,1.0,0.0,0.0,0.6771111111111042,0.6771111111111042,0.0,0.0,1.0
3,31,29,0.0,0.5309999999999491,0.0,0.5309999999999491,0.0,0.0,1.0,0.0011111111110848368,0.0,0.5360000000000077,0.5371111111110926,0.0020686801819950096,0.0,0.997931319818005
3,31,30,0.009999999999763531,0.0,0.0,0.009999999999763531,1.0,0.0,0.0,0.002333333333303421,0.0,0.2343333333332743,0.23666666666657774,0.009859154929454779,0.0,0.9901408450705451
3,31,31,0.010999999999967258,0.329000000000633,0.0,0.34000000000060027,0.03235294117631717,0.0,0.9676470588236828,0.0034444444444387853,0.0,0.109888888888842,0.11333333333328079,0.030392156862709255,0.0,0.9696078431372908
3,31,32,0.010000000000218279,0.0,0.0,0.010000000000218279,1.0,0.0,0.0,0.0023333333333539485,0.0,0.1076666666666218,0.10999999999997574,0.0212121212123133,0.0,0.9787878787876867
3,31,35,0.010999999999967258,0.0,0.0,0.010999999999967258,1.0,0.0,0.0,0.02333333333333738,0.006555555555526856,0.047777777777810115,0.07766666666667435,0.3004291845493786,0.08440629470634602,0.6151645207442754
3,31,36,0.19900000000006912,0.3609999999998763,0.058999999999741704,0.6189999999996871,0.3214862681747491,0.09531502423226418,0.5831987075929868,0.02333333333333738,0.006555555555526856,0.05211111111116729,0.08200000000003152,0.28455284552839527,0.07994579945761385,0.635501355013991
3,31,37,0.0,0.03900000000021464,0.0,0.03900000000021464,0.0,0.0,1.0,0.022111111111118794,0.006555555555526856,0.049000000000028694,0.07766666666667435,0.2846924177396988,0.08440629470634602,0.6309012875539551
3,31,38,0.0,0.021000000000185537,0.0,0.021000000000185537,0.0,0.0,1.0,0.0,0.0,0.0547777777777709,0.0547777777777709,0.0,0.0,1.0
3,31,39,0.0,0.21199999999998909,0.0,0.21199999999998909,0.0,0.0,1.0,0.0,0.0,0.08477777777776889,0.08477777777776889,0.0,0.0,1.0
3,31,40,0.0,0.01900000000023283,0.0,0.01900000000023283,0.0,0.0,1.0,0.0,0.0,0.08688888888885533,0.08688888888885533,0.0,0.0,1.0
3,31,49,0.0,0.2199999999997999,0.0,0.2199999999997999,0.0,0.0,1.0,0.0,0.0,0.04900000000000344,0.04900000000000344,0.0,0.0,1.0
3,32,0,0.432999999999538,0.13800000000014734,0.18099999999981264,0.751999999999498,0.5757978723401955,0.24069148936161366,0.18351063829819078,0.16366666666658602,0.036833333333296046,0.023000000000024556,0.22349999999990663,0.732289336316127,0.16480238627879837,0.10290827740507456
3,32,4,0.0,0.0,0.009999999999990905,0.009999999999990905,0.0,1.0,0.0,0.0021111111111369813,0.0011111111111101006,0.0,0.003222222222247082,0.6551724137960774,0.34482758620392256,0.0
3,32,7,0.0,0.0,0.009999999999990905,0.009999999999990905,0.0,1.0,0.0,0.0034444444444387853,0.0011111111111101006,0.0,0.004555555555548886,0.7560975609754745,0.24390243902452552,0.0
3,32,10,0.0,0.0,0.012000000000170985,0.012000000000170985,0.0,1.0,0.0,0.001000000000001617,0.0013333333333523318,0.0,0.0023333333333539485,0.4285714285683351,0.571428571431665,0.0
3,32,12,0.0,0.0,0.009000000000014552,0.009000000000014552,0.0,1.0,0.0,0.0,0.0021111111111117176,0.0,0.0021111111111117176,0.0,1.0,0.0
3,32,13,0.0,0.0,0.009999999999990905,0.009999999999990905,0.0,1.0,0.0,0.0012222222222185843,0.003111111111113335,0.0,0.004333333333331919,0.28205128205053454,0.7179487179494654,0.0
3,32,14,0.0,0.0,0.009000000000014552,0.009000000000014552,0.0,1.0,0.0,0.012222222222236368,0.20444444444443535,0.013333333333321207,0.22999999999999293,0.053140096618420625,0.8888888888888766,0.05797101449270268
3,32,15,0.09900000000016007,0.11999999999989086,1.8209999999999127,2.0399999999999636,0.048529411764785216,0.8926470588235025,0.058823529411712254,0.013333333333371734,0.20333333333332526,0.013333333333321207,0.2300000000000182,0.057971014492916,0.8840579710143878,0.057971014492696316
3,32,21,0.0,0.4699999999997999,0.0,0.4699999999997999,0.0,0.0,1.0,0.0011111111110848368,0.0,0.6516666666666046,0.6527777777776894,0.0017021276595344484,0.0,0.9982978723404655
3,32,22,0.0,0.6899999999995998,0.0,0.6899999999995998,0.0,0.0,1.0,0.0011111111110848368,0.0,1.065222222222259,1.0663333333333438,0.0010419922892324093,0.0,0.9989580077107676
3,32,23,0.0,2.3170000000006894,0.0,2.3170000000006894,0.0,0.0,1.0,0.0011111111110848368,0.0,1.3068888888887813,1.3079999999998662,0.0008494733265175462,0.0,0.9991505266734825
3,32,24,0.0,2.230999999999767,0.0,2.230999999999767,0.0,0.0,1.0,0.0,0.0,1.6638888888889294,1.6638888888889294,0.0,0.0,1.0
3,32,25,0.0,2.2780000000002474,0.0,2.2780000000002474,0.0,0.0,1.0,0.0011111111111353643,0.0,1.4545555555554932,1.4556666666666285,0.0007633005114280239,0.0,0.9992366994885721
3,32,26,0.0,1.2429999999997108,0.0,1.2429999999997108,0.0,0.0,1.0,0.0011111111111353643,0.0,0.9812222222222999,0.9823333333334353,0.001131093767697912,0.0,0.9988689062323021
3,32,27,0.0,0.3189999999998463,0.0,0.3189999999998463,0.0,0.0,1.0,0.0011111111111353643,0.0,0.8346666666666224,0.8357777777777577,0.0013294336612893537,0.0,0.9986705663387107
3,32,28,0.0,1.3320000000001073,0.0,1.3320000000001073,0.0,0.0,1.0,0.0,0.0,0.5933333333333621,0.5933333333333621,0.0,0.0,1.0
3,32,29,0.0,0.25900000000001455,0.0,0.25900000000001455,0.0,0.0,1.0,0.0011111111110848368,0.0,0.49200000000001226,0.4931111111110971,0.002253267237441148,0.0,0.9977467327625588
3,32,30,0.0,0.01999999999998181,0.0,0.01999999999998181,0.0,0.0,1.0,0.002333333333303421,0.0,0.2156666666666954,0.21799999999999883,0.010703363914235932,0.0,0.989296636085764
3,32,31,0.0,0.41099999999960346,0.0,0.41099999999960346,0.0,0.0,1.0,0.0034444444444387853,0.0,0.1400000000000748,0.14344444444451357,0.024012393493364932,0.0,0.9759876065066351
3,32,35,0.0,0.06900000000041473,0.0,0.06900000000041473,0.0,0.0,1.0,0.02333333333333738,0.006555555555526856,0.1147777777778679,0.14466666666673214,0.16129032258060014,0.04531490015339094,0.7933947772660089
3,32,38,0.0,0.01999999999998181,0.0,0.01999999999998181,0.0,0.0,1.0,0.0,0.0,0.04133333333331595,0.04133333333331595,0.0,0.0,1.0
3,32,39,0.0,0.02999999999974534,0.0,0.02999999999974534,0.0,0.0,1.0,0.0,0.0,0.09000000000004447,0.09000000000004447,0.0,0.0,1.0
3,32,40,0.0,0.2899999999999636,0.0,0.2899999999999636,0.0,0.0,1.0,0.0,0.0,0.09322222222221577,0.09322222222221577,0.0,0.0,1.0
3,32,41,0.0,0.05999999999994543,0.0,0.05999999999994543,0.0,0.0,1.0,0.0,0.0,0.08311111111116688,0.08311111111116688,0.0,0.0,1.0
3,32,42,0.0,0.11900000000014188,0.0,0.11900000000014188,0.0,0.0,1.0,0.0,0.0,0.02677777777777615,0.02677777777777615,0.0,0.0,1.0
3,33,0,0.0,0.0,0.03999999999996362,0.03999999999996362,0.0,1.0,0.0,0.07216666666658966,0.04349999999995665,0.023000000000024556,0.13866666666657088,0.5204326923074966,0.31370192307682715,0.1658653846156763
3,33,18,0.0,0.0500000000001819,0.0,0.0500000000001819,0.0,0.0,1.0,0.0,0.0,0.04988888888889657,0.04988888888889657,0.0,0.0,1.0
3,33,19,0.0,0.05999999999994543,0.0,0.05999999999994543,0.0,0.0,1.0,0.0,0.0,0.04433333333332081,0.04433333333332081,0.0,0.0,1.0
3,33,20,0.0,0.0989999999999327,0.0,0.0989999999999327,0.0,0.0,1.0,0.0,0.0,0.09411111111113417,0.09411111111113417,0.0,0.0,1.0
3,33,21,0.0,0.10800000000017462,0.0,0.10800000000017462,0.0,0.0,1.0,0.0,0.0,0.2178888888888145,0.2178888888888145,0.0,0.0,1.0
3,33,22,0.0,0.1739999999997508,0.0,0.1739999999997508,0.0,0.0,1.0,0.0,0.0,0.5412222222222832,0.5412222222222832,0.0,0.0,1.0
3,33,23,0.0,0.680000000000291,0.0,0.680000000000291,0.0,0.0,1.0,0.0,0.0,1.074888888888836,1.074888888888836,0.0,0.0,1.0
3,33,24,0.0,1.362999999999147,0.0,1.362999999999147,0.0,0.0,1.0,0.0,0.0,1.5521111111112684,1.5521111111112684,0.0,0.0,1.0
3,33,25,0.0,0.9400000000009641,0.0,0.9400000000009641,0.0,0.0,1.0,0.0,0.0,1.524666666666576,1.524666666666576,0.0,0.0,1.0
3,33,26,0.0,0.6699999999993906,0.0,0.6699999999993906,0.0,0.0,1.0,0.0,0.0,0.9589999999999841,0.9589999999999841,0.0,0.0,1.0
3,33,27,0.0,0.032000000000152795,0.0,0.032000000000152795,0.0,0.0,1.0,0.0,0.0,0.727444444444321,0.727444444444321,0.0,0.0,1.0
3,33,28,0.0,0.8079999999999927,0.0,0.8079999999999927,0.0,0.0,1.0,0.0,0.0,0.44922222222224817,0.44922222222224817,0.0,0.0,1.0
3,33,29,0.0,0.01900000000023283,0.0,0.01900000000023283,0.0,0.0,1.0,0.0,0.0,0.4247777777777881,0.4247777777777881,0.0,0.0,1.0
3,33,30,0.0,0.11099999999987631,0.0,0.11099999999987631,0.0,0.0,1.0,0.0,0.0,0.16344444444444486,0.16344444444444486,0.0,0.0,1.0
3,33,31,0.0,0.26099999999996726,0.0,0.26099999999996726,0.0,0.0,1.0,0.0,0.0,0.1467777777778186,0.1467777777778186,0.0,0.0,1.0
3,33,32,0.0,0.12800000000061118,0.0,0.12800000000061118,0.0,0.0,1.0,0.0,0.0,0.1467777777778186,0.1467777777778186,0.0,0.0,1.0
3,33,33,0.0,0.13099999999985812,0.0,0.13099999999985812,0.0,0.0,1.0,0.0,0.0,0.04311111111110222,0.04311111111110222,0.0,0.0,1.0
3,33,34,0.0,0.09899999999970532,0.0,0.09899999999970532,0.0,0.0,1.0,0.0,0.0,0.16888888888888687,0.16888888888888687,0.0,0.0,1.0
3,33,35,0.0,0.4040000000004511,0.0,0.4040000000004511,0.0,0.0,1.0,0.0,0.0,0.18100000000004002,0.18100000000004002,0.0,0.0,1.0
3,33,36,0.0,0.1000000000003638,0.0,0.1000000000003638,0.0,0.0,1.0,0.0,0.0,0.20900000000013583,0.20900000000013583,0.0,0.0,1.0
3,33,37,0.0,0.02999999999974534,0.0,0.02999999999974534,0.0,0.0,1.0,0.0,0.0,0.08877777777790169,0.08877777777790169,0.0,0.0,1.0
3,33,38,0.0,0.010000000000218279,0.0,0.010000000000218279,0.0,0.0,1.0,0.0,0.0,0.06988888888895418,0.06988888888895418,0.0,0.0,1.0
3,33,39,0.0,0.009999999999763531,0.0,0.009999999999763531,0.0,0.0,1.0,0.0,0.0,0.11522222222222607,0.11522222222222607,0.0,0.0,1.0
3,33,40,0.0,0.19800000000032014,0.0,0.19800000000032014,0.0,0.0,1.0,0.0,0.0,0.11188888888884524,0.11188888888884524,0.0,0.0,1.0
3,33,41,0.0,0.01999999999998181,0.0,0.01999999999998181,0.0,0.0,1.0,0.0,0.0,0.12544444444443395,0.12544444444443395,0.0,0.0,1.0
3,33,42,0.0,0.041999999999916326,0.0,0.041999999999916326,0.0,0.0,1.0,0.0,0.0,0.041999999999966876,0.041999999999966876,0.0,0.0,1.0
3,34,0,0.0,0.0,0.03999999999996362,0.03999999999996362,0.0,1.0,0.0,0.0,0.01983333333335698,0.0,0.01983333333335698,0.0,1.0,0.0
3,34,16,0.0,0.22899999999981446,0.0,0.22899999999981446,0.0,0.0,1.0,0.0,0.0,0.044222222222212317,0.044222222222212317,0.0,0.0,1.0
3,34,17,0.0,0.1690000000000964,0.0,0.1690000000000964,0.0,0.0,1.0,0.0,0.0,0.06544444444443798,0.06544444444443798,0.0,0.0,1.0
3,34,18,0.0,0.14099999999984902,0.0,0.14099999999984902,0.0,0.0,1.0,0.0,0.0,0.04988888888889657,0.04988888888889657,0.0,0.0,1.0
3,34,19,0.0,0.028999999999996362,0.0,0.028999999999996362,0.0,0.0,1.0,0.0,0.0,0.04433333333332081,0.04433333333332081,0.0,0.0,1.0
3,34,20,0.0,0.01999999999998181,0.0,0.01999999999998181,0.0,0.0,1.0,0.0,0.0,0.04188888888893417,0.04188888888893417,0.0,0.0,1.0
3,34,21,0.0,0.06100000000037653,0.0,0.06100000000037653,0.0,0.0,1.0,0.0,0.0,0.08899999999999232,0.08899999999999232,0.0,0.0,1.0
3,34,22,0.0,0.3389999999997144,0.0,0.3389999999997144,0.0,0.0,1.0,0.0,0.0,0.15944444444450154,0.15944444444450154,0.0,0.0,1.0
3,34,23,0.0,0.032000000000152795,0.0,0.032000000000152795,0.0,0.0,1.0,0.0,0.0,0.5143333333333607,0.5143333333333607,0.0,0.0,1.0
3,34,24,0.0,1.848000000000411,0.0,1.848000000000411,0.0,0.0,1.0,0.0,0.0,0.9102222222224124,0.9102222222224124,0.0,0.0,1.0
3,34,25,0.0,2.2799999999997453,0.0,2.2799999999997453,0.0,0.0,1.0,0.0,0.0,1.0493333333334174,1.0493333333334174,0.0,0.0,1.0
3,34,26,0.0,0.8689999999998008,0.0,0.8689999999998008,0.0,0.0,1.0,0.0,0.0,0.6894444444444742,0.6894444444444742,0.0,0.0,1.0
3,34,28,0.0,1.2739999999998872,0.0,1.2739999999998872,0.0,0.0,1.0,0.0,0.0,0.3255555555555878,0.3255555555555878,0.0,0.0,1.0
3,34,31,0.0,0.3900000000003274,0.0,0.3900000000003274,0.0,0.0,1.0,0.0,0.0,0.13322222222222982,0.13322222222222982,0.0,0.0,1.0
3,34,34,0.0,0.02999999999974534,0.0,0.02999999999974534,0.0,0.0,1.0,0.0,0.0,0.20477777777771022,0.20477777777771022,0.0,0.0,1.0
3,34,35,0.0,0.7869999999998072,0.0,0.7869999999998072,0.0,0.0,1.0,0.0,0.0,0.21688888888886337,0.21688888888886337,0.0,0.0,1.0
3,34,36,0.0,0.13999999999987267,0.0,0.13999999999987267,0.0,0.0,1.0,0.0,0.0,0.26388888888888884,0.26388888888888884,0.0,0.0,1.0
3,34,37,0.0,0.3510000000005675,0.0,0.3510000000005675,0.0,0.0,1.0,0.0,0.0,0.12777777777781307,0.12777777777781307,0.0,0.0,1.0
3,34,38,0.0,0.14800000000036562,0.0,0.14800000000036562,0.0,0.0,1.0,0.0,0.0,0.12466666666667447,0.12466666666667447,0.0,0.0,1.0
3,34,39,0.0,0.03000000000020009,0.0,0.03000000000020009,0.0,0.0,1.0,0.0,0.0,0.13977777777778197,0.13977777777778197,0.0,0.0,1.0
3,34,40,0.0,0.30099999999947613,0.0,0.30099999999947613,0.0,0.0,1.0,0.0,0.0,0.12199999999994454,0.12199999999994454,0.0,0.0,1.0
3,34,41,0.0,0.068000000000211,0.0,0.068000000000211,0.0,0.0,1.0,0.0,0.0,0.1222222222221615,0.1222222222221615,0.0,0.0,1.0
3,34,42,0.0,0.03099999999994907,0.0,0.03099999999994907,0.0,0.0,1.0,0.0,0.0,0.04999999999992919,0.04999999999992919,0.0,0.0,1.0
3,34,43,0.0,0.03799999999955617,0.0,0.03799999999955617,0.0,0.0,1.0,0.0,0.0,0.038222222222227806,0.038222222222227806,0.0,0.0,1.0
3,34,44,0.0,0.09200000000055297,0.0,0.09200000000055297,0.0,0.0,1.0,0.0,0.0,0.016666666666676697,0.016666666666676697,0.0,0.0,1.0
3,34,45,0.0,0.01999999999998181,0.0,0.01999999999998181,0.0,0.0,1.0,0.0,0.0,0.01466666666672399,0.01466666666672399,0.0,0.0,1.0
3,34,46,0.0,0.01999999999998181,0.0,0.01999999999998181,0.0,0.0,1.0,0.0,0.0,0.005666666666658913,0.005666666666658913,0.0,0.0,1.0
3,35,0,0.0,0.0,0.03900000000021464,0.03900000000021464,0.0,1.0,0.0,0.0,0.026500000000017582,0.0,0.026500000000017582,0.0,1.0,0.0
3,35,23,0.0,0.04100000000005366,0.0,0.04100000000005366,0.0,0.0,1.0,0.0,0.0,0.3037777777779082,0.3037777777779082,0.0,0.0,1.0
3,35,24,0.0,0.15200000000072578,0.0,0.15200000000072578,0.0,0.0,1.0,0.0,0.0,0.5911111111112682,0.5911111111112682,0.0,0.0,1.0
3,35,25,0.0,0.8560000000002219,0.0,0.8560000000002219,0.0,0.0,1.0,0.0,0.0,0.7315555555556759,0.7315555555556759,0.0,0.0,1.0
3,35,26,0.0,0.46600000000034925,0.0,0.46600000000034925,0.0,0.0,1.0,0.0,0.0,0.5738888888888469,0.5738888888888469,0.0,0.0,1.0
3,35,27,0.0,0.09199999999964348,0.0,0.09199999999964348,0.0,0.0,1.0,0.0,0.0,0.5041111111111024,0.5041111111111024,0.0,0.0,1.0
3,35,28,0.0,0.705000000000382,0.0,0.705000000000382,0.0,0.0,1.0,0.0,0.0,0.34888888888887476,0.34888888888887476,0.0,0.0,1.0
3,35,31,0.0,0.16999999999916326,0.0,0.16999999999916326,0.0,0.0,1.0,0.0,0.0,0.17222222222221717,0.17222222222221717,0.0,0.0,1.0
3,35,32,0.0,0.1390000000001237,0.0,0.1390000000001237,0.0,0.0,1.0,0.0,0.0,0.17333333333330203,0.17333333333330203,0.0,0.0,1.0
3,35,35,0.0,0.3919999999998254,0.0,0.3919999999998254,0.0,0.0,1.0,0.0,0.0,0.22633333333326136,0.22633333333326136,0.0,0.0,1.0
3,35,37,0.0,0.170999999999367,0.0,0.170999999999367,0.0,0.0,1.0,0.0,0.0,0.2087777777777673,0.2087777777777673,0.0,0.0,1.0
3,35,38,0.0,0.1999999999998181,0.0,0.1999999999998181,0.0,0.0,1.0,0.0,0.0,0.22666666666671317,0.22666666666671317,0.0,0.0,1.0
3,35,39,0.0,0.17200000000002547,0.0,0.17200000000002547,0.0,0.0,1.0,0.0,0.0,0.20322222222224204,0.20322222222224204,0.0,0.0,1.0
3,35,40,0.0,0.18899999999985084,0.0,0.18899999999985084,0.0,0.0,1.0,0.0,0.0,0.13433333333331474,0.13433333333331474,0.0,0.0,1.0
3,35,41,0.0,0.10999999999967258,0.0,0.10999999999967258,0.0,0.0,1.0,0.0,0.0,0.17199999999994967,0.17199999999994967,0.0,0.0,1.0
3,35,42,0.0,0.1410000000000764,0.0,0.1410000000000764,0.0,0.0,1.0,0.0,0.0,0.0974444444443634,0.0974444444443634,0.0,0.0,1.0
3,35,47,0.0,0.010999999999967258,0.0,0.010999999999967258,0.0,0.0,1.0,0.0,0.0,0.004333333333306655,0.004333333333306655,0.0,0.0,1.0
3,35,48,0.0,0.007999999999810825,0.0,0.007999999999810825,0.0,0.0,1.0,0.0,0.0,0.005666666666658986,0.005666666666658986,0.0,0.0,1.0
3,35,49,0.0,0.032000000000152795,0.0,0.032000000000152795,0.0,0.0,1.0,0.0,0.0,0.006555555555526856,0.006555555555526856,0.0,0.0,1.0
3,35,50,0.0,0.018999999999778083,0.0,0.018999999999778083,0.0,0.0,1.0,0.0,0.0,0.007888888888929715,0.007888888888929715,0.0,0.0,1.0
3,35,51,0.0,0.020000000000436557,0.0,0.020000000000436557,0.0,0.0,1.0,0.0,0.0,0.0054444444444420185,0.0054444444444420185,0.0,0.0,1.0
3,35,52,0.0,0.009999999999763531,0.0,0.009999999999763531,0.0,0.0,1.0,0.0,0.0,0.004666666666707897,0.004666666666707897,0.0,0.0,1.0
3,35,53,0.0,0.012000000000170985,0.0,0.012000000000170985,0.0,0.0,1.0,0.0,0.0,0.0033333333333050376,0.0033333333333050376,0.0,0.0,1.0
3,35,54,0.0,0.007999999999810825,0.0,0.007999999999810825,0.0,0.0,1.0,0.0,0.0,0.0034444444444387858,0.0034444444444387858,0.0,0.0,1.0
3,35,55,0.0,0.010999999999967258,0.0,0.010999999999967258,0.0,0.0,1.0,0.0,0.0,0.004333333333306655,0.004333333333306655,0.0,0.0,1.0
3,35,60,0.0,0.009999999999763531,0.0,0.009999999999763531,0.0,0.0,1.0,0.0,0.0,0.004444444444440402,0.004444444444440402,0.0,0.0,1.0
3,35,62,0.0,0.010999999999967258,0.0,0.010999999999967258,0.0,0.0,1.0,0.0,0.0,0.0032222222222723453,0.0032222222222723453,0.0,0.0,1.0
3,35,63,0.0,0.008000000000265572,0.0,0.008000000000265572,0.0,0.0,1.0,0.0,0.0,0.004444444444440402,0.004444444444440402,0.0,0.0,1.0
3,35,64,0.0,0.02099999999973079,0.0,0.02099999999973079,0.0,0.0,1.0,0.0,0.0,0.004333333333357182,0.004333333333357182,0.0,0.0,1.0
3,35,65,0.0,0.010000000000218279,0.0,0.010000000000218279,0.0,0.0,1.0,0.0,0.0,0.004555555555523622,0.004555555555523622,0.0,0.0,1.0
3,35,66,0.0,0.009999999999763531,0.0,0.009999999999763531,0.0,0.0,1.0,0.0,0.0,0.003333333333355565,0.003333333333355565,0.0,0.0,1.0
3,36,0,0.0,0.0,0.07999999999992724,0.07999999999992724,0.0,1.0,0.0,0.01466666666662301,0.029833333333423678,0.03983333333333879,0.08433333333338548,0.17391304347763567,0.353754940712315,0.47233201581004935
3,36,8,0.0,0.0,0.06899999999995998,0.06899999999995998,0.0,1.0,0.0,0.09011111111112768,0.03444444444443838,0.0,0.12455555555556606,0.7234611953613566,0.2765388046386434,0.0
3,36,16,0.0,0.032000000000152795,0.0,0.032000000000152795,0.0,0.0,1.0,0.0,0.0,0.027777777777727247,0.027777777777727247,0.0,0.0,1.0
3,36,17,0.0,0.028999999999996362,0.0,0.028999999999996362,0.0,0.0,1.0,0.0,0.0,0.030777777777833155,0.030777777777833155,0.0,0.0,1.0
3,36,18,0.0,0.027999999999792635,0.0,0.027999999999792635,0.0,0.0,1.0,0.0,0.0,0.03977777777779718,0.03977777777779718,0.0,0.0,1.0
3,36,19,0.0,0.18200000000024374,0.0,0.18200000000024374,0.0,0.0,1.0,0.0,0.0,0.07100000000006428,0.07100000000006428,0.0,0.0,1.0
3,36,20,0.0,0.3389999999999418,0.0,0.3389999999999418,0.0,0.0,1.0,0.0,0.0,0.07644444444440524,0.07644444444440524,0.0,0.0,1.0
3,36,21,0.0,0.09899999999970532,0.0,0.09899999999970532,0.0,0.0,1.0,0.0,0.0,0.08099999999995412,0.08099999999995412,0.0,0.0,1.0
3,36,22,0.0,0.23099999999999454,0.0,0.23099999999999454,0.0,0.0,1.0,0.0,0.0,0.05311111111110576,0.05311111111110576,0.0,0.0,1.0
3,36,23,0.0,0.060000000000172804,0.0,0.060000000000172804,0.0,0.0,1.0,0.0,0.0,0.06177777777789592,0.06177777777789592,0.0,0.0,1.0
3,36,24,0.0,0.03099999999994907,0.0,0.03099999999994907,0.0,0.0,1.0,0.0,0.0,0.1343333333334537,0.1343333333334537,0.0,0.0,1.0
3,36,25,0.0,0.01999999999998181,0.0,0.01999999999998181,0.0,0.0,1.0,0.0,0.0,0.18088888888898205,0.18088888888898205,0.0,0.0,1.0
3,36,26,0.0,0.06199999999989814,0.0,0.06199999999989814,0.0,0.0,1.0,0.0,0.0,0.29166666666661617,0.29166666666661617,0.0,0.0,1.0
3,36,27,0.0,0.5199999999999818,0.0,0.5199999999999818,0.0,0.0,1.0,0.0,0.0,0.39611111111109193,0.39611111111109193,0.0,0.0,1.0
3,36,28,0.0,0.5489999999999782,0.0,0.5489999999999782,0.0,0.0,1.0,0.0,0.0,0.3398888888888349,0.3398888888888349,0.0,0.0,1.0
3,36,31,0.0,0.4690000000005057,0.0,0.4690000000005057,0.0,0.0,1.0,0.0,0.0,0.22322222222217333,0.22322222222217333,0.0,0.0,1.0
3,36,32,0.0,0.38199999999983447,0.0,0.38199999999983447,0.0,0.0,1.0,0.0,0.0,0.1912222222221721,0.1912222222221721,0.0,0.0,1.0
3,36,33,0.0,0.009999999999763531,0.0,0.009999999999763531,0.0,0.0,1.0,0.0,0.0,0.06244444444440786,0.06244444444440786,0.0,0.0,1.0
3,36,34,0.0,0.009000000000014552,0.0,0.009000000000014552,0.0,0.0,1.0,0.0,0.0,0.1916666666667071,0.1916666666667071,0.0,0.0,1.0
3,36,35,0.0,0.6790000000000873,0.0,0.6790000000000873,0.0,0.0,1.0,0.0,0.0,0.2096666666667362,0.2096666666667362,0.0,0.0,1.0
3,36,37,0.0,0.41899999999986903,0.0,0.41899999999986903,0.0,0.0,1.0,0.0,0.0,0.21911111111108364,0.21911111111108364,0.0,0.0,1.0
3,36,38,0.0,0.4500000000000455,0.0,0.4500000000000455,0.0,0.0,1.0,0.0,0.0,0.2301111111111014,0.2301111111111014,0.0,0.0,1.0
3,36,39,0.0,0.09900000000016007,0.0,0.09900000000016007,0.0,0.0,1.0,0.0,0.0,0.21344444444442465,0.21344444444442465,0.0,0.0,1.0
3,36,40,0.0,0.24000000000023647,0.0,0.24000000000023647,0.0,0.0,1.0,0.0,0.0,0.12233333333329534,0.12233333333329534,0.0,0.0,1.0
3,36,42,0.0,0.4680000000000746,0.0,0.4680000000000746,0.0,0.0,1.0,0.0,0.0,0.12555555555554243,0.12555555555554243,0.0,0.0,1.0
3,36,43,0.0,0.02099999999973079,0.0,0.02099999999973079,0.0,0.0,1.0,0.0,0.0,0.11333333333335659,0.11333333333335659,0.0,0.0,1.0
3,36,56,0.0,0.01999999999998181,0.0,0.01999999999998181,0.0,0.0,1.0,0.0,0.0,0.0034444444444387845,0.0034444444444387845,0.0,0.0,1.0
3,36,58,0.0,0.009000000000014552,0.0,0.009000000000014552,0.0,0.0,1.0,0.0,0.0,0.002111111111136981,0.002111111111136981,0.0,0.0,1.0
3,36,59,0.0,0.010000000000218279,0.0,0.010000000000218279,0.0,0.0,1.0,0.0,0.0,0.004333333333306655,0.004333333333306655,0.0,0.0,1.0
3,36,60,0.0,0.009999999999763531,0.0,0.009999999999763531,0.0,0.0,1.0,0.0,0.0,0.004444444444440402,0.004444444444440402,0.0,0.0,1.0
3,36,61,0.0,0.010000000000218279,0.0,0.010000000000218279,0.0,0.0,1.0,0.0,0.0,0.004555555555523622,0.004555555555523622,0.0,0.0,1.0
3,36,67,0.0,0.010000000000218279,0.0,0.010000000000218279,0.0,0.0,1.0,0.0,0.0,0.004444444444440402,0.004444444444440402,0.0,0.0,1.0
3,36,68,0.0,0.01999999999998181,0.0,0.01999999999998181,0.0,0.0,1.0,0.0,0.0,0.0060000000000097016,0.0060000000000097016,0.0,0.0,1.0
3,36,69,0.0,0.023999999999887223,0.0,0.023999999999887223,0.0,0.0,1.0,0.0,0.0,0.005555555555525238,0.005555555555525238,0.0,0.0,1.0
3,36,70,0.0,0.005999999999858119,0.0,0.005999999999858119,0.0,0.0,1.0,0.0,0.0,0.005888888888825426,0.005888888888825426,0.0,0.0,1.0
3,36,71,0.0,0.022999999999683496,0.0,0.022999999999683496,0.0,0.0,1.0,0.0,0.0,0.0051111111110913035,0.0051111111110913035,0.0,0.0,1.0
3,36,72,0.0,0.017000000000280124,0.0,0.017000000000280124,0.0,0.0,1.0,0.0,0.0,0.015555555555591934,0.015555555555591934,0.0,0.0,1.0
3,36,73,0.0,0.08000000000038199,0.0,0.08000000000038199,0.0,0.0,1.0,0.0,0.0,0.03200000000005174,0.03200000000005174,0.0,0.0,1.0
3,36,74,0.0,0.12299999999959255,0.0,0.12299999999959255,0.0,0.0,1.0,0.0,0.0,0.03011111111113172,0.03011111111113172,0.0,0.0,1.0
3,37,0,0.08799999999973807,0.23900000000003274,0.06000000000040018,0.387000000000171,0.22739018087777568,0.15503875969088804,0.6175710594313363,0.05633333333328968,0.08683333333344005,0.10466666666661695,0.24783333333334667,0.22730329522509743,0.35036987222637006,0.42232683254853254
3,37,3,0.0,0.010000000000218279,0.0,0.010000000000218279,0.0,0.0,1.0,0.0,0.0,0.002000000000003234,0.002000000000003234,0.0,0.0,1.0
3,37,8,0.8110000000001492,0.0,0.21099999999978536,1.0219999999999345,0.793542074364189,0.20645792563581103,0.0,0.09011111111112768,0.03444444444443838,0.0013333333333523318,0.1258888888889184,0.7157987643424176,0.2736098852602584,0.010591350397324072
3,37,9,0.0,0.0,0.03000000000020009,0.03000000000020009,0.0,1.0,0.0,0.09011111111112768,0.03655555555552483,0.0013333333333523318,0.12800000000000486,0.7039930555556583,0.2855902777775269,0.010416666666814697
3,37,10,0.0,0.0,0.018999999999778083,0.018999999999778083,0.0,1.0,0.0,0.0,0.007555555555579001,0.0012222222222185843,0.008777777777797586,0.0,0.8607594936716146,0.13924050632838528
3,37,11,0.0,0.0,0.01900000000023283,0.01900000000023283,0.0,1.0,0.0,0.0,0.005666666666658987,0.0033333333333050376,0.008999999999964025,0.0,0.6296296296312931,0.37037037036870685
3,37,12,0.0,0.018999999999778083,0.012999999999919964,0.03199999999969805,0.0,0.40625000000133227,0.5937499999986677,0.1288888888888727,0.045888888888940625,0.02233333333328523,0.19711111111109858,0.6538895152198017,0.232807215332859,0.11330326944733926
3,37,13,1.0209999999997308,0.17099999999982174,0.33900000000039654,1.530999999999949,0.6668843892878934,0.22142390594409395,0.11169170476801268,0.1288888888888727,0.043777777777803645,0.027666666666644028,0.20033333333332037,0.6433721575152131,0.21852468108722034,0.13810316139756648
3,37,14,0.0,0.05900000000019645,0.0,0.05900000000019645,0.0,0.0,1.0,0.1288888888888727,0.04233333333336809,0.031222222222166033,0.20244444444440682,0.6366630076839023,0.20911086717913482,0.15422612513696296
3,37,15,0.0,0.05099999999947613,0.0,0.05099999999947613,0.0,0.0,1.0,0.0,0.0,0.025555555555557576,0.025555555555557576,0.0,0.0,1.0
3,37,16,0.0,0.08800000000019281,0.0,0.08800000000019281,0.0,0.0,1.0,0.0,0.0,0.027777777777727247,0.027777777777727247,0.0,0.0,1.0
3,37,17,0.0,0.04999999999972715,0.0,0.04999999999972715,0.0,0.0,1.0,0.0,0.0,0.03077777777783315,0.03077777777783315,0.0,0.0,1.0
3,37,18,0.0,0.050000000000636646,0.0,0.050000000000636646,0.0,0.0,1.0,0.0,0.0,0.03977777777779718,0.03977777777779718,0.0,0.0,1.0
3,37,19,0.0,0.018999999999778083,0.0,0.018999999999778083,0.0,0.0,1.0,0.0,0.0,0.07100000000006428,0.07100000000006428,0.0,0.0,1.0
3,37,20,0.0,0.021000000000185537,0.0,0.021000000000185537,0.0,0.0,1.0,0.0,0.0,0.07644444444440524,0.07644444444440524,0.0,0.0,1.0
3,37,21,0.0,0.027999999999792635,0.0,0.027999999999792635,0.0,0.0,1.0,0.0,0.0,0.08099999999995412,0.08099999999995412,0.0,0.0,1.0
3,37,22,0.0,0.010999999999967258,0.0,0.010999999999967258,0.0,0.0,1.0,0.0,0.0,0.04855555555554424,0.04855555555554424,0.0,0.0,1.0
3,37,23,0.0,0.008000000000265572,0.0,0.008000000000265572,0.0,0.0,1.0,0.0,0.0,0.040333333333364856,0.040333333333364856,0.0,0.0,1.0
3,37,24,0.0,0.021999999999934516,0.0,0.021999999999934516,0.0,0.0,1.0,0.0,0.0,0.01777777777778687,0.01777777777778687,0.0,0.0,1.0
3,37,25,0.0,0.018999999999778083,0.0,0.018999999999778083,0.0,0.0,1.0,0.0,0.0,0.018222222222195546,0.018222222222195546,0.0,0.0,1.0
3,37,27,0.0,0.5899999999996908,0.0,0.5899999999996908,0.0,0.0,1.0,0.0,0.0,0.2925555555555093,0.2925555555555093,0.0,0.0,1.0
3,37,28,0.0,0.5809999999999036,0.0,0.5809999999999036,0.0,0.0,1.0,0.0,0.0,0.29788888888881754,0.29788888888881754,0.0,0.0,1.0
3,37,29,0.0,0.021999999999934516,0.0,0.021999999999934516,0.0,0.0,1.0,0.0,0.0,0.20888888888887577,0.20888888888887577,0.0,0.0,1.0
3,37,30,0.0,0.29799999999977445,0.0,0.29799999999977445,0.0,0.0,1.0,0.0,0.0,0.1966666666667657,0.1966666666667657,0.0,0.0,1.0
3,37,31,0.0,0.5290000000002237,0.0,0.5290000000002237,0.0,0.0,1.0,0.0,0.0,0.23144444444447898,0.23144444444447898,0.0,0.0,1.0
3,37,32,0.0,0.021999999999934516,0.0,0.021999999999934516,0.0,0.0,1.0,0.0,0.0,0.19144444444443956,0.19144444444443956,0.0,0.0,1.0
3,37,35,0.0,0.635000000000673,0.0,0.635000000000673,0.0,0.0,1.0,0.0,0.0,0.20877777777786832,0.20877777777786832,0.0,0.0,1.0
3,37,36,0.0,0.17200000000002547,0.0,0.17200000000002547,0.0,0.0,1.0,0.0,0.0,0.29444444444450507,0.29444444444450507,0.0,0.0,1.0
3,37,37,0.0,0.28000000000065484,0.0,0.28000000000065484,0.0,0.0,1.0,0.0,0.0,0.21788888888889027,0.21788888888889027,0.0,0.0,1.0
3,37,38,0.0,0.2799999999999727,0.0,0.2799999999999727,0.0,0.0,1.0,0.0,0.0,0.20977777777779416,0.20977777777779416,0.0,0.0,1.0
3,37,40,0.0,0.2909999999997126,0.0,0.2909999999997126,0.0,0.0,1.0,0.0,0.0,0.08422222222225173,0.08422222222225173,0.0,0.0,1.0
3,37,42,0.0,0.29899999999997817,0.0,0.29899999999997817,0.0,0.0,1.0,0.0,0.0,0.11755555555558002,0.11755555555558002,0.0,0.0,1.0
3,37,43,0.0,0.09100000000034925,0.0,0.09100000000034925,0.0,0.0,1.0,0.0,0.0,0.11755555555558002,0.11755555555558002,0.0,0.0,1.0
3,37,73,0.0,0.01999999999998181,0.0,0.01999999999998181,0.0,0.0,1.0,0.0,0.0,0.03200000000005176,0.03200000000005176,0.0,0.0,1.0
3,37,74,0.0,0.04800000000022919,0.0,0.04800000000022919,0.0,0.0,1.0,0.0,0.0,0.03011111111113174,0.03011111111113174,0.0,0.0,1.0
3,38,0,0.25,0.38899999999966894,0.37300000000050204,1.012000000000171,0.24703557312248792,0.36857707509924803,0.38438735177826405,0.07299999999994118,0.10033333333346188,0.10466666666661695,0.27800000000002,0.26258992805732345,0.36091127098364983,0.37649880095902666
3,38,1,0.0,0.0,0.007999999999810825,0.007999999999810825,0.0,1.0,0.0,0.04866666666662745,0.06688888888897458,0.06977777777774463,0.18533333333334667,0.26258992805732345,0.36091127098364983,0.37649880095902666
3,38,3,0.0,0.007999999999810825,0.0,0.007999999999810825,0.0,0.0,1.0,0.0,0.0,0.002000000000003234,0.002000000000003234,0.0,0.0,1.0
3,38,8,0.0,0.012000000000170985,0.0,0.012000000000170985,0.0,0.0,1.0,0.09011111111112768,0.026777777777776162,0.0013333333333523318,0.11822222222225619,0.7622180451127032,0.2265037593984175,0.011278195488879265
3,38,11,0.0,0.010999999999967258,0.0,0.010999999999967258,0.0,0.0,1.0,0.0,0.005666666666658987,0.0033333333333050376,0.008999999999964025,0.0,0.6296296296312931,0.37037037036870685
3,38,13,0.1390000000001237,0.0,0.041999999999916326,0.18100000000004002,0.767955801105486,0.23204419889451403,0.0,0.1288888888888727,0.043777777777803645,0.027666666666644028,0.20033333333332037,0.6433721575152131,0.21852468108722034,0.13810316139756648
3,38,26,0.0,0.010000000000218279,0.0,0.010000000000218279,0.0,0.0,1.0,0.0,0.0,0.08533333333326076,0.08533333333326076,0.0,0.0,1.0
3,38,27,0.0,0.09099999999966712,0.0,0.09099999999966712,0.0,0.0,1.0,0.0,0.0,0.17899999999996097,0.17899999999996097,0.0,0.0,1.0
3,38,28,0.0,0.23000000000024556,0.0,0.23000000000024556,0.0,0.0,1.0,0.0,0.0,0.2465555555554854,0.2465555555554854,0.0,0.0,1.0
3,38,29,0.0,0.09799999999995634,0.0,0.09799999999995634,0.0,0.0,1.0,0.0,0.0,0.220111111111161,0.220111111111161,0.0,0.0,1.0
3,38,30,0.0,0.10200000000008913,0.0,0.10200000000008913,0.0,0.0,1.0,0.0,0.0,0.24566666666674386,0.24566666666674386,0.0,0.0,1.0
3,38,31,0.0,0.25200000000040745,0.0,0.25200000000040745,0.0,0.0,1.0,0.0,0.0,0.1803333333333891,0.1803333333333891,0.0,0.0,1.0
3,38,32,0.0,0.028999999999541615,0.0,0.028999999999541615,0.0,0.0,1.0,0.0,0.0,0.13144444444441836,0.13144444444441836,0.0,0.0,1.0
3,38,33,0.0,0.02999999999974534,0.0,0.02999999999974534,0.0,0.0,1.0,0.0,0.0,0.02011111111106501,0.02011111111106501,0.0,0.0,1.0
3,38,34,0.0,0.1000000000003638,0.0,0.1000000000003638,0.0,0.0,1.0,0.0,0.0,0.1585555555555705,0.1585555555555705,0.0,0.0,1.0
3,38,35,0.0,0.28399999999965075,0.0,0.28399999999965075,0.0,0.0,1.0,0.0,0.0,0.1743333333333794,0.1743333333333794,0.0,0.0,1.0
3,38,37,0.0,0.18099999999958527,0.0,0.18099999999958527,0.0,0.0,1.0,0.0,0.0,0.18900000000000242,0.18900000000000242,0.0,0.0,1.0
3,38,38,0.0,0.17899999999985994,0.0,0.17899999999985994,0.0,0.0,1.0,0.0,0.0,0.1698888888888885,0.1698888888888885,0.0,0.0,1.0
3,38,40,0.0,0.12800000000015643,0.0,0.12800000000015643,0.0,0.0,1.0,0.0,0.0,0.07777777777775755,0.07777777777775755,0.0,0.0,1.0
3,38,42,0.0,0.1790000000000873,0.0,0.1790000000000873,0.0,0.0,1.0,0.0,0.0,0.08311111111114161,0.08311111111114161,0.0,0.0,1.0
3,39,0,0.09999999999990905,0.0,0.1610000000000582,0.26099999999996726,0.38314176245180687,0.6168582375481931,0.0,0.08683333333328846,0.09033333333339519,0.06483333333327816,0.2419999999999618,0.3588154269971164,0.3732782369149151,0.2679063360879686
3,39,18,0.0,0.01099999999951251,0.0,0.01099999999951251,0.0,0.0,1.0,0.0,0.0,0.03577777777779071,0.03577777777779071,0.0,0.0,1.0
3,39,19,0.0,0.18000000000029104,0.0,0.18000000000029104,0.0,0.0,1.0,0.0,0.0,0.04311111111120327,0.04311111111120327,0.0,0.0,1.0
3,39,20,0.0,0.08899999999994179,0.0,0.08899999999994179,0.0,0.0,1.0,0.0,0.0,0.04199999999996685,0.04199999999996685,0.0,0.0,1.0
3,39,21,0.0,0.0500000000001819,0.0,0.0500000000001819,0.0,0.0,1.0,0.0,0.0,0.02222222222230306,0.02222222222230306,0.0,0.0,1.0
3,39,22,0.0,0.011000000000422006,0.0,0.011000000000422006,0.0,0.0,1.0,0.0,0.0,0.015777777777758368,0.015777777777758368,0.0,0.0,1.0
3,39,23,0.0,0.029999999998835847,0.0,0.029999999998835847,0.0,0.0,1.0,0.0,0.0,0.01211111111105209,0.01211111111105209,0.0,0.0,1.0
3,39,24,0.0,0.009000000000014552,0.0,0.009000000000014552,0.0,0.0,1.0,0.0,0.0,0.010888888888782979,0.010888888888782979,0.0,0.0,1.0
3,39,25,0.0,0.010000000000218279,0.0,0.010000000000218279,0.0,0.0,1.0,0.0,0.0,0.01100000000001778,0.01100000000001778,0.0,0.0,1.0
3,39,26,0.0,0.02099999999973079,0.0,0.02099999999973079,0.0,0.0,1.0,0.0,0.0,0.022333333333361016,0.022333333333361016,0.0,0.0,1.0
3,39,27,0.0,0.027000000000043656,0.0,0.027000000000043656,0.0,0.0,1.0,0.0,0.0,0.05255555555560123,0.05255555555560123,0.0,0.0,1.0
3,39,28,0.0,0.06100000000014916,0.0,0.06100000000014916,0.0,0.0,1.0,0.0,0.0,0.13966666666659774,0.13966666666659774,0.0,0.0,1.0
3,39,29,0.0,0.5189999999997781,0.0,0.5189999999997781,0.0,0.0,1.0,0.0,0.0,0.1443333333334067,0.1443333333334067,0.0,0.0,1.0
3,39,30,0.0,0.07000000000061846,0.0,0.07000000000061846,0.0,0.0,1.0,0.0,0.0,0.17566666666673178,0.17566666666673178,0.0,0.0,1.0
3,39,31,0.0,0.3209999999999127,0.0,0.3209999999999127,0.0,0.0,1.0,0.0,0.0,0.08600000000006325,0.08600000000006325,0.0,0.0,1.0
3,39,35,0.0,0.3779999999997017,0.0,0.3779999999997017,0.0,0.0,1.0,0.0,0.0,0.12177777777782868,0.12177777777782868,0.0,0.0,1.0
3,39,37,0.0,0.32999999999992724,0.0,0.32999999999992724,0.0,0.0,1.0,0.0,0.0,0.14566666666660744,0.14566666666660744,0.0,0.0,1.0
3,39,38,0.0,0.27899999999999636,0.0,0.27899999999999636,0.0,0.0,1.0,0.0,0.0,0.13322222222215407,0.13322222222215407,0.0,0.0,1.0
3,39,40,0.0,0.28099999999994907,0.0,0.28099999999994907,0.0,0.0,1.0,0.0,0.0,0.06444444444443634,0.06444444444443634,0.0,0.0,1.0
3,39,42,0.0,0.17899999999985994,0.0,0.17899999999985994,0.0,0.0,1.0,0.0,0.0,0.05888888888888583,0.05888888888888583,0.0,0.0,1.0
3,39,44,0.0,0.03000000000020009,0.0,0.03000000000020009,0.0,0.0,1.0,0.0,0.0,0.006555555555577366,0.006555555555577366,0.0,0.0,1.0
3,40,0,0.17099999999982174,0.0,0.0,0.17099999999982174,1.0,0.0,0.0,0.0598333333333206,0.026833333333343035,0.03683333333333394,0.12349999999999758,0.4844804318487593,0.21727395411614217,0.29824561403509847
3,40,9,0.0,0.01099999999951251,0.0,0.01099999999951251,0.0,0.0,1.0,0.0,0.0,0.012222222222185842,0.012222222222185842,0.0,0.0,1.0
3,40,10,0.0,0.09900000000016007,0.0,0.09900000000016007,0.0,0.0,1.0,0.0,0.0,0.018888888888896973,0.018888888888896973,0.0,0.0,1.0
3,40,11,0.0,0.06000000000040018,0.0,0.06000000000040018,0.0,0.0,1.0,0.0,0.0,0.027666666666644028,0.027666666666644028,0.0,0.0,1.0
3,40,12,0.0,0.08999999999923602,0.0,0.08999999999923602,0.0,0.0,1.0,0.0,0.0,0.02011111111106503,0.02011111111106503,0.0,0.0,1.0
3,40,13,0.0,0.03099999999994907,0.0,0.03099999999994907,0.0,0.0,1.0,0.0,0.0,0.014444444444355517,0.014444444444355517,0.0,0.0,1.0
3,40,14,0.0,0.009000000000014552,0.0,0.009000000000014552,0.0,0.0,1.0,0.0,0.0,0.055777777777722,0.055777777777722,0.0,0.0,1.0
3,40,15,0.0,0.2899999999999636,0.0,0.2899999999999636,0.0,0.0,1.0,0.0,0.0,0.061999999999999195,0.061999999999999195,0.0,0.0,1.0
3,40,16,0.0,0.08700000000044383,0.0,0.08700000000044383,0.0,0.0,1.0,0.0,0.0,0.06677777777773979,0.06677777777773979,0.0,0.0,1.0
3,40,17,0.0,0.042999999999665306,0.0,0.042999999999665306,0.0,0.0,1.0,0.0,0.0,0.02333333333343843,0.02333333333343843,0.0,0.0,1.0
3,40,18,0.0,0.06000000000130967,0.0,0.06000000000130967,0.0,0.0,1.0,0.0,0.0,0.03677777777779233,0.03677777777779233,0.0,0.0,1.0
3,40,19,0.0,0.027999999999337888,0.0,0.027999999999337888,0.0,0.0,1.0,0.0,0.0,0.04311111111120327,0.04311111111120327,0.0,0.0,1.0
3,40,20,0.0,0.020000000000436557,0.0,0.020000000000436557,0.0,0.0,1.0,0.0,0.0,0.04199999999996685,0.04199999999996685,0.0,0.0,1.0
3,40,21,0.0,0.01099999999951251,0.0,0.01099999999951251,0.0,0.0,1.0,0.0,0.0,0.022222222222303065,0.022222222222303065,0.0,0.0,1.0
3,40,22,0.0,0.01900000000023283,0.0,0.01900000000023283,0.0,0.0,1.0,0.0,0.0,0.015777777777758375,0.015777777777758375,0.0,0.0,1.0
3,40,23,0.0,0.021000000000640284,0.0,0.021000000000640284,0.0,0.0,1.0,0.0,0.0,0.012111111111052094,0.012111111111052094,0.0,0.0,1.0
3,40,24,0.0,0.018999999999323336,0.0,0.018999999999323336,0.0,0.0,1.0,0.0,0.0,0.010888888888782984,0.010888888888782984,0.0,0.0,1.0
3,40,25,0.0,0.009000000000014552,0.0,0.009000000000014552,0.0,0.0,1.0,0.0,0.0,0.009888888888882421,0.009888888888882421,0.0,0.0,1.0
3,40,26,0.0,0.021000000000640284,0.0,0.021000000000640284,0.0,0.0,1.0,0.0,0.0,0.011111111111151532,0.011111111111151532,0.0,0.0,1.0
3,40,27,0.0,0.011999999999716238,0.0,0.011999999999716238,0.0,0.0,1.0,0.0,0.0,0.016888888888919002,0.016888888888919002,0.0,0.0,1.0
3,40,29,0.0,0.21899999999982356,0.0,0.21899999999982356,0.0,0.0,1.0,0.0,0.0,0.10466666666669273,0.10466666666669273,0.0,0.0,1.0
3,40,35,0.0,0.2220000000006621,0.0,0.2220000000006621,0.0,0.0,1.0,0.0,0.0,0.17899999999988522,0.17899999999988522,0.0,0.0,1.0
3,40,36,0.0,0.11200000000008004,0.0,0.11200000000008004,0.0,0.0,1.0,0.0,0.0,0.2155555555555111,0.2155555555555111,0.0,0.0,1.0
3,40,37,0.0,0.057999999999992724,0.0,0.057999999999992724,0.0,0.0,1.0,0.0,0.0,0.1764444444443901,0.1764444444443901,0.0,0.0,1.0
3,40,38,0.0,0.17200000000002547,0.0,0.17200000000002547,0.0,0.0,1.0,0.0,0.0,0.12644444444441028,0.12644444444441028,0.0,0.0,1.0
3,40,40,0.0,0.17099999999982174,0.0,0.17099999999982174,0.0,0.0,1.0,0.0,0.0,0.08988888888891071,0.08988888888891071,0.0,0.0,1.0
3,40,42,0.0,0.17200000000002547,0.0,0.17200000000002547,0.0,0.0,1.0,0.0,0.0,0.07444444444445251,0.07444444444445251,0.0,0.0,1.0
3,40,44,0.0,0.028999999999996362,0.0,0.028999999999996362,0.0,0.0,1.0,0.0,0.0,0.014444444444456554,0.014444444444456554,0.0,0.0,1.0
3,41,0,0.08800000000019281,0.22100000000000364,0.0,0.30900000000019645,0.2847896440133879,0.0,0.7152103559866121,0.10633333333339579,0.0,0.03683333333333394,0.14316666666672972,0.7427240977882348,0.0,0.25727590221176516
3,41,15,0.0,0.17199999999957072,0.0,0.17199999999957072,0.0,0.0,1.0,0.0,0.010000000000016168,0.08544444444447032,0.09544444444448648,0.0,0.10477299185111277,0.8952270081488872
3,41,17,0.0,0.009000000000014552,0.0,0.009000000000014552,0.0,0.0,1.0,0.0,0.0,0.027444444444679698,0.027444444444679698,0.0,0.0,1.0
3,41,28,0.0,0.009999999999990905,0.0,0.009999999999990905,0.0,0.0,1.0,0.0,0.0,0.034666666666579554,0.034666666666579554,0.0,0.0,1.0
3,41,29,0.0,0.05100000000015825,0.0,0.05100000000015825,0.0,0.0,1.0,0.0,0.0,0.03688888888885029,0.03688888888885029,0.0,0.0,1.0
3,41,30,0.0,0.011999999999716238,0.0,0.011999999999716238,0.0,0.0,1.0,0.0,0.0,0.03477777777773857,0.03477777777773857,0.0,0.0,1.0
3,41,34,0.0,0.058999999999286956,0.0,0.058999999999286956,0.0,0.0,1.0,0.0,0.0,0.17022222222223918,0.17022222222223918,0.0,0.0,1.0
3,41,35,0.0,0.501999999999498,0.0,0.501999999999498,0.0,0.0,1.0,0.0,0.0,0.2560000000000097,0.2560000000000097,0.0,0.0,1.0
3,41,36,0.0,0.33799999999973807,0.0,0.33799999999973807,0.0,0.0,1.0,0.0,0.0,0.19800000000001697,0.19800000000001697,0.0,0.0,1.0
3,41,38,0.0,0.2989999999997508,0.0,0.2989999999997508,0.0,0.0,1.0,0.0,0.0,0.0964444444444376,0.0964444444444376,0.0,0.0,1.0
3,41,40,0.0,0.34700000000020736,0.0,0.34700000000020736,0.0,0.0,1.0,0.0,0.0,0.08977777777782751,0.08977777777782751,0.0,0.0,1.0
3,41,41,0.0,0.010000000000218279,0.0,0.010000000000218279,0.0,0.0,1.0,0.0,0.0,0.16655555555560872,0.16655555555560872,0.0,0.0,1.0
3,41,42,0.0,0.28899999999998727,0.0,0.28899999999998727,0.0,0.0,1.0,0.0,0.0,0.08011111111113679,0.08011111111113679,0.0,0.0,1.0
3,41,43,0.0,0.01999999999998181,0.0,0.01999999999998181,0.0,0.0,1.0,0.0,0.0,0.08788888888888224,0.08788888888888224,0.0,0.0,1.0
3,41,44,0.0,0.05099999999993088,0.0,0.05099999999993088,0.0,0.0,1.0,0.0,0.0,0.011111111111101024,0.011111111111101024,0.0,0.0,1.0
3,42,0,0.37900000000036016,0.0,0.0,0.37900000000036016,1.0,0.0,0.0,0.14933333333344004,0.011833333333318782,0.03683333333333394,0.19800000000009277,0.7542087542089397,0.059764309764208275,0.18602693602685194
3,42,15,0.0,0.18099999999958527,0.09000000000014552,0.2709999999997308,0.0,0.3321033210340772,0.6678966789659228,0.0,0.04877777777781173,0.04611111111110707,0.0948888888889188,0.0,0.5140515222484393,0.48594847775156064
3,42,16,0.0,0.030000000000654836,0.0,0.030000000000654836,0.0,0.0,1.0,0.0,0.04877777777781173,0.048333333333276746,0.09711111111108847,0.0,0.5022883295199175,0.4977116704800825
3,42,17,0.0,0.01099999999951251,0.0,0.01099999999951251,0.0,0.0,1.0,0.0,0.0,0.006333333333410944,0.006333333333410944,0.0,0.0,1.0
3,42,18,0.0,0.007000000000516593,0.0,0.007000000000516593,0.0,0.0,1.0,0.0,0.0,0.004222222222172907,0.004222222222172907,0.0,0.0,1.0
3,42,19,0.0,0.01099999999951251,0.0,0.01099999999951251,0.0,0.0,1.0,0.0,0.0,0.004333333333407709,0.004333333333407709,0.0,0.0,1.0
3,42,20,0.0,0.021000000000640284,0.0,0.021000000000640284,0.0,0.0,1.0,0.0,0.0,0.0046666666666068425,0.0046666666666068425,0.0,0.0,1.0
3,42,21,0.0,0.009999999999308784,0.0,0.009999999999308784,0.0,0.0,1.0,0.0,0.0,0.004555555555574149,0.004555555555574149,0.0,0.0,1.0
3,42,22,0.0,0.010000000000218279,0.0,0.010000000000218279,0.0,0.0,1.0,0.0,0.0,0.0034444444444387853,0.0034444444444387853,0.0,0.0,1.0
3,42,23,0.0,0.011000000000422006,0.0,0.011000000000422006,0.0,0.0,1.0,0.0,0.0,0.003333333333406093,0.003333333333406093,0.0,0.0,1.0
3,42,24,0.0,0.009000000000014552,0.0,0.009000000000014552,0.0,0.0,1.0,0.0,0.0,0.0033333333333050376,0.0033333333333050376,0.0,0.0,1.0
3,42,25,0.0,0.009999999999308784,0.0,0.009999999999308784,0.0,0.0,1.0,0.0,0.0,0.003111111111037543,0.003111111111037543,0.0,0.0,1.0
3,42,26,0.0,0.009000000000014552,0.0,0.009000000000014552,0.0,0.0,1.0,0.0,0.0,0.002111111111035926,0.002111111111035926,0.0,0.0,1.0
3,42,28,0.0,0.009000000000014552,0.0,0.009000000000014552,0.0,0.0,1.0,0.0,0.0,0.008999999999964025,0.008999999999964025,0.0,0.0,1.0
3,42,29,0.0,0.01099999999951251,0.0,0.01099999999951251,0.0,0.0,1.0,0.0,0.0,0.012555555555536557,0.012555555555536557,0.0,0.0,1.0
3,42,30,0.0,0.020000000000436557,0.0,0.020000000000436557,0.0,0.0,1.0,0.0,0.0,0.010444444444424841,0.010444444444424841,0.0,0.0,1.0
3,42,32,0.0,0.011000000000422006,0.0,0.011000000000422006,0.0,0.0,1.0,0.0,0.0,0.0022222222222707286,0.0022222222222707286,0.0,0.0,1.0
3,42,33,0.0,0.009000000000014552,0.0,0.009000000000014552,0.0,0.0,1.0,0.0,0.0,0.09111111111117982,0.09111111111117982,0.0,0.0,1.0
3,42,34,0.0,0.5210000000006403,0.0,0.5210000000006403,0.0,0.0,1.0,0.0,0.0,0.16999999999997173,0.16999999999997173,0.0,0.0,1.0
3,42,35,0.0,0.21900000000005093,0.0,0.21900000000005093,0.0,0.0,1.0,0.0,0.0,0.2691111111110634,0.2691111111110634,0.0,0.0,1.0
3,42,36,0.0,0.33100000000013097,0.0,0.33100000000013097,0.0,0.0,1.0,0.0,0.0,0.18022222222215434,0.18022222222215434,0.0,0.0,1.0
3,42,38,0.0,0.33900000000016917,0.0,0.33900000000016917,0.0,0.0,1.0,0.0,0.0,0.10422222222220827,0.10422222222220827,0.0,0.0,1.0
3,42,40,0.0,0.2800000000002001,0.0,0.2800000000002001,0.0,0.0,1.0,0.0,0.0,0.11011111111116001,0.11011111111116001,0.0,0.0,1.0
3,42,42,0.0,0.2300000000000182,0.0,0.2300000000000182,0.0,0.0,1.0,0.0,0.0,0.07422222222226083,0.07422222222226083,0.0,0.0,1.0
3,43,0,0.4290000000000873,0.0,0.07099999999991269,0.5,0.8580000000001746,0.14199999999982538,0.0,0.24016666666670972,0.018166666666653935,0.0,0.25833333333336367,0.9296774193548962,0.07032258064510374,0.0
3,43,15,0.0,0.032000000000152795,0.34900000000016007,0.38100000000031287,0.0,0.916010498687332,0.08398950131266802,0.0,0.04877777777781173,0.027000000000043656,0.07577777777785538,0.0,0.6436950146625455,0.35630498533745464
3,43,34,0.0,0.22000000000025466,0.0,0.22000000000025466,0.0,0.0,1.0,0.0,0.0,0.1944444444444697,0.1944444444444697,0.0,0.0,1.0
3,43,36,0.0,0.2319999999999709,0.0,0.2319999999999709,0.0,0.0,1.0,0.0,0.0,0.13844444444450546,0.13844444444450546,0.0,0.0,1.0
3,43,38,0.0,0.27099999999995816,0.0,0.27099999999995816,0.0,0.0,1.0,0.0,0.0,0.10211111111112181,0.10211111111112181,0.0,0.0,1.0
3,43,39,0.0,0.028999999999996362,0.0,0.028999999999996362,0.0,0.0,1.0,0.0,0.0,0.19344444444446807,0.19344444444446807,0.0,0.0,1.0
3,43,40,0.0,0.22299999999972897,0.0,0.22299999999972897,0.0,0.0,1.0,0.0,0.0,0.10722222222223839,0.10722222222223839,0.0,0.0,1.0
3,43,41,0.0,0.10200000000008913,0.0,0.10200000000008913,0.0,0.0,1.0,0.0,0.0,0.15811111111113657,0.15811111111113657,0.0,0.0,1.0
3,43,42,0.0,0.01700000000005275,0.0,0.01700000000005275,0.0,0.0,1.0,0.0,0.0,0.06544444444446323,0.06544444444446323,0.0,0.0,1.0
3,43,47,0.0,0.10999999999967258,0.0,0.10999999999967258,0.0,0.0,1.0,0.0,0.0,0.04888888888884443,0.04888888888884443,0.0,0.0,1.0
3,44,0,0.6329999999998108,0.0,0.038000000000010914,0.6709999999998217,0.9433681073025022,0.05663189269749778,0.0,0.3153333333333421,0.025833333333328785,0.022166666666635138,0.36333333333330603,0.8678899082569701,0.07110091743118549,0.06100917431184441
3,44,29,0.0,0.009000000000014552,0.0,0.009000000000014552,0.0,0.0,1.0,0.0,0.0,0.015444444444483446,0.015444444444483446,0.0,0.0,1.0
3,44,30,0.0,0.031000000000176442,0.0,0.031000000000176442,0.0,0.0,1.0,0.0,0.0,0.01633333333337658,0.01633333333337658,0.0,0.0,1.0
3,44,31,0.0,0.02800000000002001,0.0,0.02800000000002001,0.0,0.0,1.0,0.0,0.0,0.017555555555670954,0.017555555555670954,0.0,0.0,1.0
3,44,32,0.0,0.04099999999993997,0.0,0.04099999999993997,0.0,0.0,1.0,0.0,0.0,0.016444444444434537,0.016444444444434537,0.0,0.0,1.0
3,44,33,0.0,0.01999999999998181,0.0,0.01999999999998181,0.0,0.0,1.0,0.0,0.0,0.13255555555540213,0.13255555555540213,0.0,0.0,1.0
3,44,34,0.0,0.7049999999992451,0.0,0.7049999999992451,0.0,0.0,1.0,0.0,0.0,0.13566666666661653,0.13566666666661653,0.0,0.0,1.0
3,44,35,0.0,0.05600000000004002,0.0,0.05600000000004002,0.0,0.0,1.0,0.0,0.0,0.21088888888882842,0.21088888888882842,0.0,0.0,1.0
3,44,36,0.0,0.3960000000004129,0.0,0.3960000000004129,0.0,0.0,1.0,0.0,0.0,0.09322222222229153,0.09322222222229153,0.0,0.0,1.0
3,44,37,0.0,0.011999999999943611,0.0,0.011999999999943611,0.0,0.0,1.0,0.0,0.0,0.18699999999994868,0.18699999999994868,0.0,0.0,1.0
3,44,38,0.0,0.2680000000000291,0.0,0.2680000000000291,0.0,0.0,1.0,0.0,0.0,0.10922222222219109,0.10922222222219109,0.0,0.0,1.0
3,44,40,0.0,0.33100000000013097,0.0,0.33100000000013097,0.0,0.0,1.0,0.0,0.0,0.11277777777776361,0.11277777777776361,0.0,0.0,1.0
3,44,42,0.0,0.2400000000000091,0.0,0.2400000000000091,0.0,0.0,1.0,0.0,0.0,0.07688888888888967,0.07688888888888967,0.0,0.0,1.0
3,44,47,0.0,0.32999999999992724,0.0,0.32999999999992724,0.0,0.0,1.0,0.0,0.0,0.08000000000002828,0.08000000000002828,0.0,0.0,1.0
3,44,58,0.0,0.021000000000185537,0.0,0.021000000000185537,0.0,0.0,1.0,0.0,0.0,0.007555555555528455,0.007555555555528455,0.0,0.0,1.0
3,44,60,0.0,0.04100000000016735,0.0,0.04100000000016735,0.0,0.0,1.0,0.0,0.0,0.05222222222219997,0.05222222222219997,0.0,0.0,1.0
3,45,0,0.8009999999999309,0.12399999999979627,0.04600000000004911,0.9709999999997763,0.8249227600413135,0.04737384140067941,0.12770339855800705,0.24383333333332757,0.014000000000010004,0.022166666666635138,0.2799999999999727,0.8708333333333976,0.0500000000000406,0.07916666666656177
3,45,1,0.029000000000223736,0.009000000000014552,0.0,0.03800000000023829,0.7631578947379444,0.0,0.23684210526205568,0.20488888888886927,0.009333333333340002,0.014777777777756759,0.22899999999996604,0.8947113051917016,0.0407569141193947,0.06453178068890371
3,45,2,0.3809999999998581,0.0,0.0,0.3809999999998581,1.0,0.0,0.0,0.04877777777778647,0.0,0.0021111111111117176,0.050888888888898184,0.9585152838427905,0.0,0.041484716157209583
3,45,3,0.028999999999996362,0.009999999999990905,0.0,0.03899999999998727,0.743589743589893,0.0,0.2564102564101069,0.047999999999976554,0.0,0.0011111111111101006,0.04911111111108665,0.9773755656108691,0.0,0.022624434389130962
3,45,4,0.021999999999934516,0.0,0.0,0.021999999999934516,1.0,0.0,0.0,0.01777777777778687,0.0,0.0011111111111101006,0.018888888888896973,0.9411764705883139,0.0,0.05882352941168603
3,45,5,0.10900000000015098,0.0,0.0,0.10900000000015098,1.0,0.0,0.0,0.01555555555556667,0.0,0.001000000000001617,0.016555555555568285,0.9395973154361904,0.0,0.060402684563809615
3,45,6,0.009000000000014552,0.009000000000014552,0.0,0.018000000000029104,0.5,0.0,0.5,0.01555555555556667,0.0,0.001000000000001617,0.016555555555568285,0.9395973154361904,0.0,0.060402684563809615
3,45,7,0.021999999999934516,0.0,0.0,0.021999999999934516,1.0,0.0,0.0,0.0044444444444404025,0.0,0.001000000000001617,0.005444444444442019,0.8163265306118661,0.0,0.18367346938813392
3,45,8,0.009000000000014552,0.0,0.0,0.009000000000014552,1.0,0.0,0.0,0.008999999999989287,0.0,0.001222222222243848,0.010222222222233136,0.8804347826067077,0.0,0.11956521739329225
3,45,9,0.049999999999954525,0.011000000000194632,0.0,0.06100000000014916,0.8196721311447912,0.0,0.18032786885520877,0.009888888888882421,0.0,0.003555555555572533,0.013444444444454954,0.7355371900815886,0.0,0.2644628099184114
3,45,10,0.019000000000005457,0.020999999999958163,0.0,0.03999999999996362,0.4750000000005684,0.0,0.5249999999994316,0.013222222222212724,0.012000000000019403,0.010444444444450104,0.03566666666668223,0.37071651090299873,0.33644859813123834,0.292834890965763
3,45,11,0.0,0.06199999999989814,0.07600000000002183,0.13799999999991996,0.0,0.550724637681637,0.449275362318363,0.007666666666662221,0.012000000000019403,0.009222222222206256,0.02888888888888788,0.2653846153844708,0.4153846153853015,0.3192307692302277
3,45,14,0.0,0.10000000000013642,0.0,0.10000000000013642,0.0,0.0,1.0,0.0,0.0,0.014555555555565055,0.014555555555565055,0.0,0.0,1.0
3,45,15,0.0,0.03099999999994907,0.0,0.03099999999994907,0.0,0.0,1.0,0.0,0.0,0.028999999999920572,0.028999999999920572,0.0,0.0,1.0
3,45,16,0.0,0.12999999999919964,0.0,0.12999999999919964,0.0,0.0,1.0,0.0,0.0,0.01999999999993128,0.01999999999993128,0.0,0.0,1.0
3,45,17,0.0,0.01900000000023283,0.0,0.01900000000023283,0.0,0.0,1.0,0.0,0.0,0.0198888888888228,0.0198888888888228,0.0,0.0,1.0
3,45,18,0.0,0.029999999999972715,0.0,0.029999999999972715,0.0,0.0,1.0,0.0,0.0,0.006333333333335152,0.006333333333335152,0.0,0.0,1.0
3,45,19,0.0,0.007999999999810825,0.0,0.007999999999810825,0.0,0.0,1.0,0.0,0.0,0.00733333333333677,0.00733333333333677,0.0,0.0,1.0
3,45,20,0.0,0.028000000000247383,0.0,0.028000000000247383,0.0,0.0,1.0,0.0,0.0,0.005000000000008085,0.005000000000008085,0.0,0.0,1.0
3,45,21,0.0,0.009000000000014552,0.0,0.009000000000014552,0.0,0.0,1.0,0.0,0.0,0.006888888888902835,0.006888888888902835,0.0,0.0,1.0
3,45,22,0.0,0.024999999999863576,0.0,0.024999999999863576,0.0,0.0,1.0,0.0,0.0,0.01511111111108221,0.01511111111108221,0.0,0.0,1.0
3,45,23,0.0,0.10199999999986176,0.0,0.10199999999986176,0.0,0.0,1.0,0.0,0.0,0.023555555555529083,0.023555555555529083,0.0,0.0,1.0
3,45,24,0.0,0.08500000000003638,0.0,0.08500000000003638,0.0,0.0,1.0,0.0,0.0,0.027777777777803048,0.027777777777803048,0.0,0.0,1.0
3,45,25,0.0,0.06300000000032924,0.0,0.06300000000032924,0.0,0.0,1.0,0.0,0.0,0.020888888888849683,0.020888888888849683,0.0,0.0,1.0
3,45,26,0.0,0.0399999999992815,0.0,0.0399999999992815,0.0,0.0,1.0,0.0,0.0,0.05077777777781497,0.05077777777781497,0.0,0.0,1.0
3,45,27,0.0,0.35400000000072396,0.0,0.35400000000072396,0.0,0.0,1.0,0.0,0.0,0.0470000000000002,0.0470000000000002,0.0,0.0,1.0
3,45,28,0.0,0.028999999999996362,0.0,0.028999999999996362,0.0,0.0,1.0,0.0,0.0,0.04788888888889333,0.04788888888889333,0.0,0.0,1.0
3,45,29,0.0,0.038999999999305146,0.0,0.038999999999305146,0.0,0.0,1.0,0.0,0.0,0.015444444444483446,0.015444444444483446,0.0,0.0,1.0
3,45,30,0.0,0.031000000000858563,0.0,0.031000000000858563,0.0,0.0,1.0,0.0,0.0,0.01633333333337658,0.01633333333337658,0.0,0.0,1.0
3,45,31,0.0,0.009000000000014552,0.0,0.009000000000014552,0.0,0.0,1.0,0.0,0.0,0.017555555555670954,0.017555555555670954,0.0,0.0,1.0
3,45,32,0.0,0.018000000000029104,0.0,0.018000000000029104,0.0,0.0,1.0,0.0,0.0,0.016444444444434537,0.016444444444434537,0.0,0.0,1.0
3,45,33,0.0,0.03199999999992542,0.0,0.03199999999992542,0.0,0.0,1.0,0.0,0.0,0.1081111111109294,0.1081111111109294,0.0,0.0,1.0
3,45,34,0.0,0.1569999999992433,0.0,0.1569999999992433,0.0,0.0,1.0,0.0,0.0,0.11122222222214379,0.11122222222214379,0.0,0.0,1.0
3,45,35,0.0,0.031000000000858563,0.0,0.031000000000858563,0.0,0.0,1.0,0.0,0.0,0.16299999999990986,0.16299999999990986,0.0,0.0,1.0
3,45,36,0.0,0.10099999999943066,0.0,0.10099999999943066,0.0,0.0,1.0,0.0,0.0,0.0730000000000675,0.0730000000000675,0.0,0.0,1.0
3,45,37,0.0,0.010999999999967258,0.0,0.010999999999967258,0.0,0.0,1.0,0.0,0.0,0.15655555555551673,0.15655555555551673,0.0,0.0,1.0
3,45,38,0.0,0.3919999999998254,0.0,0.3919999999998254,0.0,0.0,1.0,0.0,0.0,0.0989999999999832,0.0989999999999832,0.0,0.0,1.0
3,45,40,0.0,0.32999999999992724,0.0,0.32999999999992724,0.0,0.0,1.0,0.0,0.0,0.09333333333334948,0.09333333333334948,0.0,0.0,1.0
3,45,42,0.0,0.3329999999998563,0.0,0.3329999999998563,0.0,0.0,1.0,0.0,0.0,0.08355555555555028,0.08355555555555028,0.0,0.0,1.0
3,45,47,0.0,0.28000000000065484,0.0,0.28000000000065484,0.0,0.0,1.0,0.0,0.0,0.08777777777777372,0.08777777777777372,0.0,0.0,1.0
3,45,50,0.0,0.010000000000218279,0.0,0.010000000000218279,0.0,0.0,1.0,0.0,0.0,0.008888888888880786,0.008888888888880786,0.0,0.0,1.0
3,45,58,0.0,0.009000000000014552,0.0,0.009000000000014552,0.0,0.0,1.0,0.0,0.0,0.007555555555528455,0.007555555555528455,0.0,0.0,1.0
3,45,59,0.0,0.03799999999955617,0.0,0.03799999999955617,0.0,0.0,1.0,0.0,0.0,0.07777777777780807,0.07777777777780807,0.0,0.0,1.0
3,45,60,0.0,0.3910000000000764,0.0,0.3910000000000764,0.0,0.0,1.0,0.0,0.0,0.07444444444445251,0.07444444444445251,0.0,0.0,1.0
3,46,10,0.010999999999967258,0.0,0.0,0.010999999999967258,1.0,0.0,0.0,0.013222222222212724,0.012000000000019403,0.010444444444450104,0.03566666666668223,0.37071651090299873,0.33644859813123834,0.292834890965763
3,46,11,0.03899999999998727,0.0,0.032000000000152795,0.07100000000014006,0.5492957746466244,0.4507042253533756,0.0,0.007666666666662221,0.012000000000019403,0.010333333333316356,0.02999999999999798,0.2555555555554246,0.4000000000006737,0.3444444444439017
3,46,36,0.0,0.020999999999958163,0.0,0.020999999999958163,0.0,0.0,1.0,0.0,0.0,0.037000000000059825,0.037000000000059825,0.0,0.0,1.0
3,46,37,0.0,0.028999999999996362,0.0,0.028999999999996362,0.0,0.0,1.0,0.0,0.0,0.08655555555545409,0.08655555555545409,0.0,0.0,1.0
3,46,38,0.0,0.1790000000000873,0.0,0.1790000000000873,0.0,0.0,1.0,0.0,0.0,0.06977777777774462,0.06977777777774462,0.0,0.0,1.0
3,46,40,0.0,0.1790000000000873,0.0,0.1790000000000873,0.0,0.0,1.0,0.0,0.0,0.08777777777777374,0.08777777777777374,0.0,0.0,1.0
3,46,42,0.0,0.1790000000000873,0.0,0.1790000000000873,0.0,0.0,1.0,0.0,0.0,0.0879999999999907,0.0879999999999907,0.0,0.0,1.0
3,46,47,0.0,0.17999999999938154,0.0,0.17999999999938154,0.0,0.0,1.0,0.0,0.0,0.07666666666672325,0.07666666666672325,0.0,0.0,1.0
3,46,50,0.0,0.06999999999970896,0.0,0.06999999999970896,0.0,0.0,1.0,0.0,0.0,0.046666666666674746,0.046666666666674746,0.0,0.0,1.0
3,46,60,0.0,0.20000000000027285,0.0,0.20000000000027285,0.0,0.0,1.0,0.0,0.0,0.06988888888887838,0.06988888888887838,0.0,0.0,1.0
3,47,0,0.0,0.0,0.028999999999996362,0.028999999999996362,0.0,1.0,0.0,0.04716666666672609,0.016666666666613615,0.0068333333333612245,0.07066666666670093,0.6674528301891964,0.2358490566029085,0.09669811320789497
3,47,1,0.0,0.0,0.020999999999958163,0.020999999999958163,0.0,1.0,0.0,0.032222222222268705,0.011111111111075744,0.004555555555574149,0.0478888888889186,0.6728538283068176,0.2320185614840363,0.09512761020914595
3,47,3,0.0,0.0,0.011999999999943611,0.011999999999943611,0.0,1.0,0.0,0.02833333333334546,0.04266666666664303,0.0041111111110896876,0.07511111111107818,0.37721893491156944,0.5680473372780409,0.05473372781038966
3,47,4,0.0,0.016000000000076398,0.0,0.016000000000076398,0.0,0.0,1.0,0.02755555555556081,0.04266666666664303,0.006111111111092921,0.07633333333329675,0.360989810771712,0.5589519650654604,0.08005822416282772
3,47,5,0.0,0.010999999999967258,0.0,0.010999999999967258,0.0,0.0,1.0,0.0,0.0,0.00622222222222667,0.00622222222222667,0.0,0.0,1.0
3,47,6,0.0,0.010999999999967258,0.0,0.010999999999967258,0.0,0.0,1.0,0.0,0.0012222222222185934,0.006555555555552119,0.007777777777770713,0.0,0.15714285714253332,0.8428571428574666
3,47,7,0.0,0.019000000000005457,0.0,0.019000000000005457,0.0,0.0,1.0,0.0,0.004555555555574159,0.007666666666687483,0.012222222222261641,0.0,0.3727272727275927,0.6272727272724073
3,47,8,0.0,0.009999999999990905,0.0,0.009999999999990905,0.0,0.0,1.0,0.0,0.01677777777776,0.008111111111171946,0.024888888888931947,0.0,0.6741071428552623,0.3258928571447376
3,47,12,0.0,0.009999999999990905,0.0,0.009999999999990905,0.0,0.0,1.0,0.0043333333333319185,0.028111111111077974,0.005777777777767471,0.03822222222217737,0.11337209302335184,0.735465116279066,0.15116279069758215
3,47,13,0.0,0.020999999999958163,0.0,0.020999999999958163,0.0,0.0,1.0,0.0,0.025555555555557583,0.010111111111124654,0.03566666666668224,0.0,0.7165109034265353,0.28348909657346466
3,47,14,0.0,0.008000000000038199,0.0,0.008000000000038199,0.0,0.0,1.0,0.0,0.012333333333319598,0.016777777777785257,0.029111111111104856,0.0,0.42366412213702376,0.5763358778629761
3,47,15,0.0,0.03199999999992542,0.0,0.03199999999992542,0.0,0.0,1.0,0.0,0.003444444444489322,0.03199999999997596,0.03544444444446528,0.0,0.09717868338678895,0.902821316613211
3,47,16,0.0,0.02800000000002001,0.0,0.02800000000002001,0.0,0.0,1.0,0.0,0.0,0.03133333333327452,0.03133333333327452,0.0,0.0,1.0
3,47,17,0.0,0.03199999999992542,0.0,0.03199999999992542,0.0,0.0,1.0,0.0,0.0,0.027444444444427063,0.027444444444427063,0.0,0.0,1.0
3,47,18,0.0,0.01999999999998181,0.0,0.01999999999998181,0.0,0.0,1.0,0.0,0.0,0.012333333333344855,0.012333333333344855,0.0,0.0,1.0
3,47,19,0.0,0.012000000000170985,0.0,0.012000000000170985,0.0,0.0,1.0,0.0,0.0,0.013888888888939419,0.013888888888939419,0.0,0.0,1.0
3,47,20,0.0,0.016999999999825377,0.0,0.016999999999825377,0.0,0.0,1.0,0.0,0.0,0.01088888888888404,0.01088888888888404,0.0,0.0,1.0
3,47,21,0.0,0.009000000000014552,0.0,0.009000000000014552,0.0,0.0,1.0,0.0,0.0,0.010777777777775556,0.010777777777775556,0.0,0.0,1.0
3,47,22,0.0,0.009999999999990905,0.0,0.009999999999990905,0.0,0.0,1.0,0.0,0.0,0.010333333333341624,0.010333333333341624,0.0,0.0,1.0
3,47,23,0.0,0.032000000000152795,0.0,0.032000000000152795,0.0,0.0,1.0,0.0,0.0,0.011555555555610735,0.011555555555610735,0.0,0.0,1.0
3,47,24,0.0,0.009000000000014552,0.0,0.009000000000014552,0.0,0.0,1.0,0.0,0.0,0.013888888888914154,0.013888888888914154,0.0,0.0,1.0
3,47,25,0.0,0.02299999999991087,0.0,0.02299999999991087,0.0,0.0,1.0,0.0,0.0,0.01077777777780082,0.01077777777780082,0.0,0.0,1.0
3,47,26,0.0,0.01700000000005275,0.0,0.01700000000005275,0.0,0.0,1.0,0.0,0.0,0.009666666666665456,0.009666666666665456,0.0,0.0,1.0
3,47,27,0.0,0.009000000000014552,0.0,0.009000000000014552,0.0,0.0,1.0,0.0,0.0,0.007333333333362036,0.007333333333362036,0.0,0.0,1.0
3,47,28,0.0,0.009999999999990905,0.0,0.009999999999990905,0.0,0.0,1.0,0.0,0.0,0.00799999999996241,0.00799999999996241,0.0,0.0,1.0
3,47,29,0.0,0.020999999999958163,0.0,0.020999999999958163,0.0,0.0,1.0,0.0,0.0,0.008666666666588047,0.008666666666588047,0.0,0.0,1.0
3,47,30,0.0,0.025999999999612555,0.0,0.025999999999612555,0.0,0.0,1.0,0.0,0.0,0.008666666666588047,0.008666666666588047,0.0,0.0,1.0
3,47,31,0.0,0.011999999999943611,0.0,0.011999999999943611,0.0,0.0,1.0,0.0,0.0,0.006555555555501594,0.006555555555501594,0.0,0.0,1.0
3,47,32,0.0,0.011999999999943611,0.0,0.011999999999943611,0.0,0.0,1.0,0.0,0.0,0.008000000000012936,0.008000000000012936,0.0,0.0,1.0
3,47,33,0.0,0.028000000000247383,0.0,0.028000000000247383,0.0,0.0,1.0,0.0,0.0,0.010333333333366885,0.010333333333366885,0.0,0.0,1.0
3,47,34,0.0,0.03199999999992542,0.0,0.03199999999992542,0.0,0.0,1.0,0.0,0.0,0.02033333333340832,0.02033333333340832,0.0,0.0,1.0
3,47,35,0.0,0.1020000000003165,0.0,0.1020000000003165,0.0,0.0,1.0,0.0,0.0,0.02155555555560164,0.02155555555560164,0.0,0.0,1.0
3,47,36,0.0,0.028999999999996362,0.0,0.028999999999996362,0.0,0.0,1.0,0.0,0.0,0.02255555555557799,0.02255555555557799,0.0,0.0,1.0
3,47,37,0.0,0.009000000000014552,0.0,0.009000000000014552,0.0,0.0,1.0,0.0,0.0,0.03199999999997595,0.03199999999997595,0.0,0.0,1.0
3,47,38,0.0,0.007999999999810825,0.0,0.007999999999810825,0.0,0.0,1.0,0.0,0.0,0.02644444444442545,0.02644444444442545,0.0,0.0,1.0
3,47,40,0.0,0.28099999999994907,0.0,0.28099999999994907,0.0,0.0,1.0,0.0,0.0,0.05211111111111677,0.05211111111111677,0.0,0.0,1.0
3,47,42,0.0,0.2799999999999727,0.0,0.2799999999999727,0.0,0.0,1.0,0.0,0.0,0.07844444444443373,0.07844444444443373,0.0,0.0,1.0
3,47,47,0.0,0.23000000000047294,0.0,0.23000000000047294,0.0,0.0,1.0,0.0,0.0,0.06777777777779193,0.06777777777779193,0.0,0.0,1.0
3,47,50,0.0,0.3400000000001455,0.0,0.3400000000001455,0.0,0.0,1.0,0.0,0.0,0.0509999999999814,0.0509999999999814,0.0,0.0,1.0
3,48,0,0.0,0.0,0.010999999999967258,0.010999999999967258,0.0,1.0,0.0,0.048833333333353345,0.016666666666613615,0.0068333333333612245,0.07233333333332818,0.6751152073735966,0.23041474654306177,0.09447004608334163
3,48,1,0.2830000000003565,0.04100000000016735,0.03899999999975989,0.36300000000028376,0.7796143250692432,0.10743801652818018,0.11294765840257658,0.033333333333353546,0.011111111111075744,0.004555555555574149,0.049000000000003444,0.6802721088439021,0.22675736961377477,0.09297052154232305
3,48,2,0.007000000000061846,0.0,0.0,0.007000000000061846,1.0,0.0,0.0,0.06888888888892729,0.04933333333327836,0.006888888888877571,0.12511111111108322,0.5506216696274279,0.39431616340995046,0.05506216696262163
3,48,3,0.2480000000000473,0.02099999999973079,0.37199999999984357,0.6409999999996217,0.3868954758193349,0.5803432137286476,0.032761310452017446,0.0363333333333584,0.04266666666664303,0.0041111111110896876,0.08311111111109112,0.4371657754014762,0.5133689839570583,0.049465240641465354
3,48,5,0.0,0.007000000000061846,0.0,0.007000000000061846,0.0,0.0,1.0,0.0,0.0,0.00622222222222667,0.00622222222222667,0.0,0.0,1.0
3,48,6,0.0,0.010999999999967258,0.0,0.010999999999967258,0.0,0.0,1.0,0.0,0.0012222222222185934,0.0076666666666369565,0.00888888888885555,0.0,0.13750000000010748,0.8624999999998926
3,48,7,0.0,0.0,0.010999999999967258,0.010999999999967258,0.0,1.0,0.0,0.0,0.004555555555574159,0.008777777777772321,0.01333333333334648,0.0,0.34166666666772505,0.658333333332275
3,48,8,0.0,0.018000000000256478,0.03000000000020009,0.048000000000456566,0.0,0.6249999999982236,0.37500000000177636,0.0,0.02677777777777617,0.011444444444476983,0.038222222222253154,0.0,0.7005813953482282,0.2994186046517718
3,48,9,0.0,0.026000000000294676,0.10999999999967258,0.13599999999996726,0.0,0.8088235294095519,0.19117647059044807,0.0,0.030888888888916385,0.009888888888932948,0.040777777777849335,0.0,0.7574931880102442,0.24250681198975574
3,48,10,0.0,0.01499999999987267,0.04800000000022919,0.06300000000010186,0.0,0.7619047619071679,0.23809523809283203,0.0,0.029999999999997987,0.009111111111123034,0.03911111111112102,0.0,0.7670454545452088,0.2329545454547913
3,48,11,0.0,0.009999999999990905,0.021999999999934516,0.03199999999992542,0.0,0.6874999999995559,0.3125000000004441,0.0,0.021000000000033964,0.006333333333309889,0.027333333333343854,0.0,0.7682926829277761,0.23170731707222383
3,48,12,0.0,0.010999999999967258,0.11900000000014188,0.13000000000010914,0.0,0.9153846153849383,0.08461538461506171,0.0,0.02455555555550544,0.009111111111123036,0.03366666666662847,0.0,0.7293729372930683,0.2706270627069319
3,48,13,0.0,0.0,0.0799999999994725,0.0799999999994725,0.0,1.0,0.0,0.0,0.02555555555555759,0.013444444444480216,0.03900000000003781,0.0,0.6552706552700721,0.3447293447299277
3,48,14,0.0,0.04100000000016735,0.031000000000403816,0.07200000000057116,0.0,0.4305555555577486,0.5694444444422514,0.0,0.012333333333319598,0.020111111111140823,0.03244444444446042,0.0,0.3801369863007593,0.6198630136992407
3,48,15,0.0,0.04899999999997817,0.0,0.04899999999997817,0.0,0.0,1.0,0.0,0.003444444444489322,0.033222222222194536,0.03666666666668386,0.0,0.09393939394057382,0.9060606060594261
3,48,16,0.0,0.1299999999996544,0.0,0.1299999999996544,0.0,0.0,1.0,0.0,0.0,0.03133333333327452,0.03133333333327452,0.0,0.0,1.0
3,48,17,0.0,0.010999999999967258,0.0,0.010999999999967258,0.0,0.0,1.0,0.0,0.0,0.027444444444427063,0.027444444444427063,0.0,0.0,1.0
3,48,18,0.0,0.026000000000294676,0.0,0.026000000000294676,0.0,0.0,1.0,0.0,0.0,0.012333333333344854,0.012333333333344854,0.0,0.0,1.0
3,48,19,0.0,0.009999999999763531,0.0,0.009999999999763531,0.0,0.0,1.0,0.0,0.0,0.013888888888939415,0.013888888888939415,0.0,0.0,1.0
3,48,20,0.0,0.04000000000041837,0.0,0.04000000000041837,0.0,0.0,1.0,0.0,0.0,0.01088888888888404,0.01088888888888404,0.0,0.0,1.0
3,48,21,0.0,0.009999999999763531,0.0,0.009999999999763531,0.0,0.0,1.0,0.0,0.0,0.010777777777775555,0.010777777777775555,0.0,0.0,1.0
3,48,22,0.0,0.010999999999967258,0.0,0.010999999999967258,0.0,0.0,1.0,0.0,0.0,0.01033333333334162,0.01033333333334162,0.0,0.0,1.0
3,48,23,0.0,0.021000000000185537,0.0,0.021000000000185537,0.0,0.0,1.0,0.0,0.0,0.011555555555610733,0.011555555555610733,0.0,0.0,1.0
3,48,24,0.0,0.021000000000185537,0.0,0.021000000000185537,0.0,0.0,1.0,0.0,0.0,0.013888888888914153,0.013888888888914153,0.0,0.0,1.0
3,48,25,0.0,0.018999999999778083,0.0,0.018999999999778083,0.0,0.0,1.0,0.0,0.0,0.010777777777800819,0.010777777777800819,0.0,0.0,1.0
3,48,26,0.0,0.008000000000265572,0.0,0.008000000000265572,0.0,0.0,1.0,0.0,0.0,0.009666666666665455,0.009666666666665455,0.0,0.0,1.0
3,48,27,0.0,0.010999999999967258,0.0,0.010999999999967258,0.0,0.0,1.0,0.0,0.0,0.007333333333362033,0.007333333333362033,0.0,0.0,1.0
3,48,28,0.0,0.010999999999967258,0.0,0.010999999999967258,0.0,0.0,1.0,0.0,0.0,0.007999999999962407,0.007999999999962407,0.0,0.0,1.0
3,48,29,0.0,0.009999999999763531,0.0,0.009999999999763531,0.0,0.0,1.0,0.0,0.0,0.008666666666588045,0.008666666666588045,0.0,0.0,1.0
3,48,31,0.0,0.009000000000014552,0.0,0.009000000000014552,0.0,0.0,1.0,0.0,0.0,0.006555555555501591,0.006555555555501591,0.0,0.0,1.0
3,48,33,0.0,0.010999999999967258,0.0,0.010999999999967258,0.0,0.0,1.0,0.0,0.0,0.010333333333366883,0.010333333333366883,0.0,0.0,1.0
3,48,34,0.0,0.010000000000218279,0.0,0.010000000000218279,0.0,0.0,1.0,0.0,0.0,0.020333333333408313,0.020333333333408313,0.0,0.0,1.0
3,48,37,0.0,0.012999999999919964,0.0,0.012999999999919964,0.0,0.0,1.0,0.0,0.0,0.006555555555526854,0.006555555555526854,0.0,0.0,1.0
3,48,40,0.0,0.009000000000014552,0.0,0.009000000000014552,0.0,0.0,1.0,0.0,0.0,0.032222222222218176,0.032222222222218176,0.0,0.0,1.0
3,48,42,0.0,0.22800000000006548,0.0,0.22800000000006548,0.0,0.0,1.0,0.0,0.0,0.09522222222219373,0.09522222222219373,0.0,0.0,1.0
3,48,43,0.0,0.018999999999778083,0.0,0.018999999999778083,0.0,0.0,1.0,0.0,0.0,0.09522222222219373,0.09522222222219373,0.0,0.0,1.0
3,48,46,0.0,0.008000000000265572,0.0,0.008000000000265572,0.0,0.0,1.0,0.0,0.0,0.0733333333333677,0.0733333333333677,0.0,0.0,1.0
3,48,47,0.0,0.19200000000000728,0.0,0.19200000000000728,0.0,0.0,1.0,0.0,0.0,0.0733333333333677,0.0733333333333677,0.0,0.0,1.0
3,48,49,0.0,0.03900000000021464,0.0,0.03900000000021464,0.0,0.0,1.0,0.0,0.0,0.04322222222223596,0.04322222222223596,0.0,0.0,1.0
3,48,50,0.0,0.009999999999763531,0.0,0.009999999999763531,0.0,0.0,1.0,0.0,0.0,0.04322222222223596,0.04322222222223596,0.0,0.0,1.0
3,48,52,0.0,0.07999999999992724,0.0,0.07999999999992724,0.0,0.0,1.0,0.0,0.0,0.042222222222234346,0.042222222222234346,0.0,0.0,1.0
3,49,1,0.009999999999763531,0.0,0.0,0.009999999999763531,1.0,0.0,0.0,0.033333333333353546,0.005555555555525238,0.004555555555574149,0.04344444444445294,0.7672634271102896,0.12787723785093955,0.10485933503877067
3,49,3,0.07200000000011642,0.0,0.0,0.07200000000011642,1.0,0.0,0.0,0.0363333333333584,0.04133333333331595,0.002333333333303421,0.07999999999997777,0.4541666666671062,0.516666666666593,0.029166666666300866
3,49,7,0.0,0.009999999999763531,0.0,0.009999999999763531,0.0,0.0,1.0,0.0,0.004555555555574149,0.0043333333333319185,0.008888888888906068,0.0,0.5125000000011013,0.48749999999889865
3,49,9,0.0,0.01999999999998181,0.09000000000014552,0.11000000000012733,0.0,0.818181818182194,0.18181818181780598,0.0,0.030888888888916374,0.008777777777822848,0.03966666666673922,0.0,0.778711484593106,0.22128851540689393
3,49,11,0.0,0.010999999999967258,0.0,0.010999999999967258,0.0,0.0,1.0,0.0,0.021000000000033953,0.005222222222199788,0.02622222222223374,0.0,0.8008474576280616,0.19915254237193833
3,49,13,0.0,0.01900000000023283,0.0,0.01900000000023283,0.0,0.0,1.0,0.0,0.02555555555555758,0.0091111111111483,0.034666666666705884,0.0,0.7371794871787116,0.26282051282128827
3,49,14,0.0,0.010999999999967258,0.0,0.010999999999967258,0.0,0.0,1.0,0.0,0.012333333333319589,0.013333333333371736,0.025666666666691325,0.0,0.48051948051848337,0.5194805194815166
3,49,42,0.0,0.32999999999992724,0.0,0.32999999999992724,0.0,0.0,1.0,0.0,0.0,0.10099999999998645,0.10099999999998645,0.0,0.0,1.0
3,49,47,0.0,0.22999999999956344,0.0,0.22999999999956344,0.0,0.0,1.0,0.0,0.0,0.08455555555555193,0.08455555555555193,0.0,0.0,1.0
3,49,52,0.0,0.3000000000001819,0.0,0.3000000000001819,0.0,0.0,1.0,0.0,0.0,0.06788888888887515,0.06788888888887515,0.0,0.0,1.0
3,50,42,0.0,0.3320000000001073,0.0,0.3320000000001073,0.0,0.0,1.0,0.0,0.0,0.1000000000000101,0.1000000000000101,0.0,0.0,1.0
3,50,47,0.0,0.33100000000013097,0.0,0.33100000000013097,0.0,0.0,1.0,0.0,0.0,0.08211111111106421,0.08211111111106421,0.0,0.0,1.0
3,50,52,0.0,0.23099999999976717,0.0,0.23099999999976717,0.0,0.0,1.0,0.0,0.0,0.07988888888889455,0.07988888888889455,0.0,0.0,1.0
3,50,65,0.0,0.01900000000023283,0.0,0.01900000000023283,0.0,0.0,1.0,0.0,0.00466666666665737,0.061999999999999195,0.06666666666665656,0.0,0.06999999999987115,0.9300000000001288
3,50,66,0.0,0.11900000000014188,0.0,0.11900000000014188,0.0,0.0,1.0,0.0,0.00466666666665737,0.061999999999999195,0.06666666666665656,0.0,0.06999999999987115,0.9300000000001288
3,51,42,0.0,0.2380000000000564,0.0,0.2380000000000564,0.0,0.0,1.0,0.0,0.0,0.1000000000000101,0.1000000000000101,0.0,0.0,1.0
3,51,47,0.0,0.17799999999988358,0.0,0.17799999999988358,0.0,0.0,1.0,0.0,0.0,0.08788888888890749,0.08788888888890749,0.0,0.0,1.0
3,51,52,0.0,0.18800000000010186,0.0,0.18800000000010186,0.0,0.0,1.0,0.0,0.0,0.07733333333332364,0.07733333333332364,0.0,0.0,1.0
3,51,65,0.0,0.3079999999999927,0.041999999999916326,0.34999999999990905,0.0,0.11999999999979212,0.8800000000002078,0.0,0.007888888888879187,0.061999999999999195,0.06988888888887838,0.0,0.11287758346569692,0.887122416534303
3,51,66,0.0,0.11199999999962529,0.0,0.11199999999962529,0.0,0.0,1.0,0.0,0.007888888888879187,0.061999999999999195,0.06988888888887838,0.0,0.11287758346569692,0.887122416534303
3,52,42,0.0,0.32999999999992724,0.0,0.32999999999992724,0.0,0.0,1.0,0.0,0.0,0.08755555555555677,0.08755555555555677,0.0,0.0,1.0
3,52,47,0.0,0.17199999999957072,0.0,0.17199999999957072,0.0,0.0,1.0,0.0,0.0,0.0711111111111475,0.0711111111111475,0.0,0.0,1.0
3,52,48,0.0,0.11000000000058208,0.0,0.11000000000058208,0.0,0.0,1.0,0.0,0.0,0.0711111111111475,0.0711111111111475,0.0,0.0,1.0
3,52,52,0.0,0.27700000000004366,0.0,0.27700000000004366,0.0,0.0,1.0,0.0,0.0,0.07100000000001375,0.07100000000001375,0.0,0.0,1.0
3,52,65,0.0,0.0,0.028999999999996362,0.028999999999996362,0.0,1.0,0.0,0.0,0.007888888888879187,0.046666666666624224,0.05455555555550341,0.0,0.1446028513237893,0.8553971486762106
3,53,42,0.0,0.22000000000002728,0.0,0.22000000000002728,0.0,0.0,1.0,0.0,0.0,0.11555555555555151,0.11555555555555151,0.0,0.0,1.0
3,53,48,0.0,0.18000000000029104,0.0,0.18000000000029104,0.0,0.0,1.0,0.0,0.0,0.08244444444446546,0.08244444444446546,0.0,0.0,1.0
3,53,52,0.0,0.17399999999997817,0.0,0.17399999999997817,0.0,0.0,1.0,0.0,0.0,0.08122222222219636,0.08122222222219636,0.0,0.0,1.0
3,54,41,0.0,0.38000000000010914,0.0,0.38000000000010914,0.0,0.0,1.0,0.0,0.0,0.08911111111105029,0.08911111111105029,0.0,0.0,1.0
3,54,42,0.0,0.10999999999989996,0.0,0.10999999999989996,0.0,0.0,1.0,0.0,0.0,0.08444444444439292,0.08444444444439292,0.0,0.0,1.0
3,54,48,0.0,0.27999999999974534,0.0,0.27999999999974534,0.0,0.0,1.0,0.0,0.0,0.05877777777772685,0.05877777777772685,0.0,0.0,1.0
3,54,52,0.0,0.27999999999974534,0.0,0.27999999999974534,0.0,0.0,1.0,0.0,0.0,0.08177777777776403,0.08177777777776403,0.0,0.0,1.0
3,55,0,0.9050000000002001,0.1289999999999054,0.2919999999994616,1.325999999999567,0.6825037707394386,0.22021116138729782,0.0972850678732636,0.28433333333335514,0.07599999999994604,0.021499999999984237,0.38183333333328545,0.7446529899608664,0.19903972064588976,0.05630728939324382
3,55,2,0.0,0.009000000000014552,0.0,0.009000000000014552,0.0,0.0,1.0,0.0,0.0,0.002222222222169674,0.002222222222169674,0.0,0.0,1.0
3,55,3,0.0,0.01099999999951251,0.0,0.01099999999951251,0.0,0.0,1.0,0.0,0.0,0.002222222222169674,0.002222222222169674,0.0,0.0,1.0
3,55,7,0.0,0.009000000000014552,0.0,0.009000000000014552,0.0,0.0,1.0,0.0,0.0,0.001000000000001617,0.001000000000001617,0.0,0.0,1.0
3,55,12,0.0,0.010000000000218279,0.0,0.010000000000218279,0.0,0.0,1.0,0.0,0.0,0.0011111111111353643,0.0011111111111353643,0.0,0.0,1.0
3,55,15,0.0,0.01099999999951251,0.0,0.01099999999951251,0.0,0.0,1.0,0.0,0.0,0.0012222222221680568,0.0012222222221680568,0.0,0.0,1.0
3,55,18,0.0,0.011000000000422006,0.0,0.011000000000422006,0.0,0.0,1.0,0.0,0.0,0.0022222222222707286,0.0022222222222707286,0.0,0.0,1.0
3,55,19,0.0,0.009000000000014552,0.0,0.009000000000014552,0.0,0.0,1.0,0.0,0.0,0.0032222222222723453,0.0032222222222723453,0.0,0.0,1.0
3,55,20,0.0,0.009000000000014552,0.0,0.009000000000014552,0.0,0.0,1.0,0.0,0.0,0.0020000000000032336,0.0020000000000032336,0.0,0.0,1.0
3,55,22,0.0,0.010000000000218279,0.0,0.010000000000218279,0.0,0.0,1.0,0.0,0.0,0.0011111111111353643,0.0011111111111353643,0.0,0.0,1.0
3,55,24,0.0,0.010000000000218279,0.0,0.010000000000218279,0.0,0.0,1.0,0.0,0.0,0.0011111111111353643,0.0011111111111353643,0.0,0.0,1.0
3,55,26,0.0,0.019999999999527063,0.0,0.019999999999527063,0.0,0.0,1.0,0.0,0.0,0.0022222222221696735,0.0022222222221696735,0.0,0.0,1.0
3,55,29,0.0,0.010000000000218279,0.0,0.010000000000218279,0.0,0.0,1.0,0.0,0.0,0.0011111111111353643,0.0011111111111353643,0.0,0.0,1.0
3,55,31,0.0,0.01099999999951251,0.0,0.01099999999951251,0.0,0.0,1.0,0.0,0.0,0.0012222222221680568,0.0012222222221680568,0.0,0.0,1.0
3,55,34,0.0,0.010000000000218279,0.0,0.010000000000218279,0.0,0.0,1.0,0.0,0.0,0.0011111111111353643,0.0011111111111353643,0.0,0.0,1.0
3,55,36,0.0,0.010000000000218279,0.0,0.010000000000218279,0.0,0.0,1.0,0.0,0.0,0.0022222222222707286,0.0022222222222707286,0.0,0.0,1.0
3,55,37,0.0,0.010000000000218279,0.0,0.010000000000218279,0.0,0.0,1.0,0.0,0.0,0.0022222222222707286,0.0022222222222707286,0.0,0.0,1.0
3,55,40,0.0,0.041999999999916326,0.0,0.041999999999916326,0.0,0.0,1.0,0.0,0.0,0.05122222222222364,0.05122222222222364,0.0,0.0,1.0
3,55,41,0.0,0.03899999999998727,0.0,0.03899999999998727,0.0,0.0,1.0,0.0,0.0,0.06588888888882138,0.06588888888882138,0.0,0.0,1.0
3,55,42,0.0,0.01099999999951251,0.0,0.01099999999951251,0.0,0.0,1.0,0.0,0.0,0.06233333333324886,0.06233333333324886,0.0,0.0,1.0
3,55,45,0.0,0.012000000000625732,0.0,0.012000000000625732,0.0,0.0,1.0,0.0,0.0,0.006777777777844878,0.006777777777844878,0.0,0.0,1.0
3,55,46,0.0,0.007999999999810825,0.0,0.007999999999810825,0.0,0.0,1.0,0.0,0.0,0.007777777777745441,0.007777777777745441,0.0,0.0,1.0
3,55,47,0.0,0.009999999999308784,0.0,0.009999999999308784,0.0,0.0,1.0,0.0,0.0,0.04555555555543833,0.04555555555543833,0.0,0.0,1.0
3,55,48,0.0,0.05900000000019645,0.0,0.05900000000019645,0.0,0.0,1.0,0.0,0.0,0.04522222222213815,0.04522222222213815,0.0,0.0,1.0
3,55,50,0.0,0.009000000000014552,0.0,0.009000000000014552,0.0,0.0,1.0,0.0,0.0,0.006666666666660603,0.006666666666660603,0.0,0.0,1.0
3,55,51,0.0,0.02099999999973079,0.0,0.02099999999973079,0.0,0.0,1.0,0.0,0.0,0.06344444444443474,0.06344444444443474,0.0,0.0,1.0
3,55,52,0.0,0.261000000000422,0.0,0.261000000000422,0.0,0.0,1.0,0.0,0.0,0.06244444444443312,0.06244444444443312,0.0,0.0,1.0
3,56,0,0.8009999999999309,0.0,0.16400000000021464,0.9650000000001455,0.8300518134713057,0.1699481865286942,0.0,0.28783333333338607,0.12249999999994543,0.021499999999984237,0.43183333333331575,0.6665380162101068,0.2836742570434977,0.04978772674639547
3,56,42,0.0,0.010999999999967258,0.0,0.010999999999967258,0.0,0.0,1.0,0.0,0.0,0.010333333333240565,0.010333333333240565,0.0,0.0,1.0
3,56,43,0.0,0.009999999999763531,0.0,0.009999999999763531,0.0,0.0,1.0,0.0,0.0,0.004444444444389875,0.004444444444389875,0.0,0.0,1.0
3,56,44,0.0,0.008000000000265572,0.0,0.008000000000265572,0.0,0.0,1.0,0.0,0.0,0.004222222222273962,0.004222222222273962,0.0,0.0,1.0
3,56,45,0.0,0.007999999999810825,0.0,0.007999999999810825,0.0,0.0,1.0,0.0,0.0,0.0067777777778448775,0.0067777777778448775,0.0,0.0,1.0
3,56,46,0.0,0.02500000000009095,0.0,0.02500000000009095,0.0,0.0,1.0,0.0,0.0,0.00777777777774544,0.00777777777774544,0.0,0.0,1.0
3,56,47,0.0,0.007000000000061846,0.0,0.007000000000061846,0.0,0.0,1.0,0.0,0.0,0.014444444444355517,0.014444444444355517,0.0,0.0,1.0
3,56,48,0.0,0.02099999999973079,0.0,0.02099999999973079,0.0,0.0,1.0,0.0,0.0,0.014111111111055327,0.014111111111055327,0.0,0.0,1.0
3,56,49,0.0,0.03000000000020009,0.0,0.03000000000020009,0.0,0.0,1.0,0.0,0.0,0.013222222222237985,0.013222222222237985,0.0,0.0,1.0
3,56,54,0.15000000000009095,0.0,0.021000000000185537,0.1710000000002765,0.8771929824552539,0.1228070175447461,0.0,0.016666666666676773,0.004555555555574149,0.04566666666667313,0.06688888888892405,0.24916943521596693,0.06810631229260099,0.682724252491432
3,57,0,0.021000000000185537,0.0,0.20000000000027285,0.22100000000045839,0.09502262443503158,0.9049773755649684,0.0,0.1370000000000194,0.0738333333333685,0.0,0.2108333333333879,0.6498023715414258,0.35019762845857416,0.0
3,57,1,0.0,0.0,0.07899999999972351,0.07899999999972351,0.0,1.0,0.0,0.09133333333334627,0.05044444444446425,0.0,0.14177777777781053,0.6442006269591901,0.35579937304080983,0.0
3,57,2,0.0,0.0,0.010999999999967258,0.010999999999967258,0.0,1.0,0.0,0.0,0.013333333333321207,0.0,0.013333333333321207,0.0,1.0,0.0
3,57,3,0.0,0.0,0.03000000000020009,0.03000000000020009,0.0,1.0,0.0,0.0,0.005555555555575766,0.0,0.005555555555575766,0.0,1.0,0.0
3,57,4,0.0,0.0,0.009000000000014552,0.009000000000014552,0.0,1.0,0.0,0.0031111111110880708,0.006777777777794351,0.0,0.009888888888882421,0.31460674157090956,0.6853932584290905,0.0
3,57,5,0.027999999999792635,0.0,0.021999999999934516,0.04999999999972715,0.5599999999989086,0.4400000000010914,0.0,0.004333333333306655,0.0034444444444387853,0.0,0.007777777777745441,0.5571428571417435,0.4428571428582565,0.0
3,57,6,0.010999999999967258,0.0,0.0,0.010999999999967258,1.0,0.0,0.0,0.008777777777747056,0.002444444444437168,0.0,0.011222222222184225,0.7821782178216931,0.21782178217830697,0.0
3,57,7,0.03999999999996362,0.0,0.0,0.03999999999996362,1.0,0.0,0.0,0.011000000000017785,0.0,0.0,0.011000000000017785,1.0,0.0,0.0
3,57,8,0.04800000000022919,0.0,0.0,0.04800000000022919,1.0,0.0,0.0,0.014444444444456571,0.005666666666658987,0.0,0.02011111111111556,0.7182320441993392,0.2817679558006608,0.0
3,57,9,0.041999999999916326,0.0,0.05099999999993088,0.0929999999998472,0.45161290322564873,0.5483870967743513,0.0,0.01000000000001617,0.007777777777795969,0.003222222222221818,0.021000000000033957,0.47619047619047616,0.37037037037063775,0.1534391534388861
3,57,10,0.0,0.028999999999996362,0.01900000000023283,0.04800000000022919,0.0,0.39583333333629395,0.6041666666637061,0.00466666666665737,0.007777777777795969,0.003222222222221818,0.015666666666675155,0.2978723404247771,0.496453900710112,0.205673758865111
3,57,12,0.0,0.027999999999792635,0.0,0.027999999999792635,0.0,0.0,1.0,0.0,0.0,0.005777777777742206,0.005777777777742206,0.0,0.0,1.0
3,57,13,0.0,0.023999999999887223,0.0,0.023999999999887223,0.0,0.0,1.0,0.0,0.0,0.007888888888879187,0.007888888888879187,0.0,0.0,1.0
3,57,14,0.0,0.01900000000023283,0.0,0.01900000000023283,0.0,0.0,1.0,0.0,0.0,0.004777777777791117,0.004777777777791117,0.0,0.0,1.0
3,57,16,0.0,0.010000000000218279,0.0,0.010000000000218279,0.0,0.0,1.0,0.0,0.0,0.0031111111110880703,0.0031111111110880703,0.0,0.0,1.0
3,57,17,0.0,0.017999999999574356,0.0,0.017999999999574356,0.0,0.0,1.0,0.0,0.0,0.004333333333306655,0.004333333333306655,0.0,0.0,1.0
3,57,18,0.0,0.010999999999967258,0.0,0.010999999999967258,0.0,0.0,1.0,0.0,0.0,0.0032222222221712903,0.0032222222221712903,0.0,0.0,1.0
3,57,20,0.0,0.009000000000014552,0.0,0.009000000000014552,0.0,0.0,1.0,0.0,0.0,0.0018888888889200134,0.0018888888889200134,0.0,0.0,1.0
3,57,21,0.0,0.008000000000265572,0.0,0.008000000000265572,0.0,0.0,1.0,0.0,0.0,0.004666666666707896,0.004666666666707896,0.0,0.0,1.0
3,57,22,0.0,0.02500000000009095,0.0,0.02500000000009095,0.0,0.0,1.0,0.0,0.0,0.0036666666667062794,0.0036666666667062794,0.0,0.0,1.0
3,57,24,0.0,0.007999999999810825,0.0,0.007999999999810825,0.0,0.0,1.0,0.0,0.0,0.0018888888888694859,0.0018888888888694859,0.0,0.0,1.0
3,57,25,0.0,0.009000000000014552,0.0,0.009000000000014552,0.0,0.0,1.0,0.0,0.0,0.0018888888888694859,0.0018888888888694859,0.0,0.0,1.0
3,57,27,0.0,0.008999999999559805,0.0,0.008999999999559805,0.0,0.0,1.0,0.0,0.0,0.002333333333303421,0.002333333333303421,0.0,0.0,1.0
3,57,28,0.0,0.012000000000170985,0.0,0.012000000000170985,0.0,0.0,1.0,0.0,0.0,0.0034444444444387845,0.0034444444444387845,0.0,0.0,1.0
3,57,29,0.0,0.010000000000218279,0.0,0.010000000000218279,0.0,0.0,1.0,0.0,0.0,0.0036666666667062794,0.0036666666667062794,0.0,0.0,1.0
3,57,30,0.0,0.010999999999967258,0.0,0.010999999999967258,0.0,0.0,1.0,0.0,0.0,0.0032222222222723445,0.0032222222222723445,0.0,0.0,1.0
3,57,31,0.0,0.008000000000265572,0.0,0.008000000000265572,0.0,0.0,1.0,0.0,0.0,0.00211111111113698,0.00211111111113698,0.0,0.0,1.0
3,57,33,0.0,0.011999999999716238,0.0,0.011999999999716238,0.0,0.0,1.0,0.0,0.0,0.0013333333333018034,0.0013333333333018034,0.0,0.0,1.0
3,57,35,0.0,0.009000000000014552,0.0,0.009000000000014552,0.0,0.0,1.0,0.0,0.0,0.0010000000000016161,0.0010000000000016161,0.0,0.0,1.0
3,57,37,0.0,0.01900000000023283,0.0,0.01900000000023283,0.0,0.0,1.0,0.0,0.0,0.00211111111113698,0.00211111111113698,0.0,0.0,1.0
3,57,39,0.0,0.009000000000014552,0.0,0.009000000000014552,0.0,0.0,1.0,0.0,0.0,0.0010000000000016157,0.0010000000000016157,0.0,0.0,1.0
3,57,41,0.0,0.021999999999934516,0.0,0.021999999999934516,0.0,0.0,1.0,0.0,0.0,0.0036666666666557517,0.0036666666666557517,0.0,0.0,1.0
3,57,53,0.0,0.1710000000002765,0.0,0.1710000000002765,0.0,0.0,1.0,0.016666666666676773,0.004555555555574149,0.06444444444443637,0.08566666666668729,0.19455252918295052,0.053177691310191275,0.7522697795068581
3,57,54,0.0,0.23999999999978172,0.01999999999998181,0.25999999999976353,0.0,0.07692307692307693,0.9230769230769231,0.016666666666676773,0.004555555555574149,0.06444444444443637,0.08566666666668729,0.19455252918295052,0.053177691310191275,0.7522697795068581
3,57,69,0.0,0.032000000000152795,0.0,0.032000000000152795,0.0,0.0,1.0,0.0,0.0,0.006777777777794351,0.006777777777794351,0.0,0.0,1.0
3,58,53,0.0,0.16899999999986903,0.0,0.16899999999986903,0.0,0.0,1.0,0.0,0.0022222222222202013,0.09688888888887152,0.09911111111109172,0.0,0.022421524663661124,0.9775784753363389
3,58,69,0.0,0.028999999999996362,0.0,0.028999999999996362,0.0,0.0,1.0,0.0,0.0,0.037000000000009296,0.037000000000009296,0.0,0.0,1.0
3,59,53,0.0,0.2919999999999163,0.0,0.2919999999999163,0.0,0.0,1.0,0.0,0.0,0.08311111111106584,0.08311111111106584,0.0,0.0,1.0
3,59,69,0.0,0.13899999999966894,0.0,0.13899999999966894,0.0,0.0,1.0,0.0,0.0,0.03344444444443676,0.03344444444443676,0.0,0.0,1.0
3,59,70,0.0,0.13300000000026557,0.0,0.13300000000026557,0.0,0.0,1.0,0.0,0.0,0.04988888888889657,0.04988888888889657,0.0,0.0,1.0
3,59,71,0.0,0.10799999999971988,0.0,0.10799999999971988,0.0,0.0,1.0,0.0,0.0,0.03800000000001091,0.03800000000001091,0.0,0.0,1.0
3,59,72,0.0,0.06099999999969441,0.0,0.06099999999969441,0.0,0.0,1.0,0.0,0.0,0.02644444444442545,0.02644444444442545,0.0,0.0,1.0
3,59,73,0.0,0.01900000000023283,0.0,0.01900000000023283,0.0,0.0,1.0,0.0,0.0,0.013333333333321207,0.013333333333321207,0.0,0.0,1.0
3,60,53,0.0,0.2869999999998072,0.0,0.2869999999998072,0.0,0.0,1.0,0.0,0.0,0.08888888888885858,0.08888888888885858,0.0,0.0,1.0
3,60,71,0.0,0.04000000000041837,0.0,0.04000000000041837,0.0,0.0,1.0,0.0,0.0,0.038000000000010914,0.038000000000010914,0.0,0.0,1.0
3,60,73,0.0,0.009999999999763531,0.0,0.009999999999763531,0.0,0.0,1.0,0.0,0.0,0.013333333333321207,0.013333333333321207,0.0,0.0,1.0
3,60,74,0.0,0.03000000000020009,0.0,0.03000000000020009,0.0,0.0,1.0,0.0,0.0,0.009000000000014552,0.009000000000014552,0.0,0.0,1.0
3,60,75,0.0,0.021999999999934516,0.0,0.021999999999934516,0.0,0.0,1.0,0.0,0.0,0.00766666666666222,0.00766666666666222,0.0,0.0,1.0
3,60,76,0.0,0.016999999999825377,0.0,0.016999999999825377,0.0,0.0,1.0,0.0,0.0,0.010111111111099389,0.010111111111099389,0.0,0.0,1.0
3,60,77,0.0,0.052000000000134605,0.0,0.052000000000134605,0.0,0.0,1.0,0.0,0.01988888888889859,0.007666666666662221,0.02755555555556081,0.0,0.7217741935486015,0.2782258064513985
3,60,78,0.0,0.0,0.1790000000000873,0.1790000000000873,0.0,1.0,0.0,0.0,0.029833333333347884,0.008666666666689101,0.038500000000036984,0.0,0.7748917748914085,0.22510822510859158
3,61,53,0.0,0.22100000000000364,0.0,0.22100000000000364,0.0,0.0,1.0,0.0,0.0,0.08744444444442302,0.08744444444442302,0.0,0.0,1.0
3,62,53,0.0,0.27899999999999636,0.0,0.27899999999999636,0.0,0.0,1.0,0.0,0.0,0.07566666666667111,0.07566666666667111,0.0,0.0,1.0
3,63,53,0.0,0.18100000000004002,0.0,0.18100000000004002,0.0,0.0,1.0,0.0,0.0,0.08333333333333333,0.08333333333333333,0.0,0.0,1.0
3,64,53,0.0,0.2899999999999636,0.0,0.2899999999999636,0.0,0.0,1.0,0.0,0.0,0.08233333333333172,0.08233333333333172,0.0,0.0,1.0
3,64,66,0.0,0.01999999999998181,0.0,0.01999999999998181,0.0,0.0,1.0,0.0,0.0,0.035666666666656965,0.035666666666656965,0.0,0.0,1.0
3,65,0,0.15100000000029468,0.0,0.0,0.15100000000029468,1.0,0.0,0.0,0.17316666666670244,0.0,0.0,0.17316666666670244,1.0,0.0,0.0
3,65,53,0.0,0.2699999999999818,0.0,0.2699999999999818,0.0,0.0,1.0,0.0,0.0,0.08677777777777214,0.08677777777777214,0.0,0.0,1.0
3,65,66,0.0,0.3009999999999309,0.0,0.3009999999999309,0.0,0.0,1.0,0.0,0.0,0.055444444444421814,0.055444444444421814,0.0,0.0,1.0
3,66,0,0.88799999999992,0.0,0.0,0.88799999999992,1.0,0.0,0.0,0.2766666666667182,0.0034999999999551315,0.0,0.28016666666667334,0.9875074360501306,0.012492563949869298,0.0
3,66,51,0.0,0.010000000000218279,0.0,0.010000000000218279,0.0,0.0,1.0,0.0,0.0,0.05611111111107272,0.05611111111107272,0.0,0.0,1.0
3,66,52,0.0,0.14199999999982538,0.0,0.14199999999982538,0.0,0.0,1.0,0.0,0.0,0.08433333333333497,0.08433333333333497,0.0,0.0,1.0
3,66,53,0.0,0.07900000000017826,0.0,0.07900000000017826,0.0,0.0,1.0,0.0,0.0,0.060111111111079175,0.060111111111079175,0.0,0.0,1.0
3,66,60,0.0,0.07200000000011642,0.0,0.07200000000011642,0.0,0.0,1.0,0.0,0.0,0.030222222222214948,0.030222222222214948,0.0,0.0,1.0
3,66,66,0.0,0.17799999999988358,0.0,0.17799999999988358,0.0,0.0,1.0,0.0,0.0,0.09011111111107717,0.09011111111107717,0.0,0.0,1.0
3,67,0,0.6210000000000946,0.0,0.02099999999973079,0.6419999999998254,0.9672897196265786,0.032710280373421344,0.0,0.2714999999999842,0.02566666666659027,0.017999999999953314,0.3151666666665278,0.8614489687999063,0.08143839238477497,0.0571126388153186
3,67,2,0.2909999999997126,0.0,0.2889999999997599,0.5799999999994725,0.5017241379309952,0.4982758620690047,0.0,0.07155555555548036,0.03211111111108443,0.0013333333333018043,0.1049999999998666,0.6814814814816311,0.3058201058202403,0.012698412698128554
3,67,49,0.0,0.0409999999997126,0.0,0.0409999999997126,0.0,0.0,1.0,0.0,0.0,0.02222222222225254,0.02222222222225254,0.0,0.0,1.0
3,67,50,0.0,0.11000000000012733,0.0,0.11000000000012733,0.0,0.0,1.0,0.0,0.0,0.043111111111102225,0.043111111111102225,0.0,0.0,1.0
3,67,51,0.0,0.2159999999998945,0.0,0.2159999999998945,0.0,0.0,1.0,0.0,0.0,0.05611111111107272,0.05611111111107272,0.0,0.0,1.0
3,67,52,0.0,0.02699999999958891,0.0,0.02699999999958891,0.0,0.0,1.0,0.0,0.0,0.054333333333336974,0.054333333333336974,0.0,0.0,1.0
3,67,53,0.0,0.015000000000327418,0.0,0.015000000000327418,0.0,0.0,1.0,0.0,0.0,0.030111111111081206,0.030111111111081206,0.0,0.0,1.0
3,67,54,0.0,0.007999999999810825,0.0,0.007999999999810825,0.0,0.0,1.0,0.0,0.0,0.012555555555587093,0.012555555555587093,0.0,0.0,1.0
3,67,55,0.0,0.010999999999967258,0.0,0.010999999999967258,0.0,0.0,1.0,0.0,0.0,0.004777777777740599,0.004777777777740599,0.0,0.0,1.0
3,67,56,0.0,0.012000000000170985,0.0,0.012000000000170985,0.0,0.0,1.0,0.0,0.0,0.007222222222228294,0.007222222222228294,0.0,0.0,1.0
3,67,57,0.0,0.011999999999716238,0.0,0.011999999999716238,0.0,0.0,1.0,0.0,0.0,0.008666666666714375,0.008666666666714375,0.0,0.0,1.0
3,67,58,0.0,0.015000000000327418,0.0,0.015000000000327418,0.0,0.0,1.0,0.0,0.0,0.013888888888939426,0.013888888888939426,0.0,0.0,1.0
3,67,59,0.0,0.06100000000014916,0.0,0.06100000000014916,0.0,0.0,1.0,0.0,0.0,0.03511111111113982,0.03511111111113982,0.0,0.0,1.0
3,67,60,0.0,0.13899999999966894,0.0,0.13899999999966894,0.0,0.0,1.0,0.0,0.0,0.03488888888887232,0.03488888888887232,0.0,0.0,1.0
3,67,65,0.0,0.11000000000012733,0.0,0.11000000000012733,0.0,0.0,1.0,0.0,0.0017777777777862663,0.08377777777776728,0.08555555555555354,0.0,0.020779220779320484,0.9792207792206796
3,67,66,0.0,0.22199999999975262,0.0,0.22199999999975262,0.0,0.0,1.0,0.0,0.0017777777777862663,0.08033333333332848,0.08211111111111474,0.0,0.02165087956708483,0.9783491204329152
3,68,0,0.09700000000020736,0.09600000000000364,0.13299999999981083,0.32600000000002183,0.2975460122705548,0.4079754601220918,0.2944785276073534,0.12850000000003092,0.03749999999990905,0.03966666666663817,0.20566666666657815,0.6247974068075506,0.1823338735814839,0.19286871961096552
3,68,1,0.022999999999683496,0.011999999999716238,0.0,0.034999999999399733,0.6571428571450845,0.0,0.34285714285491553,0.1509999999999915,0.05711111111102379,0.02644444444442545,0.23455555555544075,0.643770724775267,0.2434864992891832,0.11274277593554975
3,68,2,0.29700000000002547,0.0,0.0,0.29700000000002547,1.0,0.0,0.0,0.07155555555548036,0.03211111111108443,0.0013333333333018043,0.1049999999998666,0.6814814814816311,0.3058201058202403,0.012698412698128554
3,68,3,0.032999999999901775,0.0,0.0,0.032999999999901775,1.0,0.0,0.0,0.07211111111104805,0.03211111111108443,0.0,0.10422222222213248,0.6918976545842125,0.30810234541578757,0.0
3,68,4,0.027999999999792635,0.0,0.0,0.027999999999792635,1.0,0.0,0.0,0.009111111111097773,0.0,0.0012222222222185843,0.010333333333316357,0.8817204301076846,0.0,0.11827956989231538
3,68,5,0.021000000000185537,0.010999999999967258,0.0,0.032000000000152795,0.6562500000026645,0.0,0.34374999999733546,0.007555555555579001,0.0,0.0012222222222185843,0.008777777777797586,0.8607594936716146,0.0,0.13924050632838528
3,68,6,0.01900000000023283,0.0,0.0,0.01900000000023283,1.0,0.0,0.0,0.005444444444492547,0.0,0.0012222222222185843,0.006666666666711131,0.8166666666684351,0.0,0.18333333333156487
3,68,7,0.009000000000014552,0.0,0.0,0.009000000000014552,1.0,0.0,0.0,0.00666666666671113,0.0012222222222185843,0.0008888888889183969,0.008777777777848111,0.7594936708850558,0.13924050632758378,0.10126582278736039
3,68,8,0.032000000000152795,0.008000000000265572,0.010999999999967258,0.051000000000385626,0.6274509803904085,0.21568627450753106,0.15686274510206044,0.0076666666667127474,0.007777777777745441,0.0030000000000553785,0.018444444444513566,0.4156626506033503,0.4216867469846183,0.16265060241203147
3,68,9,0.010000000000218279,0.01900000000023283,0.058999999999741704,0.08800000000019281,0.1136363636385951,0.6704545454501413,0.21590909091126365,0.009111111111148299,0.007777777777745441,0.005222222222275579,0.02211111111116932,0.4120603015081348,0.35175879396746074,0.23618090452440443
3,68,10,0.0,0.01999999999998181,0.0,0.01999999999998181,0.0,0.0,1.0,0.0076666666667127474,0.03333333333330302,0.0054444444444420185,0.046444444444457784,0.16507177033587297,0.7177033492814378,0.11722488038268922
3,68,11,0.0,0.009999999999763531,0.009000000000014552,0.018999999999778083,0.0,0.4736842105326142,0.5263157894673858,0.004555555555574149,0.026777777777776162,0.0044444444444404025,0.03577777777779071,0.12732919254705752,0.7484472049686284,0.12422360248431417
3,68,12,0.0,0.010000000000218279,0.0,0.010000000000218279,0.0,0.0,1.0,0.0021111111111369813,0.026777777777776162,0.0046666666666068425,0.033555555555519985,0.06291390728560586,0.7980132450339104,0.13907284768048378
3,68,13,0.0,0.02199999999947977,0.0,0.02199999999947977,0.0,0.0,1.0,0.0,0.0,0.004555555555523622,0.004555555555523622,0.0,0.0,1.0
3,68,15,0.0,0.010999999999967258,0.0,0.010999999999967258,0.0,0.0,1.0,0.0,0.0,0.003111111111138598,0.003111111111138598,0.0,0.0,1.0
3,68,16,0.0,0.008000000000265572,0.0,0.008000000000265572,0.0,0.0,1.0,0.0,0.0,0.004333333333357182,0.004333333333357182,0.0,0.0,1.0
3,68,17,0.0,0.01999999999998181,0.0,0.01999999999998181,0.0,0.0,1.0,0.0,0.0,0.004333333333357182,0.004333333333357182,0.0,0.0,1.0
3,68,19,0.0,0.010999999999967258,0.0,0.010999999999967258,0.0,0.0,1.0,0.0,0.0,0.0024444444444371685,0.0024444444444371685,0.0,0.0,1.0
3,68,21,0.0,0.009999999999763531,0.0,0.009999999999763531,0.0,0.0,1.0,0.0,0.0,0.0022222222222202013,0.0022222222222202013,0.0,0.0,1.0
3,68,22,0.0,0.010000000000218279,0.0,0.010000000000218279,0.0,0.0,1.0,0.0,0.0,0.0022222222222202013,0.0022222222222202013,0.0,0.0,1.0
3,68,24,0.0,0.009000000000014552,0.0,0.009000000000014552,0.0,0.0,1.0,0.0,0.0,0.005666666666658986,0.005666666666658986,0.0,0.0,1.0
3,68,25,0.0,0.03099999999994907,0.0,0.03099999999994907,0.0,0.0,1.0,0.0,0.0,0.005666666666658986,0.005666666666658986,0.0,0.0,1.0
3,68,27,0.0,0.007999999999810825,0.0,0.007999999999810825,0.0,0.0,1.0,0.0,0.0,0.0008888888888678695,0.0008888888888678695,0.0,0.0,1.0
3,68,29,0.0,0.02300000000059299,0.0,0.02300000000059299,0.0,0.0,1.0,0.0,0.0,0.004666666666707897,0.004666666666707897,0.0,0.0,1.0
3,68,31,0.0,0.010999999999967258,0.0,0.010999999999967258,0.0,0.0,1.0,0.0,0.0,0.0053333333333082725,0.0053333333333082725,0.0,0.0,1.0
3,68,32,0.0,0.027000000000043656,0.0,0.027000000000043656,0.0,0.0,1.0,0.0,0.0,0.004222222222223435,0.004222222222223435,0.0,0.0,1.0
3,68,34,0.0,0.009000000000014552,0.0,0.009000000000014552,0.0,0.0,1.0,0.0,0.0,0.0022222222222202013,0.0022222222222202013,0.0,0.0,1.0
3,68,35,0.0,0.010999999999967258,0.0,0.010999999999967258,0.0,0.0,1.0,0.0,0.0,0.008222222222229902,0.008222222222229902,0.0,0.0,1.0
3,68,36,0.0,0.04300000000012005,0.0,0.04300000000012005,0.0,0.0,1.0,0.0,0.0,0.007888888888879187,0.007888888888879187,0.0,0.0,1.0
3,68,37,0.0,0.005999999999858119,0.0,0.005999999999858119,0.0,0.0,1.0,0.0,0.0,0.008222222222229902,0.008222222222229902,0.0,0.0,1.0
3,68,38,0.0,0.014000000000123691,0.0,0.014000000000123691,0.0,0.0,1.0,0.0,0.0,0.005666666666658986,0.005666666666658986,0.0,0.0,1.0
3,68,39,0.0,0.03099999999994907,0.0,0.03099999999994907,0.0,0.0,1.0,0.0,0.0,0.00777777777774544,0.00777777777774544,0.0,0.0,1.0
3,68,40,0.0,0.01599999999962165,0.0,0.01599999999962165,0.0,0.0,1.0,0.0,0.0,0.009555555555531706,0.009555555555531706,0.0,0.0,1.0
3,68,41,0.0,0.03000000000020009,0.0,0.03000000000020009,0.0,0.0,1.0,0.0,0.0,0.007222222222177759,0.007222222222177759,0.0,0.0,1.0
3,68,42,0.0,0.009999999999763531,0.0,0.009999999999763531,0.0,0.0,1.0,0.0,0.0,0.0068888888888775715,0.0068888888888775715,0.0,0.0,1.0
3,68,43,0.0,0.021999999999934516,0.0,0.021999999999934516,0.0,0.0,1.0,0.0,0.0,0.006555555555577383,0.006555555555577383,0.0,0.0,1.0
3,68,44,0.0,0.016000000000076398,0.0,0.016000000000076398,0.0,0.0,1.0,0.0,0.0,0.009111111111198826,0.009111111111198826,0.0,0.0,1.0
3,68,45,0.0,0.03300000000035652,0.0,0.03300000000035652,0.0,0.0,1.0,0.0,0.0,0.009222222222332573,0.009222222222332573,0.0,0.0,1.0
3,68,46,0.0,0.023000000000138243,0.0,0.023000000000138243,0.0,0.0,1.0,0.0,0.0,0.012666666666670304,0.012666666666670304,0.0,0.0,1.0
3,68,47,0.0,0.05799999999953798,0.0,0.05799999999953798,0.0,0.0,1.0,0.0,0.0,0.014333333333322823,0.014333333333322823,0.0,0.0,1.0
3,68,48,0.0,0.03800000000046566,0.0,0.03800000000046566,0.0,0.0,1.0,0.0,0.0,0.017555555555494113,0.017555555555494113,0.0,0.0,1.0
3,68,49,0.0,0.010999999999967258,0.0,0.010999999999967258,0.0,0.0,1.0,0.0,0.0,0.024222222222205242,0.024222222222205242,0.0,0.0,1.0
3,68,56,0.0,0.011999999999716238,0.0,0.011999999999716238,0.0,0.0,1.0,0.0,0.0,0.009333333333314738,0.009333333333314738,0.0,0.0,1.0
3,68,57,0.0,0.01800000000048385,0.0,0.01800000000048385,0.0,0.0,1.0,0.0,0.0,0.008666666666714366,0.008666666666714366,0.0,0.0,1.0
3,68,58,0.0,0.009000000000014552,0.0,0.009000000000014552,0.0,0.0,1.0,0.0,0.0,0.013888888888939417,0.013888888888939417,0.0,0.0,1.0
3,68,59,0.0,0.009999999999763531,0.0,0.009999999999763531,0.0,0.0,1.0,0.0,0.0,0.02711111111112688,0.02711111111112688,0.0,0.0,1.0
3,68,60,0.0,0.010000000000218279,0.0,0.010000000000218279,0.0,0.0,1.0,0.0,0.0,0.026888888888859385,0.026888888888859385,0.0,0.0,1.0
3,68,61,0.0,0.021999999999934516,0.0,0.021999999999934516,0.0,0.0,1.0,0.0,0.0,0.018999999999980196,0.018999999999980196,0.0,0.0,1.0
3,68,63,0.0,0.007999999999810825,0.0,0.007999999999810825,0.0,0.0,1.0,0.0,0.0,0.004333333333306655,0.004333333333306655,0.0,0.0,1.0
3,68,64,0.0,0.03099999999994907,0.0,0.03099999999994907,0.0,0.0,1.0,0.0,0.0028888888889216304,0.0414444444444497,0.04433333333337133,0.0,0.0651629072688531,0.9348370927311469
3,68,65,0.0,0.2130000000001928,0.016000000000076398,0.2290000000002692,0.0,0.06986899563343925,0.9301310043665607,0.0,0.0028888888889216304,0.06522222222222102,0.06811111111114265,0.0,0.04241435562851979,0.9575856443714801
3,69,0,0.03000000000020009,0.13000000000010914,0.07099999999991269,0.23100000000022192,0.1298701298708713,0.3073593073586341,0.5627705627704946,0.025000000000015156,0.03399999999995392,0.04100000000001577,0.09999999999998485,0.25000000000018946,0.33999999999959074,0.4100000000002198
3,69,9,0.018000000000029104,0.0,0.0,0.018000000000029104,1.0,0.0,0.0,0.009111111111148299,0.007777777777745441,0.006444444444494164,0.023333333333387905,0.390476190476871,0.3333333333311679,0.2761904761919611
3,69,10,0.021999999999934516,0.0,0.0,0.021999999999934516,1.0,0.0,0.0,0.009888888888932948,0.03333333333330302,0.006666666666660603,0.04988888888889657,0.19821826280708874,0.6681514476607594,0.1336302895321519
3,69,11,0.01900000000023283,0.0,0.2319999999999709,0.2510000000002037,0.07569721115624466,0.9243027888437554,0.0,0.006777777777794351,0.026777777777776162,0.00544444444444202,0.03900000000001253,0.1737891737895429,0.6866096866094246,0.13960113960103257
3,69,14,0.0,0.009000000000014552,0.0,0.009000000000014552,0.0,0.0,1.0,0.0,0.0,0.0046666666666068425,0.0046666666666068425,0.0,0.0,1.0
3,69,18,0.0,0.010999999999967258,0.0,0.010999999999967258,0.0,0.0,1.0,0.0,0.0,0.004666666666657369,0.004666666666657369,0.0,0.0,1.0
3,69,24,0.0,0.010999999999967258,0.0,0.010999999999967258,0.0,0.0,1.0,0.0,0.0,0.005666666666658986,0.005666666666658986,0.0,0.0,1.0
3,69,29,0.0,0.009000000000014552,0.0,0.009000000000014552,0.0,0.0,1.0,0.0,0.0,0.004666666666707897,0.004666666666707897,0.0,0.0,1.0
3,69,30,0.0,0.009999999999763531,0.0,0.009999999999763531,0.0,0.0,1.0,0.0,0.0,0.005888888888926482,0.005888888888926482,0.0,0.0,1.0
3,69,36,0.0,0.010999999999967258,0.0,0.010999999999967258,0.0,0.0,1.0,0.0,0.0,0.007888888888879187,0.007888888888879187,0.0,0.0,1.0
3,69,40,0.0,0.009000000000014552,0.0,0.009000000000014552,0.0,0.0,1.0,0.0,0.0,0.009555555555531706,0.009555555555531706,0.0,0.0,1.0
3,69,44,0.0,0.011000000000422006,0.0,0.011000000000422006,0.0,0.0,1.0,0.0,0.0,0.009111111111198826,0.009111111111198826,0.0,0.0,1.0
3,69,48,0.0,0.009999999999763531,0.0,0.009999999999763531,0.0,0.0,1.0,0.0,0.0,0.012999999999970492,0.012999999999970492,0.0,0.0,1.0
3,69,50,0.0,0.007999999999810825,0.0,0.007999999999810825,0.0,0.0,1.0,0.0,0.0,0.003222222222221818,0.003222222222221818,0.0,0.0,1.0
3,69,51,0.0,0.010000000000218279,0.0,0.010000000000218279,0.0,0.0,1.0,0.0,0.0,0.003111111111138598,0.003111111111138598,0.0,0.0,1.0
3,69,52,0.0,0.010000000000218279,0.0,0.010000000000218279,0.0,0.0,1.0,0.0,0.0,0.0022222222222707286,0.0022222222222707286,0.0,0.0,1.0
3,69,54,0.0,0.041999999999916326,0.0,0.041999999999916326,0.0,0.0,1.0,0.0,0.0,0.006777777777743824,0.006777777777743824,0.0,0.0,1.0
3,69,55,0.0,0.018999999999778083,0.0,0.018999999999778083,0.0,0.0,1.0,0.0,0.0,0.008111111111045628,0.008111111111045628,0.0,0.0,1.0
3,69,65,0.0,0.010999999999967258,0.010000000000218279,0.021000000000185537,0.0,0.4761904761966632,0.5238095238033368,0.0,0.0028888888889216304,0.04477777777780526,0.04766666666672689,0.0,0.06060606060667092,0.939393939393329
3,70,0,0.0,0.008000000000265572,0.0,0.008000000000265572,0.0,0.0,1.0,0.005000000000033348,0.011833333333318782,0.023000000000062453,0.039833333333414586,0.12552301255288242,0.2970711297061417,0.5774058577409759
3,70,4,0.0,0.010999999999967258,0.0,0.010999999999967258,0.0,0.0,1.0,0.0,0.0,0.0012222222222185843,0.0012222222222185843,0.0,0.0,1.0
3,70,9,0.0,0.010999999999967258,0.0,0.010999999999967258,0.0,0.0,1.0,0.0044444444444404025,0.0,0.0012222222222185843,0.005666666666658987,0.7843137254905458,0.0,0.21568627450945424
3,70,11,0.01999999999998181,0.0,0.0,0.01999999999998181,1.0,0.0,0.0,0.006777777777794351,0.025777777777774544,0.001000000000001617,0.033555555555570514,0.2019867549672913,0.7682119205293625,0.02980132450334616
3,70,12,0.0,0.009000000000014552,0.0,0.009000000000014552,0.0,0.0,1.0,0.004333333333357182,0.025777777777774544,0.001000000000001617,0.031111111111133342,0.1392857142863813,0.8285714285707325,0.03214285714288615
3,70,65,0.0,0.14800000000013824,0.0,0.14800000000013824,0.0,0.0,1.0,0.0,0.0011111111111353643,0.046555555555541,0.04766666666667636,0.0,0.023310023310527377,0.9766899766894727
3,71,65,0.0,0.25999999999976353,0.0,0.25999999999976353,0.0,0.0,1.0,0.0,0.0,0.07777777777775756,0.07777777777775756,0.0,0.0,1.0
3,72,65,0.0,0.2919999999999163,0.0,0.2919999999999163,0.0,0.0,1.0,0.0,0.0,0.09766666666665615,0.09766666666665615,0.0,0.0,1.0
3,73,65,0.0,0.32700000000022555,0.0,0.32700000000022555,0.0,0.0,1.0,0.0,0.0,0.08233333333333172,0.08233333333333172,0.0,0.0,1.0
3,74,0,0.09999999999990905,0.0,0.0,0.09999999999990905,1.0,0.0,0.0,0.03666666666663332,0.04650000000007518,0.012999999999995755,0.09616666666670425,0.3812824956667486,0.48353552859678,0.13518197573647148
3,74,63,0.0,0.009000000000014552,0.0,0.009000000000014552,0.0,0.0,1.0,0.0,0.0,0.004555555555574149,0.004555555555574149,0.0,0.0,1.0
3,74,64,0.0,0.021999999999934516,0.0,0.021999999999934516,0.0,0.0,1.0,0.0,0.0,0.05088888888889818,0.05088888888889818,0.0,0.0,1.0
3,74,65,0.0,0.09999999999990905,0.0,0.09999999999990905,0.0,0.0,1.0,0.0,0.0,0.04988888888889656,0.04988888888889656,0.0,0.0,1.0
3,75,0,0.11999999999989086,0.06899999999995998,0.2790000000004511,0.46800000000030195,0.25641025640985776,0.5961538461544255,0.1474358974357168,0.03816666666663574,0.05016666666673094,0.012999999999995755,0.10133333333336243,0.3766447368416919,0.49506578947417634,0.1282894736841318
3,75,1,0.0,0.009000000000014552,0.0,0.009000000000014552,0.0,0.0,1.0,0.025444444444423828,0.03344444444448729,0.008666666666663837,0.06755555555557495,0.376644736841692,0.49506578947417634,0.1282894736841318
3,75,6,0.0,0.010999999999967258,0.0,0.010999999999967258,0.0,0.0,1.0,0.0,0.0,0.0024444444444371685,0.0024444444444371685,0.0,0.0,1.0
3,75,7,0.0,0.010999999999967258,0.0,0.010999999999967258,0.0,0.0,1.0,0.0,0.0,0.0024444444444371685,0.0024444444444371685,0.0,0.0,1.0
3,75,13,0.0,0.009000000000014552,0.0,0.009000000000014552,0.0,0.0,1.0,0.0,0.0,0.001000000000001617,0.001000000000001617,0.0,0.0,1.0
3,75,19,0.0,0.010999999999967258,0.0,0.010999999999967258,0.0,0.0,1.0,0.0,0.0,0.0012222222222185843,0.0012222222222185843,0.0,0.0,1.0
3,75,25,0.0,0.010999999999967258,0.0,0.010999999999967258,0.0,0.0,1.0,0.0,0.0,0.0012222222222185843,0.0012222222222185843,0.0,0.0,1.0
3,75,29,0.0,0.009000000000014552,0.0,0.009000000000014552,0.0,0.0,1.0,0.0,0.0,0.0021111111110864536,0.0021111111110864536,0.0,0.0,1.0
3,75,30,0.0,0.009999999999763531,0.0,0.009999999999763531,0.0,0.0,1.0,0.0,0.0,0.0021111111110864536,0.0021111111110864536,0.0,0.0,1.0
3,75,35,0.0,0.010000000000218279,0.0,0.010000000000218279,0.0,0.0,1.0,0.0,0.0,0.0011111111111353643,0.0011111111111353643,0.0,0.0,1.0
3,75,40,0.0,0.009000000000014552,0.0,0.009000000000014552,0.0,0.0,1.0,0.0,0.0,0.001000000000001617,0.001000000000001617,0.0,0.0,1.0
3,75,43,0.0,0.009999999999763531,0.0,0.009999999999763531,0.0,0.0,1.0,0.0,0.0,0.0011111111110848368,0.0011111111110848368,0.0,0.0,1.0
3,75,46,0.0,0.010999999999967258,0.0,0.010999999999967258,0.0,0.0,1.0,0.0,0.0,0.0023333333333539485,0.0023333333333539485,0.0,0.0,1.0
3,75,47,0.0,0.010000000000218279,0.0,0.010000000000218279,0.0,0.0,1.0,0.0,0.0,0.0023333333333539485,0.0023333333333539485,0.0,0.0,1.0
3,75,49,0.0,0.007999999999810825,0.0,0.007999999999810825,0.0,0.0,1.0,0.0,0.0,0.0008888888888678695,0.0008888888888678695,0.0,0.0,1.0
3,75,51,0.0,0.012000000000170985,0.0,0.012000000000170985,0.0,0.0,1.0,0.0,0.0,0.0023333333333539485,0.0023333333333539485,0.0,0.0,1.0
3,75,52,0.0,0.009000000000014552,0.0,0.009000000000014552,0.0,0.0,1.0,0.0,0.0,0.003444444444489313,0.003444444444489313,0.0,0.0,1.0
3,75,53,0.0,0.010000000000218279,0.0,0.010000000000218279,0.0,0.0,1.0,0.0,0.0,0.005555555555575767,0.005555555555575767,0.0,0.0,1.0
3,75,54,0.0,0.03099999999994907,0.0,0.03099999999994907,0.0,0.0,1.0,0.0,0.0,0.005666666666658987,0.005666666666658987,0.0,0.0,1.0
3,75,55,0.0,0.009999999999763531,0.0,0.009999999999763531,0.0,0.0,1.0,0.0,0.0,0.006777777777743824,0.006777777777743824,0.0,0.0,1.0
3,75,56,0.0,0.01999999999998181,0.0,0.01999999999998181,0.0,0.0,1.0,0.0,0.0,0.004333333333306655,0.004333333333306655,0.0,0.0,1.0
3,75,57,0.0,0.009000000000014552,0.0,0.009000000000014552,0.0,0.0,1.0,0.0,0.0,0.0044444444444404025,0.0044444444444404025,0.0,0.0,1.0
3,75,58,0.0,0.010999999999967258,0.0,0.010999999999967258,0.0,0.0,1.0,0.0,0.0,0.0034444444444387853,0.0034444444444387853,0.0,0.0,1.0
3,75,59,0.0,0.010999999999967258,0.0,0.010999999999967258,0.0,0.0,1.0,0.0,0.0,0.004555555555574149,0.004555555555574149,0.0,0.0,1.0
3,75,60,0.0,0.01900000000023283,0.0,0.01900000000023283,0.0,0.0,1.0,0.0,0.0,0.0044444444444404025,0.0044444444444404025,0.0,0.0,1.0
3,75,61,0.0,0.009999999999763531,0.0,0.009999999999763531,0.0,0.0,1.0,0.0,0.0,0.004333333333357183,0.004333333333357183,0.0,0.0,1.0
3,75,62,0.0,0.010000000000218279,0.0,0.010000000000218279,0.0,0.0,1.0,0.0,0.0,0.003222222222221818,0.003222222222221818,0.0,0.0,1.0
3,76,0,0.009000000000014552,0.0,0.021999999999934516,0.03099999999994907,0.2903225806461077,0.7096774193538923,0.0,0.03224999999997635,0.0752500000000964,0.019499999999993634,0.1270000000000664,0.2539370078736968,0.5925196850398194,0.15354330708648378
4,20,0,0.0,0.28400000000067394,0.0,0.28400000000067394,0.0,0.0,1.0,0.0,0.03799999999975512,1.0855000000006072,1.1235000000003623,0.0,0.0338228749441414,0.9661771250558586
4,21,0,0.0,4.058000000001755,0.15199999999902047,4.210000000000775,0.0,0.0361045130638937,0.9638954869361063,0.009833333333328179,1.19499999999987,2.1345000000002017,3.3393333333334,0.00294469954082491,0.3578558594529386,0.6391994410062365
4,22,0,0.05899999999996908,8.464999999998781,7.0180000000002,15.54199999999895,0.003796165229698434,0.4515506369837005,0.544653197786601,0.060166666666683945,2.622833333333157,2.2836666666669507,4.966666666666791,0.012114093959734718,0.528087248322099,0.45979865771816647
4,22,5,0.2820000000001528,0.07999999999992724,0.03000000000020009,0.3920000000002801,0.7193877551019165,0.07653061224535371,0.20408163265272977,0.19655555555553086,0.013222222222237985,0.008888888888880805,0.21866666666664966,0.8988821138210952,0.06046747967487354,0.04065040650403123
4,22,6,0.06799999999975626,0.0,0.0,0.06799999999975626,1.0,0.0,0.0,0.19788888888888323,0.01399999999997211,0.008888888888880805,0.22077777777773616,0.896326119778704,0.06341217916445532,0.040261701056840626
4,22,7,0.062000000000352884,0.0,0.0,0.062000000000352884,1.0,0.0,0.0,0.018666666666680005,0.0007777777777341221,0.0,0.019444444444414125,0.9600000000021829,0.039999999997817226,0.0
4,22,8,0.038000000000010914,0.0,0.0,0.038000000000010914,1.0,0.0,0.0,0.02222222222225254,0.0007777777777341221,0.0012222222222691118,0.02422222222225577,0.9174311926605314,0.032110091741272495,0.050458715598196195
4,22,9,0.09999999999990905,0.0,0.0,0.09999999999990905,1.0,0.0,0.0,0.025444444444373302,0.016888888888994796,0.0021111111111369813,0.04444444444450508,0.5724999999976182,0.38000000000186446,0.047500000000517274
4,22,10,0.09099999999943975,0.0,0.14000000000032742,0.23099999999976717,0.39393939393736566,0.6060606060626343,0.0,0.021222222222149867,0.020333333333433578,0.0032222222222723453,0.04477777777785579,0.47394540942683877,0.4540942928054178,0.07196029776774339
4,22,11,0.0,0.0,0.03099999999994907,0.03099999999994907,0.0,1.0,0.0,0.010111111111048862,0.02233333333333576,0.0030000000000048508,0.035444444444389475,0.28526645767893694,0.6300940438881929,0.08463949843287
4,23,0,0.3020000000001346,1.1790000000011673,8.566999999999723,10.048000000001025,0.030055732484086762,0.8526074840763186,0.11733678343959465,0.2106666666665641,5.943333333333432,1.6924999999999482,7.846499999999945,0.026848488710452506,0.7574502432082424,0.21570126808130505
4,23,3,0.23100000000022192,0.0,0.011999999999716238,0.24299999999993815,0.9506172839517725,0.04938271604822754,0.0,0.03333333333335354,0.03477777777773225,0.0,0.06811111111108578,0.489396411093464,0.5106035889065361,0.0
4,23,4,0.0500000000001819,0.0,0.0,0.0500000000001819,1.0,0.0,0.0,0.6790000000000368,0.048111111111053456,0.008888888888880805,0.7359999999999711,0.9225543478261732,0.06536835748784693,0.012077294685979829
4,23,5,1.3689999999996871,0.0,0.08899999999994179,1.457999999999629,0.9389574759945374,0.06104252400546258,0.0,0.6631111111110689,0.05388888888894725,0.008888888888880805,0.725888888888897,0.9135159957139987,0.07423848155526096,0.012245522730740295
4,23,7,0.0,0.0,0.006999999999607098,0.006999999999607098,0.0,1.0,0.0,0.08444444444444343,0.0858888888887653,0.0,0.17033333333320871,0.49575994781509913,0.504240052184901,0.0
4,23,9,0.0,0.011000000000422006,0.0,0.011000000000422006,0.0,0.0,1.0,0.08044444444443698,0.20777777777793618,0.03855555555558491,0.3267777777779581,0.2461747704860705,0.6358381502891512,0.11798707922477822
4,23,10,0.0,0.007999999999810825,0.012000000000625732,0.020000000000436557,0.0,0.6000000000181899,0.39999999998181013,0.053555555555533374,0.17222222222225506,0.054222222222260065,0.2800000000000485,0.19126984126972893,0.6150793650793759,0.19365079365089527
4,23,11,0.0,0.010000000000218279,0.0,0.010000000000218279,0.0,0.0,1.0,0.014666666666604064,0.05988888888891274,0.040777777777773534,0.11533333333329035,0.12716763005730805,0.5192678227364311,0.3535645472062607
4,23,12,0.0,0.009000000000014552,0.01799999999911961,0.02699999999913416,0.0,0.6666666666554384,0.33333333334456167,0.010222222222264715,0.04222222222203224,0.0893333333333683,0.14177777777766526,0.07210031347998076,0.29780564263212517,0.630094043887894
4,23,13,0.051000000000385626,0.021999999999934516,0.051000000000385626,0.12400000000070577,0.4112903225814141,0.4112903225814141,0.17741935483717178,0.007777777777846495,0.03655555555552483,0.09888888888887475,0.14322222222224607,0.054305663305358264,0.25523661753271426,0.6904577191619276
4,23,14,0.01900000000023283,0.009000000000014552,0.0,0.028000000000247383,0.6785714285737487,0.0,0.3214285714262513,0.013222222222288513,0.033777777777686424,0.11233333333332969,0.15933333333330463,0.08298465829889683,0.21199442119890696,0.7050209205021962
4,23,15,0.04899999999997817,0.010000000000218279,0.0319999999992433,0.09099999999943975,0.5384615384646136,0.3516483516422012,0.10989010989318511,0.007555555555579001,0.008111111111045627,0.1744444444444626,0.19011111111108725,0.039742840444313,0.04266510812356505,0.9175920514321219
4,23,20,0.0,0.0,0.01900000000023283,0.01900000000023283,0.0,1.0,0.0,0.0,0.004222222222172907,0.005555555555575766,0.009777777777748672,0.0,0.4318181818144236,0.5681818181855764
4,23,21,0.0,0.04100000000016735,0.0,0.04100000000016735,0.0,0.0,1.0,0.0,0.0033333333333050385,0.008888888888880805,0.012222222222185844,0.0,0.27272727272576947,0.7272727272742305
4,24,0,0.902999999999281,0.5109999999997399,19.432000000000812,20.845999999999833,0.04331766286094638,0.9321692411014567,0.02451309603759685,0.36516666666666237,6.934000000000225,0.2883333333334974,7.587500000000385,0.04812740252608156,0.9138714991762601,0.03800109829765836
4,24,1,0.0,0.0,0.6429999999998586,0.6429999999998586,0.0,1.0,0.0,0.2509999999999953,4.638444444444601,0.19222222222233162,5.081666666666927,0.049393243686451115,0.912780146496103,0.037826609817446066
4,24,2,0.0,0.0,0.10100000000011278,0.10100000000011278,0.0,1.0,0.0,0.06411111111111091,0.19344444444434808,0.0,0.257555555555459,0.2489214840380563,0.7510785159619436,0.0
4,24,3,0.018999999999778083,0.0,0.13499999999930878,0.15399999999908687,0.12337662337591392,0.8766233766240861,0.0,0.04744444444445941,0.041666666666635085,0.0,0.08911111111109449,0.5324189526187211,0.467581047381279,0.0
4,24,4,0.0,0.0,0.06500000000045247,0.06500000000045247,0.0,1.0,0.0,0.8145555555555449,0.04711111111105184,0.0,0.8616666666665967,0.9453255963894905,0.05467440361050947,0.0
4,24,5,4.160000000000309,0.0,0.10199999999986176,4.262000000000171,0.9760675739089963,0.023932426091003677,0.0,0.8075555555554326,0.050555555555591686,0.0,0.8581111111110242,0.941085070568384,0.058914929431616116,0.0
4,24,6,0.03899999999953252,0.0,0.19900000000006912,0.23799999999960164,0.16386554621679747,0.8361344537832025,0.0,0.8362222222221035,0.06833333333326487,0.0,0.9045555555553684,0.9244564549810207,0.07554354501897938,0.0
4,24,7,0.3080000000002201,0.0,0.18699999999950023,0.49499999999972033,0.6222222222230184,0.37777777777698157,0.0,0.0998888888888132,0.19944444444433254,0.0,0.2993333333331457,0.33370452858199046,0.6662954714180096,0.0
4,24,8,0.24500000000011823,0.0,0.37999999999971124,0.6249999999998295,0.3920000000002961,0.6079999999997039,0.0,0.10244444444452938,0.29722222222213507,0.04344444444449083,0.4431111111111553,0.2311935807423953,0.6707622868603181,0.09804413239728649
4,24,9,0.25000000000045475,0.28000000000002956,1.079000000000292,1.6090000000007763,0.1553760099442723,0.6706028589184408,0.17402113113728682,0.06933333333339912,0.30233333333342216,0.051000000000025615,0.42266666666684694,0.1640378548896756,0.7152996845424918,0.12066246056783249
4,24,10,0.0,0.04800000000000182,0.2590000000004693,0.3070000000004711,0.0,0.8436482084692893,0.1563517915307106,0.04900000000004765,0.17988888888891097,0.11444444444447932,0.34333333333343796,0.14271844660203706,0.5239482200646296,0.3333333333333333
4,24,11,0.04099999999999682,0.13099999999985812,0.02899999999863212,0.20099999999848706,0.2039800995040071,0.14427860695945474,0.6517412935365381,0.01911111111111394,0.06755555555556865,0.2682222222222587,0.3548888888889413,0.05385097056981843,0.1903569192235529,0.7557921102066286
4,24,12,0.0,0.1610000000000582,0.050000000001091394,0.2110000000011496,0.0,0.23696682464843116,0.7630331753515688,0.02366666666670704,0.06544444444428009,0.3247777777778475,0.4138888888888346,0.05718120805379632,0.15812080536875114,0.7846979865774525
4,24,13,0.0,0.471000000000231,0.20099999999911233,0.6719999999993433,0.0,0.2991071428561142,0.7008928571438858,0.007777777777846495,0.03655555555552483,0.29344444444446555,0.33777777777783685,0.023026315789673096,0.10822368421041642,0.8687499999999105
4,24,14,0.0,0.21799999999961983,0.009000000000014552,0.22699999999963438,0.0,0.039647577092638976,0.960352422907361,0.013222222222288513,0.033777777777686424,0.13166666666664797,0.1786666666666229,0.07400497512476727,0.18905472636769421,0.7369402985075386
4,24,15,0.0,0.28099999999994907,0.011000000000422006,0.2920000000003711,0.0,0.03767123287810968,0.9623287671218903,0.007555555555579001,0.008111111111045627,0.1920000000000199,0.20766666666664452,0.03638309256298462,0.03905831995688519,0.9245585874801303
4,24,16,0.0,1.052000000000362,0.02099999999973079,1.0730000000000928,0.0,0.019571295433111813,0.9804287045668882,0.0054444444444420185,0.007111111111044011,0.1837777777778026,0.19633333333328862,0.02773061686473646,0.03621958121075873,0.9360498019245049
4,24,17,0.0,0.1459999999997308,0.0,0.1459999999997308,0.0,0.0,1.0,0.0033333333333303017,0.0035555555555725326,0.17188888888890433,0.17877777777780715,0.018645121193267736,0.019888129272931966,0.9614667495338004
4,24,18,0.0,0.0,0.011000000000422006,0.011000000000422006,0.0,1.0,0.0,0.007777777777770704,0.0021111111111369813,0.049666666666629056,0.05955555555553674,0.13059701492529563,0.03544776119447544,0.833955223880229
4,24,19,0.0,0.0,0.007999999999810825,0.007999999999810825,0.0,1.0,0.0,0.009000000000014552,0.0054444444444420185,0.02711111111112686,0.041555555555583434,0.21657754010715674,0.1310160427806024,0.6524064171122408
4,24,20,0.0,0.0,0.01099999999951251,0.01099999999951251,0.0,1.0,0.0,0.00566666666668425,0.005222222222174524,0.012666666666720816,0.023555555555579588,0.2405660377363501,0.22169811320529606,0.5377358490583539
4,24,21,0.0,0.009000000000014552,0.0,0.009000000000014552,0.0,0.0,1.0,0.001222222222243848,0.004333333333306656,0.018222222222246055,0.023777777777796556,0.0514018691597474,0.18224299065293972,0.766355140187313
4,24,22,0.0,0.02999999999974534,0.0,0.02999999999974534,0.0,0.0,1.0,0.0,0.001000000000001617,0.016888888888893724,0.01788888888889534,0.0,0.05590062111808265,0.9440993788819173
4,25,0,0.786000000000513,0.04000000000007731,12.174000000000945,13.000000000001535,0.060461538461570784,0.9364615384615006,0.0030769230769286606,0.5768333333333544,8.89450000000025,0.24883333333330407,9.720166666666907,0.059343975583409765,0.9150563261946841,0.02559969822190613
4,25,1,0.20000000000004547,0.0,0.7880000000000109,0.9880000000000564,0.20242914979760532,0.7975708502023947,0.0,0.39555555555551164,5.946666666666836,0.16588888888886938,6.508111111111217,0.060778857152605247,0.913731582811204,0.02548956003619074
4,25,2,0.06799999999998363,0.0,0.04099999999993997,0.1089999999999236,0.6238532110094613,0.3761467889905386,0.0,0.1259999999999258,0.21777777777768706,0.04844444444443576,0.3922222222220486,0.3212464589234658,0.5552407932011476,0.12351274787538664
4,25,3,0.05899999999996908,0.0,0.021000000000185537,0.08000000000015461,0.7374999999981882,0.2625000000018119,0.0,0.10611111111110304,0.0654444444444064,0.050999999999981414,0.22255555555549086,0.4767848227659535,0.2940589116324657,0.2291562656015807
4,25,5,1.4429999999997563,0.0,0.0,1.4429999999997563,1.0,0.0,0.0,0.997111111111154,0.0632222222221862,0.02844444444445394,1.0887777777777943,0.9158077354832381,0.058067149709120025,0.02612511480764176
4,25,6,0.2069999999994252,0.0,0.0,0.2069999999994252,1.0,0.0,0.0,1.074777777777778,0.09399999999993093,0.03866666666666182,1.2074444444443708,0.8901260697525161,0.0778503726879019,0.032023557559582
4,25,7,0.0,0.0,0.031000000000403816,0.031000000000403816,0.0,1.0,0.0,0.5051111111111228,0.43399999999986166,0.03977777777777192,0.9788888888887564,0.516004540295201,0.44335981838811395,0.0406356413166851
4,25,8,0.10000000000002274,0.0,0.9909999999997012,1.090999999999724,0.09165902841434284,0.9083409715856572,0.0,0.3395555555556105,0.6472222222223598,0.07522222222219928,1.0620000000001695,0.3197321615400719,0.6094371207365881,0.07083071772334018
4,25,9,0.018999999999948614,0.0999999999999659,0.0,0.11899999999991451,0.15966386554590137,0.0,0.8403361344540986,0.26355555555562027,0.7350000000001778,0.09677777777781987,1.095333333333618,0.24061675796307225,0.6710286062081439,0.08835463582878399
4,25,10,0.010000000000047748,0.012000000000000455,0.0,0.022000000000048203,0.454545454546629,0.0,0.545454545453371,0.08933333333336198,0.43388888888904376,0.8934444444444251,1.4166666666668308,0.06305882352942467,0.3062745098039954,0.6306666666665799
4,25,11,0.1209999999999809,0.4300000000000068,0.24000000000017963,0.7910000000001673,0.1529709228823708,0.3034134007586964,0.5436156763589328,0.03455555555554687,0.19366666666672927,1.5968888888889599,1.825111111111236,0.018933398271027673,0.10611226104958263,0.8749543406793897
4,25,12,0.0,1.6050000000003593,0.0,1.6050000000003593,0.0,0.0,1.0,0.03266666666667106,0.08933333333328619,1.6754444444444203,1.7974444444443776,0.018173950670708445,0.049700191630067725,0.9321258576992238
4,25,13,0.0,0.08399999999994634,0.0,0.08399999999994634,0.0,0.0,1.0,0.030111111111131728,0.047222222222267705,0.9466666666666773,1.0240000000000768,0.02940538194446237,0.04611545138892985,0.9244791666666077
4,25,14,0.0,0.06200000000001182,0.0,0.06200000000001182,0.0,0.0,1.0,0.04044444444447335,0.03855555555552808,0.48344444444436857,0.56244444444437,0.0719083366259005,0.06854998024492269,0.8595416831291768
4,25,15,0.0,0.027999999999906322,0.0,0.027999999999906322,0.0,0.0,1.0,0.03844444444444485,0.021888888888901826,0.5432222222222233,0.60355555555557,0.06369661266568398,0.0362665684830839,0.9000368188512321
4,25,16,0.0,0.06800000000009732,0.0,0.06800000000009732,0.0,0.0,1.0,0.02322222222220363,0.009888888888907685,0.6124444444444382,0.6455555555555496,0.03597246127363763,0.01531841652326506,0.9487091222030973
4,25,17,0.0,0.06899999999995998,0.0,0.06899999999995998,0.0,0.0,1.0,0.012222222222211107,0.010444444444450104,0.34122222222222515,0.3638888888888864,0.03358778625951167,0.028702290076351628,0.9377099236641366
4,25,18,0.029999999999972715,0.21199999999998909,0.0,0.2419999999999618,0.12396694214866714,0.0,0.8760330578513329,0.014444444444431307,0.005222222222225052,0.17077777777775638,0.19044444444441275,0.07584597432899848,0.02742123687283156,0.8967327887981699
4,25,19,0.03999999999996362,0.01999999999998181,0.0,0.05999999999994543,0.6666666666666666,0.0,0.3333333333333333,0.018777777777788492,0.005999999999959174,0.02933333333334708,0.05411111111109475,0.3470225872692968,0.11088295687812916,0.542094455852574
4,25,20,0.011000000000194632,0.012000000000170985,0.0,0.023000000000365617,0.47826086956607705,0.0,0.521739130433923,0.02000000000003234,0.013111111111028447,0.016777777777810518,0.0498888888888713,0.4008908685976715,0.26280623607861386,0.33630289532371466
4,25,21,0.0,0.032000000000152795,0.009000000000014552,0.04100000000016735,0.0,0.21951219512141018,0.7804878048785898,0.018777777777763228,0.011777777777726643,0.05899999999999434,0.08955555555548421,0.2096774193548433,0.13151364764221368,0.6588089330029431
4,25,22,0.0,0.03999999999996362,0.0,0.03999999999996362,0.0,0.0,1.0,0.022666666666635946,0.010999999999992521,0.12755555555552037,0.16122222222214883,0.1405926946931884,0.06822880771879929,0.7911784975880124
4,25,31,0.0,0.0,0.018000000000029104,0.018000000000029104,0.0,1.0,0.0,0.013444444444454957,0.006555555555526855,0.0,0.01999999999998181,0.6722222222233593,0.32777777777664086,0.0
4,25,32,0.0,0.0,0.021999999999934516,0.021999999999934516,0.0,1.0,0.0,0.006555555555577385,0.006444444444443635,0.0,0.013000000000021019,0.5042735042743681,0.495726495725632,0.0
4,25,33,0.01999999999998181,0.0,0.0,0.01999999999998181,1.0,0.0,0.0,0.006666666666660606,0.00988888888888242,0.01544444444440766,0.031999999999950686,0.208333333333465,0.30902777777805185,0.48263888888848316
4,25,34,0.009000000000014552,0.05999999999994543,0.0,0.06899999999995998,0.1304347826089822,0.0,0.8695652173910178,0.004333333333357185,0.007444444444445252,0.05788888888885898,0.06966666666666141,0.062200956938146104,0.10685805422649494,0.830940988835359
4,25,35,0.010000000000218279,0.0,0.0,0.010000000000218279,1.0,0.0,0.0,0.0031111111111386002,0.005444444444442018,0.05788888888885898,0.0664444444444396,0.046822742475333516,0.08193979933107312,0.8712374581935933
4,25,36,0.009000000000014552,0.0,0.0,0.009000000000014552,1.0,0.0,0.0,0.0034444444444387875,0.0,0.042444444444451314,0.0458888888888901,0.07506053268752608,0.0,0.9249394673124739
4,25,37,0.011999999999716238,0.0,0.0,0.011999999999716238,1.0,0.0,0.0,0.004222222222223437,0.0,0.0,0.004222222222223437,1.0,0.0,0.0
4,25,38,0.017000000000280124,0.0,0.0,0.017000000000280124,1.0,0.0,0.0,0.01566666666662463,0.0,0.0,0.01566666666662463,1.0,0.0,0.0
4,25,39,0.08899999999994179,0.0,0.0,0.08899999999994179,1.0,0.0,0.0,0.014333333333322826,0.011000000000017782,0.0,0.025333333333340608,0.5657894736836333,0.4342105263163667,0.0
4,25,40,0.0,0.0,0.09900000000016007,0.09900000000016007,0.0,1.0,0.0,0.01566666666662463,0.033222222222219794,0.0702222222222291,0.11911111111107352,0.13152985074595724,0.2789179104478288,0.589552238806214
4,25,41,0.028999999999996362,0.10300000000052023,0.1999999999998181,0.3320000000003347,0.08734939759026243,0.6024096385530617,0.3102409638566759,0.0032222222222218207,0.033222222222219794,0.0702222222222291,0.10666666666667071,0.030208333333328424,0.31145833333329875,0.6583333333333728
4,26,0,1.5530000000005089,0.9329999999999927,20.308999999999912,22.795000000000414,0.06812897565257647,0.8909409958323994,0.04093002851502416,0.43766666666676696,9.818000000000259,0.4530000000001072,10.708666666667133,0.04087032310279038,0.9168274917512138,0.04230218514599584
4,26,1,0.018999999999778083,0.009000000000014552,0.020999999999958163,0.0489999999997508,0.3877551020382594,0.4285714285727544,0.1836734693889862,0.30277777777778664,6.556222222222314,0.3020000000000715,7.161000000000173,0.04228149389439734,0.9155456252230354,0.042172880882567265
4,26,2,0.03099999999949432,0.0,0.010999999999967258,0.04199999999946158,0.7380952380926602,0.26190476190733986,0.0,0.1554444444443877,0.18322222222218443,0.04844444444443576,0.3871111111110079,0.40154994259467924,0.47330654420209517,0.12514351320322564
4,26,3,0.7380000000002838,0.42699999999990723,0.19899999999984175,1.3640000000000327,0.5410557184752683,0.14589442815237313,0.31304985337235847,0.15200000000002473,0.10611111111102724,0.050999999999981414,0.30911111111103334,0.49173256649912533,0.3432782171098078,0.16498921639106692
4,26,4,0.04000000000041837,0.03199999999992542,0.015999999999849024,0.08800000000019281,0.4545454545492128,0.18181818181606782,0.3636363636347194,0.8728888888889199,0.10944444444448385,0.056777777777774145,1.039111111111178,0.8400342172797021,0.10532506415743063,0.054640718562867244
4,26,5,1.2920000000001437,0.052000000000134605,0.04600000000004911,1.3900000000003274,0.9294964028775823,0.033093525179883655,0.03741007194253407,1.2158888888889379,0.11177777777773674,0.02844444444445394,1.3561111111111286,0.8965997541991233,0.08242523555916573,0.020975010241710952
4,26,6,1.7930000000008022,0.17200000000002547,0.14099999999939428,2.106000000000222,0.8513770180439759,0.06695156695127227,0.08167141500475182,1.2561111111110677,0.14888888888893032,0.03866666666666182,1.4436666666666598,0.8700838913260728,0.10313245593784186,0.026783652736085434
4,26,7,0.43099999999981264,0.12399999999979627,0.14000000000010004,0.694999999999709,0.6201438848920764,0.20143884892109162,0.17841726618683193,0.8893333333333354,0.5933333333332548,0.03977777777777192,1.522444444444362,0.5841482995183515,0.3897241278645148,0.02612757261713375
4,26,8,1.4230000000001723,0.06200000000012551,1.8369999999998754,3.3220000000001733,0.42835641180014994,0.5529801324502648,0.01866345574958527,0.47377777777769675,0.921111111111189,0.04411111111108489,1.4389999999999705,0.32924098525205453,0.6401050111961138,0.030654003551831687
4,26,9,0.27999999999974534,0.11099999999987631,1.1800000000016553,1.571000000001277,0.1782304264796421,0.7511139401659428,0.07065563335441508,0.4299999999999247,1.1669999999999983,0.08211111111114001,1.679111111111063,0.25608787718365755,0.6950105876125122,0.04890153520383016
4,26,10,0.04500000000007276,0.25800000000037926,0.8889999999998963,1.1920000000003483,0.037751677852399,0.7458053691272118,0.21644295302038916,0.08255555555548554,0.9017777777779216,0.951888888888795,1.936222222222202,0.042637438310534695,0.4657408470102937,0.4916217146791716
4,26,11,0.038000000000010914,6.670999999999708,0.2290000000002692,6.937999999999988,0.0054770827327775985,0.03300663015282064,0.9615162871144017,0.04122222222217589,0.5861111111111149,1.9163333333333539,2.5436666666666445,0.016205827108705117,0.2304197789717416,0.7533743939195533
4,26,12,0.055999999999812644,5.056000000000267,0.047000000000025466,5.1590000000001055,0.010854816824929541,0.009110292692386994,0.9800348904826834,0.02811111111111586,0.2808888888889353,2.6565555555553715,2.9655555555554227,0.009479205695018887,0.09471712251781683,0.8958036717871642
4,26,13,0.03800000000023829,0.46999999999934516,0.008000000000265572,0.515999999999849,0.07364341085319652,0.01550387596951146,0.910852713177292,0.030111111111131728,0.09966666666663414,3.6957777777778094,3.8255555555555754,0.007871042695329193,0.02605286087713339,0.9660760964275373
4,26,14,0.1770000000001346,0.3930000000002565,0.10999999999989996,0.680000000000291,0.2602941176471454,0.1617647058821366,0.5779411764707181,0.04044444444447335,0.014000000000022635,3.2425555555554726,3.2969999999999686,0.012267044114186757,0.004246284501068477,0.9834866713847448
4,26,15,0.14899999999988722,2.344000000000051,0.008000000000038199,2.5009999999999764,0.05957616953214259,0.0031987205118105856,0.9372251099560468,0.03844444444444485,0.017333333333327674,2.8245555555557567,2.880333333333529,0.0133472206148972,0.006017822011338906,0.9806349573737639
4,26,16,0.01999999999998181,0.44299999999975626,0.038000000000010914,0.500999999999749,0.039920159680622416,0.07584830339327336,0.8842315369261042,0.02322222222220363,0.006333333333335152,1.2971111111111464,1.326666666666685,0.017504187604675862,0.004773869346734973,0.9777219430485893
4,26,17,0.03999999999996362,1.081000000000131,0.010999999999967258,1.1320000000000618,0.03533568904590233,0.009717314487603055,0.9549469964664946,0.012222222222211107,0.006888888888877569,0.9628888888889264,0.9820000000000151,0.012446254808768757,0.007015161801300879,0.9805385833899304
4,26,18,0.01999999999998181,0.0,0.012999999999919964,0.032999999999901775,0.6060606060618589,0.3939393939381412,0.0,0.014444444444431307,0.0031111111110880703,0.5921111111110361,0.6096666666665554,0.0236923637688911,0.005102970657881856,0.971204665573227
4,26,19,0.0,0.009000000000014552,0.0039999999999054126,0.012999999999919964,0.0,0.30769230768692607,0.692307692313074,0.018777777777788492,0.0026666666666541362,0.2062222222222216,0.22766666666666424,0.08247925817476731,0.011713030746650796,0.9058077110785819
4,26,20,0.06799999999998363,0.010999999999967258,0.007000000000061846,0.08600000000001273,0.7906976744182972,0.08139534883791638,0.1279069767437864,0.02000000000003234,0.010999999999992523,0.015777777777808904,0.04677777777783376,0.4275534441807022,0.23515439429884613,0.33729216152045177
4,26,21,0.06100000000014916,0.057999999999992724,0.07899999999995089,0.19800000000009277,0.3080808080814171,0.398989898989464,0.29292929292911896,0.018777777777763228,0.010555555555558588,0.05466666666668768,0.0840000000000095,0.22354497354477507,0.12566137566139757,0.6507936507938273
4,26,22,0.028999999999541615,0.3389999999999418,0.0,0.3679999999994834,0.07880434782495196,0.0,0.9211956521750481,0.022666666666635946,0.010999999999992523,0.12322222222221373,0.1568888888888422,0.14447592067973386,0.07011331444756527,0.7854107648727008
4,26,23,0.11400000000003274,0.6399999999998727,0.010999999999967258,0.7649999999998727,0.14901960784320487,0.014379084967279855,0.8366013071895153,0.02011111111106503,0.0012222222222185843,0.11322222222219756,0.13455555555548118,0.14946325350923642,0.009083402146963945,0.8414533443437996
4,26,24,0.038000000000010914,0.0,0.0,0.038000000000010914,1.0,0.0,0.0,0.01688888888889374,0.004666666666707897,0.07111111111109696,0.0926666666666986,0.18225419664267542,0.05035971223064341,0.7673860911266812
4,26,25,0.0,0.0,0.031000000000403816,0.031000000000403816,0.0,1.0,0.0,0.004222222222223437,0.007888888888929716,0.0,0.012111111111153153,0.34862385320989925,0.6513761467901007,0.0
4,26,26,0.0,0.0,0.03999999999996362,0.03999999999996362,0.0,1.0,0.0,0.0,0.01244444444445334,0.0,0.01244444444445334,0.0,1.0,0.0
4,26,27,0.0,0.0,0.0409999999997126,0.0409999999997126,0.0,1.0,0.0,0.0,0.012222222222185842,0.0,0.012222222222185842,0.0,1.0,0.0
4,26,28,0.0,0.0,0.028999999999996362,0.028999999999996362,0.0,1.0,0.0,0.007888888888879191,0.010000000000016168,0.0,0.01788888888889536,0.44099378881917417,0.5590062111808258,0.0
4,26,29,0.07099999999991269,0.0,0.020000000000436557,0.09100000000034925,0.7802197802158264,0.2197802197841736,0.0,0.01699999999997696,0.007555555555579001,0.0,0.024555555555555962,0.6923076923067426,0.3076923076932574,0.0
4,26,30,0.08199999999987995,0.0,0.018999999999778083,0.10099999999965803,0.8118811881203721,0.18811881187962787,0.0,0.01788888888889536,0.0063333333333604165,0.0,0.024222222222255774,0.7385321100909872,0.2614678899090128,0.0
4,26,31,0.008000000000265572,0.0,0.0,0.008000000000265572,1.0,0.0,0.0,0.013444444444454957,0.006555555555526856,0.0,0.019999999999981814,0.6722222222233591,0.32777777777664086,0.0
4,26,32,0.03099999999994907,0.0,0.0,0.03099999999994907,1.0,0.0,0.0,0.006555555555577385,0.006444444444443635,0.0,0.013000000000021019,0.5042735042743681,0.495726495725632,0.0
4,26,33,0.0,0.0,0.018000000000029104,0.018000000000029104,0.0,1.0,0.0,0.006666666666660606,0.009888888888882423,0.01544444444440766,0.031999999999950686,0.208333333333465,0.30902777777805196,0.48263888888848316
4,26,34,0.0,0.07899999999972351,0.04899999999997817,0.12799999999970169,0.0,0.38281250000072164,0.6171874999992784,0.004333333333357185,0.007444444444445254,0.05788888888885898,0.06966666666666142,0.06220095693814609,0.10685805422649494,0.8309409888353589
4,26,35,0.0,0.38200000000006185,0.0,0.38200000000006185,0.0,0.0,1.0,0.0031111111111386002,0.00544444444444202,0.05788888888885898,0.0664444444444396,0.046822742475333516,0.08193979933107316,0.8712374581935933
4,26,39,0.022999999999683496,0.0,0.0,0.022999999999683496,1.0,0.0,0.0,0.014333333333322826,0.011000000000017787,0.0,0.02533333333334061,0.5657894736836332,0.43421052631636686,0.0
4,26,41,0.0,0.5289999999995416,0.0,0.5289999999995416,0.0,0.0,1.0,0.0032222222222218207,0.0332222222222198,0.0702222222222291,0.10666666666667071,0.030208333333328424,0.3114583333332988,0.6583333333333728
4,27,0,0.06799999999975626,1.7360000000005584,25.523000000000422,27.327000000000737,0.0024883814542304102,0.9339847037728157,0.06352691477295391,0.4098333333333339,9.474333333333325,0.667333333333507,10.551500000000166,0.03884123900235298,0.8979134088360116,0.06324535216163545
4,27,1,0.0,0.0,0.09300000000030195,0.09300000000030195,0.0,1.0,0.0,0.28122222222216603,6.325888888888831,0.44488888888900463,7.052000000000001,0.03987836389991009,0.8970347261612067,0.06308690993888323
4,27,2,0.0,0.0,0.04599999999936699,0.04599999999936699,0.0,1.0,0.0,0.1493333333333011,0.13111111111100449,0.04844444444443576,0.32888888888874135,0.4540540540541597,0.3986486486485033,0.14729729729733698
4,27,3,0.28399999999993497,0.0,0.4290000000000873,0.7130000000000223,0.3983169705468809,0.6016830294531191,0.0,0.15122222222230322,0.12466666666657979,0.050999999999981414,0.3268888888888644,0.4626104690689432,0.3813732154994229,0.15601631543163397
4,27,4,0.14800000000013824,0.0,0.19200000000000728,0.3400000000001455,0.4352941176472791,0.5647058823527209,0.0,0.9504444444445174,0.1353333333333732,0.06699999999999465,1.1527777777778851,0.8244819277108298,0.11739759036146942,0.058120481927700786
4,27,5,3.8519999999996344,0.0,0.0820000000003347,3.933999999999969,0.9791560752413992,0.020843924758600748,0.0,1.5506666666667825,0.12433333333334277,0.03944444444445278,1.714444444444578,0.9044718081659077,0.07252106286454943,0.023007128969542927
4,27,6,2.16800000000012,0.0,0.5289999999999964,2.6970000000001164,0.8038561364479149,0.1961438635520851,0.0,1.6486666666666376,0.1635555555555786,0.04966666666666066,1.861888888888877,0.885480694635068,0.08784388613714966,0.02667541922778235
4,27,7,0.11899999999991451,0.0,0.3710000000000946,0.4900000000000091,0.2428571428569639,0.7571428571430361,0.0,1.368777777777843,0.5452222222221255,0.04055555555555025,1.9545555555555187,0.7003012904326541,0.2789494627934297,0.02074924677391616
4,27,8,1.7629999999997494,0.0,1.2999999999997272,3.0629999999994766,0.5755794972249594,0.42442050277504056,0.0,0.7141111111109683,0.882777777777859,0.03299999999997757,1.6298888888888048,0.43813484218413296,0.5416183788943446,0.020246778921522494
4,27,9,0.1289999999999054,0.0,2.439999999999145,2.5689999999990505,0.05021409108600743,0.9497859089139926,0.0,0.6103333333332192,1.2220000000000937,0.06966666666669931,1.9020000000000121,0.32089029092177457,0.6424815983176057,0.0366281107606198
4,27,10,0.10099999999965803,0.1959999999999127,1.8659999999999854,2.162999999999556,0.04669440591755837,0.8626907073510718,0.09061488673136982,0.08722222222207975,1.177222222222276,0.9105555555554727,2.1749999999998284,0.04010217113659155,0.5412515964240776,0.41864623243933086
4,27,11,0.0,0.7889999999993051,1.272000000000162,2.060999999999467,0.0,0.6171761280933968,0.38282387190660316,0.026666666666617145,0.8574444444443796,1.7332222222221896,2.6173333333331863,0.010188487009660714,0.3276023093903825,0.6622092035999568
4,27,12,0.0,2.2300000000002456,0.7319999999995161,2.9619999999997617,0.0,0.2471303173529963,0.7528696826470037,0.014666666666673538,0.45233333333327314,2.469888888888654,2.9368888888886007,0.004993946731237696,0.15401785714285177,0.8409881961259105
4,27,13,0.0,6.57399999999916,0.0,6.57399999999916,0.0,0.0,1.0,0.030111111111131728,0.1084444444444317,3.654555555555614,3.7931111111111777,0.007938367801282466,0.028589841232640113,0.9634717909660774
4,27,14,0.0,16.788000000000693,0.0,16.788000000000693,0.0,0.0,1.0,0.04044444444447335,0.018444444444463037,3.413333333333393,3.4722222222223293,0.011648000000007966,0.005312000000005191,0.9830399999999869
4,27,15,0.0,2.439999999999884,0.0,2.439999999999884,0.0,0.0,1.0,0.03844444444444485,0.019777777777764842,3.1472222222224606,3.2054444444446704,0.011993483309646063,0.006170057887617284,0.9818364588027366
4,27,16,0.0,2.855000000001155,0.0,2.855000000001155,0.0,0.0,1.0,0.03188888888886746,0.015222222222215956,1.638333333333233,1.6854444444443164,0.01892016612827668,0.00903157755949331,0.97204825631223
4,27,17,0.0,2.3459999999993784,0.0,2.3459999999993784,0.0,0.0,1.0,0.02311111111106988,0.014444444444406042,1.4326666666665788,1.4702222222220547,0.015719467956442912,0.009824667472768228,0.9744558645707889
4,27,18,0.0,1.5919999999998709,0.0,1.5919999999998709,0.0,0.0,1.0,0.034111111111138195,0.010666666666616543,1.0636666666665697,1.1084444444443244,0.03077385725744557,0.009623095428985493,0.9596030473135689
4,28,0,0.6569999999999823,1.3260000000004766,10.68999999999977,12.67300000000023,0.05184249980272788,0.8435256056182101,0.104631894579062,0.30633333333340335,9.60466666666658,1.2816666666665906,11.192666666666574,0.02736911072726838,0.8581213890047048,0.1145095002680268
4,28,1,0.16199999999997772,0.0,0.20999999999958163,0.37199999999955935,0.4354838709681979,0.5645161290318021,0.0,0.2154444444444342,6.418333333333243,0.8544444444443937,7.4882222222220705,0.028771107220226536,0.8571237795649518,0.11410511321482178
4,28,2,0.04099999999999682,0.0,0.03000000000020009,0.0710000000001969,0.577464788730748,0.422535211269252,0.0,0.08966666666658007,0.23333333333328535,0.0,0.3229999999998654,0.2776057791536144,0.7223942208463857,0.0
4,28,3,0.0690000000002442,0.0,0.14099999999973534,0.20999999999997954,0.32857142857262345,0.6714285714273766,0.0,0.07499999999996337,0.12544444444436445,0.0008888888888678695,0.2013333333331957,0.37251655629146346,0.6230684326711103,0.004415011037426211
4,28,4,0.010000000000218279,0.0,0.058000000000163254,0.06800000000038153,0.14705882353179664,0.8529411764682033,0.0,0.7422222222221914,0.1418888888889253,0.011111111111088375,0.895222222222205,0.8290927144098114,0.1584957180092283,0.012411567580960318
4,28,5,2.12099999999964,0.09199999999998454,0.05500000000029104,2.2679999999999154,0.9351851851850612,0.024250440917236812,0.04056437389770193,1.5317777777778854,0.12922222222229293,0.013111111111135818,1.674111111111314,0.9149797570849736,0.07718855777530334,0.007831685139723108
4,28,6,2.5319999999999254,0.007000000000005002,0.0,2.5389999999999304,0.9972430090586825,0.0,0.0027569909413175243,1.6951111111112722,0.1615555555557017,0.01222222222226795,1.8688888888892419,0.9070154577882621,0.08644470868020455,0.00653983353153334
4,28,7,0.5299999999997453,0.0,0.10799999999994725,0.6379999999996926,0.8307210031347974,0.16927899686520265,0.0,1.6507777777778945,0.37144444444452857,0.0033333333333492496,2.0255555555557723,0.8149753154141229,0.18337904552936915,0.001645639056507956
4,28,8,1.5600000000003433,0.0,0.48099999999999454,2.041000000000338,0.7643312101911245,0.2356687898088755,0.0,0.9789999999999156,0.784777777777789,0.003555555555572533,1.7673333333332772,0.5539419087136628,0.44404627184712214,0.0020118194392150014
4,28,9,0.19199999999932515,0.0,0.08800000000019281,0.27999999999951797,0.685714285713056,0.31428571428694396,0.0,0.816555555555346,1.3418888888888192,0.027333333333343843,2.185777777777509,0.3735766571776646,0.6139182594551067,0.012505083367228794
4,28,10,0.0,0.0,0.9170000000003711,0.9170000000003711,0.0,1.0,0.0,0.18377777777763207,2.1708888888887006,0.16266666666664126,2.517333333332974,0.0730049435027774,0.8623764124294269,0.06461864406779574
4,28,11,0.0,0.17000000000007276,1.713999999998805,1.8839999999988777,0.0,0.9097664543523493,0.09023354564765076,0.043333333333268664,1.9022222222220775,0.5547777777777456,2.5003333333330917,0.0173310225303051,0.7607874505621629,0.22188152690753202
4,28,12,0.0,0.22899999999981446,0.051000000000385626,0.2800000000002001,0.0,0.18214285714410422,0.8178571428558958,0.03311111111108605,1.2961111111109935,1.3023333333331821,2.631555555555262,0.012582334065183571,0.49252660023645684,0.49489106569835956
4,28,13,0.0,0.03999999999996362,0.018000000000029104,0.057999999999992724,0.0,0.31034482758674764,0.6896551724132524,0.06155555555561579,0.2479999999999527,3.520555555555594,3.8301111111111625,0.01607148037482332,0.06475007977719081,0.9191784398479859
4,28,14,0.0,1.1110000000007858,0.009999999999763531,1.1210000000005493,0.0,0.00892060660103357,0.9910793933989664,0.04033333333341539,0.036000000000007824,3.6135555555555796,3.6898888888890027,0.010930771778756582,0.00975639133969889,0.9793128368815446
4,28,15,0.0,0.5600000000004002,0.012000000000170985,0.5720000000005712,0.0,0.020979020979298955,0.9790209790207011,0.03311111111113658,0.02377777777777146,3.66888888888912,3.725777777778028,0.008887033281647656,0.00638196349755245,0.9847310032207999
4,28,16,0.0,1.390999999999167,0.0,1.390999999999167,0.0,0.0,1.0,0.01322222222218746,0.011222222222234896,3.2307777777777402,3.2552222222221627,0.0040618493360988946,0.003447451957542271,0.9924906987063588
4,28,17,0.07799999999997453,1.2849999999991724,0.06799999999975626,1.4309999999989031,0.05450733752622943,0.04751921733040418,0.8979734451433664,0.021999999999934516,0.009888888888882565,3.4948888888888203,3.5267777777776375,0.006237988721193992,0.002803944425189711,0.9909580668536163
4,28,18,0.04999999999972715,1.901000000000579,0.0,1.951000000000306,0.025627883136709027,0.0,0.974372116863291,0.03311111111113658,0.009888888888882565,3.078999999999932,3.121999999999951,0.01060573706314449,0.0031674852302635234,0.986226777706592
4,28,19,0.11900000000059663,1.3589999999999804,0.0,1.478000000000577,0.08051420839008806,0.0,0.919485791609912,0.03788888888892769,0.0,1.3302222222222706,1.3681111111111983,0.027694306830206083,0.0,0.9723056931697939
4,28,20,0.0929999999998472,0.0,0.0,0.0929999999998472,1.0,0.0,0.0,0.03466666666670588,0.0,0.5787777777778287,0.6134444444445346,0.056511501539631775,0.0,0.9434884984603682
4,29,0,0.8020000000005894,4.627999999998508,20.18399999999906,25.613999999998157,0.031311001795918135,0.7880065589131144,0.18068243929096747,0.33166666666681976,6.527166666666375,1.7216666666666451,8.580499999999839,0.03865353611873737,0.7606977060388669,0.20064875784239583
4,29,1,0.1490000000001146,0.0,0.9280000000003383,1.077000000000453,0.13834726090998323,0.8616527390900168,0.0,0.23233333333337844,4.362777777777668,1.1488888888888988,5.743999999999946,0.040448003714028666,0.7595365212008548,0.2000154750851166
4,29,2,0.05999999999949068,0.0,0.06100000000014916,0.12099999999963984,0.4958677685923081,0.5041322314076919,0.0,0.07799999999998085,0.18033333333335122,0.008777777777797584,0.2671111111111297,0.29201331114799456,0.6751247920133312,0.032861896838674194
4,29,3,0.04199999999946158,0.0,0.1619999999998072,0.20399999999926877,0.20588235293927512,0.7941176470607249,0.0,0.16122222222223728,0.07611111111113662,0.013111111111104239,0.25044444444447816,0.643744454303434,0.30390417036385864,0.052351375332707305
4,29,4,0.021000000000185537,0.007999999999810825,0.009999999999763531,0.03899999999975989,0.5384615384696109,0.2564102564057717,0.20512820512461738,0.41011111111112086,0.08733333333332087,0.027777777777765144,0.5252222222222069,0.7808335096255966,0.16627882377827602,0.052887666596127265
4,29,5,0.13300000000026557,0.0,0.14800000000013824,0.2810000000004038,0.4733096085411902,0.5266903914588098,0.0,1.125222222222141,0.06666666666672603,0.03455555555555318,1.2264444444444202,0.9174669324152446,0.05435767349162404,0.028175394093131433
4,29,6,2.8010000000008404,0.011000000000422006,0.08899999999994179,2.901000000001204,0.9655291278868244,0.03067907618059457,0.0037917959325809857,1.3303333333333285,0.07200000000014167,0.04322222222231808,1.4455555555557882,0.9202920830129154,0.04980784012307231,0.029900076864012307
4,29,7,1.0000000000013642,0.0,0.07200000000057116,1.0720000000019354,0.9328358208951109,0.06716417910488916,0.0,1.6121111111111128,0.16077777777792335,0.03544444444448421,1.8083333333335203,0.8914900153608919,0.08890937019976408,0.01960061443934408
4,29,8,2.383999999999048,0.011999999999716238,0.39300000000048385,2.7889999999992483,0.8547866618858697,0.14091072068863025,0.00430261742549999,1.077333333333368,0.41733333333349437,0.03322222222216927,1.5278888888890314,0.7051123554650139,0.27314377136216267,0.02174387317282347
4,29,9,1.133999999999844,0.020000000000436557,1.8099999999999454,2.964000000000226,0.3825910931173271,0.6106612685559404,0.006747638326732467,0.776333333333298,0.8483333333333514,0.03566666666655591,1.6603333333332053,0.4675767918088885,0.5109415779964366,0.02148163019467496
4,29,10,0.0860000000002401,0.018000000000029104,2.7819999999995275,2.8859999999997967,0.029799029799115095,0.9639639639638682,0.006237006237016761,0.23822222222230494,1.6674444444442933,0.09099999999992607,1.9966666666665243,0.11930996104623803,0.8351140790205738,0.04557595993318826
4,29,11,0.011999999999716238,0.271000000000015,6.649000000000171,6.931999999999903,0.0017311021349850557,0.9591748413156759,0.039094056549339125,0.04866666666671588,1.562777777777588,0.30222222222225054,1.9136666666665545,0.025431109562821148,0.8166405388143249,0.15792835162285399
4,29,12,0.19099999999980355,1.090000000000316,1.136999999999773,2.4179999999998927,0.078990901571469,0.47022332506196174,0.4507857733665692,0.04422222222228811,1.1786666666665724,0.681111111111199,1.9040000000000594,0.02322595704952034,0.6190476190475502,0.3577264239029295
4,29,13,0.09500000000025466,0.32799999999974716,0.09200000000009823,0.5150000000001,0.18446601941793436,0.17864077669918516,0.6368932038828805,0.07022222222227963,0.2761111111111063,1.2738888888889872,1.6202222222223732,0.043341105472531734,0.17041558085308772,0.7862433136743805
4,29,14,0.26800000000048385,3.294999999999618,0.19200000000000728,3.755000000000109,0.07137150466057951,0.051131824234354646,0.8774966711050658,0.04811111111121136,0.10366666666669112,1.3508888888890676,1.5026666666669701,0.03201715468802239,0.06898846495120022,0.8989943803607773
4,29,15,0.0,1.3859999999999673,0.0,1.3859999999999673,0.0,0.0,1.0,0.03311111111113658,0.029222222222213334,1.5373333333333097,1.5996666666666597,0.020698756685436585,0.018267694658603957,0.9610335486559594
4,29,16,0.02999999999974534,3.1940000000004147,0.0,3.22400000000016,0.009305210918034693,0.0,0.9906947890819653,0.013222222222187463,0.011222222222234754,3.296111111111063,3.320555555555485,0.003981930734471798,0.0033796218838920843,0.9926384473816362
4,29,17,0.010999999999967258,13.620000000000118,0.021000000000185537,13.652000000000271,0.0008057427483128508,0.001538236155888157,0.997656021095799,0.02199999999993452,0.009888888888882421,3.7494444444443435,3.7813333333331607,0.0058180535965979,0.0026151857075677556,0.9915667606958343
4,29,18,0.028999999999996362,3.269999999999527,0.0,3.2989999999995234,0.008790542588663398,0.0,0.9912094574113366,0.03311111111113658,0.009888888888882421,3.7620000000000946,3.8050000000001134,0.008702000292019866,0.0025989195502975366,0.9886990801576826
4,29,19,0.010999999999967258,2.3380000000007612,0.0,2.3490000000007285,0.004682843763288143,0.0,0.9953171562367119,0.0378888888889277,0.0,1.6431111111111563,1.681000000000084,0.022539493687641764,0.0,0.9774605063123583
4,29,20,0.03900000000021464,1.5119999999997162,0.0,1.5509999999999309,0.025145067698398697,0.0,0.9748549323016013,0.038111111111144666,0.0,0.9227777777777723,0.9608888888889169,0.039662349676259485,0.0,0.9603376503237405
4,29,21,0.04999999999972715,0.0,0.0,0.04999999999972715,1.0,0.0,0.0,0.025888888888857764,0.001000000000001617,0.3294444444443722,0.3563333333332316,0.07265357031486948,0.0028063610851316255,0.9245400685999989
4,29,25,0.0,0.24900000000025102,0.0,0.24900000000025102,0.0,0.0,1.0,0.0,0.005666666666658987,0.03544444444444,0.04111111111109898,0.0,0.13783783783769168,0.8621621621623083
4,29,26,0.0,0.03099999999994907,0.0,0.03099999999994907,0.0,0.0,1.0,0.0,0.0021111111111369813,0.06099999999999758,0.06311111111113456,0.0,0.0334507042257496,0.9665492957742504
4,29,27,0.0,0.2300000000000182,0.0,0.2300000000000182,0.0,0.0,1.0,0.0,0.0,0.028999999999996362,0.028999999999996362,0.0,0.0,1.0
4,30,0,0.21200000000044383,4.376000000000886,7.150999999999499,11.739000000000829,0.01805945991996157,0.6091660277705933,0.3727745123094452,0.321833333333539,6.120333333333169,1.9491666666665612,8.39133333333327,0.038353062683746095,0.7293636291411633,0.2322833081750905
4,30,1,0.007999999999810825,0.0,0.0,0.007999999999810825,1.0,0.0,0.0,0.2233333333333892,4.091444444444398,1.3005555555555095,5.615333333333297,0.039772052712820374,0.7286200482804982,0.23160789900668136
4,30,2,0.0,0.010000000000218279,0.011000000000422006,0.021000000000640284,0.0,0.5238095238136485,0.4761904761863515,0.05877777777770158,0.2891111111111968,0.008777777777797584,0.356666666666696,0.1647975077879348,0.8105919003117,0.024610591900365034
4,30,3,0.17100000000073123,0.06899999999995998,0.07999999999992724,0.32000000000061846,0.5343750000012524,0.24999999999928946,0.21562499999945822,0.19333333333330907,0.058333333333343444,0.013111111111104239,0.26477777777775674,0.7301720520352161,0.22031053294172587,0.04951741502305813
4,30,4,1.0369999999998072,0.03099999999994907,0.13200000000006185,1.199999999999818,0.864166666666637,0.11000000000006821,0.025833333333294805,0.2668888888888937,0.06355555555551796,0.01755555555554464,0.34799999999995634,0.7669220945084115,0.18263090676875268,0.05044699872283575
4,30,5,0.08699999999953434,0.0500000000001819,0.0,0.13699999999971624,0.6350364963482813,0.0,0.3649635036517187,0.6994444444444019,0.05411111111112,0.023555555555554344,0.7771111111110762,0.9000571918787389,0.06963111238205631,0.030311695739204836
4,30,6,1.384999999998854,0.11199999999962529,0.10800000000017462,1.604999999998654,0.8629283489096671,0.06728971962633346,0.06978193146399951,0.8123333333333752,0.05388888888900409,0.032222222222319234,0.8984444444446985,0.9041553302001372,0.05998021271344294,0.035864457086419874
4,30,7,1.3839999999997872,0.11700000000064392,0.068000000000211,1.569000000000642,0.8820905035049208,0.04333970681974708,0.07456978967533208,1.2342222222222226,0.11444444444461194,0.03466666666670588,1.3833333333335405,0.8922088353412321,0.08273092369488781,0.025060240963880015
4,30,8,0.9330000000001064,0.05999999999994543,0.1279999999999859,1.1210000000000377,0.8322925958965879,0.1141837644959693,0.05352363960744283,1.2988888888890717,0.6276666666666667,0.04088888888883149,1.9674444444445698,0.6601908849608008,0.3190263737504738,0.020782741288725363
4,30,9,0.5790000000007467,0.08999999999878128,0.6080000000001178,1.2769999999996458,0.4534064213006322,0.4761158966329573,0.07047768206641053,1.0668888888891135,1.0396666666665435,0.07233333333320818,2.178888888888865,0.48964813870485097,0.47715451300351835,0.03319734829163084
4,30,10,0.1190000000000282,0.12100000000009459,0.4279999999995425,0.6679999999996653,0.17814371257498177,0.6407185628738877,0.18113772455113056,0.5664444444448249,1.882333333333204,0.15911111111096768,2.6078888888889966,0.21720420945009644,0.7217843295981482,0.06101146095175536
4,30,11,0.02200000000084401,0.1289999999999054,0.010999999999967258,0.16200000000071668,0.13580246914041164,0.06790123456739873,0.7962962962921897,0.058777777777966854,1.9216666666666493,0.620666666666649,2.601111111111265,0.022597180692083316,0.7387868432293387,0.23861597607857798
4,30,12,0.007999999999810825,0.6920000000000073,0.375999999999749,1.075999999999567,0.007434944237745394,0.34944237918206345,0.6431226765801912,0.04422222222228811,2.0034444444445207,1.8592222222222416,3.9068888888890507,0.011319037597422687,0.5127979068312366,0.4758830555713407
4,30,13,0.07000000000016371,3.1810000000009495,0.5600000000001728,3.811000000001286,0.018367882445589106,0.14694305956441456,0.8346890579899964,0.07022222222227963,1.190888888888897,3.1422222222221685,4.403333333333345,0.015947514509223187,0.2704516780217019,0.7136008074690751
4,30,14,0.0,1.4989999999996826,0.04899999999997817,1.5479999999996608,0.0,0.03165374677001868,0.9683462532299814,0.04811111111121136,0.6351111111111499,4.310111111111187,4.993333333333548,0.009635068980883035,0.12719181130396315,0.8631731197151539
4,30,15,0.0,0.758000000000493,0.0,0.758000000000493,0.0,0.0,1.0,0.03311111111113658,0.14344444444443777,6.771888888888914,6.948444444444489,0.004765255213000948,0.020644108993218814,0.9745906357937802
4,30,16,0.0,0.6419999999992569,0.0,0.6419999999992569,0.0,0.0,1.0,0.004555555555523626,0.038666666666687076,8.661888888889052,8.705111111111263,0.0005233196334173017,0.00444183493733155,0.9950348454292511
4,30,17,0.0,6.829000000000576,0.0,6.829000000000576,0.0,0.0,1.0,0.007777777777745444,0.020000000000032336,7.864888888888895,7.892666666666672,0.0009854435903892355,0.002533997803872665,0.9964805586057381
4,30,18,0.0,1.6130000000002838,0.0,1.6130000000002838,0.0,0.0,1.0,0.005666666666658992,0.0023333333333539485,4.9662222222222185,4.974222222222232,0.001139206576124259,0.00046908506076182753,0.9983917083631139
4,30,19,0.0,1.6429999999998586,0.0,1.6429999999998586,0.0,0.0,1.0,0.008777777777797589,0.0,2.656555555555586,2.6653333333333835,0.003293313323335702,0.0,0.9967066866766643
4,30,20,0.0,1.1519999999997026,0.0,1.1519999999997026,0.0,0.0,1.0,0.014555555555539794,0.0,1.9338888888888544,1.9484444444443942,0.00747034671532057,0.0,0.9925296532846793
4,30,21,0.03099999999994907,0.3009999999999309,0.0,0.33199999999987995,0.09337349397578397,0.0,0.906626506024216,0.015555555555541412,0.001000000000001617,1.099222222222276,1.115777777777819,0.013941445927092962,0.0008962358096010974,0.9851623182633059
4,30,22,0.01999999999998181,0.0,0.009000000000014552,0.028999999999996362,0.6896551724132524,0.31034482758674764,0.0,0.011222222222184232,0.0032222222222723453,0.14544444444445365,0.15988888888891023,0.07018763029857165,0.02015288394749634,0.909659485753932
4,30,23,0.0,0.0,0.020000000000436557,0.020000000000436557,0.0,1.0,0.0,0.0022222222222202056,0.006777777777794351,0.021333333333397302,0.030333333333411858,0.07326007325981714,0.2234432234431914,0.7032967032969916
4,30,24,0.0,0.0,0.03199999999969805,0.03199999999969805,0.0,1.0,0.0,0.0,0.007888888888929716,0.12644444444443556,0.13433333333336528,0.0,0.05872622001683256,0.9412737799831674
4,30,25,0.0,0.03899999999975989,0.01900000000023283,0.057999999999992724,0.0,0.32758620690060714,0.6724137930993929,0.0,0.005666666666658987,0.12555555555554243,0.13122222222220142,0.0,0.04318374259097287,0.9568162574090271
4,31,0,0.7600000000002751,2.690999999999974,7.1679999999999495,10.619000000000199,0.07156982766741321,0.6750164798945113,0.2534136924380755,0.5885000000001336,3.3046666666665674,1.282833333333457,5.176000000000158,0.11369783616694659,0.6384595569293792,0.2478426069036742
4,31,1,0.0,0.0,1.2910000000001673,1.2910000000001673,0.0,1.0,0.0,0.39566666666672745,2.210999999999981,0.8563333333334401,3.463000000000149,0.114255462508435,0.6384637597458522,0.24728077774571275
4,31,2,0.018999999999778083,0.0,0.028999999999996362,0.047999999999774445,0.39583333333057014,0.6041666666694299,0.0,0.039000000000082004,0.19122222222227947,0.010888888888902987,0.24111111111126446,0.16175115207396995,0.7930875576034196,0.045161290322610396
4,31,3,0.07999999999992724,0.0,0.03999999999996362,0.11999999999989086,0.6666666666666666,0.3333333333333333,0.0,0.21788888888897873,0.07222222222223863,0.014333333333348087,0.3044444444445654,0.715693430656945,0.2372262773722224,0.047080291970832674
4,31,4,0.3100000000004002,0.0,0.0,0.3100000000004002,1.0,0.0,0.0,0.38355555555556803,0.06888888888882623,0.022111111111118787,0.47455555555551304,0.8082416295950413,0.14516506672898422,0.04659330367597446
4,31,5,0.5209999999997308,0.0,0.0,0.5209999999997308,1.0,0.0,0.0,0.7218888888887074,0.06666666666663129,0.027111111111088982,0.8156666666664277,0.885029287563039,0.08173273395993154,0.03323797847702933
4,31,8,1.2210000000000036,0.0,0.17200000000013915,1.3930000000001428,0.8765254845655983,0.12347451543440166,0.0,0.9987777777778826,0.4061111111110449,0.06644444444437643,1.4713333333333038,0.6788249509138441,0.2760157075970003,0.04515934148915571
4,31,9,3.055000000000746,0.06899999999995998,2.3979999999985466,5.521999999999252,0.5532415791382035,0.4342629482069669,0.01249547265482965,0.8433333333335516,0.6941111111108916,0.10244444444428306,1.6398888888887264,0.514262483908308,0.423267159021522,0.06247035707016999
4,31,10,0.09100000000125874,0.2609999999999104,0.6380000000006021,0.9900000000017712,0.09191919192029892,0.6444444444438996,0.26363636363580145,0.6120000000004086,1.0674444444441191,0.15588888888873323,1.8353333333332609,0.3334544133674715,0.5816079428500697,0.0849376437824588
4,31,11,0.0,0.45299999999957663,1.6170000000004165,2.069999999999993,0.0,0.7811594202900589,0.2188405797099411,0.12900000000029707,1.3384444444442796,0.5681111111110543,2.035555555555631,0.06337336244555844,0.6575327510915977,0.27909388646284383
4,31,12,0.0,2.5509999999999877,3.657000000000096,6.208000000000084,0.0,0.5890786082474302,0.4109213917525698,0.05011111111131572,2.3510000000001825,1.8951111111108947,4.296222222222393,0.01166399420684383,0.5472249521543683,0.44111105363878794
4,31,13,0.0,8.03799999999967,3.9320000000002437,11.969999999999914,0.0,0.328487886382646,0.6715121136173541,0.047555555555542695,2.071444444444694,3.591888888888649,5.710888888888886,0.00832717226350995,0.3627183937118615,0.6289544340246286
4,31,14,0.0,7.60599999999954,0.7229999999999563,8.328999999999496,0.0,0.08680513867210951,0.9131948613278905,0.023555555555554414,1.4735555555558018,5.7639999999998714,7.261111111111227,0.0032440703902063706,0.20293802601380265,0.793817903595991
4,31,15,0.0,12.700000000001012,0.16799999999989268,12.868000000000904,0.0,0.013055641902384276,0.9869443580976157,0.008888888888880878,0.19977777777777797,9.077333333333355,9.286000000000014,0.0009572355038639743,0.02151386794936223,0.9775288965467738
4,31,16,0.0,29.867000000000246,0.1590000000001055,30.02600000000035,0.0,0.005295410644111891,0.9947045893558881,0.0,0.06066666666667212,9.862555555555497,9.923222222222169,0.0,0.006113605571667492,0.9938863944283326
4,31,17,0.0,8.960999999999387,0.0,8.960999999999387,0.0,0.0,1.0,0.0,0.03888888888892931,8.223777777777768,8.262666666666696,0.0,0.004706578451943985,0.9952934215480561
4,31,18,0.0,2.7880000000002383,0.0,2.7880000000002383,0.0,0.0,1.0,0.0,0.0011111111111353643,4.440111111111038,4.441222222222173,0.0,0.00025018138150705233,0.999749818618493
4,31,19,0.0,3.6339999999992187,0.0,3.6339999999992187,0.0,0.0,1.0,0.0,0.0,3.3630000000000373,3.3630000000000373,0.0,0.0,1.0
4,31,20,0.0,5.9590000000009695,0.0,5.9590000000009695,0.0,0.0,1.0,0.003444444444438859,0.0,2.763999999999884,2.767444444444323,0.0012446300236861562,0.0,0.9987553699763138
4,31,21,0.0,0.8659999999995307,0.0,0.8659999999995307,0.0,0.0,1.0,0.0056666666666590594,0.001000000000001617,1.8831111111110967,1.8897777777777574,0.0029985888993374933,0.0005291627469434766,0.9964722483537191
4,31,22,0.0,0.10300000000063392,0.0,0.10300000000063392,0.0,0.0,1.0,0.0056666666666590594,0.0032222222222723453,0.4755555555555402,0.4844444444444716,0.011697247706405659,0.006651376146892083,0.9816513761467023
4,31,23,0.0,0.03899999999998727,0.0,0.03899999999998727,0.0,0.0,1.0,0.002222222222220275,0.006777777777794351,0.1025555555554929,0.11155555555550752,0.019920318725090726,0.060756972111728515,0.9193227091631808
4,31,24,0.0,0.049999999999954525,0.0,0.049999999999954525,0.0,0.0,1.0,0.0,0.007888888888929716,0.1634444444443441,0.17133333333327383,0.0,0.04604409857353574,0.9539559014264642
4,31,25,0.0,0.7609999999999673,0.0,0.7609999999999673,0.0,0.0,1.0,0.0,0.005666666666658987,0.09799999999988085,0.10366666666653984,0.0,0.05466237942121466,0.9453376205787853
4,32,0,2.5200000000001523,0.6189999999999145,4.00899999999973,7.147999999999797,0.35254616675996414,0.5608561835478237,0.08659764969221209,0.5801666666667511,2.2483333333332687,0.6254999999999598,3.4539999999999793,0.16796950395679056,0.6509361127195374,0.18109438332367211
4,32,1,0.0310000000001196,0.010999999999967258,0.20900000000006003,0.2510000000001469,0.12350597609602175,0.8326693227089152,0.04382470119506303,0.3923333333333656,1.5067777777777314,0.41699999999997317,2.31611111111107,0.1693931398417056,0.6505636843367629,0.18004317582153156
4,32,2,0.010999999999967258,0.0,0.03100000000000591,0.04199999999997317,0.26190476190414963,0.7380952380958503,0.0,0.022333333333354705,0.18666666666668638,0.0021111111111054015,0.2111111111111465,0.10578947368429403,0.8842105263157346,0.009999999999971278
4,32,3,0.031000000000403816,0.007999999999981355,0.029999999999972715,0.06900000000035789,0.4492753623223627,0.4347826086930016,0.11594202898463567,0.0858888888889232,0.05755555555552721,0.0021111111111117176,0.14555555555556213,0.5900763358780716,0.39541984732803165,0.014503816793896642
4,32,4,0.30199999999979354,0.011000000000024102,0.2969999999997981,0.6099999999996157,0.49508196721308817,0.4868852459016151,0.018032786885296772,0.2507777777777973,0.05755555555549563,0.01322222222221904,0.32155555555551196,0.7798894263996136,0.178991015894793,0.04111955770559347
4,32,5,0.9129999999997835,0.029999999999972715,0.0409999999997126,0.9839999999994689,0.9278455284555654,0.04166666666639708,0.030487804878037508,0.5174444444443983,0.06022222222219398,0.04466666666667152,0.6223333333332638,0.8314586680950018,0.09676843420814255,0.07177289769685566
4,32,6,1.942000000000462,0.010000000000047748,0.021999999999934516,1.9740000000004443,0.9837892603850177,0.011144883485273335,0.0050658561297089654,0.670222222222075,0.026111111111150522,0.05077777777777707,0.7471111111110025,0.8970850684115931,0.034949434860260094,0.06796549672814695
4,32,7,0.8570000000000846,0.028999999999996362,0.031000000000403816,0.9170000000004848,0.934569247545945,0.033805888768143326,0.031624863685911705,0.8191111111109927,0.05155555555568805,0.051111111111102524,0.9217777777777832,0.8886210221792298,0.055930568949034434,0.05544840887173577
4,32,8,0.031000000000062755,0.07200000000011642,0.1180000000003929,0.22100000000057207,0.14027149321259055,0.5339366515841061,0.32579185520330334,1.1915555555554849,0.36666666666656056,0.050333333333374725,1.60855555555542,0.7407612074324975,0.2279477792359828,0.0312910133315197
4,32,9,0.9289999999994052,0.16099999999994452,0.1319999999996071,1.2219999999989568,0.7602291325697204,0.10801963993430425,0.13175122749597543,1.1400000000001,0.6525555555553714,0.09122222222218727,1.8837777777776588,0.6051669222603249,0.3464079273327069,0.04842515040696811
4,32,10,0.6319999999996071,0.08799999999979491,1.6249999999990905,2.3449999999984925,0.2695095948827349,0.6929637526653029,0.03752665245196225,0.8432222222224558,1.0845555555552613,0.1401111111111138,2.067888888888831,0.4077695986245938,0.5244747729835917,0.0677556283918145
4,32,11,0.08100000000104046,0.03100000000063119,2.1499999999991815,2.262000000000853,0.03580901856808573,0.9504862953131612,0.013704686118753093,0.33788888888922325,2.3195555555553695,0.4947777777776865,3.152222222222279,0.10719069439559234,0.7358477264715527,0.15696157913285508
4,32,12,0.20800000000008367,0.7869999999995798,1.543999999999869,2.5389999999995325,0.08192201654199369,0.6081134304845031,0.3099645529735032,0.1755555555557874,3.4970000000001904,1.5352222222219705,5.207777777777948,0.03371026242803574,0.6714956262001426,0.2947941113718217
4,32,13,0.06199999999989814,1.193999999997743,7.3120000000019445,8.567999999999586,0.0072362278244515795,0.8534080298788863,0.1393557422966621,0.17300000000009016,3.3253333333333264,3.9971111111109328,7.495444444444349,0.023080686046351582,0.44364725240516933,0.5332720615484792
4,32,14,0.07999999999992724,6.7790000000006785,0.49000000000023647,7.349000000000842,0.010885834807445649,0.06667573819569741,0.922438426996857,0.026888888888859305,1.7987777777778495,6.724666666666482,8.55033333333319,0.003144776681867345,0.2103751640611921,0.7864800592569405
4,32,15,0.0,10.120999999999071,0.027999999999792635,10.148999999998864,0.0,0.0027588925017041845,0.9972411074982959,0.019999999999981737,0.36977777777752235,10.960666666666858,11.350444444444362,0.0017620455390864474,0.032578264189338894,0.9656596902715747
4,32,16,0.0,11.724000000000217,0.18100000000004002,11.905000000000257,0.0,0.015203695926084511,0.9847963040739155,0.0032222222222217443,0.078444444444459,10.985000000000115,11.066666666666796,0.00029116465863449157,0.00708835341365585,0.9926204819277096
4,32,17,0.0,7.160999999999206,0.010000000000218279,7.170999999999424,0.0,0.0013945056477784245,0.9986054943522216,0.028777777777728792,0.040111111111147894,8.836000000000176,8.904888888889053,0.0032316829706472644,0.004504392094234433,0.9922639249351183
4,32,18,0.0,4.429000000000485,0.0,4.429000000000485,0.0,0.0,1.0,0.028777777777728792,0.0023333333333539485,4.467555555555539,4.498666666666622,0.006396957123087376,0.0005186721991747121,0.9930843706777378
4,32,19,0.0,2.903000000000077,0.0,2.903000000000077,0.0,0.0,1.0,0.025555555555506978,0.0,3.606111111111191,3.6316666666666984,0.007036867064389193,0.0,0.9929631329356108
4,32,20,0.0,6.145999999999503,0.0,6.145999999999503,0.0,0.0,1.0,0.0,0.0,3.2314444444444725,3.2314444444444725,0.0,0.0,1.0
4,32,21,0.0,2.272000000000162,0.0,2.272000000000162,0.0,0.0,1.0,0.0,0.0,2.350666666666825,2.350666666666825,0.0,0.0,1.0
4,32,22,0.0,0.14899999999943248,0.0,0.14899999999943248,0.0,0.0,1.0,0.0,0.0,0.7576666666667,0.7576666666667,0.0,0.0,1.0
4,32,23,0.0,0.5500000000001819,0.0,0.5500000000001819,0.0,0.0,1.0,0.0,0.0,0.2276666666667274,0.2276666666667274,0.0,0.0,1.0
4,32,24,0.0,0.0319999999992433,0.0,0.0319999999992433,0.0,0.0,1.0,0.0,0.0,0.23677777777776202,0.23677777777776202,0.0,0.0,1.0
4,33,0,0.16100000000000136,0.4319999999999027,0.812999999999704,1.405999999999608,0.11450924608822635,0.5782361308676605,0.30725462304411316,0.542500000000056,0.9516666666666349,0.17699999999996407,1.6711666666666551,0.3246235165054711,0.5694624513812555,0.10591403211327334
4,33,1,0.008999999999957708,0.0,0.0,0.008999999999957708,1.0,0.0,0.0,0.3696666666666728,0.6391111111110869,0.11799999999997605,1.126777777777736,0.3280741544226584,0.567202445518193,0.1047234000591484
4,33,2,0.020000000000038654,0.0,0.010999999999967258,0.03100000000000591,0.6451612903237045,0.3548387096762955,0.0,0.03777777777785079,0.035555555555561114,0.0021111111111054015,0.07544444444451731,0.500736377025521,0.4712812960231826,0.02798232695129641
4,33,3,0.0,0.0,0.03900000000004411,0.03900000000004411,0.0,1.0,0.0,0.06277777777779016,0.051111111111083574,0.0021111111111117176,0.11599999999998545,0.5411877394637762,0.44061302681974124,0.018199233716482608
4,33,4,0.0,0.0,0.04099999999999682,0.04099999999999682,0.0,1.0,0.0,0.17177777777780848,0.05766666666662939,0.01322222222221904,0.24266666666665693,0.7078754578756128,0.23763736263721855,0.054487179487168566
4,33,5,0.10000000000013642,0.06999999999999318,0.029999999999972715,0.20000000000010232,0.5000000000004263,0.14999999999978683,0.3499999999997868,0.47122222222218274,0.06699999999998833,0.04466666666667152,0.5828888888888426,0.8084254670224897,0.11494471978649311,0.07662981319101708
4,33,6,0.5689999999992779,0.2810000000000059,0.11100000000033106,0.9609999999996148,0.5920915712794026,0.11550468262265925,0.2924037460979381,0.8637777777777274,0.04622222222231661,0.05077777777777707,0.960777777777821,0.8990401295245977,0.048109170810781865,0.05285069966462045
4,33,7,1.1299999999991996,0.03699999999997772,0.0,1.1669999999991774,0.968294772922019,0.0,0.03170522707798098,2.0773333333332857,0.07544444444456784,0.051111111111102524,2.2038888888889563,0.942576254096244,0.03423241744396722,0.02319132845978869
4,33,8,1.6219999999998436,0.030999999999778538,0.009999999999990905,1.662999999999613,0.9753457606736146,0.006013229104024794,0.018641010222360643,2.235555555555455,0.16744444444451448,0.042666666666712504,2.4456666666666824,0.9140884103402375,0.06846576711646997,0.01744582254329245
4,33,9,1.879000000000019,0.0540000000005989,0.43899999999996453,2.3720000000005825,0.7921585160200496,0.18507588532877603,0.022765598651174383,2.053999999999873,0.7811111111109817,0.05455555555553499,2.8896666666663897,0.7108086284462117,0.270311839120218,0.018879532433570267
4,33,10,0.7999999999999545,0.08499999999958163,0.3410000000000082,1.2259999999995443,0.6525285481241858,0.2781402936379567,0.06933115823785745,0.7460000000000063,1.8191111111107272,0.05311111111117523,2.6182222222219087,0.28492615854697256,0.6947886606687534,0.020285180784274076
4,33,11,0.12200000000007094,0.05900000000002592,0.4209999999999354,0.6020000000000323,0.20265780730907706,0.6993355481726127,0.09800664451831023,0.46533333333349636,4.615888888888535,0.18077777777772833,5.26199999999976,0.08843278854684865,0.8772118755014721,0.03435533595167932
4,33,12,1.107000000000994,0.1380000000000905,8.882999999999129,10.128000000000213,0.10930094786739443,0.8770734597155353,0.01362559241707026,0.22555555555576742,5.678444444444558,0.4282222222220374,6.332222222222363,0.03562028426042923,0.896753816459026,0.06762589928054484
4,33,13,0.0,0.5660000000004288,1.9570000000009031,2.523000000001332,0.0,0.7756638921917836,0.22433610780821642,0.22300000000007017,5.159222222222222,2.6973333333333405,8.079555555555633,0.027600528081861107,0.6385527256724731,0.3338467462456658
4,33,14,0.09999999999990905,8.31500000000068,1.4299999999975626,9.844999999998151,0.01015744032503076,0.14525139664782438,0.8445911630271449,0.043777777777728004,2.275333333333328,4.806222222222112,7.125333333333168,0.006143962075841461,0.3193300898203659,0.6745259481037926
4,33,15,0.0,5.20299999999952,0.1490000000001146,5.351999999999634,0.0,0.02784005979075575,0.9721599402092442,0.08211111111106438,0.6077777777774398,9.554444444444552,10.244333333333056,0.008015271315302762,0.05932819227971134,0.9326565364049859
4,33,16,0.0,6.331000000000756,0.0,6.331000000000756,0.0,0.0,1.0,0.07866666666657506,0.050888888888923456,9.935111111110844,10.064666666666342,0.007816122408416665,0.0050561921794653,0.987127685412118
4,33,17,0.028999999999996362,6.797000000001617,0.010999999999967258,6.837000000001581,0.004241626444345423,0.0016088927892298837,0.9941494807664247,0.1086666666665983,0.041111111111187405,8.953888888888804,9.103666666666589,0.01193658232945691,0.0045158849303783555,0.9835475327401647
4,33,18,0.22999999999956344,1.4659999999994398,0.0,1.6959999999990032,0.1356132075469921,0.0,0.8643867924530079,0.06344444444438435,0.014444444444507099,4.890222222222146,4.968111111111037,0.012770335249244463,0.0029074318431007943,0.9843222329076549
4,33,19,0.0,2.0690000000001874,0.0,2.0690000000001874,0.0,0.0,1.0,0.04688888888889186,0.01211111111115315,4.023777777777872,4.082777777777917,0.011484555721867257,0.0029663899850421727,0.9855490542930907
4,33,20,0.0,3.061000000000604,0.0,3.061000000000604,0.0,0.0,1.0,0.0,0.0,3.7507777777779174,3.7507777777779174,0.0,0.0,1.0
4,33,21,0.0,2.173000000000002,0.0,2.173000000000002,0.0,0.0,1.0,0.0,0.0,2.9592222222223525,2.9592222222223525,0.0,0.0,1.0
4,33,22,0.0,0.42700000000058935,0.0,0.42700000000058935,0.0,0.0,1.0,0.0,0.0,1.4644444444445275,1.4644444444445275,0.0,0.0,1.0
4,33,23,0.0,0.23999999999978172,0.0,0.23999999999978172,0.0,0.0,1.0,0.0,0.0,0.7022222222221141,0.7022222222221141,0.0,0.0,1.0
4,33,24,0.0,0.45900000000074215,0.0,0.45900000000074215,0.0,0.0,1.0,0.0,0.0,0.5468888888887654,0.5468888888887654,0.0,0.0,1.0
4,34,0,0.4779999999998381,0.0,0.6790000000003147,1.1570000000001528,0.41313742437318496,0.5868625756268151,0.0,0.11733333333334409,0.24866666666666978,0.07199999999998379,0.43799999999999767,0.2678843226788692,0.5677321156773313,0.16438356164379947
4,34,1,0.05600000000026739,0.0,0.0,0.05600000000026739,1.0,0.0,0.0,0.08499999999997954,0.16699999999999846,0.04799999999998919,0.2999999999999672,0.28333333333329613,0.5566666666667224,0.15999999999998146
4,34,2,0.0409999999997126,0.0,0.0,0.0409999999997126,1.0,0.0,0.0,0.02966666666668516,0.005555555555556819,0.0,0.03522222222224198,0.8422712933754469,0.15772870662455307,0.0
4,34,3,0.14100000000019008,0.0,0.0,0.14100000000019008,1.0,0.0,0.0,0.02455555555554964,0.011333333333330605,0.0,0.03588888888888025,0.6842105263157894,0.31578947368421056,0.0
4,34,4,0.019000000000005457,0.0,0.010999999999967258,0.029999999999972715,0.6333333333340913,0.36666666666590875,0.0,0.03333333333336618,0.016777777777797886,0.0077777777777770195,0.05788888888894109,0.5758157389635798,0.289827255278397,0.13435700575802315
4,34,5,0.03999999999996362,0.0,0.03000000000020009,0.07000000000016371,0.5714285714267153,0.4285714285732847,0.0,0.1204444444444006,0.027000000000049974,0.038999999999999896,0.18644444444445046,0.6460071513704233,0.14481525625771272,0.20917759237186395
4,34,6,0.3560000000002219,0.0,0.01999999999998181,0.3760000000002037,0.9468085106383751,0.05319148936162493,0.0,0.45133333333324627,0.035777777777866504,0.043111111111108526,0.5302222222222213,0.8512154233024358,0.06747694886856645,0.08130762782899778
4,34,7,1.8670000000004165,0.0,0.13100000000031287,1.9980000000007294,0.9344344344343017,0.06556556556569822,0.0,1.7628888888887737,0.05644444444448659,0.03877777777775135,1.8581111111110116,0.9487532141362084,0.03037732464273196,0.02086946122105967
4,34,8,10.322000000000003,0.0,0.23599999999976262,10.557999999999765,0.9776472816821588,0.022352718317841243,0.0,2.033666666666616,0.1362222222222474,0.013555555555595017,2.1834444444444583,0.9314029820365084,0.06238868250980707,0.006208335453684513
4,34,9,1.483000000000061,0.0,0.41000000000019554,1.8930000000002565,0.7834125726359535,0.2165874273640465,0.0,1.8792222222221981,0.6153333333332967,0.018888888888884344,2.5134444444443793,0.7476680960169851,0.24481676318464318,0.00751514079837158
4,34,10,0.7879999999998972,0.0,3.7189999999998236,4.506999999999721,0.17483913911691726,0.8251608608830827,0.0,0.5656666666666675,1.7307777777777142,0.022000000000022935,2.318444444444405,0.24398543084444047,0.7465254480973686,0.009489121058190827
4,34,11,0.0,0.0,7.13499999999874,7.13499999999874,0.0,1.0,0.0,0.3651111111111933,4.616333333333324,0.08211111111106421,5.063555555555581,0.07210567892567198,0.9116782234705456,0.016216097603782457
4,34,12,0.4499999999998181,0.43899999999985084,15.725000000001046,16.614000000000715,0.02708559046586004,0.9464909112796659,0.026423498254474057,0.18655555555565365,5.0267777777779274,0.22244444444447076,5.435777777778052,0.03431993786028368,0.9247577776869111,0.0409222844528052
4,34,13,0.0,0.6399999999999864,5.979000000000269,6.619000000000256,0.0,0.903308656896818,0.096691343103182,0.18411111111119124,4.575444444444227,1.9994444444447292,6.759000000000148,0.02723940096333588,0.676941033354657,0.295819565682007
4,34,14,0.0,5.4180000000010295,3.112999999999033,8.531000000000063,0.0,0.36490446606482363,0.6350955339351764,0.027999999999969483,1.62422222222195,3.253777777777979,4.905999999999898,0.0057072971871117125,0.3310685328622062,0.663224169950682
4,34,15,0.15199999999981628,5.019999999999868,0.020000000000095497,5.19199999999978,0.029275808936791742,0.0038520801232851203,0.9668721109399231,0.07322222222218343,0.7546666666662785,7.853444444444601,8.681333333333063,0.008434444273788862,0.08692981108888442,0.9046357446373267
4,34,16,0.4069999999999254,27.078999999999155,0.059000000000082764,27.544999999999163,0.014775821383188883,0.0021419495371241444,0.983082229079687,0.07866666666657492,0.06444444444447425,8.467999999999941,8.61111111111099,0.009135483870957216,0.007483870967745503,0.9833806451612973
4,34,17,0.11999999999943611,9.9799999999982,0.0,10.099999999997635,0.011881188118758832,0.0,0.9881188118812412,0.10866666666659815,0.04788888888894386,8.382333333333293,8.538888888888835,0.012726089785288087,0.005608327911522414,0.9816655823031895
4,34,18,0.19200000000046202,5.6180000000001655,0.10900000000037835,5.919000000001006,0.032437911809499814,0.018415272850204396,0.9491468153402958,0.06344444444438421,0.013333333333371734,4.503777777777726,4.580555555555482,0.013850818677973732,0.0029108550636833845,0.983238326258343
4,34,19,0.0,3.588999999999942,0.0,3.588999999999942,0.0,0.0,1.0,0.04688888888889172,0.01211111111115315,3.590444444444453,3.649444444444498,0.012848226518496554,0.003318617750049528,0.9838331557314539
4,34,20,0.0,6.9330000000004475,0.0,6.9330000000004475,0.0,0.0,1.0,0.0,0.0,3.343555555555579,3.343555555555579,0.0,0.0,1.0
4,34,21,0.0,4.611000000000331,0.0,4.611000000000331,0.0,0.0,1.0,0.0,0.0,2.6340000000001034,2.6340000000001034,0.0,0.0,1.0
4,34,22,0.0,0.8610000000001037,0.0,0.8610000000001037,0.0,0.0,1.0,0.0,0.0,1.4934444444443091,1.4934444444443091,0.0,0.0,1.0
4,34,23,0.0,1.897000000000162,0.0,1.897000000000162,0.0,0.0,1.0,0.0,0.0,0.921999999999899,0.921999999999899,0.0,0.0,1.0
4,34,24,0.0,1.7049999999987904,0.0,1.7049999999987904,0.0,0.0,1.0,0.0,0.0,0.8426666666664585,0.8426666666664585,0.0,0.0,1.0
4,34,25,0.0,0.03899999999998727,0.0,0.03899999999998727,0.0,0.0,1.0,0.0,0.0,0.5093333333332263,0.5093333333332263,0.0,0.0,1.0
4,34,26,0.0,0.019000000000005457,0.0,0.019000000000005457,0.0,0.0,1.0,0.0,0.0,0.09399999999991199,0.09399999999991199,0.0,0.0,1.0
4,34,27,0.0,0.009999999999990905,0.0,0.009999999999990905,0.0,0.0,1.0,0.0,0.0,0.014222222222189078,0.014222222222189078,0.0,0.0,1.0
4,34,28,0.0,0.01999999999998181,0.0,0.01999999999998181,0.0,0.0,1.0,0.0,0.0,0.0044444444444404025,0.0044444444444404025,0.0,0.0,1.0
4,34,29,0.0,0.009999999999990905,0.0,0.009999999999990905,0.0,0.0,1.0,0.0,0.0,0.0055555555555505025,0.0055555555555505025,0.0,0.0,1.0
4,34,30,0.0,0.01999999999998181,0.0,0.01999999999998181,0.0,0.0,1.0,0.0,0.0,0.00566666666668425,0.00566666666668425,0.0,0.0,1.0
4,34,31,0.0,0.021000000000185537,0.0,0.021000000000185537,0.0,0.0,1.0,0.0,0.0,0.054444444444445454,0.054444444444445454,0.0,0.0,1.0
4,34,32,0.0,0.31999999999993634,0.0,0.31999999999993634,0.0,0.0,1.0,0.0,0.0,0.05222222222222525,0.05222222222222525,0.0,0.0,1.0
4,35,10,0.019000000000005457,0.0,0.3829999999999245,0.40199999999992997,0.04726368159206161,0.9527363184079384,0.0,0.286999999999984,1.7476666666665956,0.05155555555554909,2.086222222222129,0.1375692373242422,0.8377183638687721,0.02471239880698565
4,35,11,0.0,0.0,2.7290000000008376,2.7290000000008376,0.0,1.0,0.0,0.13966666666663563,3.9454444444445347,0.15711111111100864,4.242222222222179,0.03292299633315174,0.9300419067574953,0.03703509690935286
4,35,12,0.0,0.018000000000029104,2.2110000000004675,2.2290000000004966,0.0,0.9919246298788582,0.00807537012114181,0.04999999999997979,4.173888888889022,0.2745555555555054,4.498444444444506,0.011114953317191423,0.9278516030232841,0.06103344365952465
4,35,13,0.0,0.14199999999982538,0.20100000000002183,0.3429999999998472,0.0,0.5860058309041147,0.4139941690958852,0.04999999999997979,3.841111111111142,1.191777777777942,5.082888888889063,0.009836925632837902,0.7556944869496588,0.23446858741750337
4,35,14,0.0,2.319000000000642,1.679999999999609,3.999000000000251,0.0,0.42010502625644,0.57989497374356,0.016888888888868477,1.553333333333209,2.137222222222388,3.707444444444466,0.004555399046957035,0.41897683339823183,0.5764677675548111
4,35,15,0.0,1.6609999999998308,0.08899999999994179,1.7499999999997726,0.0,0.050857142857116205,0.9491428571428838,0.06211111111108242,0.89466666666653,6.643888888888796,7.600666666666409,0.008171797795511516,0.1177089728971003,0.8741192293073882
4,35,16,0.0,9.334999999999923,0.2520000000000664,9.586999999999989,0.0,0.026285595076673274,0.9737144049233267,0.0754444444443531,0.046666666666687374,9.579999999999586,9.702111111110627,0.007776085388050845,0.004809949724575492,0.9874139648873737
4,35,17,0.0,4.8060000000006085,0.0,4.8060000000006085,0.0,0.0,1.0,0.07988888888886929,0.046666666666725275,10.168777777777462,10.295333333333057,0.007759718534825303,0.004532798031476383,0.9877074834336983
4,35,18,0.0,4.028999999999769,0.0,4.028999999999769,0.0,0.0,1.0,0.03466666666665535,0.01211111111115315,6.507555555555327,6.554333333333136,0.005289121700654487,0.001847802132607463,0.992863076166738
4,35,19,0.0,2.179999999999609,0.0,2.179999999999609,0.0,0.0,1.0,0.021333333333384663,0.01211111111115315,4.253999999999931,4.287444444444469,0.0049757690413989395,0.0028247855495471983,0.9921994454090539
4,35,20,0.0,3.3689999999999145,0.0,3.3689999999999145,0.0,0.0,1.0,0.0,0.0,3.8073333333332413,3.8073333333332413,0.0,0.0,1.0
4,35,21,0.0,2.106999999999175,0.0,2.106999999999175,0.0,0.0,1.0,0.0,0.0,2.9896666666666465,2.9896666666666465,0.0,0.0,1.0
4,35,22,0.0,0.1639999999997599,0.0,0.1639999999997599,0.0,0.0,1.0,0.0,0.0,1.781555555555517,1.781555555555517,0.0,0.0,1.0
4,35,23,0.0,0.9609999999988759,0.0,0.9609999999988759,0.0,0.0,1.0,0.0,0.0,1.2759999999999663,1.2759999999999663,0.0,0.0,1.0
4,35,24,0.0,1.5840000000002874,0.0,1.5840000000002874,0.0,0.0,1.0,0.0,0.0,1.53655555555555,1.53655555555555,0.0,0.0,1.0
4,35,25,0.0,0.6989999999995007,0.0,0.6989999999995007,0.0,0.0,1.0,0.0,0.0,1.20966666666661,1.20966666666661,0.0,0.0,1.0
4,35,26,0.0,0.07899999999972351,0.0,0.07899999999972351,0.0,0.0,1.0,0.0,0.0,0.5152222222221653,0.5152222222221653,0.0,0.0,1.0
4,35,32,0.0,0.1289999999999054,0.0,0.1289999999999054,0.0,0.0,1.0,0.0,0.0,0.052222222222225105,0.052222222222225105,0.0,0.0,1.0
4,36,0,0.04899999999997817,0.0,0.0,0.04899999999997817,1.0,0.0,0.0,0.17433333333332257,0.05033333333337472,0.061666666666667425,0.28633333333336475,0.6088474970895348,0.17578579743900766,0.21536670547145748
4,36,3,0.009999999999763531,0.0,0.010000000000218279,0.01999999999998181,0.4999999999886313,0.5000000000113687,0.0,0.0022222222221696735,0.004555555555574149,0.006555555555552119,0.013333333333295942,0.1666666666631929,0.34166666666901935,0.49166666666778774
4,36,4,0.009999999999763531,0.0,0.03099999999994907,0.0409999999997126,0.24390243902033243,0.7560975609796676,0.0,0.0022222222221696735,0.021111111111167702,0.008777777777759689,0.03211111111109707,0.06920415224752875,0.6574394463688319,0.27335640138363926
4,36,5,0.0,0.0,0.10800000000017462,0.10800000000017462,0.0,1.0,0.0,0.044555555555588294,0.04577777777770583,0.006777777777819616,0.09711111111111374,0.4588100686502103,0.4713958810061113,0.06979405034367836
4,36,6,0.39100000000053114,0.0,0.17999999999938154,0.5709999999999127,0.6847635726805446,0.31523642731945545,0.0,0.10111111111119601,0.09877777777763992,0.011222222222260018,0.21111111111109596,0.47894736842148916,0.46789473684148586,0.05315789473702495
4,36,7,0.018999999999778083,0.0,0.2990000000004329,0.318000000000211,0.05974842767221848,0.9402515723277816,0.0,0.16666666666671723,0.11066666666667717,0.02088888888888758,0.29822222222228195,0.5588673621461083,0.37108792846493854,0.07004470938895327
4,36,8,0.09999999999990905,0.08899999999994179,0.03900000000021464,0.22800000000006548,0.4385964912275453,0.17105263157983966,0.390350877192615,0.15577777777775736,0.15255555555563657,0.031111111111070188,0.33944444444446414,0.4589198036005679,0.44942716857631737,0.09165302782311471
4,36,9,0.2929999999998927,0.07200000000011642,0.5089999999997872,0.8739999999997963,0.3352402745994977,0.5823798627001211,0.08237986270038124,0.10022222222217654,0.1824444444445766,0.05322222222216371,0.3358888888889169,0.2983790936154528,0.5431690373804342,0.15845186900411296
4,36,10,0.0,0.047000000000025466,0.08100000000013097,0.12800000000015643,0.0,0.6328125000002498,0.3671874999997502,0.038111111111106766,0.616222222222253,0.08322222222221222,0.737555555555572,0.051672190418793805,0.8354926182585347,0.11283519132267149
4,36,11,0.0,0.3449999999997999,0.76299999999992,1.1079999999997199,0.0,0.6886281588448672,0.3113718411551328,0.005555555555563135,1.2106666666667252,0.24566666666670597,1.4618888888889943,0.0038002584175773056,0.8281523143573566,0.16804742722506608
4,36,12,0.0,0.5649999999993724,2.76299999999992,3.3279999999992924,0.0,0.8302283653847679,0.16977163461523215,0.003444444444451418,1.3210000000000517,0.37488888888908095,1.699333333333584,0.002026938668762795,0.7773636720281621,0.2206093893030751
4,36,13,0.0,0.32200000000068485,0.05899999999996908,0.3810000000006539,0.0,0.15485564304427246,0.8451443569557275,0.0,1.4864444444443734,0.7445555555557979,2.2310000000001713,0.0,0.6662682404501387,0.3337317595498614
4,36,14,0.0,0.8630000000000564,2.838999999999942,3.701999999999998,0.0,0.7668827660723779,0.23311723392762204,0.0,0.8342222222221505,1.142111111111199,1.9763333333333495,0.0,0.42210603249560313,0.5778939675043969
4,36,15,0.0,2.849999999999568,0.0,2.849999999999568,0.0,0.0,1.0,0.0,0.6655555555555186,2.9074444444442835,3.5729999999998023,0.0,0.18627359517367909,0.8137264048263209
4,36,16,0.0,5.2499999999990905,0.0,5.2499999999990905,0.0,0.0,1.0,0.0,0.04799999999998911,6.197222222222181,6.2452222222221705,0.0,0.007685875424767476,0.9923141245752325
4,36,17,0.0,20.239000000000033,0.0,20.239000000000033,0.0,0.0,1.0,0.0,0.03811111111110669,6.970444444444511,7.008555555555618,0.0,0.005437798246586825,0.9945622017534131
4,36,18,0.0,5.18300000000022,0.0,5.18300000000022,0.0,0.0,1.0,0.0,0.010111111111099315,5.816444444444603,5.826555555555702,0.0,0.0017353496443466036,0.9982646503556534
4,36,19,0.0,2.9439999999993915,0.0,2.9439999999993915,0.0,0.0,1.0,0.0,0.0,3.3387777777776613,3.3387777777776613,0.0,0.0,1.0
4,36,20,0.0,4.440999999999917,0.0,4.440999999999917,0.0,0.0,1.0,0.0,0.0,3.2028888888886633,3.2028888888886633,0.0,0.0,1.0
4,36,21,0.0,4.092000000000439,0.0,4.092000000000439,0.0,0.0,1.0,0.0,0.0,2.5729999999998396,2.5729999999998396,0.0,0.0,1.0
4,36,22,0.0,0.3289999999997235,0.0,0.3289999999997235,0.0,0.0,1.0,0.0,0.0,1.6895555555554054,1.6895555555554054,0.0,0.0,1.0
4,36,23,0.0,1.0120000000010805,0.0,1.0120000000010805,0.0,0.0,1.0,0.0,0.0,1.2955555555556273,1.2955555555556273,0.0,0.0,1.0
4,36,24,0.0,2.971000000000913,0.0,2.971000000000913,0.0,0.0,1.0,0.0,0.0,1.794888888888926,1.794888888888926,0.0,0.0,1.0
4,36,25,0.0,2.961000000000354,0.0,2.961000000000354,0.0,0.0,1.0,0.0,0.0,1.55355555555564,1.55355555555564,0.0,0.0,1.0
4,36,26,0.0,0.8299999999999272,0.0,0.8299999999999272,0.0,0.0,1.0,0.0,0.0,0.739777777777741,0.739777777777741,0.0,0.0,1.0
4,37,0,0.9969999999999573,0.37000000000000455,0.3020000000002483,1.66900000000021,0.5973636908327332,0.18094667465560832,0.22168963451165846,0.352833333333308,0.08216666666667531,0.09499999999997044,0.5299999999999538,0.6657232704402618,0.1550314465409103,0.17924528301882778
4,37,2,0.0,0.019000000000119144,0.0,0.019000000000119144,0.0,0.0,1.0,0.0011111111110848368,0.0023333333333539485,0.0076666666666369565,0.011111111111075742,0.09999999999795363,0.21000000000252383,0.6899999999995224
4,37,3,0.0,0.019999999999868123,0.0,0.019999999999868123,0.0,0.0,1.0,0.0022222222221696735,0.005777777777792733,0.007777777777770704,0.01577777777773311,0.1408450704196034,0.36619718310057614,0.4929577464798205
4,37,4,0.0,0.01999999999998181,0.0,0.01999999999998181,0.0,0.0,1.0,0.0022222222221696735,0.02344444444452165,0.009999999999978275,0.0356666666666696,0.06230529594867731,0.6573208722762539,0.28037383177506875
4,37,5,0.0,0.03899999999998727,0.04100000000016735,0.08000000000015461,0.0,0.5125000000011013,0.48749999999889865,0.044555555555588294,0.046888888888841185,0.006777777777819616,0.09822222222224909,0.45361990950247166,0.47737556561024347,0.0690045248872849
4,37,6,0.0,0.0020000000004074536,0.05199999999967986,0.05400000000008731,0.0,0.9629629629554775,0.03703703704452259,0.10988888888894306,0.10211111111099551,0.011222222222260018,0.2232222222221986,0.4922847187658498,0.4574415131901727,0.050273768043977526
4,37,7,0.5000000000004547,0.05999999999994543,0.20899999999892316,0.7689999999993233,0.6501950585187187,0.2717815344591769,0.07802340702210432,0.17544444444446428,0.11388888888889899,0.02088888888888758,0.3102222222222508,0.5655444126074617,0.3671203438395403,0.06733524355299816
4,37,8,0.4899999999997817,0.0369999999996935,0.21700000000146247,0.7440000000009377,0.6586021505365109,0.29166666666826474,0.04973118279522429,0.1645555555555044,0.15577777777785842,0.031111111111070188,0.351444444444433,0.4682263673726171,0.443250079039131,0.08852355358825191
4,37,9,0.0,0.021999999999934516,0.09999999999990905,0.12199999999984357,0.0,0.8196721311478465,0.1803278688521535,0.09811111111106481,0.14088888888903106,0.05322222222216371,0.2922222222222596,0.3357414448667188,0.48212927756696483,0.18212927756631642
4,37,10,0.0,0.2119999999997617,0.3129999999997608,0.5249999999995225,0.0,0.5961904761905628,0.4038095238094372,0.047111111111045524,0.3036666666666608,0.08322222222221222,0.43399999999991856,0.10855094726049393,0.6996927803380595,0.19175627240144663
4,37,11,0.031000000000062755,0.05100000000027194,0.6680000000000064,0.7500000000003411,0.04133333333339821,0.8906666666662701,0.06800000000033166,0.014555555555501894,0.6777777777777549,0.29266666666670615,0.984999999999963,0.014777213761931411,0.6880992667794725,0.2971235194585961
4,37,12,0.0,0.9730000000010932,0.9849999999995589,1.958000000000652,0.0,0.5030643513785653,0.4969356486214347,0.015555555555503512,0.8083333333332928,0.40944444444465317,1.2333333333334495,0.012612612612569227,0.6554054054053108,0.3319819819821199
4,37,13,0.0,0.9580000000006521,1.5099999999997635,2.4680000000004156,0.0,0.6118314424633343,0.3881685575366656,0.001000000000001617,1.0571111111110365,0.5250000000001793,1.5831111111112175,0.0006316676024715011,0.6677428411004134,0.3316254912971151
4,37,14,0.0,0.5409999999998263,1.1300000000001091,1.6709999999999354,0.0,0.6762417713944661,0.32375822860553394,0.001000000000001617,0.6166666666666111,0.7561111111111307,1.3737777777777436,0.0007279197670668697,0.4488838563571367,0.5503882238757963
4,37,15,0.0,0.6229999999997062,0.0,0.6229999999997062,0.0,0.0,1.0,0.0012222222222185843,0.44233333333330743,1.5746666666664293,2.0182222222219552,0.0006055934816102573,0.21916978639067902,0.7802246201277108
4,37,16,0.0,2.724999999999909,0.0,2.724999999999909,0.0,0.0,1.0,0.002111111111136981,0.01144444444440112,4.604666666666592,4.61822222222213,0.0004571263593550478,0.0024781060533060374,0.997064767587339
4,37,17,0.0,8.286000000000968,0.0909999999998945,8.377000000000862,0.0,0.01086307747402234,0.9891369225259776,0.002111111111136981,0.06566666666665487,5.122444444444505,5.190222222222297,0.00040674773078079623,0.012651995204655877,0.9869412570645633
4,37,18,0.0,2.8810000000000855,0.0,2.8810000000000855,0.0,0.0,1.0,0.0020000000000032336,0.06566666666665487,4.739888888889052,4.80755555555571,0.0004160118332261377,0.013659055190900316,0.9859249329758736
4,37,19,0.0,1.8000000000007503,0.0,1.8000000000007503,0.0,0.0,1.0,0.0021111111110864536,0.05555555555555549,2.53066666666656,2.588333333333202,0.00081562567073531,0.021463833440653564,0.977720540888611
4,37,20,0.0,3.221999999999298,0.0,3.221999999999298,0.0,0.0,1.0,0.0033333333333050376,0.0,2.74933333333321,2.752666666666515,0.0012109469605129165,0.0,0.9987890530394871
4,37,21,0.0,4.670999999999481,0.0,4.670999999999481,0.0,0.0,1.0,0.0033333333333555658,0.0,2.363999999999944,2.3673333333332995,0.0014080540692856715,0.0,0.9985919459307143
4,37,22,0.0,0.7620000000008531,0.0,0.7620000000008531,0.0,0.0,1.0,0.004555555555574149,0.0,1.6271111111112122,1.6316666666667863,0.00279196458972859,0.0,0.9972080354102715
4,37,23,0.0,1.1079999999992651,0.0,1.1079999999992651,0.0,0.0,1.0,0.0033333333333555658,0.0,1.236666666666893,1.2400000000002487,0.002688172043028143,0.0,0.9973118279569718
4,37,24,0.0,2.7689999999998918,0.0,2.7689999999998918,0.0,0.0,1.0,0.0044444444444404025,0.0,1.699222222222336,1.7036666666667766,0.0026087523641792894,0.0,0.9973912476358207
4,37,25,0.0,2.089000000000169,0.0,2.089000000000169,0.0,0.0,1.0,0.004222222222223435,0.0,1.5536666666666854,1.5578888888889089,0.002710220383710893,0.0,0.9972897796162891
4,38,0,1.0709999999999127,0.18100000000004002,0.19099999999980355,1.4429999999997563,0.742203742203807,0.13236313236301858,0.12543312543317436,0.3800000000000144,0.1186666666667217,0.09666666666663559,0.5953333333333717,0.6382978723404086,0.19932810750287916,0.16237402015671226
4,38,1,0.0,0.018999999999778083,0.0,0.018999999999778083,0.0,0.0,1.0,0.2533333333333429,0.0791111111111478,0.07099999999998848,0.4034444444444792,0.6279261911318892,0.19608923161670858,0.17598457725140215
4,38,3,0.0,0.010999999999967258,0.010999999999967258,0.021999999999934516,0.0,0.5,0.5,0.0,0.0012222222222185843,0.01777777777776161,0.018999999999980196,0.0,0.06432748537999254,0.9356725146200073
4,38,5,0.0,0.0,0.010000000000218279,0.010000000000218279,0.0,1.0,0.0,0.0,0.011444444444451718,0.013222222222263253,0.02466666666671497,0.0,0.46396396396335027,0.5360360360366497
4,38,7,0.07899999999972351,0.0,0.01999999999998181,0.09899999999970532,0.7979797979793803,0.2020202020206196,0.0,0.1499999999999899,0.08833333333339194,0.019999999999994442,0.25833333333337627,0.580645161290187,0.34193548387113776,0.07741935483867529
4,38,8,0.0,0.0,0.009000000000014552,0.009000000000014552,0.0,1.0,0.0,0.1499999999999899,0.09366666666675073,0.02922222222215017,0.2728888888888908,0.5496742671009364,0.34324104234558256,0.10708469055348115
4,38,11,0.0999999999994543,0.0,0.2990000000004329,0.3989999999998872,0.2506265664147433,0.7493734335852568,0.0,0.014555555555501894,0.2769999999999805,0.22377777777793048,0.5153333333334129,0.0282449331607367,0.5375161707631392,0.43423889607612404
4,38,12,0.0,0.4410000000000309,0.22800000000006548,0.6690000000000964,0.0,0.34080717488794116,0.6591928251120589,0.015555555555503512,0.40999999999998077,0.29366666666684677,0.719222222222331,0.02162830217820337,0.5700602502702408,0.40831144755155585
4,38,13,0.009000000000014552,0.029999999999972715,0.0,0.03899999999998727,0.23076923076967923,0.0,0.7692307692303207,0.001000000000001617,0.4281111111110552,0.34622222222234694,0.7753333333334038,0.0012897678417904464,0.5521639438233228,0.4465462883348867
4,38,14,0.0,0.03199999999992542,0.0,0.03199999999992542,0.0,0.0,1.0,0.001000000000001617,0.29466666666662095,0.31988888888878997,0.6155555555554125,0.0016245487364650983,0.47870036101086727,0.5196750902526677
4,38,15,0.0,0.5859999999997854,0.011999999999716238,0.5979999999995016,0.0,0.02006688963164923,0.9799331103683507,0.0012222222222185843,0.12688888888886948,0.6012222222221781,0.7293333333332662,0.00167580743448633,0.17397928092625387,0.8243449116392598
4,38,16,0.010999999999967258,0.7019999999999982,0.0,0.7129999999999654,0.015427769985929582,0.0,0.9845722300140705,0.002111111111136981,0.011444444444401194,1.6158888888888896,1.6294444444444278,0.0012956017729446314,0.007023525400587235,0.9916808728264681
4,38,17,0.008000000000265572,0.1810000000002674,0.0,0.18900000000053296,0.04232804232932811,0.0,0.9576719576706719,0.002111111111136981,0.06566666666665494,1.8831111111112477,1.9508888888890397,0.0010821278050023556,0.03365987014465479,0.9652580020503428
4,38,18,0.0,0.6549999999999727,0.5,1.1549999999999727,0.0,0.4329004329004431,0.5670995670995569,0.0020000000000032336,0.06566666666665495,1.7478888888890776,1.8155555555557357,0.0011015911872721735,0.03616891064870477,0.9627294981640231
4,38,19,0.009999999999763531,0.4899999999997817,0.0,0.49999999999954525,0.019999999999545253,0.0,0.9800000000004547,0.0021111111110864536,0.05555555555555556,1.1962222222222179,1.25388888888886,0.0016836508639591068,0.044306601683651886,0.954009747452389
4,38,20,0.009000000000014552,1.159999999999627,0.0,1.1689999999996417,0.007698887938423705,0.0,0.9923011120615763,0.0033333333333050376,0.0,1.8764444444443849,1.8797777777776898,0.0017732592504874538,0.0,0.9982267407495126
4,38,21,0.010999999999967258,1.9240000000002055,0.0,1.9350000000001728,0.005684754521946396,0.0,0.9943152454780536,0.0033333333333555658,0.0,1.9294444444443821,1.9327777777777377,0.0017246335153895207,0.0,0.9982753664846105
4,38,22,0.010000000000218279,0.6749999999999545,0.0,0.6850000000001728,0.014598540146300373,0.0,0.9854014598536996,0.004555555555574149,0.0,1.5461111111111194,1.5506666666666935,0.0029378045285301402,0.0,0.9970621954714699
4,38,23,0.01999999999998181,0.07099999999991269,0.0,0.0909999999998945,0.2197802197802747,0.0,0.7802197802197253,0.0033333333333555658,0.0,1.159111111111176,1.1624444444445317,0.0028675205505828564,0.0,0.9971324794494171
4,38,24,0.0,1.4330000000004475,0.0,1.4330000000004475,0.0,0.0,1.0,0.0044444444444404025,0.0,1.3889999999999594,1.3934444444443999,0.0031895383143262022,0.0,0.9968104616856738
4,38,25,0.01999999999998181,0.8789999999989959,0.0,0.8989999999989777,0.022246941045611292,0.0,0.9777530589543887,0.004222222222223435,0.0,1.2480000000000093,1.2522222222222328,0.0033717834960080386,0.0,0.9966282165039919
4,38,26,0.018000000000029104,0.05099999999947613,0.0,0.06899999999950523,0.2608695652196837,0.0,0.7391304347803164,0.0054444444444420185,0.0,0.6022222222221544,0.6076666666665964,0.00895959041872076,0.0,0.9910404095812793
4,38,27,0.010999999999967258,0.27599999999983993,0.0,0.2869999999998072,0.038327526132315846,0.0,0.9616724738676842,0.0044444444444404025,0.0,0.12466666666662386,0.12911111111106427,0.034423407917365006,0.0,0.9655765920826349
4,38,28,0.010999999999967258,0.12200000000029831,0.0,0.13300000000026557,0.0827067669168819,0.0,0.917293233083118,0.006888888888877571,0.0,0.12322222222228936,0.13011111111116694,0.0529461998290961,0.0,0.9470538001709038
4,38,29,0.03999999999996362,0.03800000000046566,0.0,0.07800000000042928,0.5128205128172241,0.0,0.4871794871827759,0.008000000000012934,0.010777777777750299,0.1745555555556215,0.19333333333338473,0.041379310344883485,0.055747126436624654,0.9028735632184919
4,38,30,0.021000000000185537,0.262000000000171,0.09699999999975262,0.38000000000010914,0.055263157895209226,0.25526315789401255,0.6894736842107783,0.006777777777794351,0.010777777777750299,0.12233333333334573,0.13988888888889037,0.04845115170782249,0.07704527402680832,0.8745035742653693
4,38,31,0.0,0.06099999999969441,0.0,0.06099999999969441,0.0,0.0,1.0,0.0023333333333539485,0.010777777777750299,0.17377777777771053,0.18688888888881477,0.0124851367420891,0.05766944114137405,0.9298454221165369
4,38,32,0.0,0.06099999999969441,0.0,0.06099999999969441,0.0,0.0,1.0,0.0,0.0,0.0812222222221962,0.0812222222221962,0.0,0.0,1.0
4,38,33,0.0,0.00800000000072032,0.0,0.00800000000072032,0.0,0.0,1.0,0.0,0.0,0.1076666666667227,0.1076666666667227,0.0,0.0,1.0
4,39,0,0.21200000000021646,0.0,0.18900000000007822,0.4010000000002947,0.5286783042395528,0.4713216957604472,0.0,0.25416666666664395,0.09650000000006762,0.03499999999996817,0.3856666666666797,0.6590319792566172,0.25021607605893953,0.09075194468444335
4,39,1,0.0,0.009999999999990905,0.03000000000020009,0.040000000000190994,0.0,0.7500000000014211,0.24999999999857891,0.1694444444444293,0.06433333333337841,0.027777777777752515,0.26155555555556026,0.6478334749362091,0.24596431605794195,0.10620220900584883
4,39,2,0.0,0.03999999999996362,0.0,0.03999999999996362,0.0,0.0,1.0,0.0,0.004555555555574149,0.012333333333294326,0.016888888888868477,0.0,0.26973684210669013,0.7302631578933099
4,39,3,0.0,0.03099999999994907,0.0,0.03099999999994907,0.0,0.0,1.0,0.0,0.0012222222222185843,0.011222222222209489,0.012444444444428073,0.0,0.09821428571412258,0.9017857142858774
4,39,4,0.0,0.019000000000005457,0.0,0.019000000000005457,0.0,0.0,1.0,0.0,0.0023333333333539485,0.00899999999998929,0.011333333333343238,0.0,0.20588235294281554,0.7941176470571845
4,39,5,0.0,0.01999999999998181,0.0,0.01999999999998181,0.0,0.0,1.0,0.0,0.0011111111111353643,0.006444444444443635,0.007555555555579,0.0,0.14705882353216543,0.8529411764678345
4,39,6,0.0,0.019000000000005457,0.0,0.019000000000005457,0.0,0.0,1.0,0.023222222222203628,0.025555555555658627,0.0055555555555505025,0.05433333333341276,0.427402862984718,0.47034764826296815,0.10224948875231377
4,39,7,0.13000000000010914,0.010999999999967258,0.2000000000007276,0.341000000000804,0.3812316715536734,0.5865102639303696,0.03225806451595696,0.03999999999996362,0.03522222222227356,0.00899999999998929,0.08422222222222647,0.47493403693885805,0.4182058047499288,0.10686015831121308
4,39,8,0.15099999999983993,0.05099999999993088,0.08799999999973807,0.2899999999995089,0.5206896551727437,0.30344827586167966,0.1758620689655767,0.08899999999994179,0.04733333333332565,0.01922222222224769,0.15555555555551515,0.5721428571426316,0.3042857142857439,0.1235714285716244
4,39,9,0.0,0.08199999999987995,0.0,0.08199999999987995,0.0,0.0,1.0,0.08188888888879674,0.04577777777780687,0.03877777777779556,0.16644444444439918,0.49198931909170296,0.27503337783736576,0.23297730307093123
4,39,10,0.0,0.18699999999989814,0.0,0.18699999999989814,0.0,0.0,1.0,0.07622222222208722,0.06822222222232692,0.041888888888908904,0.18633333333332303,0.40906380441193974,0.3661299940375529,0.22480620155050746
4,39,11,0.0,0.07899999999995089,0.0,0.07899999999995089,0.0,0.0,1.0,0.027222222222109044,0.08144444444461542,0.08644444444447193,0.1951111111111964,0.13952164009047513,0.41742596811003324,0.44305239179949163
4,39,12,0.0,0.07100000000036744,0.0,0.07100000000036744,0.0,0.0,1.0,0.012111111111052097,0.05855555555561093,0.07344444444440039,0.1441111111110634,0.0840400925208211,0.40632228219018723,0.5096376252889918
4,39,13,0.0,0.0399999999992815,0.0,0.0399999999992815,0.0,0.0,1.0,0.001000000000001617,0.025333333333340608,0.07155555555550563,0.09788888888884786,0.010215664018181981,0.25879682179359936,0.7309875141882186
4,39,14,0.0,0.029999999999972715,0.0,0.029999999999972715,0.0,0.0,1.0,0.001000000000001617,0.0013333333333018043,0.08411111111099168,0.0864444444442951,0.011568123393354886,0.01542416452408351,0.9730077120825616
4,39,15,0.0,0.03899999999998727,0.0,0.03899999999998727,0.0,0.0,1.0,0.0012222222222185843,0.0013333333333018043,0.1691111111111291,0.17166666666664948,0.007119741100303146,0.007766990291079249,0.9851132686086176
4,39,16,0.0,0.13300000000049295,0.0,0.13300000000049295,0.0,0.0,1.0,0.002111111111136981,0.0013333333333018043,0.32322222222215813,0.32666666666659694,0.006462585034094178,0.004081632652965578,0.9894557823129402
4,39,17,0.0,1.2679999999988922,0.0,1.2679999999988922,0.0,0.0,1.0,0.002111111111136981,0.05555555555555555,0.3495555555555761,0.4072222222222686,0.005184174624892405,0.13642564802181256,0.8583901773532951
4,39,18,0.0,0.11700000000064392,0.0,0.11700000000064392,0.0,0.0,1.0,0.0020000000000032336,0.05555555555555555,0.32255555555555776,0.38011111111111656,0.0052616194095378085,0.14615609470914726,0.8485822858813149
4,39,19,0.0,0.05300000000033833,0.0,0.05300000000033833,0.0,0.0,1.0,0.0021111111110864536,0.05555555555555555,0.34244444444443106,0.40011111111107306,0.005276312135456786,0.1388503193557477,0.8558733685087955
4,39,20,0.0,0.3879999999994652,0.0,0.3879999999994652,0.0,0.0,1.0,0.0033333333333050376,0.0,1.0523333333332074,1.0556666666665124,0.0031575623618303045,0.0,0.9968424376381697
4,39,21,0.0,3.1800000000005184,0.0,3.1800000000005184,0.0,0.0,1.0,0.0033333333333555658,0.0,1.2997777777776112,1.3031111111109668,0.0025579809004266213,0.0,0.9974420190995733
4,39,22,0.0,1.3830000000000382,0.0,1.3830000000000382,0.0,0.0,1.0,0.004555555555574149,0.0,1.1477777777776939,1.152333333333268,0.00395333140489535,0.0,0.9960466685951047
4,39,23,0.0,0.14099999999984902,0.0,0.14099999999984902,0.0,0.0,1.0,0.0033333333333555658,0.0,0.8747777777779598,0.8781111111113155,0.003796026825280667,0.0,0.9962039731747193
4,39,24,0.0,2.090000000000373,0.0,2.090000000000373,0.0,0.0,1.0,0.0044444444444404025,0.0,1.003111111111265,1.0075555555557054,0.004411116012346457,0.0,0.9955888839876534
4,39,25,0.0,1.9210000000007312,0.0,1.9210000000007312,0.0,0.0,1.0,0.004222222222223435,0.0,0.9870000000001053,0.9912222222223288,0.004259612151104902,0.0,0.9957403878488951
4,39,27,0.0,0.20400000000017826,0.0,0.20400000000017826,0.0,0.0,1.0,0.0044444444444404025,0.0,0.16844444444437714,0.17288888888881754,0.02570694087402322,0.0,0.9742930591259769
4,39,28,0.0,0.46899999999982356,0.0,0.46899999999982356,0.0,0.0,1.0,0.006888888888877571,0.0,0.15988888888894812,0.16677777777782568,0.041305796135829666,0.0,0.9586942038641704
4,39,30,0.0,0.6799999999998363,0.0,0.6799999999998363,0.0,0.0,1.0,0.006777777777794351,0.01077777777775029,0.15222222222226064,0.16977777777780528,0.03992146596867754,0.06348167539249797,0.8965968586388245
4,39,31,0.0,0.05999999999994543,0.0,0.05999999999994543,0.0,0.0,1.0,0.0023333333333539485,0.01077777777775029,0.23911111111106545,0.25222222222216967,0.009251101321669565,0.04273127753293957,0.9480176211453909
4,39,32,0.0,0.44000000000005457,0.0,0.44000000000005457,0.0,0.0,1.0,0.0,0.0,0.11666666666663635,0.11666666666663635,0.0,0.0,1.0
4,39,33,0.0,0.10099999999965803,0.0,0.10099999999965803,0.0,0.0,1.0,0.0,0.0,0.14311111111116284,0.14311111111116284,0.0,0.0,1.0
4,39,34,0.0,0.35900000000037835,0.0,0.35900000000037835,0.0,0.0,1.0,0.0,0.0,0.08533333333333655,0.08533333333333655,0.0,0.0,1.0
4,39,35,0.0,0.07099999999991269,0.0,0.07099999999991269,0.0,0.0,1.0,0.0,0.0,0.07322222222218341,0.07322222222218341,0.0,0.0,1.0
4,40,0,0.24199999999973443,0.0,0.16900000000032378,0.4110000000000582,0.5888077858873483,0.41119221411265167,0.0,0.12399999999994786,0.1045000000001816,0.0066666666666227075,0.23516666666675218,0.5272856130399834,0.44436569808707416,0.028348688872942382
4,40,9,0.44099999999980355,0.02900000000045111,0.10899999999946886,0.5789999999997235,0.7616580310881074,0.188255613125252,0.05008635578664069,0.08288888888879835,0.05711111111112486,0.04411111111112911,0.18411111111105233,0.4502112251052645,0.31019915509975127,0.23958961979498414
4,40,10,0.14499999999952706,0.0,0.20600000000104046,0.3510000000005675,0.41310541310339777,0.5868945868966022,0.0,0.06611111111103836,0.04733333333337617,0.046333333333349304,0.15977777777776384,0.41376912378261277,0.2962447844231034,0.2899860917942838
4,40,18,0.0,0.08999999999991815,0.0,0.08999999999991815,0.0,0.0,1.0,0.0,0.0,0.25266666666667936,0.25266666666667936,0.0,0.0,1.0
4,40,19,0.0,0.049000000000205546,0.0,0.049000000000205546,0.0,0.0,1.0,0.0,0.0,0.13411111111117355,0.13411111111117355,0.0,0.0,1.0
4,40,20,0.0,0.07999999999992724,0.0,0.07999999999992724,0.0,0.0,1.0,0.0,0.0024444444444371685,0.8685555555554932,0.8709999999999304,0.0,0.0028064804184125876,0.9971935195815874
4,40,21,0.0,2.1469999999987976,0.0,2.1469999999987976,0.0,0.0,1.0,0.0,0.0024444444444371685,1.2002222222221235,1.2026666666665606,0.0,0.0020325203251973815,0.9979674796748026
4,40,22,0.0,0.7609999999999673,0.0,0.7609999999999673,0.0,0.0,1.0,0.0,0.0024444444444371685,1.2458888888887965,1.2483333333332336,0.0,0.0019581664441420807,0.998041833555858
4,40,23,0.0,0.04800000000000182,0.0,0.04800000000000182,0.0,0.0,1.0,0.0,0.0,1.042444444444502,1.042444444444502,0.0,0.0,1.0
4,40,24,0.0,1.271000000001095,0.0,1.271000000001095,0.0,0.0,1.0,0.0,0.0,1.223000000000032,1.223000000000032,0.0,0.0,1.0
4,40,25,0.0,1.1739999999999782,0.0,1.1739999999999782,0.0,0.0,1.0,0.0,0.0,1.1256666666667519,1.1256666666667519,0.0,0.0,1.0
4,40,26,0.0,0.06399999999985084,0.0,0.06399999999985084,0.0,0.0,1.0,0.0,0.0,0.6767777777778167,0.6767777777778167,0.0,0.0,1.0
4,40,27,0.0,0.32999999999992724,0.0,0.32999999999992724,0.0,0.0,1.0,0.0,0.0,0.21288888888888222,0.21288888888888222,0.0,0.0,1.0
4,40,30,0.0,0.26900000000023283,0.0,0.26900000000023283,0.0,0.0,1.0,0.0,0.0,0.18333333333329294,0.18333333333329294,0.0,0.0,1.0
4,40,32,0.0,0.31899999999996,0.0,0.31899999999996,0.0,0.0,1.0,0.0,0.0,0.16788888888883477,0.16788888888883477,0.0,0.0,1.0
4,40,35,0.0,0.22899999999935972,0.0,0.22899999999935972,0.0,0.0,1.0,0.0,0.0,0.10866666666667396,0.10866666666667396,0.0,0.0,1.0
4,41,0,0.28999999999973625,0.02999999999974534,0.2390000000004875,0.5589999999999691,0.5187835420389129,0.42754919499195115,0.05366726296913596,0.10716666666655783,0.07650000000012369,0.0484999999999521,0.23216666666663363,0.46159368269880724,0.3295046661886629,0.2089016511125298
4,41,7,0.7699999999997544,0.07200000000011642,0.3790000000001328,1.2210000000000036,0.6306306306304277,0.3104013104014182,0.05896805896815414,0.08555555555552828,0.04422222222226285,0.010888888888909301,0.14066666666670044,0.6082148499206711,0.3143759873619827,0.07740916271734612
4,41,8,0.0,0.008000000000038199,0.0,0.008000000000038199,0.0,0.0,1.0,0.13455555555550644,0.05533333333331333,0.01566666666670042,0.2055555555555202,0.6545945945944683,0.2691891891891382,0.07621621621639353
4,41,9,0.0,0.021999999999934516,0.0,0.021999999999934516,0.0,0.0,1.0,0.06744444444434015,0.0675555555556255,0.023888888888879797,0.15888888888884545,0.42447552447498416,0.4251748251753816,0.15034965034963424
4,41,10,0.009000000000014552,0.018000000000029104,0.11099999999987631,0.13799999999991996,0.0652173913044911,0.8043478260865267,0.1304347826089822,0.06744444444434015,0.06744444444449174,0.026666666666692943,0.1615555555555248,0.4174690508935192,0.4174690508944575,0.1650618982120235
4,41,12,0.0,0.010999999999967258,0.0,0.010999999999967258,0.0,0.0,1.0,0.0024444444444371685,0.001000000000001617,0.027000000000018388,0.030444444444457174,0.08029197080264715,0.03284671532850653,0.8868613138688463
4,41,13,0.0,0.009999999999990905,0.0,0.009999999999990905,0.0,0.0,1.0,0.0044444444444404025,0.06122222222226507,0.029444444444430295,0.09511111111113577,0.04672897196256221,0.6436915887853304,0.30957943925210746
4,41,14,0.0,0.008000000000038199,0.5510000000003856,0.5590000000004238,0.0,0.9856887298747189,0.014311270125281097,0.005555555555575766,0.07666666666647062,0.07077777777769571,0.15299999999974212,0.036310820624739414,0.5010893246182996,0.46259985475696086
4,41,15,0.0,0.04000000000041837,0.10099999999874854,0.1409999999991669,0.0,0.7163120567329453,0.28368794326705465,0.0031111111111385985,0.13711111111087526,0.18555555555561418,0.32577777777762806,0.009549795361616731,0.42087312414680916,0.5695770804915741
4,41,16,0.0,0.6850000000006276,0.24700000000007094,0.9320000000006985,0.0,0.2650214592273453,0.7349785407726547,0.0011111111111353643,0.07811111111083038,0.2236666666667083,0.30288888888867405,0.0036683785767517873,0.2578870139390947,0.7384446074841536
4,41,17,0.0,0.3489999999999327,0.0,0.3489999999999327,0.0,0.0,1.0,0.0,0.06488888888884503,0.21777777777788287,0.2826666666667279,0.0,0.22955974842746807,0.7704402515725319
4,41,18,0.0,0.30500000000006366,0.0,0.30500000000006366,0.0,0.0,1.0,0.0,0.007666666666662221,0.11433333333338347,0.12200000000004568,0.0,0.06284153005458484,0.9371584699454152
4,41,19,0.0,0.04300000000012005,0.0,0.04300000000012005,0.0,0.0,1.0,0.0,0.007666666666662221,0.0955555555556455,0.10322222222230773,0.0,0.07427341227115482,0.9257265877288451
4,41,20,0.0,0.08199999999987995,0.0,0.08199999999987995,0.0,0.0,1.0,0.0,0.010444444444450104,0.4905555555555136,0.5009999999999637,0.0,0.020847194499901918,0.9791528055000981
4,41,21,0.0,1.7950000000001864,0.021999999999934516,1.817000000000121,0.0,0.012107870115538278,0.9878921298844617,0.0,0.008111111111096154,0.6843333333332313,0.6924444444443275,0.0,0.011713735558388593,0.9882862644416114
4,41,22,0.0,0.9860000000003311,0.0,0.9860000000003311,0.0,0.0,1.0,0.0,0.007000000000011319,0.8523333333331745,0.8593333333331858,0.0,0.008145849495747697,0.9918541505042523
4,41,23,0.0,0.7719999999994798,0.0,0.7719999999994798,0.0,0.0,1.0,0.0,0.002000000000003234,0.8308888888889214,0.8328888888889247,0.0,0.0024012806830347295,0.9975987193169653
4,41,24,0.0,1.9299999999993815,0.0,1.9299999999993815,0.0,0.0,1.0,0.0,0.0011111111111353643,1.115888888888877,1.1170000000000122,0.0,0.00099472794192959,0.9990052720580705
4,41,25,0.0,1.6599999999993997,0.0,1.6599999999993997,0.0,0.0,1.0,0.0,0.0,0.9992222222222407,0.9992222222222407,0.0,0.0,1.0
4,41,26,0.0,0.020999999999958163,0.0,0.020999999999958163,0.0,0.0,1.0,0.0,0.0,0.6993333333333188,0.6993333333333188,0.0,0.0,1.0
4,41,27,0.0,0.7170000000003256,0.0,0.7170000000003256,0.0,0.0,1.0,0.0,0.0,0.21911111111108364,0.21911111111108364,0.0,0.0,1.0
4,41,28,0.0,0.11099999999987631,0.0,0.11099999999987631,0.0,0.0,1.0,0.0,0.0,0.14777777777774445,0.14777777777774445,0.0,0.0,1.0
4,41,30,0.0,0.5409999999997126,0.0,0.5409999999997126,0.0,0.0,1.0,0.0,0.0,0.19211111111114101,0.19211111111114101,0.0,0.0,1.0
4,41,31,0.0,0.09999999999990905,0.0,0.09999999999990905,0.0,0.0,1.0,0.0,0.0,0.335555555555604,0.335555555555604,0.0,0.0,1.0
4,41,32,0.0,0.49099999999998545,0.0,0.49099999999998545,0.0,0.0,1.0,0.0,0.0,0.24211111111112082,0.24211111111112082,0.0,0.0,1.0
4,41,35,0.0,0.31900000000041473,0.0,0.31900000000041473,0.0,0.0,1.0,0.0,0.0,0.10411111111107453,0.10411111111107453,0.0,0.0,1.0
4,42,0,0.11099999999987631,0.25,0.05099999999993088,0.4119999999998072,0.2694174757279812,0.12378640776688045,0.6067961165051383,0.06683333333326875,0.04833333333340306,0.0484999999999521,0.1636666666666239,0.4083503054986938,0.29531568228156224,0.29633401221974404
4,42,1,0.0,0.010999999999967258,0.0,0.010999999999967258,0.0,0.0,1.0,0.0445555555555125,0.032222222222268705,0.0323333333333014,0.1091111111110826,0.4083503054986938,0.29531568228156224,0.29633401221974404
4,42,3,0.0,0.021000000000185537,0.0,0.021000000000185537,0.0,0.0,1.0,0.0,0.0,0.0023333333333539485,0.0023333333333539485,0.0,0.0,1.0
4,42,5,0.0,0.0,0.009999999999763531,0.009999999999763531,0.0,1.0,0.0,0.0,0.0021111111110864536,0.002000000000003234,0.0041111111110896876,0.0,0.5135135135101917,0.4864864864898083
4,42,6,0.0,0.018000000000029104,0.009000000000014552,0.027000000000043656,0.0,0.3333333333333333,0.6666666666666666,0.08555555555552828,0.044222222222212317,0.01000000000001617,0.13977777777775677,0.6120826709060972,0.3163751987281166,0.07154213036578622
4,42,8,0.0,0.0,0.010000000000218279,0.010000000000218279,0.0,1.0,0.0,0.08555555555552828,0.043222222222261235,0.012444444444428075,0.14122222222221759,0.6058221872539573,0.3060582218728276,0.08811959087321507
4,42,9,0.0,0.009999999999763531,0.0,0.009999999999763531,0.0,0.0,1.0,0.002333333333303421,0.03255555555556889,0.02066666666660745,0.05555555555547976,0.041999999999518874,0.5860000000010395,0.3719999999994416
4,42,10,0.011999999999716238,0.12799999999970169,0.17200000000002547,0.3119999999994434,0.03846153846069758,0.5512820512831164,0.41025641025618603,0.002333333333303421,0.032444444444435144,0.023444444444420596,0.058222222222159156,0.04007633587739224,0.5572519083973905,0.4026717557252174
4,42,11,0.0,0.03300000000035652,0.009000000000014552,0.042000000000371074,0.0,0.21428571428416754,0.7857142857158325,0.002333333333303421,0.032444444444435144,0.037555555555576985,0.07233333333331554,0.03225806451572343,0.4485407066052045,0.5192012288790722
4,42,12,0.0,0.14800000000013824,0.0,0.14800000000013824,0.0,0.0,1.0,0.0024444444444371685,0.001000000000001617,0.027000000000018395,0.03044444444445718,0.08029197080264713,0.032846715328506526,0.8868613138688464
4,42,13,0.021999999999934516,0.0409999999997126,0.0,0.06299999999964712,0.3492063492072658,0.0,0.6507936507927342,0.0044444444444404025,0.06122222222226507,0.029444444444430295,0.09511111111113577,0.04672897196256221,0.6436915887853304,0.30957943925210746
4,42,14,0.018000000000029104,0.047000000000025466,0.0,0.06500000000005457,0.2769230769232922,0.0,0.7230769230767078,0.005555555555575766,0.10566666666661857,0.0827777777776646,0.19399999999985895,0.0286368843071124,0.5446735395190484,0.42668957617383907
4,42,15,0.010000000000218279,0.49099999999907595,0.03799999999910142,0.5389999999983957,0.01855287569619303,0.07050092764232752,0.9109461966614795,0.0031111111111385985,0.19988888888881065,0.21211111111117334,0.4151111111111226,0.007494646681008194,0.4815310492503335,0.5109743040686583
4,42,16,0.0,0.39900000000034197,0.2969999999995707,0.6959999999999127,0.0,0.4267241379304712,0.5732758620695287,0.0011111111111353643,0.1408888888887658,0.2502222222222675,0.3922222222221686,0.002832861189863922,0.3592067988665908,0.6379603399435453
4,42,17,0.0,0.04899999999997817,0.01999999999998181,0.06899999999995998,0.0,0.2898550724636726,0.7101449275363274,0.0,0.09866666666663249,0.2223333333334823,0.32100000000011475,0.0,0.3073727933538854,0.6926272066461147
4,42,18,0.0,0.08300000000008367,0.01999999999998181,0.10300000000006548,0.0,0.19417475728125336,0.8058252427187467,0.0,0.007666666666662221,0.09888888888892527,0.10655555555558749,0.0,0.07194994786229333,0.9280500521377067
4,42,19,0.0,0.06100000000014916,0.028999999999996362,0.09000000000014552,0.0,0.3222222222216608,0.6777777777783391,0.0,0.007666666666662221,0.07122222222230651,0.07888888888896872,0.0,0.0971830985913946,0.9028169014086055
4,42,20,0.0,0.06700000000046202,0.01999999999998181,0.08700000000044383,0.0,0.22988505746988253,0.7701149425301175,0.0,0.010444444444450104,0.27122222222236464,0.2816666666668147,0.0,0.037080867850099224,0.9629191321499009
4,42,21,0.0,0.0909999999998945,0.023000000000138243,0.11400000000003274,0.0,0.20175438596606698,0.798245614033933,0.0,0.008111111111096154,0.39477777777787854,0.40288888888897467,0.0,0.020132377275193007,0.979867622724807
4,42,22,0.0,0.1499999999996362,0.007999999999810825,0.15799999999944703,0.0,0.05063291139138496,0.9493670886086151,0.0,0.007000000000011319,0.5851111111111322,0.5921111111111436,0.0,0.011822105460705277,0.9881778945392947
4,42,23,0.0,0.9210000000002765,0.010000000000218279,0.9310000000004948,0.0,0.01074113856091618,0.9892588614390838,0.0,0.002000000000003234,0.6308888888887748,0.632888888888778,0.0,0.003160112359556225,0.9968398876404438
4,42,24,0.0,0.6390000000001237,0.0,0.6390000000001237,0.0,0.0,1.0,0.0,0.0011111111111353643,0.92344444444436,0.9245555555554954,0.0,0.0012017786324022269,0.9987982213675978
4,42,25,0.0,1.6280000000001564,0.0,1.6280000000001564,0.0,0.0,1.0,0.0,0.0,0.8273333333332985,0.8273333333332985,0.0,0.0,1.0
4,42,26,0.0,0.6060000000002219,0.0,0.6060000000002219,0.0,0.0,1.0,0.0,0.0,0.6285555555556231,0.6285555555556231,0.0,0.0,1.0
4,42,27,0.0,0.09400000000005093,0.0,0.09400000000005093,0.0,0.0,1.0,0.0,0.0,0.21644444444442956,0.21644444444442956,0.0,0.0,1.0
4,42,28,0.0,0.028999999999541615,0.0,0.028999999999541615,0.0,0.0,1.0,0.0,0.0,0.11111111111108592,0.11111111111108592,0.0,0.0,1.0
4,42,29,0.0,0.04899999999997817,0.0,0.04899999999997817,0.0,0.0,1.0,0.0,0.0,0.08455555555550147,0.08455555555550147,0.0,0.0,1.0
4,42,30,0.0,0.031000000000403816,0.0,0.031000000000403816,0.0,0.0,1.0,0.0,0.0,0.19977777777780334,0.19977777777780334,0.0,0.0,1.0
4,42,31,0.0,0.7390000000000327,0.0,0.7390000000000327,0.0,0.0,1.0,0.0,0.0,0.3424444444444312,0.3424444444444312,0.0,0.0,1.0
4,42,32,0.0,0.5300000000002001,0.0,0.5300000000002001,0.0,0.0,1.0,0.0,0.0,0.28988888888882997,0.28988888888882997,0.0,0.0,1.0
4,42,35,0.0,0.1089999999999236,0.0,0.1089999999999236,0.0,0.0,1.0,0.0,0.0,0.12733333333340455,0.12733333333340455,0.0,0.0,1.0
4,42,36,0.0,0.2799999999999727,0.0,0.2799999999999727,0.0,0.0,1.0,0.0,0.0,0.12088888888891038,0.12088888888891038,0.0,0.0,1.0
4,42,41,0.0,0.007000000000061846,0.0,0.007000000000061846,0.0,0.0,1.0,0.0,0.0,0.03833333333336168,0.03833333333336168,0.0,0.0,1.0
4,42,42,0.0,0.07200000000011642,0.0,0.07200000000011642,0.0,0.0,1.0,0.0,0.0,0.03833333333336168,0.03833333333336168,0.0,0.0,1.0
4,43,15,0.0,0.10799999999971988,0.2610000000013315,0.3690000000010514,0.0,0.7073170731723247,0.2926829268276752,0.0031111111111385985,0.1000000000000101,0.13066666666660845,0.23377777777775716,0.013307984790993278,0.42775665399247637,0.5589353612165303
4,43,16,0.0,0.13100000000031287,0.3040000000000873,0.4350000000004002,0.0,0.6988505747122015,0.30114942528779853,0.0011111111111353643,0.1022222222222303,0.1308888888888254,0.23422222222219108,0.0047438330171819774,0.43643263757125006,0.558823529411568
4,43,21,0.0,0.30200000000058935,0.0,0.30200000000058935,0.0,0.0,1.0,0.0,0.005666666666658987,0.10766666666667234,0.11333333333333133,0.0,0.04999999999993312,0.9500000000000668
4,43,22,0.0,0.07999999999992724,0.0,0.07999999999992724,0.0,0.0,1.0,0.0,0.004555555555574149,0.22133333333330385,0.225888888888878,0.0,0.020167240531317913,0.9798327594686821
4,43,23,0.0,0.16899999999986903,0.0,0.16899999999986903,0.0,0.0,1.0,0.0,0.002000000000003234,0.22111111111108686,0.22311111111109008,0.0,0.00896414342631016,0.9910358565736899
4,43,24,0.0,0.03099999999994907,0.0,0.03099999999994907,0.0,0.0,1.0,0.0,0.0011111111111353643,0.5068888888889787,0.508000000000114,0.0,0.002187226596722667,0.9978127734032773
4,43,25,0.0,0.5610000000006039,0.0,0.5610000000006039,0.0,0.0,1.0,0.0,0.0,0.55977777777788,0.55977777777788,0.0,0.0,1.0
4,43,26,0.0,0.36999999999989086,0.0,0.36999999999989086,0.0,0.0,1.0,0.0,0.0,0.49577777777787757,0.49577777777787757,0.0,0.0,1.0
4,43,31,0.0,0.3380000000001928,0.0,0.3380000000001928,0.0,0.0,1.0,0.0,0.0,0.35688888888893816,0.35688888888893816,0.0,0.0,1.0
4,43,32,0.0,0.3119999999994434,0.0,0.3119999999994434,0.0,0.0,1.0,0.0,0.0,0.36444444444441615,0.36444444444441615,0.0,0.0,1.0
4,43,33,0.0,0.09899999999970532,0.0,0.09899999999970532,0.0,0.0,1.0,0.0,0.0,0.18466666666664522,0.18466666666664522,0.0,0.0,1.0
4,43,34,0.0,0.08900000000039654,0.0,0.08900000000039654,0.0,0.0,1.0,0.0,0.0,0.03866666666666182,0.03866666666666182,0.0,0.0,1.0
4,43,35,0.0,0.05099999999993088,0.0,0.05099999999993088,0.0,0.0,1.0,0.0,0.0,0.13977777777780728,0.13977777777780728,0.0,0.0,1.0
4,43,36,0.0,0.2980000000000018,0.0,0.2980000000000018,0.0,0.0,1.0,0.0,0.0,0.13333333333331313,0.13333333333331313,0.0,0.0,1.0
4,43,37,0.0,0.03099999999994907,0.0,0.03099999999994907,0.0,0.0,1.0,0.0,0.002333333333303421,0.11555555555555153,0.11788888888885495,0.0,0.0197926484446153,0.9802073515553847
4,43,38,0.0,0.0,0.02099999999973079,0.02099999999973079,0.0,1.0,0.0,0.0023333333333539485,0.004555555555523622,0.0034444444444387853,0.010333333333316356,0.22580645161526924,0.44086021505139744,0.33333333333333337
4,43,39,0.009000000000014552,0.0,0.01999999999998181,0.028999999999996362,0.31034482758674764,0.6896551724132524,0.0,0.007777777777795967,0.004555555555523622,0.0,0.012333333333319589,0.6306306306328082,0.3693693693671918,0.0
4,43,41,0.0,0.01999999999998181,0.0,0.01999999999998181,0.0,0.0,1.0,0.011111111111101005,0.0,0.058555555555560405,0.06966666666666141,0.15948963317371068,0.0,0.8405103668262893
4,43,42,0.0,0.2460000000000946,0.0,0.2460000000000946,0.0,0.0,1.0,0.005666666666658986,0.0021111111111369813,0.058555555555560405,0.06633333333335638,0.08542713567824649,0.03182579564527007,0.8827470686764833
4,44,21,0.0,0.2789999999995416,0.0,0.2789999999995416,0.0,0.0,1.0,0.0,0.0,0.15011111111112366,0.15011111111112366,0.0,0.0,1.0
4,44,25,0.0,0.612999999999829,0.0,0.612999999999829,0.0,0.0,1.0,0.0,0.0,0.28166666666670104,0.28166666666670104,0.0,0.0,1.0
4,44,26,0.0,0.5900000000001455,0.0,0.5900000000001455,0.0,0.0,1.0,0.0,0.0,0.27799999999999475,0.27799999999999475,0.0,0.0,1.0
4,44,31,0.0,0.6300000000001091,0.0,0.6300000000001091,0.0,0.0,1.0,0.0,0.0,0.324777777777778,0.324777777777778,0.0,0.0,1.0
4,44,32,0.0,0.6320000000000618,0.0,0.6320000000000618,0.0,0.0,1.0,0.0,0.0,0.33333333333325754,0.33333333333325754,0.0,0.0,1.0
4,44,36,0.0,0.43100000000004,0.0,0.43100000000004,0.0,0.0,1.0,0.0,0.0,0.13788888888888726,0.13788888888888726,0.0,0.0,1.0
4,44,39,0.012000000000170985,0.0,0.0,0.012000000000170985,1.0,0.0,0.0,0.007777777777795967,0.004555555555523622,0.0,0.012333333333319589,0.6306306306328082,0.3693693693671918,0.0
4,44,40,0.04899999999997817,0.0,0.0,0.04899999999997817,1.0,0.0,0.0,0.01211111111115315,0.0022222222222202013,0.0022222222222202013,0.016555555555593553,0.7315436241619341,0.13422818791903293,0.13422818791903293
4,44,41,0.03900000000021464,0.0,0.0,0.03900000000021464,1.0,0.0,0.0,0.011111111111101005,0.0,0.04977777777776282,0.060888888888863825,0.18248175182472665,0.0,0.8175182481752734
4,44,42,0.011999999999716238,0.181999999999789,0.0,0.19399999999950523,0.061855670101787844,0.0,0.9381443298982122,0.005666666666658986,0.0021111111111369813,0.04977777777776282,0.05755555555555879,0.09845559845545947,0.0366795366799841,0.8648648648645565
4,44,43,0.0,0.0,0.01900000000023283,0.01900000000023283,0.0,1.0,0.0,0.0013333333333018043,0.004333333333357183,0.04755555555554262,0.053222222222201604,0.025052192066223146,0.08141962421759866,0.8935281837161783
4,44,44,0.0,0.0,0.01999999999998181,0.01999999999998181,0.0,1.0,0.0,0.0,0.006444444444443636,0.0,0.006444444444443636,0.0,1.0,0.0
4,44,45,0.0,0.0,0.018999999999778083,0.018999999999778083,0.0,1.0,0.0,0.0,0.0054444444444420185,0.002333333333303421,0.007777777777745439,0.0,0.7000000000025985,0.29999999999740146
4,44,46,0.0,0.02099999999973079,0.010000000000218279,0.03099999999994907,0.0,0.32258064516886154,0.6774193548311385,0.0,0.0032222222222218176,0.0044444444444404025,0.00766666666666222,0.0,0.42028985507265476,0.5797101449273453
4,44,47,0.0,0.01900000000023283,0.0,0.01900000000023283,0.0,0.0,1.0,0.0,0.0011111111111353643,0.007888888888879187,0.009000000000014552,0.0,0.12345679012595197,0.876543209874048
4,44,48,0.0,0.03099999999994907,0.0,0.03099999999994907,0.0,0.0,1.0,0.0,0.0,0.011111111111151534,0.011111111111151534,0.0,0.0,1.0
4,44,49,0.0,0.0500000000001819,0.0,0.0500000000001819,0.0,0.0,1.0,0.0,0.0,0.012555555555536557,0.012555555555536557,0.0,0.0,1.0
4,44,50,0.0,0.03199999999969805,0.0,0.03199999999969805,0.0,0.0,1.0,0.0,0.0,0.011111111111101005,0.011111111111101005,0.0,0.0,1.0
4,44,51,0.0,0.018000000000029104,0.0,0.018000000000029104,0.0,0.0,1.0,0.0,0.0,0.006555555555526856,0.006555555555526856,0.0,0.0,1.0
4,44,52,0.0,0.009000000000014552,0.0,0.009000000000014552,0.0,0.0,1.0,0.0,0.0,0.004222222222223435,0.004222222222223435,0.0,0.0,1.0
4,44,53,0.0,0.010999999999967258,0.0,0.010999999999967258,0.0,0.0,1.0,0.0,0.0,0.005555555555575766,0.005555555555575766,0.0,0.0,1.0
4,44,54,0.0,0.03000000000020009,0.0,0.03000000000020009,0.0,0.0,1.0,0.0,0.0,0.005666666666658986,0.005666666666658986,0.0,0.0,1.0
4,44,55,0.0,0.009999999999763531,0.0,0.009999999999763531,0.0,0.0,1.0,0.0,0.0,0.0054444444444420185,0.0054444444444420185,0.0,0.0,1.0
4,44,56,0.0,0.009000000000014552,0.0,0.009000000000014552,0.0,0.0,1.0,0.0,0.0,0.004444444444440402,0.004444444444440402,0.0,0.0,1.0
4,44,57,0.0,0.021000000000185537,0.0,0.021000000000185537,0.0,0.0,1.0,0.0,0.0,0.0054444444444420185,0.0054444444444420185,0.0,0.0,1.0
4,44,58,0.0,0.018999999999778083,0.0,0.018999999999778083,0.0,0.0,1.0,0.0,0.0,0.0066666666666606025,0.0066666666666606025,0.0,0.0,1.0
4,45,0,0.0,0.15000000000009095,0.08799999999996544,0.2380000000000564,0.0,0.36974789915943107,0.6302521008405689,0.0,0.018499999999979387,0.02500000000001516,0.04349999999999454,0.0,0.42528735632141856,0.5747126436785815
4,45,1,0.0,0.0,0.02299999999991087,0.02299999999991087,0.0,1.0,0.0,0.0,0.01233333333331959,0.016666666666676773,0.028999999999996362,0.0,0.42528735632141856,0.5747126436785815
4,45,3,0.0,0.0,0.009000000000014552,0.009000000000014552,0.0,1.0,0.0,0.0,0.0022222222222202013,0.0,0.0022222222222202013,0.0,1.0,0.0
4,45,4,0.0,0.0,0.010999999999967258,0.010999999999967258,0.0,1.0,0.0,0.0,0.0022222222222202013,0.0,0.0022222222222202013,0.0,1.0,0.0
4,45,6,0.019000000000005457,0.0,0.0,0.019000000000005457,1.0,0.0,0.0,0.01000000000001617,0.0,0.0,0.01000000000001617,1.0,0.0,0.0
4,45,7,0.010999999999967258,0.0,0.0,0.010999999999967258,1.0,0.0,0.0,0.01000000000001617,0.001000000000001617,0.0,0.011000000000017787,0.9090909090909091,0.09090909090909091,0.0
4,45,8,0.0,0.0,0.009000000000014552,0.009000000000014552,0.0,1.0,0.0,0.0012222222222185843,0.0055555555555505025,0.0,0.006777777777769087,0.18032786885215352,0.8196721311478465,0.0
4,45,9,0.0,0.0,0.04099999999993997,0.04099999999993997,0.0,1.0,0.0,0.031222222222216562,0.041888888888908904,0.001333333333327068,0.07444444444445253,0.4194029850745053,0.5626865671643868,0.017910447761107923
4,45,10,0.2199999999997999,0.011999999999943611,0.2980000000002292,0.5299999999999727,0.41509433962228537,0.5622641509438576,0.022641509433857038,0.031222222222216562,0.08988888888888547,0.037888888888902426,0.15900000000000444,0.1963661774982119,0.5653389238294525,0.23829489867233564
4,45,11,0.0,0.32900000000017826,0.44099999999980355,0.7699999999999818,0.0,0.5727272727270312,0.4272727272729689,0.031222222222216562,0.08533333333333658,0.04011111111112263,0.15666666666667578,0.19929078014179624,0.5446808510638188,0.2560283687943849
4,45,12,0.0,0.01999999999998181,0.0,0.01999999999998181,0.0,0.0,1.0,0.0,0.04899999999997818,0.04111111111114951,0.09011111111112768,0.0,0.5437731196050832,0.4562268803949168
4,45,13,0.0,0.021000000000185537,0.0,0.021000000000185537,0.0,0.0,1.0,0.0,0.02233333333333577,0.007777777777795969,0.03011111111113174,0.0,0.7416974169737426,0.2583025830262574
4,45,14,0.0,0.028999999999996362,0.10100000000056752,0.1300000000005639,0.0,0.7769230769240725,0.22307692307592747,0.0,0.08011111111116205,0.03777777777774342,0.11788888888890547,0.0,0.679547596607311,0.3204524033926889
4,45,15,0.0,0.06899999999950523,0.4609999999993306,0.5299999999988358,0.0,0.8698113207553645,0.13018867924463545,0.0,0.08011111111116205,0.03877777777774504,0.11888888888890708,0.0,0.67383177570126,0.32616822429874015
4,45,16,0.0,0.01999999999998181,0.0,0.01999999999998181,0.0,0.0,1.0,0.0,0.0577777777778263,0.036666666666633325,0.09444444444445962,0.0,0.6117647058827683,0.3882352941172316
4,45,18,0.0,0.07199999999988904,0.0,0.07199999999988904,0.0,0.0,1.0,0.0,0.0,0.0811111111110626,0.0811111111110626,0.0,0.0,1.0
4,45,19,0.0,0.1619999999998072,0.0,0.1619999999998072,0.0,0.0,1.0,0.0,0.0,0.09355555555551594,0.09355555555551594,0.0,0.0,1.0
4,45,20,0.0,0.04800000000000182,0.0,0.04800000000000182,0.0,0.0,1.0,0.0,0.0,0.13888888888883835,0.13888888888883835,0.0,0.0,1.0
4,45,21,0.0,0.5000000000002274,0.0,0.5000000000002274,0.0,0.0,1.0,0.0,0.0,0.11922222222218198,0.11922222222218198,0.0,0.0,1.0
4,45,22,0.0,0.14199999999982538,0.0,0.14199999999982538,0.0,0.0,1.0,0.0,0.0,0.109666666666625,0.109666666666625,0.0,0.0,1.0
4,45,23,0.0,0.03600000000005821,0.0,0.03600000000005821,0.0,0.0,1.0,0.0,0.0,0.025555555555582823,0.025555555555582823,0.0,0.0,1.0
4,45,24,0.0,0.022000000000389264,0.0,0.022000000000389264,0.0,0.0,1.0,0.0,0.0,0.11299999999998057,0.11299999999998057,0.0,0.0,1.0
4,45,25,0.0,0.33699999999953434,0.0,0.33699999999953434,0.0,0.0,1.0,0.0,0.0,0.17711111111109148,0.17711111111109148,0.0,0.0,1.0
4,45,26,0.0,0.010999999999967258,0.0,0.010999999999967258,0.0,0.0,1.0,0.0,0.0,0.17588888888882237,0.17588888888882237,0.0,0.0,1.0
4,45,27,0.0,0.01999999999998181,0.0,0.01999999999998181,0.0,0.0,1.0,0.0,0.0,0.07388888888891008,0.07388888888891008,0.0,0.0,1.0
4,45,28,0.0,0.021000000000185537,0.0,0.021000000000185537,0.0,0.0,1.0,0.0,0.0,0.008555555555580598,0.008555555555580598,0.0,0.0,1.0
4,45,29,0.0,0.009000000000014552,0.0,0.009000000000014552,0.0,0.0,1.0,0.0,0.0,0.01011111111117516,0.01011111111117516,0.0,0.0,1.0
4,45,30,0.0,0.022000000000389264,0.0,0.022000000000389264,0.0,0.0,1.0,0.0,0.0,0.16633333333336645,0.16633333333336645,0.0,0.0,1.0
4,45,31,0.0,0.6589999999998781,0.0,0.6589999999998781,0.0,0.0,1.0,0.0,0.0,0.27044444444446625,0.27044444444446625,0.0,0.0,1.0
4,45,32,0.0,0.32999999999992724,0.0,0.32999999999992724,0.0,0.0,1.0,0.0,0.0,0.26666666666665145,0.26666666666665145,0.0,0.0,1.0
4,45,34,0.0,0.2899999999999636,0.0,0.2899999999999636,0.0,0.0,1.0,0.0,0.0,0.06333333333340203,0.06333333333340203,0.0,0.0,1.0
4,45,36,0.0,0.43000000000006366,0.0,0.43000000000006366,0.0,0.0,1.0,0.0,0.0,0.12666666666667778,0.12666666666667778,0.0,0.0,1.0
4,46,6,0.060000000000172804,0.0,0.0,0.060000000000172804,1.0,0.0,0.0,0.02011111111111556,0.05211111111111677,0.019888888888923855,0.09211111111115619,0.21833534378763744,0.5657418576596157,0.2159227985527468
4,46,10,0.06100000000014916,0.0,0.028999999999996362,0.09000000000014552,0.6777777777783391,0.3222222222216608,0.0,0.031222222222216562,0.08988888888888547,0.04688888888889172,0.16799999999999374,0.1858465608465341,0.5350529100529097,0.2791005291005564
4,46,14,0.0,0.0,0.0999999999994543,0.0999999999994543,0.0,1.0,0.0,0.0,0.08011111111116205,0.04088888888885675,0.1210000000000188,0.0,0.662075298439253,0.3379247015607471
4,46,15,0.0,0.22100000000000364,0.059000000001105946,0.2800000000011096,0.0,0.2107142857174005,0.7892857142825995,0.0,0.08011111111116205,0.04099999999996523,0.12111111111112728,0.0,0.6614678899085892,0.3385321100914108
4,46,16,0.0,0.010000000000218279,0.0,0.010000000000218279,0.0,0.0,1.0,0.0,0.0577777777778263,0.03766666666663493,0.09544444444446123,0.0,0.6053550640283414,0.39464493597165856
4,46,17,0.0,0.009999999999990905,0.0,0.009999999999990905,0.0,0.0,1.0,0.0,0.0,0.046666666666674746,0.046666666666674746,0.0,0.0,1.0
4,46,18,0.0,0.3079999999999927,0.0,0.3079999999999927,0.0,0.0,1.0,0.0,0.0,0.0811111111110626,0.0811111111110626,0.0,0.0,1.0
4,46,19,0.0,0.17799999999988358,0.0,0.17799999999988358,0.0,0.0,1.0,0.0,0.0,0.09355555555551594,0.09355555555551594,0.0,0.0,1.0
4,46,20,0.0,0.07400000000006912,0.0,0.07400000000006912,0.0,0.0,1.0,0.0,0.0,0.1078888888888893,0.1078888888888893,0.0,0.0,1.0
4,46,21,0.0,0.009000000000014552,0.0,0.009000000000014552,0.0,0.0,1.0,0.0,0.0,0.08822222222223293,0.08822222222223293,0.0,0.0,1.0
4,46,22,0.0,0.020999999999958163,0.0,0.020999999999958163,0.0,0.0,1.0,0.0,0.0,0.07866666666667596,0.07866666666667596,0.0,0.0,1.0
4,46,24,0.0,0.009000000000014552,0.0,0.009000000000014552,0.0,0.0,1.0,0.0,0.0,0.04488888888888848,0.04488888888888848,0.0,0.0,1.0
4,46,26,0.0,0.011999999999943611,0.0,0.011999999999943611,0.0,0.0,1.0,0.0,0.0,0.042222222222158545,0.042222222222158545,0.0,0.0,1.0
4,46,28,0.0,0.010999999999967258,0.0,0.010999999999967258,0.0,0.0,1.0,0.0,0.0,0.008555555555580607,0.008555555555580607,0.0,0.0,1.0
4,46,29,0.0,0.016000000000076398,0.0,0.016000000000076398,0.0,0.0,1.0,0.0,0.0,0.01011111111117517,0.01011111111117517,0.0,0.0,1.0
4,46,30,0.0,0.011999999999943611,0.0,0.011999999999943611,0.0,0.0,1.0,0.0,0.0,0.09633333333335432,0.09633333333335432,0.0,0.0,1.0
4,46,31,0.0,0.14899999999988722,0.0,0.14899999999988722,0.0,0.0,1.0,0.0,0.0,0.2100000000000869,0.2100000000000869,0.0,0.0,1.0
4,46,34,0.0,0.28000000000065484,0.0,0.28000000000065484,0.0,0.0,1.0,0.0,0.0,0.1223333333333964,0.1223333333333964,0.0,0.0,1.0
4,46,36,0.0,0.27899999999999636,0.0,0.27899999999999636,0.0,0.0,1.0,0.0,0.0,0.12666666666667778,0.12666666666667778,0.0,0.0,1.0
4,47,0,0.72199999999998,0.0,0.06099999999992178,0.7829999999999018,0.922094508301495,0.07790549169850502,0.0,0.1449999999999818,0.023500000000012733,0.0,0.16849999999999454,0.860534124629,0.13946587537099997,0.0
4,47,1,0.05999999999994543,0.0,0.0,0.05999999999994543,1.0,0.0,0.0,0.21088888888890422,0.025777777777774544,0.0,0.23666666666667877,0.891079812206592,0.108920187793408,0.0
4,47,2,0.19499999999970896,0.0,0.0909999999998945,0.28599999999960346,0.6818181818181095,0.31818181818189045,0.0,0.19622222222225597,0.015333333333324442,0.0,0.21155555555558042,0.9275210084034118,0.0724789915965881,0.0
4,47,3,0.17000000000030013,0.0,0.0,0.17000000000030013,1.0,0.0,0.0,0.2444444444445,0.016777777777759992,0.0,0.26122222222226,0.935772011909903,0.06422798809009703,0.0
4,47,4,0.431999999999789,0.0,0.0,0.431999999999789,1.0,0.0,0.0,0.13777777777777878,0.012222222222185844,0.0,0.1499999999999646,0.9185185185187419,0.08148148148125818,0.0
4,47,6,0.0909999999998945,0.12100000000009459,0.318000000000211,0.5300000000002001,0.1716981132072833,0.6000000000001716,0.2283018867925451,0.024333333333313726,0.06855555555552605,0.019888888888923855,0.11277777777776363,0.21576354679788276,0.6078817733988294,0.17635467980328784
4,47,7,0.0,0.0580000000002201,0.15099999999983993,0.20900000000006003,0.0,0.7224880382765385,0.27751196172346143,0.016777777777785257,0.06300000000000082,0.024333333333364255,0.10411111111115033,0.161152614727866,0.6051227321235793,0.23372465314855476
4,47,8,0.0,0.03999999999996362,0.0,0.03999999999996362,0.0,0.0,1.0,0.0,0.02222222222220201,0.014444444444456571,0.03666666666665858,0.0,0.6060606060601884,0.39393939393981153
4,47,9,0.0,0.03199999999992542,0.0,0.03199999999992542,0.0,0.0,1.0,0.006777777777794351,0.003222222222221818,0.012111111111102623,0.02211111111111879,0.306532663317226,0.1457286432160115,0.5477386934667625
4,47,10,0.0,0.03700000000003456,0.0,0.03700000000003456,0.0,0.0,1.0,0.006777777777794351,0.003222222222221818,0.00899999999998929,0.019000000000005457,0.3567251461996002,0.16959064327478382,0.473684210525616
4,47,11,0.0,0.011999999999943611,0.0,0.011999999999943611,0.0,0.0,1.0,0.006777777777794351,0.003222222222221818,0.008888888888880805,0.018888888888896976,0.35882352941248846,0.1705882352940232,0.4705882352934882
4,47,12,0.0,0.03099999999994907,0.0,0.03099999999994907,0.0,0.0,1.0,0.0,0.0,0.005666666666658986,0.005666666666658986,0.0,0.0,1.0
4,47,13,0.0,0.008000000000038199,0.0,0.008000000000038199,0.0,0.0,1.0,0.0,0.01111111111105048,0.0055555555555505025,0.016666666666600983,0.0,0.6666666666656561,0.33333333333434384
4,47,14,0.0,0.010999999999967258,0.0,0.010999999999967258,0.0,0.0,1.0,0.0,0.017666666666728916,0.027666666666669292,0.04533333333339821,0.0,0.38970588235375664,0.6102941176462434
4,47,15,0.0,0.009000000000014552,0.0,0.009000000000014552,0.0,0.0,1.0,0.0,0.017666666666728916,0.027888888888911518,0.045555555555640434,0.0,0.3878048780494244,0.6121951219505756
4,47,32,0.0,0.7180000000007567,0.0,0.7180000000007567,0.0,0.0,1.0,0.0,0.0,0.16755555555558507,0.16755555555558507,0.0,0.0,1.0
4,47,34,0.0,0.5309999999999491,0.0,0.5309999999999491,0.0,0.0,1.0,0.0,0.0,0.1353333333334174,0.1353333333334174,0.0,0.0,1.0
4,47,36,0.0,0.43100000000004,0.0,0.43100000000004,0.0,0.0,1.0,0.0,0.0,0.110000000000001,0.110000000000001,0.0,0.0,1.0
4,48,0,0.08799999999996544,0.0,0.08000000000015461,0.16800000000012005,0.5238095238089437,0.4761904761910562,0.0,0.1449999999999818,0.023500000000012733,0.0,0.16849999999999454,0.860534124629,0.13946587537099997,0.0
4,48,2,0.8330000000005384,0.0,0.0,0.8330000000005384,1.0,0.0,0.0,0.19744444444447454,0.015333333333324442,0.0,0.212777777777799,0.9279373368146703,0.07206266318532961,0.0
4,48,3,0.5079999999998108,0.0,0.047000000000025466,0.5549999999998363,0.9153153153152445,0.08468468468475555,0.0,0.24566666666671857,0.016777777777759992,0.0,0.26244444444447856,0.9360711261643436,0.06392887383565635,0.0
4,48,4,0.062000000000352884,0.0,0.012999999999919964,0.07500000000027285,0.8266666666683644,0.17333333333163561,0.0,0.13899999999999738,0.012222222222185844,0.0,0.15122222222218323,0.919177075679867,0.08082292432013295,0.0
4,48,5,0.06799999999975626,0.0,0.04999999999972715,0.11799999999948341,0.5762711864411352,0.4237288135588648,0.0,0.083888888888901,0.05977777777767793,0.03133333333345136,0.1750000000000303,0.4793650793650656,0.3415873015866719,0.1790476190482625
4,48,6,0.0,0.0,0.04899999999997817,0.04899999999997817,0.0,1.0,0.0,0.028999999999996362,0.09166666666659594,0.04666666666670002,0.1673333333332923,0.17330677290838728,0.5478087649399507,0.27888446215166207
4,48,7,0.0,0.0,0.04899999999997817,0.04899999999997817,0.0,1.0,0.0,0.020222222222249304,0.08611111111107068,0.053111111111143645,0.15944444444446362,0.12682926829283753,0.5400696864108313,0.3331010452963312
4,48,32,0.0,0.44099999999889405,0.0,0.44099999999889405,0.0,0.0,1.0,0.0,0.0,0.26644444444448506,0.26644444444448506,0.0,0.0,1.0
4,48,33,0.0,0.2000000000007276,0.0,0.2000000000007276,0.0,0.0,1.0,0.0,0.0,0.3898888888889158,0.3898888888889158,0.0,0.0,1.0
4,48,34,0.0,0.2069999999994252,0.0,0.2069999999994252,0.0,0.0,1.0,0.0,0.0,0.16000000000003134,0.16000000000003134,0.0,0.0,1.0
4,48,36,0.0,0.2799999999999727,0.0,0.2799999999999727,0.0,0.0,1.0,0.0,0.0,0.1277777777777626,0.1277777777777626,0.0,0.0,1.0
4,49,2,0.010999999999967258,0.0,0.0,0.010999999999967258,1.0,0.0,0.0,0.1502222222222574,0.005222222222225052,0.0,0.15544444444448244,0.9664045746962017,0.033595425303798415,0.0
4,49,5,0.010999999999967258,0.0,0.0,0.010999999999967258,1.0,0.0,0.0,0.02577777777782507,0.02444444444432116,0.017888888888996413,0.06811111111114264,0.3784665579124278,0.35889070146621305,0.2626427406213592
4,49,6,0.09100000000034925,0.1610000000009677,0.10799999999926513,0.3600000000005821,0.2527777777783392,0.2999999999974736,0.44722222222418717,0.018888888888896973,0.03955555555547916,0.026777777777776162,0.0852222222221523,0.2216427640159221,0.4641460234675418,0.3142112125165361
4,49,7,0.0,0.07999999999901775,0.1000000000003638,0.17999999999938154,0.0,0.5555555555594854,0.4444444444405145,0.010111111111149916,0.03399999999995392,0.028777777777779397,0.07288888888888323,0.1387195121956651,0.4664634146335504,0.39481707317078457
4,49,8,0.0,0.018000000000029104,0.0,0.018000000000029104,0.0,0.0,1.0,0.0,0.016555555555593553,0.011555555555484412,0.028111111111077967,0.0,0.5889328063261567,0.4110671936738432
4,49,9,0.0,0.006000000000312866,0.0,0.006000000000312866,0.0,0.0,1.0,0.0,0.0,0.00433333333340771,0.00433333333340771,0.0,0.0,1.0
4,49,10,0.0,0.015000000000327418,0.0,0.015000000000327418,0.0,0.0,1.0,0.0,0.0,0.003555555555572533,0.003555555555572533,0.0,0.0,1.0
4,49,11,0.0,0.01099999999951251,0.0,0.01099999999951251,0.0,0.0,1.0,0.0,0.0,0.004888888888874337,0.004888888888874337,0.0,0.0,1.0
4,49,12,0.0,0.018000000000029104,0.0,0.018000000000029104,0.0,0.0,1.0,0.0,0.0,0.005666666666608459,0.005666666666608459,0.0,0.0,1.0
4,49,13,0.0,0.021999999999934516,0.0,0.021999999999934516,0.0,0.0,1.0,0.0,0.0,0.006555555555577384,0.006555555555577384,0.0,0.0,1.0
4,49,14,0.0,0.01900000000023283,0.0,0.01900000000023283,0.0,0.0,1.0,0.0,0.0,0.005666666666709514,0.005666666666709514,0.0,0.0,1.0
4,49,15,0.0,0.010000000000218279,0.0,0.010000000000218279,0.0,0.0,1.0,0.0,0.0,0.008666666666638572,0.008666666666638572,0.0,0.0,1.0
4,49,16,0.0,0.04199999999946158,0.0,0.04199999999946158,0.0,0.0,1.0,0.0,0.0,0.00888888888893133,0.00888888888893133,0.0,0.0,1.0
4,49,17,0.0,0.00800000000072032,0.0,0.00800000000072032,0.0,0.0,1.0,0.0,0.0,0.011333333333343236,0.011333333333343236,0.0,0.0,1.0
4,49,18,0.0,0.02099999999973079,0.0,0.02099999999973079,0.0,0.0,1.0,0.0,0.0,0.010000000000091961,0.010000000000091961,0.0,0.0,1.0
4,49,19,0.0,0.01900000000023283,0.0,0.01900000000023283,0.0,0.0,1.0,0.0,0.0,0.009888888888806631,0.009888888888806631,0.0,0.0,1.0
4,49,20,0.0,0.009999999999308784,0.0,0.009999999999308784,0.0,0.0,1.0,0.0,0.0,0.00866666666661331,0.00866666666661331,0.0,0.0,1.0
4,49,21,0.0,0.010000000000218279,0.0,0.010000000000218279,0.0,0.0,1.0,0.0,0.0,0.006888888888801779,0.006888888888801779,0.0,0.0,1.0
4,49,22,0.0,0.02099999999973079,0.0,0.02099999999973079,0.0,0.0,1.0,0.0,0.0,0.006888888888902833,0.006888888888902833,0.0,0.0,1.0
4,49,23,0.0,0.010000000000218279,0.0,0.010000000000218279,0.0,0.0,1.0,0.0,0.0,0.0076666666666369565,0.0076666666666369565,0.0,0.0,1.0
4,49,24,0.0,0.007999999999810825,0.0,0.007999999999810825,0.0,0.0,1.0,0.0,0.0,0.0075555555556547915,0.0075555555556547915,0.0,0.0,1.0
4,49,25,0.0,0.01300000000082946,0.0,0.01300000000082946,0.0,0.0,1.0,0.0,0.0,0.008000000000012934,0.008000000000012934,0.0,0.0,1.0
4,49,26,0.0,0.01099999999951251,0.0,0.01099999999951251,0.0,0.0,1.0,0.0,0.0,0.009777777777849729,0.009777777777849729,0.0,0.0,1.0
4,49,27,0.0,0.015000000000327418,0.0,0.015000000000327418,0.0,0.0,1.0,0.0,0.0,0.009999999999940378,0.009999999999940378,0.0,0.0,1.0
4,49,28,0.0,0.011999999999716238,0.0,0.011999999999716238,0.0,0.0,1.0,0.0,0.0,0.017666666666728916,0.017666666666728916,0.0,0.0,1.0
4,49,29,0.0,0.011000000000422006,0.0,0.011000000000422006,0.0,0.0,1.0,0.0,0.0,0.021888888888901822,0.021888888888901822,0.0,0.0,1.0
4,49,30,0.0,0.03099999999994907,0.0,0.03099999999994907,0.0,0.0,1.0,0.0,0.0,0.04477777777778,0.04477777777778,0.0,0.0,1.0
4,49,31,0.0,0.028999999999541615,0.0,0.028999999999541615,0.0,0.0,1.0,0.0,0.0,0.3432222222220389,0.3432222222220389,0.0,0.0,1.0
4,49,32,0.0,0.9100000000003092,0.0,0.9100000000003092,0.0,0.0,1.0,0.0,0.0,0.3698888888888329,0.3698888888888329,0.0,0.0,1.0
4,49,33,0.0,0.10000000000013642,0.0,0.10000000000013642,0.0,0.0,1.0,0.0,0.0,0.4143333333332369,0.4143333333332369,0.0,0.0,1.0
4,49,34,0.0,0.40200000000004366,0.0,0.40200000000004366,0.0,0.0,1.0,0.0,0.0,0.10666666666669598,0.10666666666669598,0.0,0.0,1.0
4,49,36,0.0,0.43899999999985084,0.0,0.43899999999985084,0.0,0.0,1.0,0.0,0.0,0.1111111111111111,0.1111111111111111,0.0,0.0,1.0
4,50,16,0.0,0.006999999999834472,0.0,0.006999999999834472,0.0,0.0,1.0,0.0,0.0,0.013555555555613963,0.013555555555613963,0.0,0.0,1.0
4,50,17,0.0,0.013000000000147338,0.0,0.013000000000147338,0.0,0.0,1.0,0.0,0.0,0.012666666666695567,0.012666666666695567,0.0,0.0,1.0
4,50,18,0.0,0.011000000000194632,0.0,0.011000000000194632,0.0,0.0,1.0,0.0,0.0,0.010000000000091958,0.010000000000091958,0.0,0.0,1.0
4,50,19,0.0,0.01799999999980173,0.0,0.01799999999980173,0.0,0.0,1.0,0.0,0.0,0.00988888888880663,0.00988888888880663,0.0,0.0,1.0
4,50,20,0.0,0.009999999999990905,0.0,0.009999999999990905,0.0,0.0,1.0,0.0,0.0,0.008666666666613308,0.008666666666613308,0.0,0.0,1.0
4,50,21,0.0,0.010999999999967258,0.0,0.010999999999967258,0.0,0.0,1.0,0.0,0.0,0.006888888888801778,0.006888888888801778,0.0,0.0,1.0
4,50,23,0.0,0.009999999999990905,0.0,0.009999999999990905,0.0,0.0,1.0,0.0,0.0,0.007666666666636956,0.007666666666636956,0.0,0.0,1.0
4,50,24,0.0,0.01999999999998181,0.0,0.01999999999998181,0.0,0.0,1.0,0.0,0.0,0.007555555555654791,0.007555555555654791,0.0,0.0,1.0
4,50,25,0.0,0.007000000000061846,0.0,0.007000000000061846,0.0,0.0,1.0,0.0,0.0,0.008000000000012934,0.008000000000012934,0.0,0.0,1.0
4,50,26,0.0,0.012999999999919964,0.0,0.012999999999919964,0.0,0.0,1.0,0.0,0.0,0.022111111111169316,0.022111111111169316,0.0,0.0,1.0
4,50,27,0.0,0.028999999999996362,0.0,0.028999999999996362,0.0,0.0,1.0,0.0,0.0,0.02566666666659027,0.02566666666659027,0.0,0.0,1.0
4,50,28,0.0,0.009999999999990905,0.0,0.009999999999990905,0.0,0.0,1.0,0.0,0.0,0.0621111111111582,0.0621111111111582,0.0,0.0,1.0
4,50,29,0.0,0.08200000000010732,0.0,0.08200000000010732,0.0,0.0,1.0,0.0,0.0,0.05400000000001152,0.05400000000001152,0.0,0.0,1.0
4,50,30,0.0,0.05099999999993088,0.0,0.05099999999993088,0.0,0.0,1.0,0.0,0.0,0.07355555555555938,0.07355555555555938,0.0,0.0,1.0
4,50,31,0.0,0.19900000000006912,0.0,0.19900000000006912,0.0,0.0,1.0,0.0,0.0,0.3642222222221739,0.3642222222221739,0.0,0.0,1.0
4,50,32,0.0,1.4279999999996562,0.0,1.4279999999996562,0.0,0.0,1.0,0.0,0.0,0.36866666666666487,0.36866666666666487,0.0,0.0,1.0
4,50,33,0.0,0.02200000000016189,0.0,0.02200000000016189,0.0,0.0,1.0,0.0,0.0,0.39011111111113267,0.39011111111113267,0.0,0.0,1.0
4,50,34,0.0,0.018999999999778083,0.0,0.018999999999778083,0.0,0.0,1.0,0.0,0.0,0.06144444444445677,0.06144444444445677,0.0,0.0,1.0
4,50,35,0.0,0.009999999999990905,0.0,0.009999999999990905,0.0,0.0,1.0,0.0,0.0,0.126777777777761,0.126777777777761,0.0,0.0,1.0
4,50,36,0.0,0.27100000000018554,0.0,0.27100000000018554,0.0,0.0,1.0,0.0,0.0,0.08000000000000303,0.08000000000000303,0.0,0.0,1.0
4,50,40,0.0,0.030000000000654836,0.0,0.030000000000654836,0.0,0.0,1.0,0.0,0.0,0.03666666666665858,0.03666666666665858,0.0,0.0,1.0
4,50,41,0.0,0.06999999999970896,0.0,0.06999999999970896,0.0,0.0,1.0,0.0,0.0,0.059888888888862214,0.059888888888862214,0.0,0.0,1.0
4,50,42,0.0,0.20899999999983265,0.0,0.20899999999983265,0.0,0.0,1.0,0.0,0.0,0.03099999999994907,0.03099999999994907,0.0,0.0,1.0
4,51,4,0.0,0.0,0.06899999999950523,0.06899999999950523,0.0,1.0,0.0,0.0,0.02533333333323955,0.0,0.02533333333323955,0.0,1.0,0.0
4,51,6,0.0,0.11999999999989086,0.3990000000001146,0.5190000000000055,0.0,0.7687861271678428,0.23121387283215722,0.0,0.07566666666669637,0.02233333333328523,0.0979999999999816,0.0,0.772108843537863,0.22789115646213695
4,51,7,0.0,0.021000000000185537,0.0,0.021000000000185537,0.0,0.0,1.0,0.0,0.06222222222234247,0.02755555555556081,0.08977777777790329,0.0,0.6930693069310636,0.3069306930689364
4,51,8,0.0,0.007999999999810825,0.0,0.007999999999810825,0.0,0.0,1.0,0.0,0.01122222222228528,0.021222222222200396,0.03244444444448567,0.0,0.3458904109604081,0.6541095890395919
4,51,9,0.0,0.021000000000185537,0.0,0.021000000000185537,0.0,0.0,1.0,0.0,0.0,0.017444444444486687,0.017444444444486687,0.0,0.0,1.0
4,51,10,0.0,0.019000000000005457,0.0,0.019000000000005457,0.0,0.0,1.0,0.0,0.0,0.02455555555548017,0.02455555555548017,0.0,0.0,1.0
4,51,11,0.0,0.05999999999994543,0.0,0.05999999999994543,0.0,0.0,1.0,0.0,0.0,0.024444444444396946,0.024444444444396946,0.0,0.0,1.0
4,51,12,0.0,0.012999999999919964,0.0,0.012999999999919964,0.0,0.0,1.0,0.0,0.0,0.02233333333325997,0.02233333333325997,0.0,0.0,1.0
4,51,13,0.0,0.019000000000005457,0.0,0.019000000000005457,0.0,0.0,1.0,0.0,0.0,0.014444444444507099,0.014444444444507099,0.0,0.0,1.0
4,51,14,0.0,0.019000000000005457,0.0,0.019000000000005457,0.0,0.0,1.0,0.0,0.0,0.012222222222261632,0.012222222222261632,0.0,0.0,1.0
4,51,15,0.0,0.029999999999972715,0.0,0.029999999999972715,0.0,0.0,1.0,0.0,0.0,0.01322222222226325,0.01322222222226325,0.0,0.0,1.0
4,51,16,0.0,0.012000000000170985,0.0,0.012000000000170985,0.0,0.0,1.0,0.0,0.0,0.012666666666645043,0.012666666666645043,0.0,0.0,1.0
4,51,27,0.0,0.11099999999987631,0.0,0.11099999999987631,0.0,0.0,1.0,0.0,0.0,0.066999999999982,0.066999999999982,0.0,0.0,1.0
4,51,28,0.0,0.029999999999972715,0.0,0.029999999999972715,0.0,0.0,1.0,0.0,0.0,0.1032222222221814,0.1032222222221814,0.0,0.0,1.0
4,51,29,0.0,0.25900000000001455,0.0,0.25900000000001455,0.0,0.0,1.0,0.0,0.0,0.054333333333311716,0.054333333333311716,0.0,0.0,1.0
4,51,32,0.0,0.6300000000001091,0.0,0.6300000000001091,0.0,0.0,1.0,0.0,0.0,0.283333333333404,0.283333333333404,0.0,0.0,1.0
4,51,40,0.0,0.22999999999956344,0.0,0.22999999999956344,0.0,0.0,1.0,0.0,0.0,0.0678888888888751,0.0678888888888751,0.0,0.0,1.0
4,52,4,0.0,0.0,0.03800000000046566,0.03800000000046566,0.0,1.0,0.0,0.0,0.02533333333323955,0.0,0.02533333333323955,0.0,1.0,0.0
4,52,5,0.0,0.0,0.12099999999918509,0.12099999999918509,0.0,1.0,0.0,0.0,0.07633333333329674,0.013333333333321207,0.08966666666661795,0.0,0.8513011152416902,0.14869888475830986
4,52,6,0.0,0.0,0.06000000000040018,0.06000000000040018,0.0,1.0,0.0,0.0,0.07566666666669637,0.02233333333328523,0.0979999999999816,0.0,0.772108843537863,0.22789115646213695
4,52,7,0.0,0.05999999999949068,0.10100000000056752,0.1610000000000582,0.0,0.6273291925498821,0.37267080745011794,0.0,0.06222222222234247,0.02755555555556081,0.08977777777790329,0.0,0.6930693069310636,0.3069306930689364
4,52,8,0.0,0.03900000000066939,0.0,0.03900000000066939,0.0,0.0,1.0,0.0,0.01122222222228528,0.021222222222200396,0.03244444444448567,0.0,0.3458904109604081,0.6541095890395919
4,52,9,0.0,0.04199999999946158,0.0,0.04199999999946158,0.0,0.0,1.0,0.0,0.0,0.017444444444486687,0.017444444444486687,0.0,0.0,1.0
4,52,10,0.0,0.028000000000247383,0.0,0.028000000000247383,0.0,0.0,1.0,0.0,0.0,0.02455555555548017,0.02455555555548017,0.0,0.0,1.0
4,52,11,0.0,0.05099999999947613,0.0,0.05099999999947613,0.0,0.0,1.0,0.0,0.0,0.024444444444396946,0.024444444444396946,0.0,0.0,1.0
4,52,12,0.0,0.04899999999997817,0.0,0.04899999999997817,0.0,0.0,1.0,0.0,0.0,0.02233333333325997,0.02233333333325997,0.0,0.0,1.0
4,52,13,0.0,0.009000000000014552,0.0,0.009000000000014552,0.0,0.0,1.0,0.0,0.0,0.014444444444507099,0.014444444444507099,0.0,0.0,1.0
4,52,14,0.0,0.021000000000640284,0.0,0.021000000000640284,0.0,0.0,1.0,0.0,0.0,0.012222222222261632,0.012222222222261632,0.0,0.0,1.0
4,52,15,0.0,0.011999999999716238,0.0,0.011999999999716238,0.0,0.0,1.0,0.0,0.0,0.012444444444503865,0.012444444444503865,0.0,0.0,1.0
4,52,16,0.0,0.018000000000029104,0.0,0.018000000000029104,0.0,0.0,1.0,0.0,0.0,0.010444444444424841,0.010444444444424841,0.0,0.0,1.0
4,52,17,0.0,0.021999999999934516,0.0,0.021999999999934516,0.0,0.0,1.0,0.0,0.0,0.008000000000063463,0.008000000000063463,0.0,0.0,1.0
4,52,18,0.0,0.020000000000436557,0.0,0.020000000000436557,0.0,0.0,1.0,0.0,0.0,0.005555555555575766,0.005555555555575766,0.0,0.0,1.0
4,52,19,0.0,0.007999999999810825,0.0,0.007999999999810825,0.0,0.0,1.0,0.0,0.0,0.005666666666709515,0.005666666666709515,0.0,0.0,1.0
4,52,20,0.0,0.023000000000138243,0.0,0.023000000000138243,0.0,0.0,1.0,0.0,0.0,0.005333333333308272,0.005333333333308272,0.0,0.0,1.0
4,52,21,0.0,0.016999999999825377,0.0,0.016999999999825377,0.0,0.0,1.0,0.0,0.0,0.00666666666671113,0.00666666666671113,0.0,0.0,1.0
4,52,22,0.0,0.020000000000436557,0.0,0.020000000000436557,0.0,0.0,1.0,0.0,0.0,0.006444444444443636,0.006444444444443636,0.0,0.0,1.0
4,52,23,0.0,0.02099999999973079,0.0,0.02099999999973079,0.0,0.0,1.0,0.0,0.0,0.005777777777742206,0.005777777777742206,0.0,0.0,1.0
4,52,24,0.0,0.01099999999951251,0.0,0.01099999999951251,0.0,0.0,1.0,0.0,0.0,0.004444444444339347,0.004444444444339347,0.0,0.0,1.0
4,52,25,0.0,0.007999999999810825,0.0,0.007999999999810825,0.0,0.0,1.0,0.0,0.0,0.0034444444444387858,0.0034444444444387858,0.0,0.0,1.0
4,52,26,0.0,0.012000000000625732,0.0,0.012000000000625732,0.0,0.0,1.0,0.0,0.0,0.056888888888882626,0.056888888888882626,0.0,0.0,1.0
4,52,27,0.0,0.38099999999963075,0.0,0.38099999999963075,0.0,0.0,1.0,0.0,0.0,0.06122222222221454,0.06122222222221454,0.0,0.0,1.0
4,52,28,0.0,0.016999999999825377,0.0,0.016999999999825377,0.0,0.0,1.0,0.0,0.0,0.08977777777772644,0.08977777777772644,0.0,0.0,1.0
4,52,29,0.0,0.010000000000218279,0.0,0.010000000000218279,0.0,0.0,1.0,0.0,0.0,0.038444444444419586,0.038444444444419586,0.0,0.0,1.0
4,52,30,0.0,0.02999999999974534,0.0,0.02999999999974534,0.0,0.0,1.0,0.0,0.0,0.03444444444448891,0.03444444444448891,0.0,0.0,1.0
4,52,31,0.0,0.011000000000422006,0.0,0.011000000000422006,0.0,0.0,1.0,0.0,0.0,0.10344444444449942,0.10344444444449942,0.0,0.0,1.0
4,52,32,0.0,0.2600000000002183,0.0,0.2600000000002183,0.0,0.0,1.0,0.0,0.0,0.10011111111119438,0.10011111111119438,0.0,0.0,1.0
4,52,40,0.0,0.28099999999994907,0.0,0.28099999999994907,0.0,0.0,1.0,0.0,0.0,0.08222222222219797,0.08222222222219797,0.0,0.0,1.0
4,53,0,0.18000000000029104,0.0,0.2809999999994943,0.46099999999978536,0.3904555314541754,0.6095444685458247,0.0,0.04650000000007518,0.10666666666664544,0.0,0.15316666666672063,0.30359085963041654,0.6964091403695835,0.0
4,53,40,0.0,0.2290000000002692,0.0,0.2290000000002692,0.0,0.0,1.0,0.0,0.0,0.11344444444446507,0.11344444444446507,0.0,0.0,1.0
4,53,45,0.0,0.08100000000013097,0.0,0.08100000000013097,0.0,0.0,1.0,0.0,0.0,0.015555555555541408,0.015555555555541408,0.0,0.0,1.0
4,53,47,0.0,0.02099999999973079,0.0,0.02099999999973079,0.0,0.0,1.0,0.0,0.0,0.004333333333306655,0.004333333333306655,0.0,0.0,1.0
4,54,0,0.09900000000016007,0.0,0.35900000000037835,0.4580000000005384,0.21615720524027007,0.78384279475973,0.0,0.16333333333333636,0.17000000000007276,0.0,0.3333333333334091,0.4899999999998977,0.5100000000001024,0.0
4,54,40,0.0,0.3789999999999054,0.0,0.3789999999999054,0.0,0.0,1.0,0.0,0.0,0.24000000000011013,0.24000000000011013,0.0,0.0,1.0
4,54,41,0.0,0.13200000000006185,0.0,0.13200000000006185,0.0,0.0,1.0,0.0,0.0,0.22755555555560625,0.22755555555560625,0.0,0.0,1.0
4,54,42,0.0,0.13999999999987267,0.0,0.13999999999987267,0.0,0.0,1.0,0.0,0.0,0.07988888888889455,0.07988888888889455,0.0,0.0,1.0
4,54,43,0.0,0.01900000000023283,0.0,0.01900000000023283,0.0,0.0,1.0,0.0,0.0,0.023111111111120408,0.023111111111120408,0.0,0.0,1.0
4,54,44,0.0,0.04899999999997817,0.0,0.04899999999997817,0.0,0.0,1.0,0.0,0.0,0.016555555555593553,0.016555555555593553,0.0,0.0,1.0
4,54,46,0.0,0.009999999999763531,0.0,0.009999999999763531,0.0,0.0,1.0,0.0,0.0,0.013333333333321207,0.013333333333321207,0.0,0.0,1.0
4,54,47,0.0,0.008000000000265572,0.0,0.008000000000265572,0.0,0.0,1.0,0.0,0.0,0.004333333333306655,0.004333333333306655,0.0,0.0,1.0
4,55,0,0.7009999999995671,0.0,0.3800000000005639,1.081000000000131,0.6484736355221852,0.3515263644778148,0.0,0.18249999999996666,0.17250000000012733,0.0,0.355000000000094,0.5140845070420235,0.4859154929579765,0.0
4,55,39,0.0,0.25200000000040745,0.0,0.25200000000040745,0.0,0.0,1.0,0.0,0.0,0.25311111111116386,0.25311111111116386,0.0,0.0,1.0
4,55,40,0.0,0.7400000000004638,0.0,0.7400000000004638,0.0,0.0,1.0,0.0,0.0,0.3393333333333178,0.3393333333333178,0.0,0.0,1.0
4,55,41,0.0,0.4279999999998836,0.0,0.4279999999998836,0.0,0.0,1.0,0.0,0.0,0.28133333333337557,0.28133333333337557,0.0,0.0,1.0
4,56,0,0.29500000000007276,0.0,0.29599999999982174,0.5909999999998945,0.49915397631154895,0.5008460236884511,0.0,0.2623333333330417,0.20800000000008367,0.029999999999896925,0.5003333333330223,0.5243171219184639,0.4157228514328041,0.05996002664873199
4,56,35,0.0,0.011000000000422006,0.0,0.011000000000422006,0.0,0.0,1.0,0.0,0.0,0.004222222222375018,0.004222222222375018,0.0,0.0,1.0
4,56,36,0.0,0.010000000000218279,0.0,0.010000000000218279,0.0,0.0,1.0,0.0,0.0,0.006555555555577384,0.006555555555577384,0.0,0.0,1.0
4,56,37,0.0,0.009999999999308784,0.0,0.009999999999308784,0.0,0.0,1.0,0.0,0.0,0.009777777777748674,0.009777777777748674,0.0,0.0,1.0
4,56,38,0.0,0.01700000000073487,0.0,0.01700000000073487,0.0,0.0,1.0,0.0,0.0,0.12011111111102461,0.12011111111102461,0.0,0.0,1.0
4,56,39,0.0,0.409999999998945,0.0,0.409999999998945,0.0,0.0,1.0,0.0,0.0,0.29988888888897236,0.29988888888897236,0.0,0.0,1.0
4,56,40,0.0,0.4800000000000182,0.0,0.4800000000000182,0.0,0.0,1.0,0.0,0.0,0.403444444444454,0.403444444444454,0.0,0.0,1.0
4,56,41,0.0,0.23300000000017462,0.0,0.23300000000017462,0.0,0.0,1.0,0.0,0.0,0.29200000000004267,0.29200000000004267,0.0,0.0,1.0
4,57,0,0.5779999999986103,0.1610000000000582,0.5720000000001164,1.310999999998785,0.4408848207468696,0.4363081617091126,0.12280701754401788,0.16383333333321085,0.18116666666666484,0.06683333333330665,0.41183333333318234,0.3978146499391443,0.4399028733307922,0.16228247673006352
4,57,1,0.0,0.018999999999323336,0.0,0.018999999999323336,0.0,0.0,1.0,0.10922222222214056,0.12077777777777655,0.04566666666667313,0.27566666666659023,0.39621120515902364,0.4381297863765781,0.16565900846439827
4,57,2,0.0,0.010000000000218279,0.0,0.010000000000218279,0.0,0.0,1.0,0.0,0.0,0.007111111110942955,0.007111111110942955,0.0,0.0,1.0
4,57,3,0.0,0.02999999999974534,0.0,0.02999999999974534,0.0,0.0,1.0,0.0,0.0,0.005999999999908647,0.005999999999908647,0.0,0.0,1.0
4,57,4,0.0,0.009000000000014552,0.0,0.009000000000014552,0.0,0.0,1.0,0.0,0.0,0.005999999999908647,0.005999999999908647,0.0,0.0,1.0
4,57,5,0.0,0.010000000000218279,0.0,0.010000000000218279,0.0,0.0,1.0,0.0,0.0,0.003333333333406093,0.003333333333406093,0.0,0.0,1.0
4,57,6,0.0,0.011000000000422006,0.0,0.011000000000422006,0.0,0.0,1.0,0.0,0.0,0.005111111111141832,0.005111111111141832,0.0,0.0,1.0
4,57,7,0.0,0.01099999999951251,0.0,0.01099999999951251,0.0,0.0,1.0,0.0,0.0,0.004888888888874337,0.004888888888874337,0.0,0.0,1.0
4,57,8,0.0,0.007999999999810825,0.0,0.007999999999810825,0.0,0.0,1.0,0.0,0.0,0.0036666666666052253,0.0036666666666052253,0.0,0.0,1.0
4,57,10,0.0,0.012000000000625732,0.0,0.012000000000625732,0.0,0.0,1.0,0.0,0.0,0.002444444444538223,0.002444444444538223,0.0,0.0,1.0
4,57,11,0.0,0.010000000000218279,0.0,0.010000000000218279,0.0,0.0,1.0,0.0,0.0,0.002444444444538223,0.002444444444538223,0.0,0.0,1.0
4,57,14,0.0,0.019999999999527063,0.0,0.019999999999527063,0.0,0.0,1.0,0.0,0.0,0.0034444444444387853,0.0034444444444387853,0.0,0.0,1.0
4,57,15,0.0,0.011000000000422006,0.0,0.011000000000422006,0.0,0.0,1.0,0.0,0.0,0.00544444444444202,0.00544444444444202,0.0,0.0,1.0
4,57,16,0.0,0.018000000000029104,0.0,0.018000000000029104,0.0,0.0,1.0,0.0,0.0,0.003222222222272346,0.003222222222272346,0.0,0.0,1.0
4,57,20,0.0,0.01900000000023283,0.0,0.01900000000023283,0.0,0.0,1.0,0.0,0.0,0.0021111111111369813,0.0021111111111369813,0.0,0.0,1.0
4,57,23,0.0,0.009000000000014552,0.0,0.009000000000014552,0.0,0.0,1.0,0.0,0.0,0.002000000000003234,0.002000000000003234,0.0,0.0,1.0
4,57,24,0.0,0.009000000000014552,0.0,0.009000000000014552,0.0,0.0,1.0,0.0,0.0,0.002000000000003234,0.002000000000003234,0.0,0.0,1.0
4,57,26,0.0,0.009000000000014552,0.0,0.009000000000014552,0.0,0.0,1.0,0.0,0.0,0.002222222222169674,0.002222222222169674,0.0,0.0,1.0
4,57,27,0.0,0.01099999999951251,0.0,0.01099999999951251,0.0,0.0,1.0,0.0,0.0,0.0033333333333050385,0.0033333333333050385,0.0,0.0,1.0
4,57,28,0.0,0.010000000000218279,0.0,0.010000000000218279,0.0,0.0,1.0,0.0,0.0,0.0035555555555725326,0.0035555555555725326,0.0,0.0,1.0
4,57,29,0.0,0.011000000000422006,0.0,0.011000000000422006,0.0,0.0,1.0,0.0,0.0,0.002333333333404476,0.002333333333404476,0.0,0.0,1.0
4,57,31,0.0,0.019999999999527063,0.0,0.019999999999527063,0.0,0.0,1.0,0.0,0.0,0.00344444444433773,0.00344444444433773,0.0,0.0,1.0
4,57,32,0.0,0.01099999999951251,0.0,0.01099999999951251,0.0,0.0,1.0,0.0,0.0,0.004666666666505787,0.004666666666505787,0.0,0.0,1.0
4,57,33,0.0,0.01099999999951251,0.0,0.01099999999951251,0.0,0.0,1.0,0.0,0.0,0.002444444444336114,0.002444444444336114,0.0,0.0,1.0
4,57,35,0.0,0.01700000000073487,0.0,0.01700000000073487,0.0,0.0,1.0,0.0,0.0,0.004222222222375018,0.004222222222375018,0.0,0.0,1.0
4,57,37,0.0,0.01099999999951251,0.0,0.01099999999951251,0.0,0.0,1.0,0.0,0.0,0.009777777777748674,0.009777777777748674,0.0,0.0,1.0
4,57,38,0.0,0.03999999999996362,0.0,0.03999999999996362,0.0,0.0,1.0,0.0,0.0,0.09211111111097935,0.09211111111097935,0.0,0.0,1.0
4,57,39,0.0,0.34100000000034925,0.0,0.34100000000034925,0.0,0.0,1.0,0.0,0.0,0.22644444444444567,0.22644444444444567,0.0,0.0,1.0
4,57,40,0.0,0.41899999999986903,0.0,0.41899999999986903,0.0,0.0,1.0,0.0,0.0,0.3069999999999406,0.3069999999999406,0.0,0.0,1.0
4,57,41,0.0,0.32799999999997453,0.0,0.32799999999997453,0.0,0.0,1.0,0.0,0.0,0.22355555555557452,0.22355555555557452,0.0,0.0,1.0
4,58,0,0.11000000000058208,0.22100000000045839,0.21900000000005093,0.5500000000010914,0.20000000000066145,0.39818181818112064,0.4018181818182179,0.1548333333331963,0.17150000000007518,0.1056666666666691,0.43199999999994054,0.3584104938268926,0.3969907407409694,0.24459876543213807
4,58,3,0.0,0.004999999999199645,0.0,0.004999999999199645,0.0,0.0,1.0,0.0,0.0,0.0067777777776932965,0.0067777777776932965,0.0,0.0,1.0
4,58,7,0.0,0.014000000000123691,0.0,0.014000000000123691,0.0,0.0,1.0,0.0,0.04022222222223112,0.0062222222221761415,0.04644444444440726,0.0,0.8660287081348561,0.13397129186514378
4,58,40,0.0,0.33100000000013097,0.0,0.33100000000013097,0.0,0.0,1.0,0.0,0.0,0.21688888888891397,0.21688888888891397,0.0,0.0,1.0
4,58,41,0.0,0.22100000000000364,0.0,0.22100000000000364,0.0,0.0,1.0,0.0,0.0,0.1765555555555491,0.1765555555555491,0.0,0.0,1.0
4,59,0,0.24099999999998545,0.23300000000017462,0.23800000000028376,0.7120000000004438,0.33848314606718427,0.3342696629215385,0.3272471910112772,0.06183333333342489,0.08133333333338062,0.07566666666677217,0.21883333333357768,0.28255902513338543,0.37166793602417275,0.3457730388424418
4,59,3,0.0,0.007000000000061846,0.0,0.007000000000061846,0.0,0.0,1.0,0.0,0.0,0.0013333333332512765,0.0013333333332512765,0.0,0.0,1.0
4,59,7,0.0,0.011999999999716238,0.3420000000000982,0.35399999999981446,0.0,0.966101694916038,0.03389830508396194,0.0,0.04022222222223112,0.002888888888871103,0.04311111111110222,0.0,0.9329896907220483,0.06701030927795178
4,59,8,0.0,0.0,0.01999999999998181,0.01999999999998181,0.0,1.0,0.0,0.0,0.04444444444445455,0.002888888888871103,0.04733333333332565,0.0,0.9389671361506007,0.06103286384939941
4,59,9,0.0,0.0,0.038000000000010914,0.038000000000010914,0.0,1.0,0.0,0.0,0.011888888888885655,0.0,0.011888888888885655,0.0,1.0,0.0
4,59,10,0.0,0.0,0.04899999999997817,0.04899999999997817,0.0,1.0,0.0,0.0,0.02000000000000707,0.006666666666660603,0.026666666666667675,0.0,0.7500000000002368,0.2499999999997632
4,59,11,0.0,0.05999999999994543,0.09300000000007458,0.15300000000002,0.0,0.6078431372553099,0.3921568627446901,0.0,0.01577777777778364,0.024222222222205242,0.03999999999998888,0.0,0.39444444444470067,0.6055555555552994
4,59,12,0.0,0.15799999999990177,0.0,0.15799999999990177,0.0,0.0,1.0,0.0,0.01033333333334162,0.027777777777752515,0.03811111111109414,0.0,0.2711370262394053,0.7288629737605947
4,59,13,0.0,0.03199999999992542,0.0,0.03199999999992542,0.0,0.0,1.0,0.0,0.0,0.023222222222203628,0.023222222222203628,0.0,0.0,1.0
4,59,14,0.0,0.019000000000005457,0.0,0.019000000000005457,0.0,0.0,1.0,0.0,0.0,0.007888888888879187,0.007888888888879187,0.0,0.0,1.0
4,59,15,0.0,0.01999999999998181,0.0,0.01999999999998181,0.0,0.0,1.0,0.0,0.0,0.0043333333333319185,0.0043333333333319185,0.0,0.0,1.0
4,59,17,0.0,0.009999999999990905,0.0,0.009999999999990905,0.0,0.0,1.0,0.0,0.0,0.0022222222222202013,0.0022222222222202013,0.0,0.0,1.0
4,59,18,0.0,0.009999999999990905,0.0,0.009999999999990905,0.0,0.0,1.0,0.0,0.0,0.004444444444465665,0.004444444444465665,0.0,0.0,1.0
4,59,19,0.0,0.020000000000209184,0.0,0.020000000000209184,0.0,0.0,1.0,0.0,0.0,0.004444444444465665,0.004444444444465665,0.0,0.0,1.0
4,59,20,0.0,0.009999999999990905,0.0,0.009999999999990905,0.0,0.0,1.0,0.0,0.0,0.003333333333355565,0.003333333333355565,0.0,0.0,1.0
4,59,23,0.0,0.007999999999810825,0.0,0.007999999999810825,0.0,0.0,1.0,0.0,0.0,0.0018888888888694865,0.0018888888888694865,0.0,0.0,1.0
4,59,24,0.0,0.009000000000014552,0.0,0.009000000000014552,0.0,0.0,1.0,0.0,0.0,0.003222222222221818,0.003222222222221818,0.0,0.0,1.0
4,59,25,0.0,0.012000000000170985,0.0,0.012000000000170985,0.0,0.0,1.0,0.0,0.0,0.0023333333333539485,0.0023333333333539485,0.0,0.0,1.0
4,59,27,0.0,0.010999999999967258,0.0,0.010999999999967258,0.0,0.0,1.0,0.0,0.0,0.0022222222222202013,0.0022222222222202013,0.0,0.0,1.0
4,59,28,0.0,0.009000000000014552,0.0,0.009000000000014552,0.0,0.0,1.0,0.0,0.0,0.0043333333333319185,0.0043333333333319185,0.0,0.0,1.0
4,59,29,0.0,0.019000000000005457,0.0,0.019000000000005457,0.0,0.0,1.0,0.0,0.0,0.004222222222223435,0.004222222222223435,0.0,0.0,1.0
4,59,30,0.0,0.009999999999990905,0.0,0.009999999999990905,0.0,0.0,1.0,0.0,0.0,0.0032222222222218176,0.0032222222222218176,0.0,0.0,1.0
4,59,32,0.0,0.020999999999958163,0.0,0.020999999999958163,0.0,0.0,1.0,0.0,0.0,0.0034444444444387858,0.0034444444444387858,0.0,0.0,1.0
4,59,33,0.0,0.009999999999990905,0.0,0.009999999999990905,0.0,0.0,1.0,0.0,0.0,0.005888888888901218,0.005888888888901218,0.0,0.0,1.0
4,59,34,0.0,0.02200000000016189,0.0,0.02200000000016189,0.0,0.0,1.0,0.0,0.0,0.004777777777791117,0.004777777777791117,0.0,0.0,1.0
4,59,35,0.0,0.010999999999967258,0.0,0.010999999999967258,0.0,0.0,1.0,0.0,0.0,0.004444444444465665,0.004444444444465665,0.0,0.0,1.0
4,59,36,0.0,0.007000000000061846,0.0,0.007000000000061846,0.0,0.0,1.0,0.0,0.0,0.004333333333306655,0.004333333333306655,0.0,0.0,1.0
4,59,37,0.0,0.02099999999973079,0.0,0.02099999999973079,0.0,0.0,1.0,0.0,0.0,0.007222222222203023,0.007222222222203023,0.0,0.0,1.0
4,59,38,0.0,0.03700000000003456,0.0,0.03700000000003456,0.0,0.0,1.0,0.0,0.0,0.00888888888885554,0.00888888888885554,0.0,0.0,1.0
4,59,39,0.0,0.021999999999934516,0.0,0.021999999999934516,0.0,0.0,1.0,0.0,0.0,0.05022222222232308,0.05022222222232308,0.0,0.0,1.0
4,59,40,0.0,0.06200000000080763,0.0,0.06200000000080763,0.0,0.0,1.0,0.0,0.0,0.09600000000000364,0.09600000000000364,0.0,0.0,1.0
4,59,41,0.0,0.227999999999156,0.0,0.227999999999156,0.0,0.0,1.0,0.0,0.0,0.09355555555556648,0.09355555555556648,0.0,0.0,1.0
4,60,0,0.01999999999998181,0.0,0.03099999999994907,0.05099999999993088,0.3921568627452729,0.6078431372547272,0.0,0.06866666666671033,0.04816666666670244,0.03883333333336244,0.1556666666667752,0.4411134903639986,0.30942184154176994,0.24946466809423146
4,64,0,0.15100000000029468,0.0,0.01999999999998181,0.1710000000002765,0.8830409356728101,0.1169590643271899,0.0,0.08166666666663029,0.1103333333333012,0.0,0.1919999999999315,0.4253472222221845,0.5746527777778154,0.0
4,65,0,0.31899999999950523,0.0,0.6109999999998763,0.9299999999993815,0.3430107526878681,0.6569892473121318,0.0,0.07833333333329999,0.10516666666664302,0.0,0.18349999999994301,0.4268846503178437,0.5731153496821563,0.0
4,66,2,0.0,0.0,0.22000000000025466,0.22000000000025466,0.0,1.0,0.0,0.08322222222219959,0.03900000000006306,0.0,0.12222222222226264,0.6809090909086806,0.3190909090913195,0.0
4,67,2,0.7489999999997963,0.0,0.13100000000031287,0.8800000000001091,0.8511363636360265,0.14886363636397343,0.0,0.08322222222219959,0.03900000000006306,0.0,0.12222222222226264,0.6809090909086806,0.3190909090913195,0.0
4,68,0,0.7690000000002328,0.0,0.3309999999996762,1.099999999999909,0.6990909090911785,0.30090909090882145,0.0,0.12816666666670548,0.055166666666612706,0.0,0.1833333333333182,0.6990909090911785,0.30090909090882145,0.0
4,68,11,0.3569999999999709,0.0,0.7119999999999891,1.06899999999996,0.3339569691300133,0.6660430308699866,0.0,0.040888888888882015,0.08355555555555029,0.0,0.12444444444443231,0.32857142857140537,0.6714285714285946,0.0
4,69,11,0.010999999999967258,0.0,0.03999999999996362,0.05099999999993088,0.21568627450945424,0.7843137254905458,0.0,0.040888888888882015,0.08355555555555029,0.0,0.12444444444443231,0.32857142857140537,0.6714285714285946,0.0
4,72,0,0.0,0.0,0.1069999999999709,0.1069999999999709,0.0,1.0,0.0,0.046833333333324845,0.03783333333331029,0.0,0.08466666666663514,0.5531496062993183,0.4468503937006817,0.0
4,73,0,0.28099999999994907,0.0,0.11999999999989086,0.40099999999983993,0.7007481296759632,0.29925187032403683,0.0,0.08666666666666363,0.04466666666667152,0.0,0.13133333333333513,0.6598984771573282,0.34010152284267187,0.0
4,74,0,0.23900000000003274,0.0,0.04100000000016735,0.2800000000002001,0.8535714285709355,0.14642857142906446,0.0,0.12516666666662482,0.03183333333337638,0.0,0.1570000000000012,0.7972399150740374,0.20276008492596267,0.0
4,75,0,0.23099999999976717,0.0,0.03000000000020009,0.26099999999996726,0.8850574712635868,0.11494252873641322,0.0,0.11749999999994998,0.01775000000009186,0.0,0.13525000000004184,0.8687615526795832,0.13123844732041678,0.0
5,28,0,0.0,0.08799999999996544,0.0,0.08799999999996544,0.0,0.0,1.0,0.0,0.0,0.2677500000001487,0.2677500000001487,0.0,0.0,1.0
5,29,0,0.0,0.9830000000006294,0.0,0.9830000000006294,0.0,0.0,1.0,0.0,0.047333333333388815,0.6603333333332936,0.7076666666666824,0.0,0.06688648139433033,0.9331135186056696
5,30,0,0.0,2.890999999999167,0.2840000000003329,3.1749999999994998,0.0,0.08944881889775673,0.9105511811022433,0.0,0.800499999999829,1.880500000000173,2.681000000000002,0.0,0.2985826184258965,0.7014173815741036
5,30,5,0.0,0.010000000000218279,0.0,0.010000000000218279,0.0,0.0,1.0,0.0,0.0,0.0011111111111353643,0.0011111111111353643,0.0,0.0,1.0
5,31,0,0.0,7.409000000001242,4.518999999998641,11.927999999999884,0.0,0.3788564721662211,0.6211435278337789,0.07149999999997665,3.2776666666666188,2.0423333333333935,5.391499999999989,0.013261615505884596,0.6079322390182,0.37880614547591535
5,31,15,0.0,0.01999999999998181,0.031000000000176442,0.05100000000015825,0.0,0.6078431372564754,0.3921568627435245,0.01777777777778687,0.021222222222225657,0.06888888888887676,0.10788888888888928,0.16477857878484167,0.19670442842433597,0.6385169927908224
5,32,0,0.42899999999985994,1.9539999999999509,14.844000000000733,17.227000000000544,0.024902768909261415,0.8616706333081944,0.11342659778254421,0.14600000000003396,5.094833333332948,1.670833333333538,6.91166666666652,0.021123703882329935,0.7371352785145489,0.2417410176031213
5,32,1,0.0,0.0,0.019000000000005457,0.019000000000005457,0.0,1.0,0.0,0.09844444444449134,3.397666666666409,1.1138888888890253,4.609999999999925,0.021354543263447493,0.7370209689081267,0.2416244878284259
5,32,2,0.0,0.0,0.009999999999990905,0.009999999999990905,0.0,1.0,0.0,0.0023333333333034213,0.006555555555552119,0.0,0.00888888888885554,0.2624999999976197,0.7375000000023803,0.0
5,32,3,0.0,0.0,0.029999999999972715,0.029999999999972715,0.0,1.0,0.0,0.004333333333306655,0.005666666666658987,0.0,0.00999999999996564,0.4333333333321544,0.5666666666678457,0.0
5,32,4,0.0,0.0,0.010999999999967258,0.010999999999967258,0.0,1.0,0.0,0.004333333333306655,0.007777777777770704,0.0,0.01211111111107736,0.357798165136409,0.642201834863591,0.0
5,32,5,0.0,0.0,0.028999999999996362,0.028999999999996362,0.0,1.0,0.0,0.005555555555575766,0.0055555555555505025,0.0,0.011111111111126268,0.5000000000011369,0.4999999999988632,0.0
5,32,6,0.0,0.0,0.009999999999990905,0.009999999999990905,0.0,1.0,0.0,0.00666666666671113,0.006222222222201405,0.0,0.012888888888912535,0.5172413793128456,0.48275862068715436,0.0
5,32,7,0.0,0.0,0.009000000000014552,0.009000000000014552,0.0,1.0,0.0,0.005555555555575767,0.028111111111052703,0.0,0.03366666666662847,0.16501650165095255,0.8349834983490474,0.0
5,32,9,0.0,0.0,0.010999999999967258,0.010999999999967258,0.0,1.0,0.0,0.0,0.029666666666622002,0.0,0.029666666666622002,0.0,1.0,0.0
5,32,10,0.0,0.0,0.029999999999972715,0.029999999999972715,0.0,1.0,0.0,0.0011111111111101006,0.018111111111124956,0.0,0.019222222222235057,0.05780346820800132,0.9421965317919986,0.0
5,32,11,0.0,0.0,0.011000000000194632,0.011000000000194632,0.0,1.0,0.0,0.008666666666638572,0.020333333333345156,0.0,0.028999999999983726,0.2988505747118426,0.7011494252881575,0.0
5,32,12,0.04899999999997817,0.0,0.0,0.04899999999997817,1.0,0.0,0.0,0.02422222222217998,0.017000000000014854,0.005333333333333536,0.04655555555552837,0.5202863961807808,0.36515513126544874,0.11455847255377052
5,32,13,0.13999999999987267,0.0,0.0,0.13999999999987267,1.0,0.0,0.0,0.03733333333329685,0.014888888888877872,0.008555555555555353,0.06077777777773007,0.6142595978060976,0.24497257769653752,0.1407678244973649
5,32,14,0.060000000000172804,0.0,0.06999999999993634,0.13000000000010914,0.4615384615394033,0.5384615384605966,0.0,0.040888888888869386,0.02588888888889566,0.07966666666665231,0.14644444444441734,0.279210925644835,0.176783004552431,0.544006069802734
5,32,15,0.09999999999990905,0.599999999999909,0.08999999999991815,0.7899999999997362,0.12658227848093978,0.11392405063284582,0.7594936708862144,0.02655555555554656,0.03377777777772432,0.07544444444445415,0.13577777777772504,0.19558101472996062,0.24877250409135593,0.5556464811786834
5,33,0,0.4470000000003438,0.6620000000000346,11.186999999998307,12.295999999998685,0.03635328562137212,0.9098080676642406,0.05383864671438723,0.3110000000000734,8.160999999999945,0.5878333333334164,9.059833333333433,0.034327342298431165,0.9007891977409285,0.06488345996064054
5,33,2,0.010000000000218279,0.0,0.0,0.010000000000218279,1.0,0.0,0.0,0.00466666666665737,0.021111111111079283,0.0,0.025777777777736655,0.18103448275854883,0.8189655172414511,0.0
5,33,3,0.01099999999951251,0.0,0.0,0.01099999999951251,1.0,0.0,0.0,0.012111111111089992,0.01877777777780112,0.0011111111111353643,0.03200000000002648,0.3784722222212491,0.5868055555557995,0.034722222222951404
5,33,4,0.018000000000029104,0.0,0.0,0.018000000000029104,1.0,0.0,0.0,0.023111111111057247,0.02544444444448699,0.003111111111138598,0.051666666666682834,0.44731182795580676,0.4924731182802392,0.06021505376395402
5,33,5,0.010000000000218279,0.0,0.0,0.010000000000218279,1.0,0.0,0.0,0.027666666666669296,0.01655555555556829,0.0044444444444404025,0.04866666666667798,0.5684931506848534,0.340182648402009,0.09132420091313773
5,33,6,0.021999999999934516,0.0,0.0,0.021999999999934516,1.0,0.0,0.0,0.04877777777782436,0.013111111111078976,0.0033333333333050385,0.06522222222220837,0.747870528109902,0.2010221465072161,0.05110732538288197
5,33,7,0.028000000000247383,0.0,0.007999999999810825,0.03600000000005821,0.777777777783392,0.22222222221660806,0.0,0.16211111111123147,0.0508888888888224,0.0013333333333018045,0.21433333333335566,0.7563504406433028,0.2374287195434701,0.006220839813227056
5,33,8,0.0,0.0,0.22599999999965803,0.22599999999965803,0.0,1.0,0.0,0.2125555555556831,0.26411111111110586,0.0,0.4766666666667889,0.4459207459208991,0.554079254079101,0.0
5,33,11,0.009999999999990905,0.0,0.11099999999999,0.1209999999999809,0.08264462809911144,0.9173553719008886,0.0,0.02511111111111101,0.2961111111111323,0.4173333333332418,0.7385555555554851,0.034000300887621585,0.4009327516173379,0.5650669474950405
5,33,12,0.018999999999778083,0.0,0.03099999999994907,0.04999999999972715,0.37999999999763534,0.6200000000023647,0.0,0.04522222222217604,0.26366666666673505,0.45399999999988766,0.7628888888887988,0.05927759976691413,0.34561607923112375,0.595106321001962
5,33,13,0.0,0.04800000000000182,0.0,0.04800000000000182,0.0,0.0,1.0,0.06177777777775697,0.1207777777777892,0.17099999999996066,0.35355555555550683,0.17473287240725624,0.3416090509114559,0.48365807668128785
5,33,14,0.06799999999986994,0.028999999999996362,0.03300000000001546,0.12999999999988177,0.5230769230763984,0.25384615384650366,0.22307692307709798,0.06211111111105716,0.05299999999998464,0.16922222222219965,0.28433333333324146,0.21844470496275697,0.18640093786636028,0.5951543571708827
5,33,15,0.0,0.01999999999998181,0.009000000000014552,0.028999999999996362,0.0,0.31034482758674764,0.6896551724132524,0.05122222222223627,0.049666666666540654,0.18133333333341597,0.2822222222221929,0.18149606299219462,0.1759842519680757,0.6425196850397297
5,33,16,0.010999999999967258,0.010000000000218279,0.07099999999945794,0.09199999999964348,0.11956521739141181,0.7717391304318814,0.10869565217670686,0.032222222222281334,0.04044444444437229,0.16144444444451742,0.23411111111117106,0.137636449929026,0.17275747508270406,0.6896060749882699
5,33,17,0.01900000000023283,0.0,0.009000000000014552,0.028000000000247383,0.6785714285737487,0.3214285714262513,0.0,0.01677777777787368,0.023222222222153102,0.05211111111116729,0.09211111111119408,0.1821471652602257,0.2521109770798428,0.5657418576599315
5,34,0,0.9800000000000182,0.911000000000513,22.866000000000895,24.757000000001426,0.03958476390515659,0.9236175627095197,0.03679767338532377,0.42216666666691555,8.214833333332649,0.4220000000002149,9.05899999999978,0.046601906023504336,0.9068145858629924,0.04658350811350316
5,34,1,0.010000000000218279,0.0,0.04999999999972715,0.05999999999994543,0.16666666667045624,0.8333333333295437,0.0,0.28366666666678003,5.488888888888494,0.28555555555570006,6.058111111110973,0.04682427599363715,0.9060396529904365,0.04713607101592647
5,34,3,0.010999999999967258,0.0,0.08100000000001728,0.09199999999998454,0.11956521739096855,0.8804347826090314,0.0,0.02777777777779041,0.044444444444467185,0.01444444444445657,0.08666666666671416,0.3205128205127906,0.5128205128204942,0.16666666666671523
5,34,4,0.059000000000082764,0.010000000000218279,0.037000000000261934,0.10600000000056298,0.5566037735827303,0.3490566037742021,0.09433962264306762,0.17544444444435056,0.036666666666645954,0.016666666666676773,0.22877777777767327,0.7668771248178127,0.16027197668769516,0.07285089849449222
5,34,5,0.09899999999970532,0.018000000000029104,0.04100000000016735,0.15799999999990177,0.6265822784795372,0.2594936708872964,0.11392405063316642,0.18844444444428318,0.013333333333321207,0.025555555555608105,0.22733333333321248,0.8289345063535924,0.05865102639293971,0.11241446725346785
5,34,6,0.04100000000005366,0.011999999999716238,0.02099999999973079,0.07399999999950069,0.5540540540585177,0.28378378378206065,0.16216216215942172,0.2308888888887345,0.007777777777745441,0.0280000000000958,0.26666666666657574,0.8658333333330496,0.029166666666555346,0.10500000000039506
5,34,7,0.23900000000026012,0.0,0.0,0.23900000000026012,1.0,0.0,0.0,0.44988888888911377,0.054555555555351826,0.02677777777782669,0.5312222222222922,0.8468939552398014,0.10269818029661196,0.0504078644635868
5,34,8,1.1290000000005875,0.0,0.18400000000019645,1.313000000000784,0.859862909367794,0.14013709063220608,0.0,0.5231111111113225,0.32544444444415094,0.01733333333327715,0.8658888888887505,0.6041319132558264,0.3758501219039942,0.020017964840179554
5,34,9,0.5170000000000528,0.0,1.9390000000003056,2.4560000000003583,0.2105048859934761,0.789495114006524,0.0,0.47300000000022163,0.537111111110903,0.017444444444360368,1.0275555555554852,0.4603157439448839,0.5227076124565807,0.01697664359853526
5,34,10,0.009000000000014552,0.02999999999974534,0.41099999999983083,0.4499999999995907,0.020000000000050526,0.9133333333337881,0.06666666666616139,0.11311111111111434,0.7418888888889165,0.4547777777776724,1.3097777777777033,0.0863590091618669,0.5664234815066701,0.3472175093314629
5,34,11,0.07100000000002638,2.7259999999994307,1.2980000000002292,4.094999999999686,0.017338217338225107,0.3169719169719972,0.6656898656897776,0.029555555555576676,0.5923333333334868,0.788555555555465,1.4104444444445283,0.020954781786684595,0.4199621868600177,0.5590830313532978
5,34,12,0.068000000000211,1.0,0.7730000000000246,1.8410000000002356,0.0369364475829453,0.4198804997283681,0.5431830526886866,0.024222222222192613,0.43300000000013167,0.8302222222220053,1.2874444444443296,0.018814188314469057,0.3363251920256781,0.6448606196598528
5,34,13,0.04999999999972715,0.3119999999995571,0.14900000000022828,0.5109999999995125,0.09784735812089011,0.29158512720229046,0.6105675146768195,0.034111111111087666,0.18955555555562062,0.7011111111109661,0.9247777777776744,0.03688573831549,0.20497416796837392,0.758140093716136
5,34,14,0.10200000000020282,0.15000000000009095,0.03099999999994907,0.28300000000024284,0.36042402826895864,0.10954063604212887,0.5300353356889125,0.03333333333329039,0.0819999999999557,0.536555555555626,0.6518888888888721,0.051133458326166906,0.1257883074824647,0.8230782341913684
5,34,15,0.03899999999975989,0.3640000000002601,0.09499999999979991,0.4979999999998199,0.07831325301159436,0.19076305220850254,0.730923694779903,0.038000000000010914,0.04199999999982787,0.5401111111113248,0.6201111111111636,0.061279340619973,0.06772979752704154,0.8709908618529855
5,34,16,0.08100000000024465,0.4590000000002874,0.047999999999774445,0.5880000000003065,0.1377551020411606,0.08163265306079834,0.780612244898041,0.02566666666674185,0.034999999999854446,0.22666666666687738,0.28733333333347366,0.08932714617191177,0.12180974477901631,0.788863109049072
5,34,17,0.04000000000041837,0.0,0.042000000000371074,0.08200000000078944,0.48780487804918626,0.5121951219508137,0.0,0.01677777777787368,0.023222222222153064,0.05211111111116729,0.09211111111119404,0.18214716526022579,0.2521109770798425,0.5657418576599317
5,34,18,0.0,0.0,0.03899999999975989,0.03899999999975989,0.0,1.0,0.0,0.00655555555562791,0.011111111111151496,0.0,0.017666666666779407,0.37106918239166464,0.6289308176083352,0.0
5,34,19,0.0,0.0,0.010000000000218279,0.010000000000218279,0.0,1.0,0.0,0.0,0.00788888888887915,0.0,0.00788888888887915,0.0,1.0,0.0
5,34,20,0.0,0.0,0.021999999999934516,0.021999999999934516,0.0,1.0,0.0,0.0,0.005555555555575729,0.0012222222222185843,0.006777777777794313,0.0,0.8196721311485177,0.18032786885148233
5,34,21,0.0,0.010999999999967258,0.018000000000029104,0.028999999999996362,0.0,0.6206896551734953,0.3793103448265048,0.0,0.004444444444440365,0.0044444444444404025,0.008888888888880769,0.0,0.49999999999999784,0.500000000000002
5,34,22,0.0,0.028999999999996362,0.0,0.028999999999996362,0.0,0.0,1.0,0.0,0.0020000000000031967,0.006666666666660603,0.0086666666666638,0.0,0.23076923076967593,0.769230769230324
5,34,23,0.0,0.01999999999998181,0.0,0.01999999999998181,0.0,0.0,1.0,0.0,0.0,0.008888888888880805,0.008888888888880805,0.0,0.0,1.0
5,34,24,0.0,0.03099999999994907,0.0,0.03099999999994907,0.0,0.0,1.0,0.0,0.0,0.007888888888879187,0.007888888888879187,0.0,0.0,1.0
5,34,25,0.0,0.01999999999998181,0.0,0.01999999999998181,0.0,0.0,1.0,0.0,0.0,0.010111111111099387,0.010111111111099387,0.0,0.0,1.0
5,34,26,0.0,0.03999999999996362,0.0,0.03999999999996362,0.0,0.0,1.0,0.0,0.0,0.014333333333322824,0.014333333333322824,0.0,0.0,1.0
5,34,27,0.0,0.06899999999995998,0.0,0.06899999999995998,0.0,0.0,1.0,0.0,0.0,0.01777777777776161,0.01777777777776161,0.0,0.0,1.0
5,34,28,0.0,0.05099999999993088,0.0,0.05099999999993088,0.0,0.0,1.0,0.0,0.0,0.01777777777776161,0.01777777777776161,0.0,0.0,1.0
5,34,29,0.0,0.03999999999996362,0.0,0.03999999999996362,0.0,0.0,1.0,0.0,0.0,0.015777777777808904,0.015777777777808904,0.0,0.0,1.0
5,34,30,0.0,0.051000000000385626,0.0,0.051000000000385626,0.0,0.0,1.0,0.0,0.0,0.011111111111151532,0.011111111111151532,0.0,0.0,1.0
5,34,31,0.0,0.009000000000014552,0.0,0.009000000000014552,0.0,0.0,1.0,0.0,0.0,0.009888888888932948,0.009888888888932948,0.0,0.0,1.0
5,34,32,0.0,0.028999999999996362,0.0,0.028999999999996362,0.0,0.0,1.0,0.0,0.0,0.004222222222223435,0.004222222222223435,0.0,0.0,1.0
5,34,34,0.0,0.011999999999716238,0.0,0.011999999999716238,0.0,0.0,1.0,0.0,0.0,0.0022222222222202013,0.0022222222222202013,0.0,0.0,1.0
5,34,35,0.0,0.008000000000265572,0.0,0.008000000000265572,0.0,0.0,1.0,0.0,0.0,0.0046666666666068425,0.0046666666666068425,0.0,0.0,1.0
5,34,36,0.0,0.02199999999947977,0.0,0.02199999999947977,0.0,0.0,1.0,0.0,0.0,0.004222222222223435,0.004222222222223435,0.0,0.0,1.0
5,34,37,0.0,0.008000000000265572,0.0,0.008000000000265572,0.0,0.0,1.0,0.0,0.0,0.0044444444444404025,0.0044444444444404025,0.0,0.0,1.0
5,34,38,0.0,0.010000000000218279,0.0,0.010000000000218279,0.0,0.0,1.0,0.0,0.0,0.0032222222222723453,0.0032222222222723453,0.0,0.0,1.0
5,34,39,0.0,0.010999999999967258,0.0,0.010999999999967258,0.0,0.0,1.0,0.0,0.0,0.006777777777794351,0.006777777777794351,0.0,0.0,1.0
5,34,40,0.0,0.03999999999996362,0.0,0.03999999999996362,0.0,0.0,1.0,0.0,0.0,0.007999999999962407,0.007999999999962407,0.0,0.0,1.0
5,34,41,0.0,0.02099999999973079,0.0,0.02099999999973079,0.0,0.0,1.0,0.0,0.0,0.009888888888882421,0.009888888888882421,0.0,0.0,1.0
5,34,42,0.0,0.028000000000247383,0.0,0.028000000000247383,0.0,0.0,1.0,0.0,0.0,0.010000000000016168,0.010000000000016168,0.0,0.0,1.0
5,34,43,0.0,0.04100000000016735,0.0,0.04100000000016735,0.0,0.0,1.0,0.0,0.0,0.014222222222239603,0.014222222222239603,0.0,0.0,1.0
5,34,44,0.0,0.058999999999741704,0.0,0.058999999999741704,0.0,0.0,1.0,0.0,0.0,0.011111111111101005,0.011111111111101005,0.0,0.0,1.0
5,35,0,1.0770000000006803,0.9590000000007421,15.094999999997185,17.130999999998608,0.06286848403483555,0.8811511295311665,0.05598038643399802,1.0410000000000725,11.110166666666393,0.38016666666688553,12.531333333333352,0.08307176677129896,0.8865909453635986,0.030337287865102276
5,35,1,0.01900000000023283,0.0,0.09099999999978081,0.11000000000001364,0.17272727272936794,0.8272727272706321,0.0,0.7111111111111086,7.421555555555403,0.25766666666681376,8.390333333333327,0.08475361858223064,0.8845364374345964,0.030709943983172772
5,35,2,0.009999999999308784,0.038000000000010914,0.11100000000055843,0.15899999999987813,0.06289308175670723,0.6981132075512171,0.23899371069207573,0.09577777777786245,0.12133333333324318,0.010111111111099387,0.22722222222220503,0.4215158924209424,0.5339853300729933,0.04449877750606424
5,35,3,0.04100000000107684,0.052999999999883585,0.1499999999996362,0.24400000000059663,0.1680327868892483,0.6147540983576616,0.21721311475309013,0.1657777777778367,0.20511111111116206,0.01444444444445657,0.3853333333334553,0.430219146482139,0.53229527104956,0.037485582468301026
5,35,4,0.08999999999991815,0.028999999999996362,0.02099999999973079,0.1399999999996453,0.642857142858187,0.14999999999845712,0.20714285714335598,0.5902222222222109,0.23699999999999163,0.016666666666676773,0.8438888888888794,0.6994075049374533,0.28084265964449623,0.019749835418050383
5,35,5,1.2399999999986449,0.03999999999996362,0.0,1.2799999999986085,0.9687499999999944,0.0,0.03125000000000555,0.5723333333332398,0.22544444444457037,0.025555555555608105,0.8233333333334182,0.695141700404673,0.27381916329297223,0.031039136302354824
5,35,6,0.1169999999999618,0.12100000000054933,0.0,0.23800000000051114,0.4915966386542459,0.0,0.508403361345754,0.8282222222223306,0.11022222222228113,0.02911111111123116,0.9675555555558429,0.8559944878271429,0.11391823610475833,0.030087276068098603
5,35,7,0.28199999999958436,0.061000000000603904,0.0,0.34300000000018827,0.8221574344006694,0.0,0.17784256559933068,1.2427777777782012,0.15877777777773694,0.05266666666668445,1.4542222222226227,0.8545996332518896,0.1091839853300152,0.03621638141809517
5,35,8,2.191000000001395,0.04699999999957072,0.05199999999877036,2.2899999999997362,0.9567685589526845,0.02270742358025168,0.020524017467063813,1.427111111111483,1.2725555555554138,0.05955555555551149,2.759222222222408,0.5172149961745452,0.46120082148745434,0.021584182338000538
5,35,9,0.32199999999977535,0.0479999999993197,0.5199999999986176,0.8899999999977126,0.3617977528096662,0.5842696629212967,0.053932584269037145,1.0755555555557268,1.6731111111108576,0.08411111111101692,2.832777777777601,0.3796822906453087,0.5906256128652151,0.02969209648947635
5,35,10,0.08900000000016917,0.03200000000060754,1.5020000000007485,1.6230000000015252,0.05483672211958443,0.9254467036348348,0.019716574245580695,0.22733333333331354,1.9137777777778588,0.6194444444443105,2.7605555555554826,0.0823505735560425,0.6932582008452882,0.22439122559866942
5,35,11,0.0,1.2569999999999482,0.8960000000005266,2.1530000000004748,0.0,0.416163492800896,0.5838365071991041,0.02633333333338012,1.093999999999874,1.2736666666666503,2.393999999999904,0.010999721526057299,0.45697577276521206,0.5320245057087307
5,35,12,0.0,2.0519999999994525,0.30900000000008276,2.3609999999995352,0.0,0.13087674714110276,0.8691232528588972,0.02099999999999606,0.7305555555555605,1.614111111111015,2.3656666666665713,0.008876990277580769,0.30881593161431165,0.6823070781081076
5,35,13,0.0,0.07699999999965712,0.3300000000001546,0.40699999999981173,0.0,0.8108108108115658,0.18918918918843425,0.024444444444460107,0.42366666666652636,1.8661111111109927,2.314222222221979,0.01056270405224525,0.18307086614169088,0.8063664298060639
5,35,14,0.0,2.641999999999939,0.0500000000001819,2.692000000000121,0.0,0.01857355126306822,0.9814264487369317,0.025777777777749283,0.1260000000000269,1.9773333333331113,2.1291111111108876,0.01210729568937313,0.059179626343824294,0.9287130779668026
5,35,15,0.04100000000005366,1.1870000000011487,0.04099999999925785,1.2690000000004602,0.03230890464936075,0.032308904648733636,0.9353821907019056,0.029222222222251227,0.05188888888881138,1.8009999999999557,1.8821111111110183,0.015526300253868234,0.02756951413892942,0.9569041856072024
5,35,74,0.018000000000029104,0.0,0.021999999999934516,0.03999999999996362,0.4500000000011369,0.5499999999988632,0.0,0.0030000000000048508,0.007000000000061846,0.003499999999954909,0.013500000000021606,0.2222222222222259,0.5185185185222698,0.25925925925550425
5,36,0,3.8599999999993315,0.4110000000000582,28.024000000000683,32.29500000000007,0.11952314599781151,0.8677504257625211,0.012726428239667357,1.3839999999999009,12.383999999999844,0.35766666666684915,14.125666666666595,0.09797767656983089,0.8767019845670935,0.025320338863075557
5,36,1,0.2999999999999545,0.0,0.5350000000000819,0.8350000000000364,0.3592814371256784,0.6407185628743216,0.0,0.9408888888887456,8.332888888888837,0.2850000000000566,9.558777777777639,0.09843192411859761,0.871752548559214,0.02981552732218841
5,36,2,0.14400000000023283,0.0,0.021999999999707143,0.16599999999993997,0.8674698795197886,0.13253012048021143,0.0,0.15211111111120265,0.2215555555554829,0.053777777777718756,0.4274444444444043,0.35586171042395437,0.5183259682868555,0.12581232128919007
5,36,3,0.3269999999997708,0.0,0.05199999999967986,0.37899999999945067,0.862796833773733,0.1372031662262671,0.0,0.41344444444443224,0.4617777777778353,0.05699999999994058,0.9322222222222081,0.44350417163288997,0.4953516090584721,0.06114421930863802
5,36,4,0.8100000000001728,0.0,1.3720000000008667,2.1820000000010396,0.3712190650778125,0.6287809349221875,0.0,0.894888888888886,0.4377777777777838,0.014888888888890506,1.3475555555555603,0.6640831134564599,0.3248680738786313,0.011048812664908814
5,36,5,2.6350000000005593,0.0,0.37899999999956435,3.0140000000001237,0.8742534837426845,0.12574651625731545,0.0,0.8847777777776477,0.3836666666667649,0.022111111111169316,1.2905555555555819,0.685578992681762,0.29728798966860215,0.017133017649635797
5,36,6,0.06000000000005912,0.0,0.15800000000081127,0.2180000000008704,0.2752293577973374,0.7247706422026625,0.0,1.2879999999998342,0.1566666666668147,0.03555555555577585,1.4802222222224246,0.8701396186756435,0.10583996396945951,0.02402041735489708
5,36,7,2.7410000000021455,0.010000000000218279,0.3930000000002565,3.1440000000026203,0.8718193384223477,0.12499999999997741,0.0031806615776749187,1.7290000000001176,0.27455555555546757,0.08455555555562771,2.0881111111112127,0.8280210716756399,0.13148512744101995,0.0404938008833402
5,36,8,4.3849999999997635,0.2229999999995016,0.6209999999998672,5.228999999999132,0.8385924650985831,0.11876075731496849,0.04264677758644839,1.8631111111110894,1.4947777777776234,0.10255555555553049,3.4604444444442435,0.5384022604675308,0.43196121243255176,0.029636527099917417
5,36,9,1.0379999999997835,0.14700000000038926,7.74400000000071,8.929000000000883,0.11625041997980523,0.8672863702542216,0.0164632097659732,1.183777777777891,2.7484444444442793,0.17588888888877188,4.108111111110942,0.28815622210806424,0.6690287507099649,0.04281502718197096
5,36,10,0.0,0.2300000000000182,2.084999999998672,2.3149999999986903,0.0,0.9006479481640828,0.0993520518359172,0.24566666666655437,3.5883333333336065,0.43499999999993283,4.269000000000093,0.0575466541734713,0.8405559459670948,0.1018973998594339
5,36,11,0.0,1.104999999999336,0.8290000000010878,1.9340000000004238,0.0,0.4286452947264251,0.5713547052735749,0.03622222222222465,2.6956666666668014,1.4577777777777783,4.189666666666804,0.008645609568515424,0.643408385710887,0.3479460047205976
5,36,12,0.0,3.0310000000013133,1.7429999999976644,4.773999999998978,0.0,0.36510263929577663,0.6348973607042233,0.009222222222155728,1.4723333333333433,2.2079999999999447,3.689555555555444,0.002499548274390293,0.39905438776126273,0.598446063964347
5,36,13,0.0,2.9670000000004393,0.2480000000000473,3.2150000000004866,0.0,0.07713841368585063,0.9228615863141494,0.006666666666610077,0.5312222222220776,4.356333333333358,4.894222222222045,0.0013621503813905935,0.10854068289136558,0.8900971667272438
5,36,14,0.0,4.563999999998487,0.18000000000040473,4.743999999998891,0.0,0.03794266441830666,0.9620573355816934,0.009333333333276845,0.2006666666666711,4.150111111111099,4.360111111111046,0.0021406182309190096,0.046023291965038265,0.9518360898040428
5,36,15,0.0,5.532999999998424,0.010000000000218279,5.542999999998642,0.0,0.001804077214544602,0.9981959227854554,0.006555555555463697,0.08766666666661471,4.534333333333368,4.6285555555554465,0.0014163285882126573,0.018940394171436996,0.9796432772403504
5,36,16,0.0,1.3100000000009686,0.011999999999716238,1.3220000000006848,0.0,0.009077155824288972,0.9909228441757111,0.006555555555463697,0.018999999999929667,2.204000000000052,2.2295555555554456,0.0029402970197934908,0.008521877803218152,0.9885378251769883
5,36,17,0.0,0.28099999999994907,0.008000000000265572,0.28900000000021464,0.0,0.027681660900552355,0.9723183390994476,0.0019999999999021786,0.0022222222222202013,2.6802222222223313,2.6844444444444537,0.0007450331125463388,0.0008278145695356682,0.998427152317918
5,36,18,0.0,2.0149999999999864,0.0,2.0149999999999864,0.0,0.0,1.0,0.0,0.0022222222222202013,1.7527777777778761,1.7550000000000963,0.0,0.0012662234884444896,0.9987337765115556
5,36,19,0.0,0.0,0.011999999999716238,0.011999999999716238,0.0,1.0,0.0,0.0,0.0024444444444371685,1.6398888888889032,1.6423333333333403,0.0,0.0014883972667569462,0.998511602733243
5,36,20,0.0,0.0,0.010000000000218279,0.010000000000218279,0.0,1.0,0.0,0.0,0.0034444444444387858,0.31466666666662807,0.3181111111110669,0.0,0.010827803003825841,0.9891721969961741
5,36,21,0.0,0.0,0.009000000000014552,0.009000000000014552,0.0,1.0,0.0,0.0,0.0021111111111369813,0.017666666666577336,0.019777777777714316,0.0,0.10674157303535842,0.8932584269646416
5,36,23,0.0,0.0,0.010999999999967258,0.010999999999967258,0.0,1.0,0.0,0.0,0.0012222222222185843,0.0,0.0012222222222185843,0.0,1.0,0.0
5,36,25,0.0,0.0,0.009000000000014552,0.009000000000014552,0.0,1.0,0.0,0.0,0.001000000000001617,0.0,0.001000000000001617,0.0,1.0,0.0
5,36,27,0.0,0.0,0.009000000000014552,0.009000000000014552,0.0,1.0,0.0,0.0,0.002000000000003234,0.0,0.002000000000003234,0.0,1.0,0.0
5,36,28,0.0,0.0,0.009000000000014552,0.009000000000014552,0.0,1.0,0.0,0.0,0.002000000000003234,0.0,0.002000000000003234,0.0,1.0,0.0
5,36,30,0.0,0.0,0.010999999999967258,0.010999999999967258,0.0,1.0,0.0,0.0,0.0012222222222185843,0.0,0.0012222222222185843,0.0,1.0,0.0
5,36,33,0.0,0.0,0.011999999999716238,0.011999999999716238,0.0,1.0,0.0,0.0,0.0013333333333018043,0.0,0.0013333333333018043,0.0,1.0,0.0
5,36,35,0.0,0.0,0.008000000000265572,0.008000000000265572,0.0,1.0,0.0,0.0,0.0017777777777862665,0.0,0.0017777777777862665,0.0,1.0,0.0
5,36,36,0.0,0.0,0.007999999999810825,0.007999999999810825,0.0,1.0,0.0,0.0,0.003111111111138598,0.0,0.003111111111138598,0.0,1.0,0.0
5,36,37,0.0,0.0,0.012000000000170985,0.012000000000170985,0.0,1.0,0.0,0.0,0.0022222222222202013,0.0,0.0022222222222202013,0.0,1.0,0.0
5,36,40,0.0,0.0,0.010999999999967258,0.010999999999967258,0.0,1.0,0.0,0.0,0.0024444444444371685,0.0,0.0024444444444371685,0.0,1.0,0.0
5,36,41,0.0,0.0,0.010999999999967258,0.010999999999967258,0.0,1.0,0.0,0.0,0.0024444444444371685,0.0,0.0024444444444371685,0.0,1.0,0.0
5,36,44,0.0,0.0,0.009000000000014552,0.009000000000014552,0.0,1.0,0.0,0.0,0.001000000000001617,0.0,0.001000000000001617,0.0,1.0,0.0
5,36,46,0.0,0.009000000000014552,0.009000000000014552,0.018000000000029104,0.0,0.5,0.5,0.0,0.001000000000001617,0.001000000000001617,0.002000000000003234,0.0,0.5,0.5
5,36,48,0.0,0.010999999999967258,0.0,0.010999999999967258,0.0,0.0,1.0,0.0,0.0,0.0012222222222185843,0.0012222222222185843,0.0,0.0,1.0
5,36,51,0.0,0.012000000000170985,0.0,0.012000000000170985,0.0,0.0,1.0,0.0,0.0,0.0013333333333523318,0.0013333333333523318,0.0,0.0,1.0
5,36,54,0.0,0.007999999999810825,0.0,0.007999999999810825,0.0,0.0,1.0,0.0,0.0,0.0021111111110864536,0.0021111111110864536,0.0,0.0,1.0
5,36,56,0.0,0.010999999999967258,0.0,0.010999999999967258,0.0,0.0,1.0,0.0,0.0,0.0032222222221712903,0.0032222222221712903,0.0,0.0,1.0
5,36,57,0.0,0.009999999999763531,0.0,0.009999999999763531,0.0,0.0,1.0,0.0,0.0,0.002333333333303421,0.002333333333303421,0.0,0.0,1.0
5,36,59,0.0,0.010000000000218279,0.0,0.010000000000218279,0.0,0.0,1.0,0.0,0.0,0.0011111111111353643,0.0011111111111353643,0.0,0.0,1.0
5,36,62,0.0,0.010000000000218279,0.0,0.010000000000218279,0.0,0.0,1.0,0.0,0.0,0.0011111111111353643,0.0011111111111353643,0.0,0.0,1.0
5,36,64,0.0,0.009000000000014552,0.0,0.009000000000014552,0.0,0.0,1.0,0.0,0.0,0.002000000000003234,0.002000000000003234,0.0,0.0,1.0
5,36,65,0.0,0.009000000000014552,0.0,0.009000000000014552,0.0,0.0,1.0,0.0,0.0,0.003222222222221818,0.003222222222221818,0.0,0.0,1.0
5,36,66,0.0,0.010999999999967258,0.0,0.010999999999967258,0.0,0.0,1.0,0.0,0.0,0.0034444444444387853,0.0034444444444387853,0.0,0.0,1.0
5,36,67,0.0,0.010999999999967258,0.0,0.010999999999967258,0.0,0.0,1.0,0.0,0.0,0.004555555555523622,0.004555555555523622,0.0,0.0,1.0
5,36,68,0.0,0.018999999999778083,0.0,0.018999999999778083,0.0,0.0,1.0,0.0,0.0,0.00777777777774544,0.00777777777774544,0.0,0.0,1.0
5,36,69,0.0,0.03999999999996362,0.0,0.03999999999996362,0.0,0.0,1.0,0.0,0.0,0.00766666666666222,0.00766666666666222,0.0,0.0,1.0
5,36,70,0.0,0.010000000000218279,0.0,0.010000000000218279,0.0,0.0,1.0,0.0,0.0,0.00766666666666222,0.00766666666666222,0.0,0.0,1.0
5,36,71,0.0,0.018999999999778083,0.0,0.018999999999778083,0.0,0.0,1.0,0.0,0.0,0.004333333333357182,0.004333333333357182,0.0,0.0,1.0
5,36,72,0.0,0.010000000000218279,0.0,0.010000000000218279,0.0,0.0,1.0,0.0,0.0,0.004666666666657369,0.004666666666657369,0.0,0.0,1.0
5,36,73,0.0,0.012999999999919964,0.0,0.012999999999919964,0.0,0.0,1.0,0.002000000000003234,0.004666666666707897,0.0034444444444387853,0.010111111111149916,0.1978021978017585,0.46153846154076794,0.34065934065747355
5,36,74,0.0,0.007999999999810825,0.020000000000436557,0.028000000000247383,0.0,0.7142857142949949,0.2857142857050052,0.0030000000000048508,0.007000000000061846,0.003499999999955131,0.013500000000021828,0.22222222222222224,0.5185185185222613,0.25925925925551646
5,37,0,2.947999999999297,0.7760000000002947,30.548000000001366,34.27200000000096,0.08601774042948222,0.8913398692810607,0.022642390289457078,1.3464999999998781,13.05200000000004,0.7316666666667212,15.13016666666664,0.08899439309986984,0.8626474702856367,0.04835813661449351
5,37,1,0.09999999999990905,0.0,0.010999999999967258,0.11099999999987631,0.9009009009010854,0.09909909909891455,0.0,0.9157777777776976,9.34355555555563,0.5878888888889074,10.847222222222234,0.08442509603072236,0.8613777208706845,0.0541971830985932
5,37,2,0.009999999999763531,0.38099999999940337,0.5590000000001965,0.9499999999993634,0.010526315789231824,0.58842105263218,0.4010526315785881,0.22311111111131746,1.0819999999998546,0.1202222222222089,1.425333333333381,0.15653258497051684,0.759120673526533,0.08434674150295009
5,37,3,0.4180000000005748,0.012000000000170985,0.46299999999973807,0.8930000000004839,0.46808510638336875,0.5184770436724381,0.01343784994419315,0.5543333333332486,1.1133333333336723,0.10144444444444567,1.7691111111113664,0.3133400326591206,0.6293179248839094,0.05734204245697019
5,37,4,1.8709999999990714,0.0,1.4060000000004038,3.276999999999475,0.5709490387547669,0.4290509612452331,0.0,0.8981111111111076,0.5317777777780874,0.0013333333333523318,1.4312222222225475,0.6275133918172604,0.3715550034936495,0.0009316046890899976
5,37,5,0.6220000000001846,0.0,0.09700000000043474,0.7190000000006194,0.865090403337481,0.13490959666251903,0.0,0.8152222222220441,0.42200000000042964,0.0044444444444404025,1.2416666666669143,0.6565548098431261,0.3398657718123588,0.0035794183445150467
5,37,6,0.5180000000002565,0.009000000000014552,0.019999999999072315,0.5469999999993433,0.9469835466195216,0.03656307129633697,0.01645338208414142,1.146888888888889,0.17277777777794903,0.018666666666730534,1.3383333333335687,0.8569530925693803,0.12909921129109736,0.01394769613952223
5,37,7,3.3769999999971105,0.07900000000063301,0.36300000000119326,3.818999999998937,0.884262896045575,0.09505106048737741,0.020686043467047655,1.5387777777777576,0.27855555555560035,0.0702222222221533,1.8875555555555112,0.8152225100070722,0.14757475865319414,0.037202731339733605
5,37,8,1.8900000000007822,0.21099999999955799,0.8639999999992369,2.964999999999577,0.6374367622263244,0.291399662731656,0.07116357504201959,1.6759999999998803,1.4386666666667527,0.09633333333330381,3.2109999999999363,0.5219557770164788,0.4480431848853258,0.03000103809819549
5,37,9,0.5419999999994616,0.09699999999997999,2.895999999999958,3.5349999999993997,0.15332390381882705,0.8192362093353465,0.02743988684582644,0.990555555555602,2.5872222222222945,0.17077777777773107,3.748555555555628,0.26424993330765173,0.6901917775735898,0.04555828911875834
5,37,10,0.19699999999988904,0.5480000000000018,8.45200000000193,9.197000000001822,0.021420028270071764,0.9189953245623852,0.05958464716754303,0.24044444444434196,3.7312222222225526,0.29544444444440565,4.2671111111113005,0.056348297052363855,0.8744141235288377,0.06923757941879838
5,37,11,0.02299999999991087,0.45099999999979445,7.371000000000208,7.844999999999914,0.0029318036966107233,0.9395793499044346,0.05748884639895467,0.04177777777782568,2.9205555555555396,1.2847777777777891,4.247111111111154,0.009836751778998202,0.6876569694432709,0.30250627877773084
5,37,12,0.01700000000005275,4.4139999999995325,1.0740000000002965,5.504999999999882,0.003088101725713554,0.1950953678474695,0.801816530426817,0.012333333333294326,1.7664444444443461,2.028777777777792,3.807555555555432,0.0032391735730025835,0.463931364538334,0.5328294618886634
5,37,13,0.04299999999943793,4.518000000000029,0.45100000000002183,5.011999999999489,0.008579409417286975,0.08998403830807418,0.9014365522746388,0.012000000000019403,0.5411111111108463,4.278666666666809,4.831777777777675,0.002483557926693118,0.11199006576824082,0.885526376305066
5,37,14,0.0,14.942000000001372,0.3959999999998445,15.338000000001216,0.0,0.025818229234568592,0.9741817707654314,0.01711111111113597,0.179444444444496,4.257333333333249,4.453888888888881,0.0038418360982967197,0.04028938505676605,0.9558687788449373
5,37,15,0.0,0.9210000000003902,0.09999999999990905,1.0210000000002992,0.0,0.09794319294797232,0.9020568070520276,0.018000000000029104,0.0986666666666325,5.315333333333216,5.431999999999878,0.003313696612671117,0.018163966617568982,0.9785223367697599
5,37,16,0.01799999999911961,9.709999999999582,0.0,9.727999999998701,0.0018503289472781674,0.0,0.9981496710527218,0.01777777777776161,0.018111111111162852,3.5872222222221306,3.623111111111055,0.0049067713444509616,0.004998773307178244,0.9900944553483707
5,37,17,0.0,0.8940000000000055,0.0,0.8940000000000055,0.0,0.0,1.0,0.009888888888781366,0.00833333333336365,4.316222222222336,4.334444444444482,0.0022814662906698677,0.0019225839528395846,0.9957959497564904
5,37,18,0.0,9.91200000000049,0.0,9.91200000000049,0.0,0.0,1.0,0.003111111111037543,0.00833333333336365,3.108111111111422,3.119555555555823,0.000997293061666031,0.0026713207009640407,0.9963313862373699
5,37,19,0.0,2.6730000000004566,0.0,2.6730000000004566,0.0,0.0,1.0,0.0,0.004888888888874337,2.4523333333335766,2.457222222222451,0.0,0.001989599819121182,0.9980104001808788
5,37,20,0.0,0.158999999999196,0.0,0.158999999999196,0.0,0.0,1.0,0.0,0.0034444444444387858,0.7982222222224081,0.8016666666668469,0.0,0.004296604296596272,0.9957033957034037
5,38,0,0.7500000000006821,3.0340000000001055,16.989999999998872,20.77399999999966,0.0361028208337679,0.8178492346201575,0.14604794454607467,1.0771666666665662,11.226333333333173,1.5613333333331336,13.864833333332871,0.07769056005000195,0.8096983976247014,0.11261104232529678
5,38,1,0.12100000000009459,0.16899999999986903,2.2039999999992688,2.4939999999992324,0.04851643945474412,0.883720930232537,0.06776263031271894,0.7397777777777542,8.125333333333325,1.1432222222220692,10.008333333333148,0.07391618096030987,0.8118567860116711,0.11422703302801901
5,38,2,0.009000000000014552,0.5200000000004366,5.199000000000524,5.728000000000975,0.0015712290502816026,0.9076466480446297,0.09078212290508869,0.409666666666908,1.046777777777657,0.1256666666666509,1.5821111111112158,0.2589367230846217,0.6616335416811777,0.07942973523420067
5,38,3,0.5790000000015425,0.0,0.6929999999995289,1.2720000000010714,0.4551886792461123,0.5448113207538877,0.0,0.8715555555554223,1.0588888888892143,0.10600000000001981,2.0364444444446566,0.4279790484503483,0.519969445657024,0.052051505892627616
5,38,4,0.8209999999980937,0.0,0.2540000000024065,1.0750000000005002,0.7637209302304294,0.23627906976957053,0.0,1.1135555555553716,0.47688888888915754,0.004888888888924864,1.595333333333454,0.6980080791194864,0.2989274272184213,0.003064493662092245
5,38,5,0.0,0.0,0.07000000000016371,0.07000000000016371,0.0,1.0,0.0,0.9989999999997204,0.3508888888891812,0.008000000000012934,1.3578888888889145,0.7357008428113342,0.25840765894792334,0.005891498240742579
5,38,6,0.0,0.03099999999994907,0.0420000000001437,0.07300000000009277,0.0,0.575342465754662,0.424657534245338,0.9323333333330891,0.19133333333338162,0.020666666666708505,1.1443333333331793,0.8147392950770882,0.16720069909706442,0.01806000582584732
5,38,7,0.36899999999968713,0.03899999999975989,0.032999999999901775,0.4409999999993488,0.8367346938780771,0.07482993197267689,0.08843537414924599,1.265999999999786,0.46411111111116393,0.047555555555517354,1.7776666666664673,0.7121695105943716,0.26107881742614814,0.026751671979480227
5,38,8,0.5090000000000146,0.02999999999974534,0.012999999999919964,0.5519999999996799,0.9221014492759235,0.023550724637549827,0.054347826086526704,1.2054444444441212,1.2841111111111507,0.05744444444439978,2.546999999999672,0.47328011167816114,0.5041661213629038,0.022553766958934896
5,38,9,0.23300000000017462,0.03099999999994907,0.02099999999973079,0.2849999999998545,0.817543859650153,0.07368421052540881,0.10877192982443823,0.7905555555556072,3.178444444444646,0.1319999999999608,4.101000000000214,0.19277141076702412,0.7750413178357669,0.03218727139720895
5,38,10,0.12100000000054933,0.020000000000436557,0.5890000000006239,0.7300000000016098,0.16575342465792123,0.8068493150675685,0.02739726027451021,0.21277777777772322,4.871444444444642,0.19255555555556234,5.2767777777779274,0.04032342970245846,0.9231854456634002,0.036491124634141454
5,38,11,0.009999999999308784,0.02999999999974534,3.594000000000051,3.633999999999105,0.0027517886624411794,0.9889928453497348,0.008255365987824087,0.06566666666670547,4.774333333333503,1.1681111111110896,6.008111111111298,0.010929669150968706,0.794647975884456,0.19442235496457527
5,38,12,0.00800000000072032,1.7339999999999236,0.5479999999993197,2.2899999999999636,0.0034934497819739943,0.23930131004337485,0.7572052401746512,0.02822222222218645,2.8662222222222273,2.5039999999998677,5.398444444444282,0.005227843411675909,0.5309348371959169,0.463837319392407
5,38,13,0.010000000000218279,0.009000000000014552,0.04000000000041837,0.0590000000006512,0.16949152542555773,0.6779661016945233,0.15254237287991892,0.012000000000019403,0.9661111111110409,4.8944444444445905,5.872555555555651,0.002043403401891527,0.16451289425385932,0.8334437023442491
5,38,14,0.02999999999974534,2.3290000000001783,0.18999999999959982,2.5489999999995234,0.011769321302373853,0.07453903491551014,0.913691643782116,0.01711111111113597,0.22833333333340355,5.409000000000181,5.654444444444721,0.003026134800554455,0.040381214383975864,0.9565926508154696
5,38,15,0.07100000000082218,2.5329999999999018,0.0,2.604000000000724,0.02726574500798865,0.0,0.9727342549920114,0.018000000000029104,0.14911111111103362,7.928555555555818,8.09566666666688,0.0022234117017369743,0.018418632739041013,0.9793579555592221
5,38,16,0.0430000000005748,5.99599999999964,0.0,6.039000000000215,0.007120384169659426,0.0,0.9928796158303406,0.01777777777776161,0.03155555555556728,7.640666666666712,7.69000000000004,0.002311804652504749,0.004103453258201185,0.993584742089294
5,38,17,0.027999999999337888,5.107000000000312,0.03300000000035652,5.168000000000006,0.005417956656218625,0.006385448916477647,0.9881965944273037,0.009888888888781366,0.04022222222218059,8.476888888889055,8.527000000000017,0.0011597148925508792,0.0047170425967140266,0.9941232425107351
5,38,18,0.0,3.6210000000000946,0.021999999999934516,3.643000000000029,0.0,0.006038978863555954,0.993961021136444,0.003111111111037543,0.031222222222216562,6.407777777777862,6.4421111111111165,0.0004829334759022726,0.004846582383275821,0.9946704841408218
5,38,19,0.0,3.470000000001505,0.0,3.470000000001505,0.0,0.0,1.0,0.0,0.023999999999937748,4.324333333333319,4.348333333333257,0.0,0.005519356075110349,0.9944806439248897
5,38,20,0.0,0.22100000000045839,0.0,0.22100000000045839,0.0,0.0,1.0,0.0,0.0,2.192888888888787,2.192888888888787,0.0,0.0,1.0
5,38,21,0.0,0.6610000000000582,0.0,0.6610000000000582,0.0,0.0,1.0,0.0,0.0,0.35688888888878667,0.35688888888878667,0.0,0.0,1.0
5,38,22,0.0,0.10899999999946886,0.0,0.10899999999946886,0.0,0.0,1.0,0.0,0.0,0.33222222222224856,0.33222222222224856,0.0,0.0,1.0
5,38,23,0.0,0.6400000000007822,0.0,0.6400000000007822,0.0,0.0,1.0,0.0,0.0,0.14055555555549087,0.14055555555549087,0.0,0.0,1.0
5,38,24,0.0,0.0999999999994543,0.0,0.0999999999994543,0.0,0.0,1.0,0.0,0.0,0.11766666666673901,0.11766666666673901,0.0,0.0,1.0
5,38,25,0.0,0.05200000000058935,0.0,0.05200000000058935,0.0,0.0,1.0,0.0,0.0,0.05022222222229781,0.05022222222229781,0.0,0.0,1.0
5,39,0,2.1979999999994106,5.36899999999855,17.57499999999959,25.14199999999755,0.08742343488981086,0.6990295123697917,0.21354705274039745,0.6926666666666961,6.960666666666479,1.59016666666624,9.243499999999415,0.07493554028958078,0.7530336632949554,0.1720307964154639
5,39,1,0.34600000000000364,0.01999999999998181,0.029999999999972715,0.39599999999995816,0.8737373737374753,0.07575757575751486,0.050505050505009905,0.4874444444444887,5.221333333333317,1.120111111110873,6.828888888888678,0.07137975919297972,0.7645948584445379,0.1640253823624824
5,39,2,0.176000000000613,0.01999999999998181,0.012000000000170985,0.2080000000007658,0.846153846153678,0.05769230769291733,0.09615384615340469,0.3697777777780276,0.9411111111110384,0.08200000000003153,1.3928888888890976,0.2654754307595525,0.6756541161453475,0.05887045309509997
5,39,3,1.9279999999996562,0.009000000000014552,0.24999999999954525,2.186999999999216,0.8815729309558058,0.11431184270673748,0.004115226337456689,0.8656666666668369,0.8476666666668836,0.07911111111116043,1.792444444444881,0.48295313662283873,0.47291098437888013,0.04413587899828108
5,39,4,2.0319999999994707,0.012000000000170985,0.6940000000004147,2.7380000000000564,0.7421475529581552,0.2534696859022646,0.004382761139580255,1.074333333333445,0.334111111111219,0.033444444444436776,1.4418888888891008,0.7450874624335042,0.23171765431151492,0.02319488325498087
5,39,5,1.750999999999749,0.010999999999967258,0.3649999999997817,2.126999999999498,0.823225199812018,0.17160319699100512,0.005171603196976894,1.033888888888795,0.2962222222223671,0.043444444444452945,1.373555555555615,0.7527099174889785,0.21566089629519403,0.031629186215827505
5,39,6,1.3760000000006585,0.009000000000014552,0.209999999999809,1.595000000000482,0.8626959247650424,0.13166144200611005,0.0056426332288475435,0.5829999999999068,0.21066666666656098,0.03733333333328423,0.830999999999752,0.7015643802648385,0.2535098275169962,0.044925792218165304
5,39,7,0.37800000000015643,0.008000000000038199,0.5219999999999345,0.9080000000001291,0.41629955947147873,0.5748898678412558,0.008810572687265485,0.89355555555542,0.5362222222223004,0.050999999999981414,1.480777777777702,0.6034366324003295,0.36212200795384936,0.03444135964582098
5,39,8,2.976999999999407,0.011999999999943611,2.110000000001264,5.099000000000615,0.5838399686211116,0.4138066287509335,0.0023534026279549256,0.7682222222222208,1.2770000000000943,0.08011111111101048,2.1253333333333257,0.36145964031785927,0.600846925972443,0.03769343370969766
5,39,9,0.5740000000002965,0.009999999999990905,4.734999999999218,5.318999999999505,0.10791502162067115,0.8902049257378564,0.0018800526414724263,0.7073333333333318,2.361333333333505,0.1322222222222283,3.200888888889065,0.22098028325463887,0.7377117467370305,0.04130797000833064
5,39,10,0.07199999999988904,0.22900000000004184,8.92599999999993,9.226999999999862,0.0078031863010610296,0.9673783461580215,0.024818467540917447,0.1794444444444455,3.1941111111111824,0.16566666666657662,3.5392222222222043,0.05070166075408965,0.9024895614228107,0.04680877782309977
5,39,11,0.1430000000000291,0.31700000000012096,7.259000000000128,7.719000000000278,0.01852571576629407,0.9404067884440817,0.04106749578962424,0.059555555555536765,3.7435555555554174,0.939333333333492,4.7424444444444465,0.012557986973427455,0.7893725692329024,0.19806944379367003
5,39,12,0.0,2.770000000000209,5.15599999999904,7.925999999999249,0.0,0.6505172848851285,0.3494827151148715,0.01900000000003072,2.6367777777777137,1.8482222222221605,4.503999999999905,0.004218472468923428,0.5854302348529683,0.4103512926781082
5,39,13,0.0,8.292999999999438,0.3030000000005657,8.596000000000004,0.0,0.035248953001461795,0.9647510469985382,0.005333333333409326,1.4961111111109506,2.938666666666766,4.4401111111111256,0.001201171141880428,0.3369535296914119,0.6618452991667076
5,39,14,0.0,5.041000000000622,0.5370000000002619,5.578000000000884,0.0,0.09627106489784454,0.9037289351021555,0.012333333333420645,0.14300000000010457,4.100555555555388,4.255888888888913,0.0028979453306734503,0.03360050126624373,0.9635015534030829
5,39,15,0.0,10.094999999999686,0.038000000000010914,10.132999999999697,0.0,0.0037501233593222193,0.9962498766406778,0.016000000000126923,0.11933333333326492,6.774444444444586,6.909777777777978,0.0023155592719035526,0.017270212902800428,0.980414227825296
5,39,16,0.0,19.790000000000987,0.08099999999967622,19.871000000000663,0.0,0.004076292083924992,0.995923707916075,0.01577777777785943,0.041555555555557865,8.185777777777908,8.243111111111325,0.001914056181602566,0.005041246562786584,0.9930446972556108
5,39,17,0.0,13.719999999999914,0.032000000000152795,13.752000000000066,0.0,0.0023269342641181385,0.9976730657358819,0.007888888888879187,0.05711111111104875,7.83500000000025,7.900000000000178,0.0009985935302378494,0.0072292545710186664,0.9917721518987436
5,39,18,0.0,7.542000000000485,0.19399999999950523,7.73599999999999,0.0,0.025077559462190473,0.9749224405378095,0.003111111111037543,0.03122222222221625,6.49588888888891,6.5302222222221635,0.0004764173415799724,0.0047811883209682975,0.9947423943374517
5,39,19,0.0,10.730999999997493,0.0,10.730999999997493,0.0,0.0,1.0,0.0,0.023999999999937436,4.119555555555532,4.14355555555547,0.0,0.005792126997732527,0.9942078730022674
5,39,20,0.0,0.5899999999996908,0.0,0.5899999999996908,0.0,0.0,1.0,0.0,0.0,2.763777777777717,2.763777777777717,0.0,0.0,1.0
5,39,21,0.0,1.231000000000222,0.0,1.231000000000222,0.0,0.0,1.0,0.0,0.0,0.4948888888888581,0.4948888888888581,0.0,0.0,1.0
5,39,22,0.0,0.24099999999998545,0.0,0.24099999999998545,0.0,0.0,1.0,0.0,0.0,0.391111111111109,0.391111111111109,0.0,0.0,1.0
5,39,23,0.0,0.10799999999971988,0.0,0.10799999999971988,0.0,0.0,1.0,0.0,0.0,0.14055555555549087,0.14055555555549087,0.0,0.0,1.0
5,39,24,0.0,0.06700000000000728,0.0,0.06700000000000728,0.0,0.0,1.0,0.0,0.0,0.11766666666673901,0.11766666666673901,0.0,0.0,1.0
5,39,25,0.0,0.09200000000009823,0.0,0.09200000000009823,0.0,0.0,1.0,0.0,0.0,0.05022222222229781,0.05022222222229781,0.0,0.0,1.0
5,39,26,0.0,0.14100000000053114,0.0,0.14100000000053114,0.0,0.0,1.0,0.0,0.0,0.09500000000010307,0.09500000000010307,0.0,0.0,1.0
5,39,27,0.0,0.569999999999709,0.0,0.569999999999709,0.0,0.0,1.0,0.0,0.0,0.08444444444446869,0.08444444444446869,0.0,0.0,1.0
5,39,28,0.0,0.04899999999997817,0.0,0.04899999999997817,0.0,0.0,1.0,0.0,0.0,0.07777777777775757,0.07777777777775757,0.0,0.0,1.0
5,39,29,0.0,0.08100000000013097,0.0,0.08100000000013097,0.0,0.0,1.0,0.0,0.0,0.017666666666678387,0.017666666666678387,0.0,0.0,1.0
5,39,30,0.0,0.028999999999996362,0.0,0.028999999999996362,0.0,0.0,1.0,0.0,0.0,0.013333333333321207,0.013333333333321207,0.0,0.0,1.0
5,39,31,0.0,0.009999999999763531,0.0,0.009999999999763531,0.0,0.0,1.0,0.0,0.0,0.004333333333306655,0.004333333333306655,0.0,0.0,1.0
5,40,0,0.6899999999995998,0.9489999999989323,4.940000000001078,6.57899999999961,0.10487916096665766,0.7508739930082643,0.14424684602507806,0.6841666666664992,4.90533333333326,1.2074999999996407,6.7969999999994,0.10065715266537584,0.7216909420823442,0.17765190525228003
5,40,1,0.051000000000385626,0.0,0.02500000000009095,0.07600000000047658,0.6710526315798134,0.32894736842018657,0.0,0.4876666666665668,3.2734444444444457,0.808333333333015,4.569444444444027,0.10672340425530703,0.7163768996961143,0.17689969604857872
5,40,2,0.045999999999594365,0.0,0.017000000000280124,0.06299999999987449,0.7301587301537461,0.26984126984625384,0.0,0.3454444444445244,0.08522222222222808,0.026777777777826684,0.45744444444457916,0.7551615253825125,0.1863007043963631,0.058537770221124406
5,40,3,0.07200000000034379,0.0,0.03999999999996362,0.11200000000030741,0.642857142858448,0.3571428571415521,0.0,1.2173333333333858,0.18233333333331656,0.025000000000040424,1.4246666666667427,0.8544688816097245,0.1279831539541227,0.017547964436152846
5,40,4,2.128000000002203,0.15099999999983993,0.4699999999991178,2.7490000000011605,0.7740996726086957,0.1709712622767986,0.0549290651145057,1.4620000000000015,0.2454444444443753,0.040222222222332175,1.747666666666709,0.836543963379725,0.1404412232182163,0.02301481340205867
5,40,5,0.35799999999994725,0.11799999999993815,0.1710000000000491,0.6469999999999345,0.5533230293662805,0.26429675425048904,0.18238021638323043,1.6015555555554026,0.28855555555545226,0.04544444444450669,1.9355555555553616,0.8274397244546537,0.14908151549938753,0.023478760045958735
5,40,6,0.8389999999990323,0.05900000000019645,0.3899999999994179,1.2879999999986467,0.6513975155278834,0.30279503105576683,0.045807453416349724,0.90466666666666,0.28644444444426476,0.05844444444443928,1.249555555555364,0.7239907522675786,0.2292370620664039,0.046772185666017624
5,40,7,0.17599999999993088,0.06099999999969441,0.0929999999998472,0.3299999999994725,0.5333333333339764,0.2818181818181693,0.1848484848478543,1.5322222222220792,0.7300000000000182,0.07444444444456622,2.3366666666666633,0.6557299096528165,0.3124108416547871,0.03185924869239643
5,40,8,1.4179999999998927,0.21000000000049113,1.4130000000004657,3.0410000000008495,0.4662939822425178,0.4646497862545449,0.06905623150293734,1.347444444444477,1.8665555555554771,0.11666666666664899,3.330666666666603,0.404556978916484,0.5604149986655863,0.03502802241792971
5,40,9,0.28000000000042746,0.3199999999994816,2.5530000000005657,3.1530000000004748,0.08880431335248504,0.8097050428164229,0.1014906438310921,1.1969999999999141,3.591444444444581,0.1892222222222952,4.97766666666679,0.24047411772581886,0.7215116408848508,0.03801424138933044
5,40,10,0.18199999999933425,0.32799999999997453,0.8919999999998254,1.4019999999991342,0.1298145506415454,0.6362339514981286,0.23395149786032604,0.3290000000001025,4.008000000000063,0.2773333333332807,4.614333333333446,0.0712995737918286,0.8685978472874301,0.06010257892074129
5,40,11,0.0,0.20599999999944885,0.1780000000005657,0.38400000000001455,0.0,0.4635416666681223,0.5364583333318778,0.12077777777790288,4.567111111111217,0.9622222222223576,5.650111111111477,0.021376177459657735,0.8083223535426696,0.17030146899767276
5,40,12,0.0,2.820000000001528,6.549999999999272,9.3700000000008,0.0,0.6990394877266503,0.30096051227334975,0.04688888888894224,2.785666666666581,1.8725555555553985,4.705111111110922,0.00996552212724926,0.5920511972795598,0.397983280593191
5,40,13,0.0,0.45499999999901775,0.10300000000006548,0.5579999999990832,0.0,0.1845878136204923,0.8154121863795077,0.02555555555550705,1.988666666666707,3.7402222222223394,5.7544444444445535,0.004441011778327073,0.34558795134195835,0.6499710368797146
5,40,14,0.0,2.9969999999999573,0.038000000000010914,3.034999999999968,0.0,0.012520593080728604,0.9874794069192714,0.02333333333323632,0.23166666666687283,5.823999999999994,6.079000000000103,0.0038383506058950368,0.03810933815872165,0.9580523112353834
5,40,15,0.0,5.152999999999679,0.038000000000010914,5.19099999999969,0.0,0.007320362165288612,0.9926796378347114,0.014444444444355517,0.16933333333354816,8.841222222222603,9.025000000000507,0.0016004924592082778,0.01876269621424251,0.9796368113265492
5,40,16,0.0,7.036000000000627,0.15199999999981628,7.188000000000443,0.0,0.021146355036144534,0.9788536449638555,0.0,0.04344444444442767,9.412555555555628,9.456000000000055,0.0,0.004594378642600192,0.9954056213573999
5,40,17,0.0,4.2420000000004165,0.0,4.2420000000004165,0.0,0.0,1.0,0.0,0.05099999999990562,9.024333333333226,9.075333333333132,0.0,0.00561962829647103,0.9943803717035289
5,40,18,0.0,3.4609999999997854,0.0,3.4609999999997854,0.0,0.0,1.0,0.0,0.025111111111073114,7.6845555555550575,7.709666666666131,0.0,0.003257094268374101,0.9967429057316259
5,40,19,0.0,6.569000000000187,0.0,6.569000000000187,0.0,0.0,1.0,0.0,0.02155555555550058,5.78577777777731,5.80733333333281,0.0,0.0037117820380270674,0.996288217961973
5,40,20,0.0,0.8710000000000946,0.0,0.8710000000000946,0.0,0.0,1.0,0.0,0.0,3.9294444444442185,3.9294444444442185,0.0,0.0,1.0
5,40,21,0.0,0.5299999999997453,0.0,0.5299999999997453,0.0,0.0,1.0,0.0,0.0,1.270666666666721,1.270666666666721,0.0,0.0,1.0
5,41,0,0.6929999999994152,0.7480000000002747,6.4689999999988,7.90999999999849,0.08761061946896934,0.8178255372945683,0.09456384323646239,0.42216666666655556,2.1921666666666697,0.3124999999998484,2.926833333333074,0.14424007744431172,0.7489892375150153,0.10677068504067289
5,41,1,0.12700000000018008,0.1590000000001055,0.3930000000000291,0.6790000000003147,0.1870397643595305,0.5787923416787142,0.23416789396175525,0.293444444444314,1.4633333333333667,0.20944444444426658,1.9662222222219472,0.14924276672689848,0.744235985533575,0.1065212477395266
5,41,2,0.06199999999989814,0.009999999999308784,0.0,0.07199999999920692,0.8611111111191815,0.0,0.13888888888081852,0.37455555555575554,0.06711111111103997,0.021333333333384667,0.46300000000018016,0.808975281977559,0.14494840412745974,0.046076313894981354
5,41,3,0.30100000000004457,0.023000000001047738,0.0,0.3240000000010923,0.9290123456760179,0.0,0.07098765432398209,1.6632222222222406,0.10611111111092619,0.020444444444466272,1.7897777777776331,0.9292897938913195,0.05928731065299311,0.011422895455687318
5,41,4,4.2109999999986485,0.0,0.15800000000035652,4.368999999999005,0.9638361181047397,0.03616388189526036,0.0,2.0440000000000835,0.1508888888887062,0.036666666666759634,2.2315555555555493,0.9159529974109143,0.06761601274638317,0.01643098984270253
5,41,5,0.3769999999999527,0.038000000000010914,0.06100000000014916,0.4760000000001128,0.792016806722402,0.12815126050448467,0.07983193277311326,2.151111111110923,0.1938888888887252,0.04188888888893416,2.386888888888582,0.9012196257332089,0.08123079787723449,0.017549576389556648
5,41,6,1.3419999999989614,0.011000000000422006,0.07799999999997453,1.430999999999358,0.9378057302582554,0.05450733752621211,0.0076869322155324535,1.0947777777778984,0.20722222222214745,0.055333333333325956,1.3573333333333717,0.8065651604453837,0.1526686313031495,0.04076620825146689
5,41,7,1.5450000000015507,0.21099999999967167,0.6879999999994197,2.444000000000642,0.632160392799159,0.28150572831392756,0.08633387888691335,1.6551111111109924,0.6336666666664996,0.07122222222234438,2.359999999999836,0.7013182674199607,0.2685028248587049,0.030178907721334462
5,41,8,3.7389999999991232,0.08900000000062391,1.066000000000031,4.893999999999778,0.7639967306904971,0.2178177360032855,0.0181855333062174,1.3997777777778107,1.3372222222220922,0.11333333333331867,2.8503333333332215,0.49109265972793786,0.4691459088605349,0.03976143141152723
5,41,9,1.0399999999995089,0.1289999999999054,3.6189999999985503,4.7879999999979646,0.2172096908938912,0.7558479532163928,0.02694235588971601,1.2562222222221509,2.9769999999998746,0.22488888888893951,4.458111111110965,0.2817835156892488,0.667771602322851,0.05044488198790026
5,41,10,0.4910000000013497,0.3760000000002037,7.009000000001379,7.876000000002932,0.06234128999506944,0.8899187404772434,0.047739969527687116,0.3418888888891159,2.7498888888888664,0.33111111111103736,3.4228888888890197,0.099883139648183,0.8033824579626972,0.09673440238911973
5,41,11,0.1790000000000873,0.5810000000003583,0.9010000000004084,1.661000000000854,0.10776640577964797,0.5424443106561981,0.3497892835641539,0.25511111111124274,4.230000000000132,1.2225555555554846,5.707666666666858,0.044696217563143285,0.7411084506219687,0.2141953318148882
5,41,12,0.020000000000436557,1.0329999999993333,4.233000000000402,5.286000000000172,0.003783579266068087,0.800794551645907,0.19542186908802492,0.336666666666714,2.624888888888942,1.598444444444188,4.559999999999844,0.07383040935673806,0.5756335282651385,0.3505360623781234
5,41,13,0.07999999999992724,0.37799999999913325,0.3879999999987831,0.8459999999978436,0.09456264775429214,0.4586288416072956,0.44680851063841226,0.5393333333332367,2.5254444444444997,3.1387777777777934,6.20355555555553,0.0869393895973483,0.40709628886661037,0.5059643215360413
5,41,14,0.12999999999919964,9.875000000001819,0.5900000000019645,10.595000000002983,0.012269938650227753,0.0556866446438696,0.9320434167059026,0.43266666666661663,0.3776666666666668,4.794888888888926,5.60522222222221,0.07718992209644891,0.06737764386385729,0.8554324340396937
5,41,15,0.0,10.129000000000588,0.0500000000001819,10.17900000000077,0.0,0.004912073877608618,0.9950879261223914,0.24144444444436872,0.2611111111111768,9.20355555555582,9.706111111111365,0.02487550798465184,0.026901722855022948,0.9482227691603252
5,41,16,0.0,9.454999999999472,0.0,9.454999999999472,0.0,0.0,1.0,0.0,0.13433333333334,9.187555555555454,9.321888888888793,0.0,0.014410527194060245,0.9855894728059398
5,41,17,0.0,5.092999999999279,0.0,5.092999999999279,0.0,0.0,1.0,0.0,0.03666666666663332,10.216333333333042,10.252999999999675,0.0,0.003576189082866915,0.9964238109171331
5,41,18,0.0,10.879999999998063,0.0,10.879999999998063,0.0,0.0,1.0,0.0,0.019777777777764842,7.235444444444056,7.255222222221821,0.0,0.0027260057889320092,0.9972739942110679
5,41,19,0.0,6.922999999999888,0.0,6.922999999999888,0.0,0.0,1.0,0.0,0.0,6.904333333333208,6.904333333333208,0.0,0.0,1.0
5,41,20,0.0,4.505000000000109,0.0,4.505000000000109,0.0,0.0,1.0,0.0,0.0,4.180666666666803,4.180666666666803,0.0,0.0,1.0
5,41,21,0.0,3.415000000000532,0.0,3.415000000000532,0.0,0.0,1.0,0.0,0.0,2.250111111111311,2.250111111111311,0.0,0.0,1.0
5,41,22,0.0,0.05300000000011096,0.0,0.05300000000011096,0.0,0.0,1.0,0.0,0.0,0.9871111111109864,0.9871111111109864,0.0,0.0,1.0
5,41,23,0.0,0.05999999999994543,0.0,0.05999999999994543,0.0,0.0,1.0,0.0,0.0,0.11111111111108585,0.11111111111108585,0.0,0.0,1.0
5,41,24,0.0,0.038000000000010914,0.0,0.038000000000010914,0.0,0.0,1.0,0.0,0.0,0.10755555555546277,0.10755555555546277,0.0,0.0,1.0
5,41,25,0.0,0.06099999999992178,0.0,0.06099999999992178,0.0,0.0,1.0,0.0,0.0,0.04800000000010287,0.04800000000010287,0.0,0.0,1.0
5,41,26,0.0,0.07100000000014006,0.0,0.07100000000014006,0.0,0.0,1.0,0.0,0.0,0.03911111111112101,0.03911111111112101,0.0,0.0,1.0
5,41,27,0.0,0.09799999999995634,0.0,0.09799999999995634,0.0,0.0,1.0,0.0,0.0,0.038222222222303676,0.038222222222303676,0.0,0.0,1.0
5,41,28,0.0,0.07600000000002183,0.0,0.07600000000002183,0.0,0.0,1.0,0.0,0.0,0.04411111111107857,0.04411111111107857,0.0,0.0,1.0
5,41,29,0.0,0.09500000000002728,0.0,0.09500000000002728,0.0,0.0,1.0,0.0,0.0,0.05511111111104583,0.05511111111104583,0.0,0.0,1.0
5,41,30,0.0,0.21699999999987085,0.0,0.21699999999987085,0.0,0.0,1.0,0.0,0.0,0.07599999999999657,0.07599999999999657,0.0,0.0,1.0
5,41,31,0.0,0.18100000000004002,0.0,0.18100000000004002,0.0,0.0,1.0,0.0,0.0,0.0744444444444778,0.0744444444444778,0.0,0.0,1.0
5,42,0,0.9619999999995343,0.018999999999778083,1.3260000000000218,2.3069999999993342,0.41699176419584394,0.5747724317296942,0.008235804074461884,0.36049999999998283,1.3801666666664496,0.18233333333337973,1.922999999999812,0.1874674986999574,0.7177153752816352,0.09481712601840747
5,42,1,0.010000000000218279,0.0,0.0,0.010000000000218279,1.0,0.0,0.0,0.24722222222219947,0.9201111111109664,0.12388888888883937,1.2912222222220053,0.19146372945531098,0.7125892780311581,0.09594699251353081
5,42,3,2.702000000001135,0.0,0.12899999999899592,2.831000000000131,0.9544330625224338,0.04556693747756621,0.0,1.6167777777777068,0.07899999999992563,0.006222222222277196,1.7019999999999096,0.9499281890586326,0.046415981198548666,0.0036558297428187585
5,42,4,5.446999999998297,0.0,0.14099999999962165,5.587999999997919,0.9747673586256846,0.025232641374315346,0.0,2.093999999999988,0.10666666666662018,0.009111111111249353,2.2097777777778576,0.9476065969428404,0.048270313757016646,0.004123089300142861
5,42,5,2.800000000000182,0.0,0.18800000000010186,2.9880000000002838,0.9370816599731981,0.06291834002680188,0.0,2.0849999999998343,0.0815555555555976,0.008777777777797584,2.1753333333332296,0.958473797119185,0.03749106139546498,0.004035141485349986
5,42,6,1.8580000000010841,0.0,0.08799999999973807,1.9460000000008222,0.9547790339158783,0.04522096608412173,0.0,1.1733333333336684,0.1502222222221816,0.03199999999998858,1.3555555555558385,0.8655737704918698,0.11081967213109443,0.023606557377035826
5,42,7,0.5580000000004475,0.0,0.10800000000062937,0.6660000000010768,0.837837837837155,0.16216216216284496,0.0,1.4878888888889354,0.47199999999984105,0.03666666666672174,1.9965555555554981,0.7452278924815406,0.23640714563964002,0.018364961878819364
5,42,8,3.4209999999989122,0.0,1.7789999999989732,5.199999999997885,0.6578846153846737,0.34211538461532626,0.0,1.2627777777778926,0.9919999999997975,0.05211111111117992,2.30688888888887,0.5473942780079533,0.43001637607158516,0.022589345920461572
5,42,9,0.42100000000050386,0.0,0.7160000000003492,1.137000000000853,0.3702726473176675,0.6297273526823325,0.0,1.1491111111110464,3.0045555555553087,0.15388888888905208,4.307555555555408,0.2667664052827015,0.6975082542302596,0.0357253404870387
5,42,10,0.3140000000003056,0.5719999999997754,7.74599999999873,8.631999999998811,0.03637627432812197,0.8973586654309311,0.06626506024094696,0.6494444444447002,3.329222222222029,0.3283333333335274,4.307000000000256,0.1507881226943723,0.7729793875602115,0.07623248974541626
5,42,11,0.1700000000005275,0.46800000000018827,1.1349999999994225,1.7730000000001382,0.09588268471546207,0.6401579244215082,0.2639593908630298,0.6001111111112449,4.835333333333058,1.0941111111111848,6.529555555555488,0.09190688493348638,0.7405302385732903,0.16756287649322338
5,42,12,0.9399999999991451,4.61899999999855,9.426000000001181,14.984999999998877,0.06272939606267705,0.629029029029155,0.30824157490816795,0.7300000000000182,2.9071111111109325,1.5255555555555322,5.162666666666483,0.1413997933884383,0.5631026170798753,0.2954975895316865
5,42,13,1.6410000000003038,3.8260000000001355,0.7100000000003774,6.177000000000817,0.2656629431763132,0.11494252873567809,0.6193945280880087,0.8763333333332007,2.4796666666665286,2.7950000000001354,6.150999999999865,0.14247005906896765,0.4031322820137511,0.45439765891728123
5,42,14,2.04300000000012,2.246000000000663,0.6909999999984393,4.979999999999222,0.41024096385550984,0.13875502008002957,0.4510040160644606,0.732333333333271,0.5605555555555636,4.150222222222497,5.443111111111332,0.13454315342531176,0.10298440434391826,0.7624724422307699
5,42,15,0.0,8.094999999999345,0.7910000000001673,8.885999999999513,0.0,0.08901643033988417,0.9109835696601158,0.4453333333332618,0.3743333333333743,9.37955555555589,10.199222222222526,0.04366346017669361,0.03670214504374265,0.9196343947795638
5,42,16,0.0,27.84600000000023,0.0,27.84600000000023,0.0,0.0,1.0,0.31600000000000567,0.21866666666675072,9.595222222222091,10.129888888888848,0.031194814026698357,0.02158628481173167,0.9472189011615699
5,42,17,0.0,5.638999999999442,0.17799999999988358,5.816999999999325,0.0,0.030599965617999696,0.9694000343820003,0.31600000000000567,0.09100000000004609,11.092777777777505,11.499777777777556,0.027478791860713305,0.00791319639027257,0.9646080117490141
5,42,18,0.0,18.295000000000073,0.0,18.295000000000073,0.0,0.0,1.0,0.31600000000000567,0.09100000000004609,6.5368888888884955,6.943888888888547,0.045507640611251954,0.013105048403879592,0.9413873109848685
5,42,19,0.0,4.016999999999371,0.0,4.016999999999371,0.0,0.0,1.0,0.0,0.0,6.79544444444443,6.79544444444443,0.0,0.0,1.0
5,42,20,0.0,6.618000000001302,0.0,6.618000000001302,0.0,0.0,1.0,0.0,0.0,4.057888888889136,4.057888888889136,0.0,0.0,1.0
5,42,21,0.0,4.177999999999997,0.0,4.177999999999997,0.0,0.0,1.0,0.0,0.0,2.841555555555878,2.841555555555878,0.0,0.0,1.0
5,42,22,0.0,0.0809999999999036,0.0,0.0809999999999036,0.0,0.0,1.0,0.0,0.0,1.0622222222222402,1.0622222222222402,0.0,0.0,1.0
5,42,23,0.0,0.566999999998643,0.0,0.566999999998643,0.0,0.0,1.0,0.0,0.0,0.2657777777777825,0.2657777777777825,0.0,0.0,1.0
5,42,24,0.0,0.2010000000011587,0.0,0.2010000000011587,0.0,0.0,1.0,0.0,0.0,0.2622222222221594,0.2622222222221594,0.0,0.0,1.0
5,42,25,0.0,0.040999999999485226,0.0,0.040999999999485226,0.0,0.0,1.0,0.0,0.0,0.1236666666667728,0.1236666666667728,0.0,0.0,1.0
5,42,26,0.0,0.020000000000209184,0.0,0.020000000000209184,0.0,0.0,1.0,0.0,0.0,0.03911111111111983,0.03911111111111983,0.0,0.0,1.0
5,42,27,0.0,0.06100000000037653,0.0,0.06100000000037653,0.0,0.0,1.0,0.0,0.0,0.03822222222230249,0.03822222222230249,0.0,0.0,1.0
5,42,28,0.0,0.018000000000029104,0.0,0.018000000000029104,0.0,0.0,1.0,0.0,0.0,0.044111111111077385,0.044111111111077385,0.0,0.0,1.0
5,42,29,0.0,0.04899999999929605,0.0,0.04899999999929605,0.0,0.0,1.0,0.0,0.0,0.05511111111104464,0.05511111111104464,0.0,0.0,1.0
5,42,30,0.0,0.04100000000016735,0.0,0.04100000000016735,0.0,0.0,1.0,0.0,0.0,0.07599999999999539,0.07599999999999539,0.0,0.0,1.0
5,42,31,0.0,0.10100000000056752,0.0,0.10100000000056752,0.0,0.0,1.0,0.0,0.0,0.0744444444444766,0.0744444444444766,0.0,0.0,1.0
5,42,32,0.0,0.1299999999996544,0.0,0.1299999999996544,0.0,0.0,1.0,0.0,0.0,0.052111111111115584,0.052111111111115584,0.0,0.0,1.0
5,42,33,0.0,0.056999999999789,0.0,0.056999999999789,0.0,0.0,1.0,0.0,0.0,0.04422222222221114,0.04422222222221114,0.0,0.0,1.0
5,42,34,0.0,0.21100000000046748,0.0,0.21100000000046748,0.0,0.0,1.0,0.0,0.0,0.038000000000035,0.038000000000035,0.0,0.0,1.0
5,42,35,0.0,0.07400000000006912,0.0,0.07400000000006912,0.0,0.0,1.0,0.0,0.0,0.039333333333362065,0.039333333333362065,0.0,0.0,1.0
5,42,36,0.0,0.06899999999973261,0.0,0.06899999999973261,0.0,0.0,1.0,0.0,0.0,0.02044444444441456,0.02044444444441456,0.0,0.0,1.0
5,42,37,0.0,0.04099999999993997,0.0,0.04099999999993997,0.0,0.0,1.0,0.0,0.0,0.016444444444433357,0.016444444444433357,0.0,0.0,1.0
5,42,38,0.0,0.03800000000023829,0.0,0.03800000000023829,0.0,0.0,1.0,0.0,0.0,0.014333333333372167,0.014333333333372167,0.0,0.0,1.0
5,42,39,0.0,0.0500000000001819,0.0,0.0500000000001819,0.0,0.0,1.0,0.0,0.0,0.016555555555567106,0.016555555555567106,0.0,0.0,1.0
5,42,40,0.0,0.06099999999969441,0.0,0.06099999999969441,0.0,0.0,1.0,0.0,0.0,0.02155555555552466,0.02155555555552466,0.0,0.0,1.0
5,42,41,0.0,0.0829999999998563,0.0,0.0829999999998563,0.0,0.0,1.0,0.0,0.0,0.018222222222219624,0.018222222222219624,0.0,0.0,1.0
5,42,42,0.0,0.020000000000436557,0.0,0.020000000000436557,0.0,0.0,1.0,0.0,0.0,0.013555555555511726,0.013555555555511726,0.0,0.0,1.0
5,42,43,0.0,0.018999999999323336,0.0,0.018999999999323336,0.0,0.0,1.0,0.0,0.0,0.0065555555554751435,0.0065555555554751435,0.0,0.0,1.0
5,42,44,0.0,0.019999999999527063,0.0,0.019999999999527063,0.0,0.0,1.0,0.0,0.0,0.006666666666608891,0.006666666666608891,0.0,0.0,1.0
5,42,45,0.0,0.021000000000640284,0.0,0.021000000000640284,0.0,0.0,1.0,0.0,0.0,0.00800000000001175,0.00800000000001175,0.0,0.0,1.0
5,42,46,0.0,0.03099999999994907,0.0,0.03099999999994907,0.0,0.0,1.0,0.0,0.0,0.03666666666675845,0.03666666666675845,0.0,0.0,1.0
5,42,47,0.0,0.009000000000014552,0.0,0.009000000000014552,0.0,0.0,1.0,0.0,0.0,0.03433333333335397,0.03433333333335397,0.0,0.0,1.0
5,43,0,0.37100000000054933,0.16800000000012005,0.0929999999998472,0.6320000000005166,0.5870253164560856,0.14715189873381518,0.26582278481009924,0.3110000000000734,0.23783333333327997,0.03116666666664969,0.5800000000000031,0.5362068965518478,0.4100574712642736,0.05373563218387849
5,43,2,0.0,0.010999999999967258,0.0,0.010999999999967258,0.0,0.0,1.0,0.43822222222226825,0.050333333333279974,0.0012222222222185843,0.4897777777777668,0.8947368421053772,0.10276769509971187,0.002495462794910958
5,43,3,0.8440000000000509,0.0,0.2830000000003565,1.1270000000004075,0.7488908606918774,0.2511091393081226,0.0,1.1727777777777595,0.06599999999990461,0.0025555555555709162,1.241333333333235,0.9447726459005256,0.053168635875330154,0.0020587182241442953
5,43,4,0.9840000000012878,0.012000000000170985,0.0,0.9960000000014588,0.9879518072287616,0.0,0.012048192771238362,1.737222222222196,0.09166666666659591,0.0023333333333539485,1.831222222222146,0.9486681633396284,0.05005764213332914,0.0012741945270424374
5,43,5,1.180000000000291,0.009000000000014552,0.0,1.1890000000003056,0.9924306139613017,0.0,0.007569386038698267,1.673888888888996,0.0565555555556077,0.0033333333333050385,1.7337777777779086,0.9654575749807631,0.032619841066420845,0.0019225839528161422
5,43,6,0.5659999999998035,0.008999999999559805,0.020000000000436557,0.5949999999997999,0.9512605042016704,0.033613445378896274,0.01512605041943333,1.2861111111112422,0.09211111111123198,0.0031111111110880703,1.3813333333335622,0.9310649935649342,0.06668275418283064,0.002252252252235199
5,43,7,0.33400000000074215,0.010000000000218279,0.12099999999918509,0.4650000000001455,0.7182795698938443,0.2602150537616069,0.02150537634454871,1.3875555555555366,0.34822222222226173,0.002111111111086453,1.7378888888888848,0.7984144236301937,0.20037082028005646,0.0012147560897498959
5,43,8,0.027999999999792635,0.0,0.3000000000001819,0.32799999999997453,0.08536585365791101,0.914634146342089,0.0,1.1873333333332992,0.7482222222223527,0.005222222222326107,1.940777777777978,0.6117822178965243,0.3855269937596885,0.002690788343787148
5,43,9,0.2790000000004511,0.03000000000020009,0.5310000000008586,0.8400000000015098,0.33214285714279723,0.6321428571427431,0.035714285714459726,1.1457777777775642,2.486444444444323,0.09344444444454642,3.725666666666434,0.3075363096835383,0.6673824222361489,0.025081268080312854
5,43,10,0.6089999999994689,0.18900000000076034,4.274999999998727,5.072999999998956,0.12004730928436708,0.8426966292134056,0.03725606150222733,0.9464444444444475,3.260888888888808,0.2585555555557069,4.465888888888962,0.21192745005348912,0.7301768964744804,0.05789565347203056
5,43,11,2.3420000000000982,0.6100000000003547,4.030999999999835,6.983000000000288,0.3353859372762425,0.5772590577115378,0.08735500501221961,0.9909999999997074,4.891999999999586,1.0006666666666888,6.883666666665982,0.14396397268894573,0.7106677642729271,0.14536826303812722
5,43,12,0.33599999999978536,1.3990000000011378,4.7619999999974425,6.496999999998366,0.05171617669691702,0.7329536709248331,0.21533015237824993,1.273555555555529,3.6019999999998493,1.4427777777778676,6.318333333333245,0.20156511034907096,0.5700870482722078,0.22834784137872136
5,43,13,0.8619999999998527,0.8160000000005994,0.578000000000543,2.256000000000995,0.3820921985813265,0.25620567375899295,0.36170212765968063,1.9507777777776785,2.901555555555244,2.0301111111112706,6.882444444444193,0.2834425753123849,0.4215879371024208,0.29496948758519426
5,43,14,1.8350000000000364,0.9629999999998518,0.9389999999996235,3.7369999999995116,0.49103559004556496,0.25127107305318336,0.2576933369012517,1.9271111111111672,1.1259999999999257,2.710444444444546,5.763555555555639,0.33436150524368163,0.19536551511411138,0.470272979642207
5,43,15,0.0,1.024000000000342,0.3079999999999927,1.3320000000003347,0.0,0.23123123123116768,0.7687687687688324,2.7847777777777387,0.6423333333332266,7.704777777777963,11.131888888888929,0.2501621966921812,0.05770209707845348,0.6921357062293653
5,43,16,0.0,14.783000000000698,0.0,14.783000000000698,0.0,0.0,1.0,2.880888888888901,0.3831111111112225,8.597666666666681,11.861666666666805,0.2428738700763412,0.03229825300923575,0.724827876914423
5,43,17,2.844000000000051,4.292999999999438,0.6410000000005311,7.77800000000002,0.3656466958086968,0.08241193108775129,0.551941373103552,2.689777777777812,0.11888888888893234,9.926222222222274,12.734888888889017,0.2112132898249783,0.009335683249868082,0.7794510269251537
5,43,18,0.0,3.5510000000008404,0.0,3.5510000000008404,0.0,0.0,1.0,1.2411111111111441,0.14766666666671174,5.056222222222282,6.445000000000138,0.19256960606844337,0.022911817946735233,0.7845185759848214
5,43,19,0.0,0.1410000000000764,0.0,0.1410000000000764,0.0,0.0,1.0,0.0,0.05111111111111516,5.999444444444571,6.050555555555687,0.0,0.008447341841888284,0.9915526581581117
5,43,20,0.0,6.2290000000001555,0.0,6.2290000000001555,0.0,0.0,1.0,0.0,0.04455555555556304,3.9030000000001963,3.9475555555557595,0.0,0.011286872326054003,0.9887131276739459
5,43,21,0.0,0.49500000000080036,0.0,0.49500000000080036,0.0,0.0,1.0,0.0,0.0,3.2917777777778507,3.2917777777778507,0.0,0.0,1.0
5,43,23,0.0,0.7110000000002401,0.0,0.7110000000002401,0.0,0.0,1.0,0.0,0.0,0.5410000000000151,0.5410000000000151,0.0,0.0,1.0
5,43,24,0.0,0.68100000000004,0.0,0.68100000000004,0.0,0.0,1.0,0.0,0.0,0.5941111111109819,0.5941111111109819,0.0,0.0,1.0
5,43,47,0.0,0.26900000000023283,0.0,0.26900000000023283,0.0,0.0,1.0,0.0,0.0,0.03433333333335457,0.03433333333335457,0.0,0.0,1.0
5,44,0,0.5039999999999054,0.0,0.007999999999810825,0.5119999999997162,0.9843750000003608,0.015624999999639178,0.0,0.4950000000002319,0.08816666666659027,0.02800000000002001,0.6111666666668422,0.8099263703301169,0.14425961276230972,0.04581401690757344
5,44,1,0.01900000000023283,0.0,0.0,0.01900000000023283,1.0,0.0,0.0,0.3331111111112427,0.07633333333332203,0.01988888888889859,0.42933333333346335,0.7758799171843366,0.17779503105582045,0.04632505175984294
5,44,2,0.010999999999967258,0.0,0.0,0.010999999999967258,1.0,0.0,0.0,0.15588888888881533,0.06377777777783598,0.0012222222222185843,0.22088888888886987,0.7057344064383595,0.28873239436648557,0.005533199195155033
5,44,3,0.3579999999988104,0.0,0.04100000000016735,0.39899999999897773,0.8972431077687408,0.10275689223125913,0.0,0.3038888888890041,0.06377777777783598,0.0025555555555709162,0.370222222222411,0.8208283313324256,0.17226890756309457,0.006902761104479747
5,44,4,0.2090000000002874,0.0,0.0,0.2090000000002874,1.0,0.0,0.0,0.5850000000000869,0.05955555555556202,0.0068888888888775715,0.6514444444445265,0.8980044345898207,0.09142077434760203,0.010574791062577235
5,44,5,1.1109999999994216,0.0,0.04300000000012005,1.1539999999995416,0.9627383015596732,0.037261698440326806,0.0,0.6501111111114268,0.018777777777864282,0.012222222222185844,0.6811111111114769,0.9544861337683033,0.02756933115835037,0.017944535073346413
5,44,6,0.9100000000003092,0.0,0.02900000000045111,0.9390000000007603,0.9691160809367118,0.030883919063288207,0.0,0.8158888888887709,0.05800000000004326,0.01322222222218746,0.8871111111110016,0.9197144288576959,0.06538076152310293,0.014904809619201131
5,44,7,2.2579999999989013,0.0,0.23200000000042564,2.489999999999327,0.9068273092367517,0.09317269076324833,0.0,1.1764444444442133,0.41433333333333805,0.028666666666746703,1.6194444444442981,0.7264493996568697,0.2558490566037996,0.01770154373933061
5,44,8,2.5549999999998363,0.0,0.4570000000003347,3.012000000000171,0.8482735723770555,0.15172642762294447,0.0,1.329888888888541,0.9175555555556608,0.041000000000116825,2.2884444444443184,0.5811322586908879,0.4009516410954264,0.01791610021368575
5,44,9,0.8320000000001073,0.007000000000516593,2.4900000000002365,3.3290000000008604,0.24992490237305265,0.747972364073173,0.0021027335537743418,1.4703333333331254,2.0295555555558167,0.1463333333333847,3.646222222222327,0.40324841540704986,0.5566187225744096,0.04013286201854048
5,44,10,1.8529999999987012,0.042999999999665306,4.084000000000515,5.979999999998881,0.30986622073562675,0.6829431438129229,0.007190635451450393,1.440555555555622,2.6235555555559054,0.26144444444442644,4.325555555555954,0.3330336501412639,0.6065245312098889,0.0604418186488472
5,44,11,1.6979999999998654,0.4079999999999018,4.3400000000006,6.446000000000367,0.26341917468193743,0.6732857586100455,0.06329506670801714,1.5375555555553746,3.308444444444237,0.5633333333333642,5.4093333333329765,0.2842412291512465,0.6116177799687803,0.10414099087997314
5,44,12,0.6569999999994707,0.6979999999998654,4.2289999999998145,5.5839999999991505,0.11765759312313227,0.7573424068768728,0.1249999999999949,4.012111111111001,2.927888888888623,0.6826666666668947,7.622666666666519,0.5263395720366117,0.3841029677569546,0.08955746020643361
5,44,13,2.816000000000713,0.1410000000000764,3.206999999999425,6.164000000000215,0.4568462037638895,0.5202790395845739,0.02287475665153658,5.657777777777558,2.6743333333329624,1.4653333333334582,9.797444444443979,0.5774748517187072,0.272962337117364,0.1495628111639288
5,44,14,6.42699999999968,3.5630000000005566,1.5720000000003438,11.56200000000058,0.5558726863863828,0.1359626362221298,0.30816467739148745,7.8235555555557355,1.929666666666776,1.7531111111111637,11.506333333333675,0.6799347219405693,0.1677047423158306,0.1523605357436002
5,44,15,1.7199999999998,3.719999999999345,1.3380000000004202,6.777999999999565,0.2537621717320611,0.19740336382421156,0.5488344644437273,7.431888888888907,1.3499999999999346,4.358444444444495,13.140333333333338,0.5655784142123922,0.10273711980923372,0.331684465978374
5,44,16,13.038000000000011,7.103000000000634,0.14200000000005275,20.283000000000698,0.6428043188877169,0.007000936745059797,0.35019474436722325,7.210888888888981,0.8147777777778629,5.480222222222337,13.505888888889181,0.5339070199830479,0.06032759372455313,0.4057653862923989
5,44,17,8.32600000000025,4.8760000000006585,0.049999999999954525,13.252000000000862,0.6282825233926733,0.00377301539389913,0.3679444612134275,5.242888888888855,0.42933333333328644,6.460888888889055,12.133111111111196,0.43211414128463305,0.03538526346635974,0.5325005952490073
5,44,18,0.0,2.949999999998454,0.05899999999996908,3.008999999998423,0.0,0.0196078431372549,0.9803921568627451,2.768888888888973,0.30611111111119904,4.361777777777939,7.436777777778111,0.3723237363852272,0.04116179348882682,0.5865144701259459
5,44,19,0.0,1.7440000000021882,0.4010000000000673,2.1450000000022555,0.0,0.18694638694622173,0.8130536130537782,0.7745555555555813,0.13244444444444525,4.9065555555554665,5.813555555555493,0.1332326745919557,0.022782003746034556,0.8439853216620097
5,44,20,0.0,10.449999999998681,0.0,10.449999999998681,0.0,0.0,1.0,0.11322222222222283,0.07233333333334081,3.6323333333332357,3.8178888888887994,0.029655714327290514,0.018945897965719348,0.9513983877069901
5,44,21,0.0,1.2549999999991996,0.0,1.2549999999991996,0.0,0.0,1.0,0.045333333333347686,0.004555555555548886,2.9522222222220886,3.002111111110985,0.015100484844004083,0.0015174506828506493,0.9833820644731454
5,44,22,0.0,0.32000000000061846,0.0,0.32000000000061846,0.0,0.0,1.0,0.0,0.0033333333333303017,0.6660000000001673,0.6693333333334976,0.0,0.004980079681269149,0.9950199203187309
5,44,23,0.0,1.3289999999997235,0.0,1.3289999999997235,0.0,0.0,1.0,0.0,0.0,0.6010000000001381,0.6010000000001381,0.0,0.0,1.0
5,44,24,0.0,0.9789999999998145,0.0,0.9789999999998145,0.0,0.0,1.0,0.0,0.0,0.7187777777777581,0.7187777777777581,0.0,0.0,1.0
5,44,25,0.0,0.8379999999997381,0.0,0.8379999999997381,0.0,0.0,1.0,0.0,0.0,0.45622222222214587,0.45622222222214587,0.0,0.0,1.0
5,45,0,2.052000000000362,0.0,0.4279999999998836,2.4800000000002456,0.8274193548387737,0.1725806451612263,0.0,0.7018333333334112,0.07933333333331423,0.05499999999998787,0.8361666666667134,0.8393462228423824,0.09487741678290987,0.06577636037470776
5,45,1,0.02400000000034197,0.0,0.0,0.02400000000034197,1.0,0.0,0.0,0.47233333333338123,0.07044444444447133,0.03666666666665858,0.5794444444445112,0.8151486097794711,0.12157238734423183,0.06327900287629708
5,45,2,0.016999999999825377,0.0,0.15800000000035652,0.1750000000001819,0.09714285714175833,0.9028571428582417,0.0,0.1112222222221438,0.03233333333335193,0.0011111111111101006,0.14466666666660583,0.7688172043008565,0.22350230414768796,0.007680491551455539
5,45,3,0.13000000000010914,0.0,0.09199999999964348,0.22199999999975262,0.5855855855867298,0.41441441441327026,0.0,0.10211111111109655,0.03233333333335193,0.0011111111111101006,0.13555555555555857,0.753278688524466,0.2385245901640663,0.008196721311467774
5,45,4,0.1820000000006985,0.0,0.0,0.1820000000006985,1.0,0.0,0.0,0.25077777777768356,0.028111111111077964,0.006555555555526856,0.28544444444428835,0.8785519657455766,0.09848189957175556,0.02296613468266795
5,45,5,0.2669999999998254,0.0409999999997126,0.07699999999977081,0.3849999999993088,0.693506493507285,0.19999999999976376,0.1064935064929512,0.37800000000015643,0.023222222222254157,0.009777777777773937,0.41100000000018455,0.919708029197048,0.05650175723173657,0.02379021357121544
5,45,6,0.44200000000091677,0.03900000000021464,0.0,0.4810000000011314,0.9189189189186634,0.0,0.0810810810813366,0.6459999999997813,0.08800000000009174,0.012444444444428071,0.7464444444443011,0.8654361417087151,0.11789222983045218,0.01667162846083271
5,45,7,0.2749999999987267,0.010999999999967258,0.0,0.28599999999869397,0.9615384615384004,0.0,0.038461538461599616,1.3466666666665537,0.4811111111111536,0.05333333333343641,1.8811111111111438,0.7158889545185335,0.2557590076786951,0.02835203780277137
5,45,8,3.2199999999988904,0.18900000000076034,2.569999999999027,5.978999999998678,0.538551597257,0.4298377655125598,0.03161063723044023,1.5771111111106773,0.9374444444446098,0.07033333333338809,2.5848888888886754,0.6101272352130875,0.3626633425035327,0.02720942228337969
5,45,9,2.1879999999994197,0.12199999999938882,1.5570000000006985,3.866999999999507,0.565813291957512,0.40263770364646934,0.031549004396018716,1.7218888888887955,1.566888888889278,0.1581111111110355,3.446888888889109,0.499548707368905,0.45458062020509965,0.045870672425995386
5,45,10,1.6690000000014606,0.7369999999991705,2.0020000000017717,4.408000000002403,0.3786297640654607,0.45417422867529045,0.16719600725924882,1.312888888888791,1.6860000000004776,0.18255555555540717,3.181444444444676,0.41267069465296197,0.5299479621416964,0.05738134320534156
5,45,11,1.4950000000010277,0.20699999999987995,0.30199999999990723,2.004000000000815,0.7460079840321456,0.1506986027943036,0.10329341317355079,1.7448888888888836,1.9636666666669196,0.3443333333331237,4.052888888888927,0.43052966334027315,0.48451036297845457,0.08495997368127219
5,45,12,3.1789999999984957,0.7789999999995416,1.7509999999995216,5.708999999997559,0.5568400770712656,0.30670870555268354,0.13645121737605093,4.906333333333198,2.0359999999999823,0.39988888888893187,7.342222222222113,0.6682354721549553,0.27730024213075233,0.054464285714292376
5,45,13,22.723999999999705,1.0860000000006949,3.151000000000522,26.961000000000922,0.8428470754051752,0.11687251956531339,0.04028040502951143,9.218111111110906,2.3801111111110913,1.1487777777776955,12.746999999999693,0.7231592618742549,0.1867193152201419,0.09012142290560314
5,45,14,12.084000000000287,3.7429999999988013,3.879999999999427,19.706999999998516,0.613183132897001,0.19688435581264116,0.1899325112903579,12.011222222222132,2.1442222222223744,1.6624444444445192,15.817888888889026,0.759344202414975,0.13555678872725818,0.10509900885776682
5,45,15,21.94400000000155,0.7220000000002074,2.3940000000006876,25.060000000002447,0.8756584197924744,0.09553072625700135,0.028810853950524216,12.763444444444202,2.0876666666669434,3.070666666666625,17.92177777777777,0.7121751314353603,0.11648769963298841,0.17133716893165135
5,45,16,9.838999999998805,3.605000000000018,1.5769999999988613,15.020999999997684,0.6550163104986566,0.10498635243985782,0.23999733706148552,9.913888888888701,1.3938888888891752,3.9678888888889787,15.275666666666854,0.6489987707392092,0.09124897258532032,0.2597522566754706
5,45,17,7.187000000000353,9.195999999999685,0.8830000000002656,17.266000000000304,0.41625159272560097,0.05114097069386366,0.5326074365805353,7.193555555555476,0.966000000000122,4.695888888888892,12.85544444444449,0.5595726842928552,0.07514325966517486,0.36528405604196995
5,45,18,5.9520000000002256,7.791000000001077,0.5119999999999436,14.255000000001246,0.41753770606802565,0.035917222027351724,0.5465450719046226,2.8968888888889777,0.32699999999999835,4.037888888888953,7.2617777777779295,0.39892282269417123,0.04503029561172538,0.5560468816941033
5,45,19,0.6109999999998763,4.713999999999032,0.20900000000006003,5.533999999998969,0.11040838453198232,0.03776653415252963,0.8518250813154881,1.1181111111111477,0.16455555555552984,4.637555555555309,5.9202222222219865,0.1888630306670307,0.027795503171799622,0.7833414661611697
5,45,20,0.40800000000012915,6.588999999998691,0.010999999999967258,7.007999999998788,0.05821917808222028,0.0015696347031919466,0.9402111872145877,0.20377777777765815,0.09000000000006987,3.5718888888886284,3.8656666666663564,0.052714782558681,0.023281883245686925,0.9240033341956321
5,45,21,0.0,1.0740000000002965,0.029999999999972715,1.1040000000002692,0.0,0.02717391304344692,0.972826086956553,0.13822222222218747,0.027777777777828454,2.729888888888682,2.895888888888698,0.04773049917506692,0.00959214211719574,0.9426773587077374
5,45,22,0.0,0.15800000000035652,0.0,0.15800000000035652,0.0,0.0,1.0,0.025444444444423828,0.015555555555592083,0.6356666666667425,0.6766666666667585,0.0376026272577641,0.0229885057471773,0.9394088669950585
5,45,23,0.0,0.652000000000271,0.0,0.652000000000271,0.0,0.0,1.0,0.025222222222257392,0.009999999999991053,0.6143333333334843,0.6495555555557327,0.0388299692097596,0.015395141977402485,0.9457748888128379
5,45,24,0.0,0.5790000000001783,0.0,0.5790000000001783,0.0,0.0,1.0,0.018888888888846444,0.0012222222222187322,0.7309999999999942,0.7511111111110594,0.02514792899402806,0.001627218934906708,0.9732248520710651
5,45,25,0.0,0.6999999999998181,0.0,0.6999999999998181,0.0,0.0,1.0,0.005666666666709515,0.0,0.6096666666666247,0.6153333333333343,0.009209100758466152,0.0,0.9907908992415337
5,45,26,0.0,0.3289999999997235,0.0,0.3289999999997235,0.0,0.0,1.0,0.00666666666671113,0.0,0.2718888888888005,0.2785555555555116,0.023932987634786452,0.0,0.9760670123652135
5,46,0,1.181999999999789,0.32999999999992724,0.040000000000190994,1.5519999999999072,0.7615979381442395,0.025773195876413264,0.21262886597934727,0.7673333333333403,0.07800000000001243,0.05499999999998787,0.9003333333333405,0.8522769344687162,0.08663457978527783,0.06108848574600603
5,46,1,0.4299999999998363,0.0,0.0,0.4299999999998363,1.0,0.0,0.0,0.5823333333334075,0.11633333333336143,0.03666666666665858,0.7353333333334275,0.791931097008159,0.15820489573891186,0.04986400725292913
5,46,2,0.012000000000170985,0.0,0.0,0.012000000000170985,1.0,0.0,0.0,0.14455555555564892,0.0811111111110626,0.032111111111109696,0.25777777777782124,0.5607758620692331,0.3146551724135519,0.12456896551721489
5,46,3,0.0,0.009999999999990905,0.0,0.009999999999990905,0.0,0.0,1.0,0.12700000000018008,0.10888888888881514,0.034444444444463644,0.2703333333334589,0.469790382244591,0.40279490341096635,0.1274147143444426
5,46,5,0.0,0.008000000000038199,0.0,0.008000000000038199,0.0,0.0,1.0,0.308555555555712,0.16988888888883794,0.025444444444449096,0.503888888888999,0.6123484013232198,0.33715545755219567,0.05049614112458475
5,46,6,0.28099999999994907,0.0,0.05999999999994543,0.3409999999998945,0.82404692082122,0.17595307917878003,0.0,0.5765555555556906,0.2557777777776159,0.03988888888885514,0.8722222222221616,0.6610191082804555,0.2932484076431469,0.04573248407639761
5,46,7,0.2699999999999818,0.012999999999919964,0.3510000000001128,0.6340000000000146,0.4258675078863969,0.5536277602525311,0.020504731861072028,1.1042222222224358,0.560222222222036,0.08666666666673943,1.7511111111112114,0.6305837563452635,0.3199238578678956,0.049492385786840745
5,46,8,1.9090000000014697,0.22800000000006548,0.6310000000000855,2.7680000000016207,0.6896676300579306,0.22796242774556216,0.08236994219650721,1.3292222222220416,0.6966666666665889,0.10311111111107292,2.1289999999997034,0.624341109545433,0.32722718020981023,0.04843171024475683
5,46,9,0.6869999999987613,0.06299999999987449,0.14900000000056934,0.8989999999992051,0.7641824249158717,0.16573971079054625,0.07007786429358197,1.8811111111110421,0.836666666666891,0.18411111111097653,2.9018888888889096,0.6482367806409334,0.2883179538232556,0.06344526553581104
5,46,10,0.5840000000005148,0.03399999999987813,0.16200000000026193,0.7800000000006548,0.7487179487179801,0.20769230769246913,0.04358974358955075,2.3875555555554104,0.4970000000003489,0.16699999999991633,3.0515555555556757,0.7824060588405858,0.16286775415099636,0.054726187008417845
5,46,11,0.8099999999992633,0.022000000000389264,0.08799999999973807,0.9199999999993906,0.8804347826084781,0.09565217391282212,0.02391304347869982,4.887222222222262,0.7494444444444324,0.25377777777768845,5.890444444444384,0.8296864979062287,0.12723054287546612,0.04308295921830497
5,46,12,3.7590000000011514,0.17099999999982174,0.7150000000001455,4.645000000001119,0.8092572658773404,0.1539289558665174,0.03681377825614221,7.521777777777618,0.977888888888755,0.29700000000012655,8.7966666666665,0.855071365416191,0.11116584564859117,0.03376278893521775
5,46,13,7.018999999999096,0.08700000000021646,0.5410000000001673,7.64699999999948,0.9178762913560315,0.07074669805155016,0.011377010592418253,14.466444444444278,1.8888888888888384,0.8286666666665243,17.183999999999642,0.8418554727912348,0.10992137388785368,0.048223153320911406
5,46,14,24.297999999999547,0.07099999999968531,2.3750000000004547,26.743999999999687,0.908540233323356,0.08880496559977874,0.002654801076865321,17.00077777777776,2.097333333333482,1.1027777777778487,20.20088888888909,0.8415856287952033,0.10382381413359781,0.054590557071198954
5,46,15,9.068999999998823,1.8290000000010878,0.8399999999999181,11.737999999999829,0.7726188447775563,0.07156244675412594,0.1558187084683178,18.582666666666608,2.384666666666867,1.743333333333289,22.710666666666764,0.8182351905125284,0.10500205483474095,0.07676275465273065
5,46,16,16.451999999999316,3.2799999999992906,4.671000000002323,24.40300000000093,0.6741794041715645,0.1914108921035178,0.13440970372491767,11.957777777777592,1.6287777777779155,2.357111111111155,15.943666666666664,0.7500017422452548,0.10215829343592539,0.14783996431881974
5,46,17,1.6499999999994088,1.3799999999998818,0.650000000000091,3.6799999999993815,0.44836956521730603,0.1766304347826631,0.3750000000000309,8.402444444444301,1.2005555555556384,3.2883333333333873,12.891333333333327,0.6517901777249034,0.0931288893485783,0.25508093292651823
5,46,18,2.2980000000009113,2.0820000000003347,0.1499999999996362,4.530000000000882,0.507284768212023,0.0331125827813702,0.4596026490066069,3.5622222222221165,0.46222222222220605,3.310333333333233,7.334777777777555,0.4856619150773336,0.06301789041552393,0.45132019450714256
5,46,19,0.047999999999774445,1.6079999999992651,0.028999999999996362,1.684999999999036,0.028486646884155434,0.01721068249258929,0.9543026706232552,2.255555555555577,0.27588888888885776,3.62944444444434,6.160888888888774,0.3661087866108889,0.04478069542634119,0.5891105179627699
5,46,20,0.7459999999994125,3.810000000000059,0.11000000000012733,4.665999999999599,0.15987998285458135,0.023574796399514954,0.8165452207459037,0.42411111111103733,0.06122222222226507,2.528444444444202,3.0137777777775043,0.14072408199379452,0.020314112962705928,0.8389618050434995
5,46,21,0.02099999999973079,0.9030000000002474,0.020000000000436557,0.9440000000004147,0.02224576271156945,0.02118644067841925,0.9565677966100113,0.19633333333331512,0.04533333333339821,1.7456666666666558,1.9873333333333691,0.09879235155986829,0.022811137202313345,0.8783965112378184
5,46,22,0.06900000000041473,0.009999999999990905,0.07899999999995089,0.15800000000035652,0.43670886076113313,0.49999999999856093,0.06329113924030595,0.03522222222217369,0.03233333333337719,0.3217777777778745,0.38933333333342535,0.09046803652953432,0.08304794520557247,0.8264840182648933
5,46,23,0.13899999999966894,0.01999999999998181,0.010999999999967258,0.169999999999618,0.8176470588234193,0.06470588235289397,0.11764705882368677,0.03400000000000563,0.021222222222225657,0.6098888888890444,0.6651111111112756,0.05111927831606665,0.03190778483127024,0.9169729368526631
5,46,24,0.01900000000023283,1.4820000000004256,0.0,1.5010000000006585,0.01265822784825083,0.0,0.9873417721517491,0.02655555555550985,0.005999999999984438,0.6668888888889596,0.6994444444444539,0.037966640190561625,0.008578236695767944,0.9534551231136704
5,46,25,0.011999999999716238,0.0,0.0,0.011999999999716238,1.0,0.0,0.0,0.005666666666710694,0.0,0.8032222222222524,0.808888888888963,0.0070054945055482935,0.0,0.9929945054944518
5,46,26,0.020000000000436557,0.5799999999999272,0.0,0.6000000000003638,0.03333333333404072,0.0,0.9666666666659592,0.006666666666712309,0.0,0.29322222222218564,0.2998888888888979,0.022230455724493878,0.0,0.9777695442755062
5,46,27,0.028000000000247383,0.0,0.0,0.028000000000247383,1.0,0.0,0.0,0.008777777777748236,0.0,0.2154444444444281,0.22422222222217633,0.03914767096122413,0.0,0.9608523290387758
5,46,28,0.02099999999973079,0.0,0.0,0.02099999999973079,1.0,0.0,0.0,0.013333333333322386,0.0,0.0,0.013333333333322386,1.0,0.0,0.0
5,46,29,0.030000000000654836,0.0,0.0,0.030000000000654836,1.0,0.0,0.0,0.011333333333319153,0.005555555555575766,0.0,0.01688888888889492,0.6710526315778681,0.32894736842213185,0.0
5,46,30,0.010000000000218279,0.0,0.0500000000001819,0.06000000000040018,0.16666666666919305,0.833333333330807,0.0,0.007888888888981422,0.005555555555575766,0.009999999999915335,0.023444444444472523,0.33649289099880453,0.23696682464512803,0.42654028435606745
5,46,31,0.0,0.028999999999541615,0.0,0.028999999999541615,0.0,0.0,1.0,0.0011111111111365439,0.005555555555575766,0.06555555555547089,0.0722222222221832,0.015384615384975842,0.07692307692339832,0.9076923076916258
5,47,0,0.8479999999999563,0.0,0.0,0.8479999999999563,1.0,0.0,0.0,0.421333333333223,0.006666666666698499,0.05499999999998787,0.4829999999999094,0.8723257418908944,0.013802622498343168,0.1138716356107623
5,47,1,0.06799999999975626,0.0,0.0,0.06799999999975626,1.0,0.0,0.0,0.3497777777777931,0.05122222222222364,0.03666666666665858,0.43766666666667536,0.7991876110688184,0.11703478040111795,0.08377760853006365
5,47,2,0.6080000000006294,0.0,0.42099999999982174,1.029000000000451,0.5908649173958822,0.40913508260411774,0.0,0.1255555555556182,0.05333333333328483,0.032111111111109696,0.21100000000001273,0.5950500263299082,0.25276461295394126,0.15218536071615052
5,47,3,0.012000000000170985,0.27899999999999636,0.058999999999741704,0.34999999999990905,0.03428571428621172,0.16857142857073437,0.7971428571430539,0.14233333333340345,0.08111111111103735,0.034444444444463644,0.25788888888890443,0.551917277035999,0.3145196036188247,0.13356311934517626
5,47,4,0.18200000000001637,0.021000000000185537,0.24999999999977263,0.45299999999997453,0.40176600441506977,0.5518763796904783,0.04635761589445191,0.18533333333334667,0.11122222222209328,0.03866666666666182,0.33522222222210174,0.5528670865100164,0.3317865429231685,0.1153463705668152
5,47,5,0.9660000000001219,0.02999999999974534,0.6919999999993252,1.6879999999991924,0.5722748815169337,0.40995260663486743,0.01777251184819887,0.26822222222214503,0.16133333333330788,0.01655555555556829,0.4461111111110212,0.6012453300124014,0.3616438356164542,0.03711083437114437
5,47,6,0.45699999999987995,0.09000000000014552,0.4500000000007276,0.9970000000007531,0.4583751253756618,0.45135406218694857,0.09027081243738971,0.4816666666668728,0.2472222222220858,0.029777777777755744,0.7586666666667143,0.6348857644993531,0.3258640890449081,0.03925014645573885
5,47,7,2.2310000000018135,0.1269999999999527,0.6719999999986612,3.0300000000004275,0.736303630363531,0.22178217821734866,0.041914191419120395,0.7112222222226087,0.2746666666665886,0.060111111111079175,1.0460000000002765,0.679944763118949,0.2625876354364398,0.057467601444611174
5,47,8,0.8530000000002929,0.08299999999962893,0.30799999999976535,1.2439999999996871,0.6856913183283821,0.2475884244371727,0.06672025723444518,0.8374444444446252,0.3008888888888476,0.07711111111105613,1.215444444444529,0.6890026510650976,0.24755462108048637,0.06344272785441603
5,47,9,0.32999999999901775,0.09200000000009823,0.03200000000038017,0.45399999999949614,0.7268722466946784,0.07048458149871296,0.20264317180660865,1.3677777777778222,0.2471111111111668,0.07744444444438159,1.6923333333333705,0.808220077473582,0.1460179896264495,0.04576193289996842
5,47,10,5.489999999999554,0.1089999999999236,0.11899999999945976,5.717999999998938,0.9601259181533008,0.020811472542756535,0.019062609303942612,2.3055555555553284,0.18788888888898073,0.07622222222221353,2.5696666666665227,0.8972196999178068,0.07311800060539289,0.029662299476800286
5,47,11,8.234999999999673,0.11700000000064392,0.062000000000352884,8.41400000000067,0.9787259329687447,0.007368671262223432,0.013905395769031924,4.702555555555591,0.4461111111111222,0.09577777777778668,5.2444444444445,0.8966737288135566,0.0850635593220351,0.018262711864408282
5,47,12,18.763999999999214,0.10799999999994725,1.5439999999987322,20.415999999997894,0.9190830721003698,0.0756269592475946,0.00528996865203558,4.995999999999767,0.5602222222222634,0.13388888888893133,5.690111111110961,0.878014489074595,0.09845540997052397,0.023530100954881054
5,47,13,1.7110000000009222,0.09600000000000364,0.6469999999997071,2.454000000000633,0.6972290138551267,0.26365118174390395,0.039119804400969384,12.382888888888777,1.1428888888889206,0.34222222222213833,13.867999999999837,0.8929109380508309,0.08241194756914724,0.024677114380021802
5,47,14,36.66000000000008,1.3170000000000073,2.3960000000008677,40.37300000000096,0.9080325960418897,0.059346593020107766,0.03262081093800253,13.09488888888869,1.189777777777724,0.6205555555556859,14.9052222222221,0.878543687149166,0.07982288086949096,0.04163343198134299
5,47,15,17.49799999999982,0.9739999999999327,2.651999999999589,21.12399999999934,0.8283469039954727,0.12554440446883505,0.04610869153569225,16.387222222222235,1.6377777777779556,0.9510000000000977,18.976000000000287,0.8635762132283931,0.08630785085254694,0.05011593591906004
5,47,16,19.400000000001228,0.14900000000056934,0.6769999999996799,20.226000000001477,0.9591614753287754,0.03347176901016664,0.007366755661057968,8.666999999999891,1.128444444444603,0.8724444444446059,10.6678888888891,0.8124381581276883,0.10577954609368952,0.08178229577862221
5,47,17,4.580999999998994,0.07899999999972351,0.3149999999998272,4.974999999998545,0.9208040201005696,0.06331658291455665,0.015879396984873693,6.844000000000203,0.9317777777779511,1.096777777777662,8.872555555555815,0.7713673875746687,0.10501797052084849,0.12361464190448285
5,47,18,8.262999999999465,2.0329999999999018,1.3700000000001182,11.665999999999485,0.7082976170066715,0.11743528201613053,0.17426710097719797,2.6174444444445726,0.31766666666660764,0.9921111111109565,3.9272222222221367,0.6664874805489225,0.08088838591029937,0.2526241335407781
5,47,19,1.4700000000000273,0.9100000000001955,0.041999999999916326,2.422000000000139,0.6069364161849475,0.017341040462392203,0.3757225433526603,1.867333333333515,0.2446666666666033,1.6023333333332754,3.7143333333333937,0.5027371443956254,0.065870950372413,0.43139190523196164
5,47,20,0.5040000000003602,3.1280000000004975,0.049999999999954525,3.682000000000812,0.13688212927763416,0.013579576317203556,0.8495382944051623,0.3742222222221648,0.061111111111131315,1.1588888888889086,1.5942222222222047,0.23473654864786173,0.038332868692513795,0.7269305826596245
5,47,21,0.009000000000014552,0.019999999999527063,0.049999999999954525,0.07899999999949614,0.1139240506338222,0.6329113924085243,0.25316455695765344,0.20788888888887413,0.06844444444449335,0.8823333333334378,1.1586666666668053,0.17942079018024965,0.05907172995784105,0.7615074798619093
5,47,22,0.009999999999763531,0.01900000000023283,0.0580000000002201,0.08700000000021646,0.11494252873262817,0.6666666666675378,0.218390804599834,0.0352222222221725,0.02900000000004689,0.11566666666671054,0.17988888888892993,0.19579987646663383,0.16121062384210158,0.6429894996912646
5,47,23,0.06899999999995998,0.03999999999996362,0.04299999999989268,0.15199999999981628,0.45394736842133804,0.28289473684174116,0.26315789473692086,0.03400000000000444,0.021222222222225657,0.5201111111111661,0.5753333333333962,0.0590961761297811,0.03688682889146583,0.9040169949787531
5,47,24,0.0,2.5289999999999964,0.0,2.5289999999999964,0.0,0.0,1.0,0.026555555555508665,0.005999999999984438,0.516888888888919,0.5494444444444121,0.04833164812934116,0.010920121334653816,0.9407482305360051
5,47,26,0.0,1.0300000000002,0.0,1.0300000000002,0.0,0.0,1.0,0.0066666666667111255,0.0,0.24344444444447313,0.2501111111111843,0.02665482008013442,0.0,0.9733451799198655
5,47,28,0.009999999999308784,0.0,0.0,0.009999999999308784,1.0,0.0,0.0,0.013333333333321202,0.0,0.0,0.013333333333321202,1.0,0.0,0.0
5,47,29,0.03099999999994907,0.0,0.0,0.03099999999994907,1.0,0.0,0.0,0.01133333333331797,0.005555555555575766,0.0054444444444420185,0.02233333333333575,0.5074626865664214,0.24875621890635066,0.24378109452722815
5,47,31,0.0,0.06099999999969441,0.0,0.06099999999969441,0.0,0.0,1.0,0.0011111111111353597,0.005555555555575766,0.07099999999991269,0.07766666666662381,0.014306151645527548,0.0715307582263369,0.9141630901281357
5,47,32,0.0,0.5,0.0,0.5,0.0,0.0,1.0,0.0,0.0,0.06555555555547066,0.06555555555547066,0.0,0.0,1.0
5,47,34,0.0,0.08900000000016917,0.0,0.08900000000016917,0.0,0.0,1.0,0.0,0.0,0.07199999999999009,0.07199999999999009,0.0,0.0,1.0
5,47,35,0.0,0.19899999999984175,0.0,0.19899999999984175,0.0,0.0,1.0,0.0,0.0,0.07199999999999009,0.07199999999999009,0.0,0.0,1.0
5,48,4,0.4669999999996435,0.0,0.0,0.4669999999996435,1.0,0.0,0.0,0.18533333333334667,0.11122222222209328,0.04233333333331757,0.3388888888887575,0.5468852459018907,0.3281967213112222,0.12491803278688715
5,48,5,0.04100000000016735,0.0,0.0,0.04100000000016735,1.0,0.0,0.0,0.23699999999992846,0.1991111111111018,0.04544444444443091,0.4815555555554612,0.49215505306870655,0.41347485002313505,0.09437009690815835
5,48,6,0.019999999999527063,0.0,0.0,0.019999999999527063,1.0,0.0,0.0,0.4682222222223673,0.2949999999998454,0.06400000000000243,0.8272222222222151,0.5660174613836592,0.3566151779716093,0.07736736064473161
5,48,7,0.06900000000041473,0.0,0.0,0.06900000000041473,1.0,0.0,0.0,0.48566666666682873,0.2523333333332276,0.07233333333334081,0.8103333333333972,0.599341834636105,0.3113944878649211,0.0892636774989738
5,48,8,0.31100000000014916,0.0,0.0,0.31100000000014916,1.0,0.0,0.0,0.5970000000001063,0.26077777777759875,0.058999999999994356,0.9167777777776995,0.6511937946917241,0.2844503696519924,0.06435583565628342
5,48,9,0.8769999999997253,0.08799999999996544,0.5650000000000546,1.5299999999997453,0.5732026143790009,0.3692810457517311,0.05751633986926803,1.1224444444444037,0.18222222222214493,0.055888888888830486,1.3605555555553792,0.8249897917518124,0.13393221723148363,0.041077991016703924
5,48,10,1.269000000000915,0.0,0.2579999999999245,1.5270000000008395,0.8310412573675293,0.16895874263247065,0.0,2.3340000000000347,0.19544444444445871,0.07744444444435633,2.6068888888888497,0.8953200920637895,0.07497229562697787,0.029707612309232693
5,48,11,2.4680000000005293,0.1609999999991487,0.2560000000000855,2.8849999999997635,0.8554592720973073,0.08873483535532287,0.05580589254736981,4.470777777777711,0.3984444444444459,0.09166666666664645,4.960888888888803,0.9012049811861694,0.08031714746461376,0.018477871349216815
5,48,12,0.9439999999995052,0.14000000000032742,0.8110000000013997,1.8950000000012324,0.4981530343002065,0.427968337731331,0.07387862796846247,4.217888888888814,0.5592222222222366,0.12066666666666809,4.897777777777719,0.8611842105263109,0.11417876588022209,0.02463702359346701
5,48,13,1.2539999999985412,0.3029999999998836,0.37800000000004275,1.9349999999984675,0.6480620155036353,0.19534883720947913,0.15658914728688555,8.977222222221927,0.9498888888888234,0.3221111111110733,10.249222222221825,0.8758930216927082,0.09267911928276121,0.03142785902453056
5,48,14,17.037000000000944,0.7869999999993524,0.8789999999987685,18.702999999999065,0.9109233812758272,0.046997807838251214,0.04207881088592161,9.032111111111133,0.9522222222221141,0.40855555555559575,10.392888888888843,0.8690664556962086,0.09162247690727704,0.03931106739651448
5,48,15,3.3080000000004475,0.12100000000100408,0.0,3.4290000000014516,0.9647127442400254,0.0,0.03528725575997459,11.380777777777867,0.8515555555554658,0.3842222222223073,12.61655555555564,0.9020510968832849,0.0674950902253577,0.03045381289135741
5,48,16,3.76299999999992,0.03099999999994907,0.25,4.043999999999869,0.9305143422354208,0.06181998021760833,0.0076656775469708385,6.054333333333538,0.4596666666665721,0.15944444444458997,6.6734444444447005,0.9072276518872439,0.06887997202842094,0.02389237608433517
5,48,17,2.2820000000010623,0.009000000000014552,0.10099999999999909,2.392000000001076,0.9540133779264364,0.042224080267539155,0.003762541806024458,5.184777777777906,0.3261111111110546,0.3565555555555117,5.867444444444472,0.8836517885886517,0.055579752684293326,0.06076845872705494
5,48,18,2.907000000001517,0.8279999999992924,0.2019999999998845,3.937000000000694,0.7383794767592087,0.05130810261616685,0.21031242062462446,2.5312222222222673,0.22555555555552734,0.43666666666658527,3.19344444444438,0.7926307365784373,0.07063080616540089,0.13673845725616182
5,48,19,0.057999999999992724,0.0,0.0,0.057999999999992724,1.0,0.0,0.0,1.8703333333334184,0.21255555555551897,0.8075555555555335,2.8904444444444706,0.6470746521104257,0.07353732605518773,0.2793880218343867
5,48,20,0.512000000000171,0.021999999999934516,0.24899999999979627,0.7829999999999018,0.6538952745852301,0.31800766283502874,0.028097062579741094,0.3848888888889579,0.043444444444402514,0.503444444444464,0.9317777777778244,0.41306940138331116,0.046625327927450874,0.540305270689238
5,48,21,0.0,0.02900000000045111,0.0,0.02900000000045111,0.0,0.0,1.0,0.11500000000003406,0.04522222222221404,0.4096666666666932,0.5698888888889413,0.2017937219731354,0.07935270033142697,0.7188535776954377
5,48,24,0.0,0.5809999999999036,0.0,0.5809999999999036,0.0,0.0,1.0,0.0076666666666619235,0.004777777777765964,0.44422222222222746,0.45666666666665534,0.01678832116787324,0.01046228710459726,0.9727493917275295
5,48,26,0.0,0.581000000000131,0.0,0.581000000000131,0.0,0.0,1.0,0.0,0.0,0.19111111111113932,0.19111111111113932,0.0,0.0,1.0
5,48,30,0.0,0.04899999999997817,0.0,0.04899999999997817,0.0,0.0,1.0,0.003444444444438489,0.0,0.03788888888887709,0.04133333333331558,0.08333333333322504,0.0,0.9166666666667749
5,48,34,0.0,0.35999999999989996,0.0,0.35999999999989996,0.0,0.0,1.0,0.0,0.0,0.0732222222222086,0.0732222222222086,0.0,0.0,1.0
5,49,0,0.5610000000001492,0.15699999999992542,0.07200000000011642,0.790000000000191,0.7101265822784981,0.09113924050645444,0.19873417721504744,0.21783333333337396,0.028500000000046082,0.030166666666711233,0.27650000000013125,0.7878239903554088,0.10307414104894233,0.10910186859564887
5,49,1,0.0,0.02400000000034197,0.0,0.02400000000034197,0.0,0.0,1.0,0.14522222222224931,0.01900000000003072,0.022111111111118794,0.18633333333339883,0.7793679189026741,0.10196779964234728,0.11866428145497865
5,49,2,0.0,0.01799999999980173,0.0,0.01799999999980173,0.0,0.0,1.0,0.061666666666699003,0.0,0.007000000000011319,0.06866666666671033,0.8980582524270844,0.0,0.10194174757291556
5,49,3,0.0,0.020999999999958163,0.0,0.020999999999958163,0.0,0.0,1.0,0.05188888888884927,0.0,0.008555555555530088,0.06044444444437936,0.8584558823532101,0.0,0.1415441176467899
5,49,4,0.0,0.009000000000014552,0.0,0.009000000000014552,0.0,0.0,1.0,0.056444444444423425,0.0,0.01122222222220949,0.06766666666663292,0.8341543513958362,0.0,0.16584564860416387
5,49,5,0.0,0.020999999999958163,0.0,0.020999999999958163,0.0,0.0,1.0,0.06688888888882301,0.06777777777779193,0.03533333333330625,0.16999999999992116,0.39346405228737663,0.3986928104577845,0.20784313725483905
5,49,6,0.0,0.23799999999982901,0.40000000000009095,0.63799999999992,0.0,0.626959247649124,0.37304075235087597,0.07044444444439553,0.1167777777777701,0.03888888888890405,0.22611111111106966,0.31154791154775235,0.5164619164619771,0.17199017199027059
5,49,7,0.42999999999938154,0.07000000000039108,0.44099999999980355,0.9409999999995762,0.45696068012707247,0.46865037194474196,0.07438894792818555,0.1004444444443935,0.1167777777777701,0.039000000000037796,0.25622222222220137,0.3920208152643604,0.455767562879452,0.15221162185618767
5,49,8,0.0,0.04300000000012005,0.0,0.04300000000012005,0.0,0.0,1.0,0.2275555555555305,0.17622222222219838,0.025444444444474357,0.42922222222220324,0.5301579083613422,0.41056173958059944,0.05928035205805833
5,49,9,0.2720000000001619,0.027999999999792635,0.3289999999997235,0.628999999999678,0.43243243243291113,0.523052464228763,0.04451510333832586,0.43544444444450564,0.16466666666667606,0.024333333333313726,0.6244444444444954,0.6973309608541336,0.2637010676156519,0.03896797153021453
5,49,10,0.6999999999998181,0.05999999999994543,0.028999999999996362,0.7889999999997599,0.8871989860583411,0.036755386565279075,0.07604562737637983,0.8313333333335574,0.20522222222225792,0.04211111111094903,1.0786666666667644,0.7707045735477276,0.19025545941493138,0.03903996703734105
5,49,11,1.3650000000009186,0.04199999999968895,0.10900000000015098,1.5160000000007585,0.9003957783642715,0.07189973614782087,0.02770448548790761,0.9133333333334122,0.21233333333351664,0.05455555555547815,1.180222222222407,0.7738655620409925,0.17990962154032675,0.0462248164186807
5,49,12,1.0019999999992706,0.08800000000019281,0.39799999999991087,1.4879999999993743,0.6733870967739866,0.26747311827962245,0.05913978494639101,1.0378888888888518,0.3088888888890374,0.08499999999993534,1.4317777777778244,0.7248952351388609,0.215738010243772,0.05936675461736715
5,49,13,2.2180000000007567,0.031000000000176442,0.8279999999997472,3.0770000000006803,0.7208319792006065,0.2690932726680416,0.010074748131351832,2.636555555555282,0.4402222222222336,0.15311111111107797,3.229888888888594,0.8162991502975577,0.13629639822492912,0.04740445147751307
5,49,14,1.2049999999981083,0.02899999999976899,0.6680000000002337,1.901999999998111,0.633543638275134,0.351209253417927,0.015247108306938902,2.8309999999999538,0.31944444444431813,0.14333333333337983,3.2937777777776516,0.8594993927945136,0.09698421265682679,0.043516394548659694
5,49,15,0.398000000000593,0.01900000000023283,0.12200000000007094,0.5390000000008968,0.7384044526900386,0.22634508348769566,0.03525046382226572,3.216666666666647,0.21544444444433944,0.1131111111111396,3.545222222222126,0.9073244115711476,0.06077036386996921,0.03190522455888313
5,49,16,3.1579999999996744,0.03099999999994907,0.01999999999998181,3.2089999999996053,0.9841071985042265,0.006232471174815915,0.009660330320957582,1.4555555555556718,0.05477777777778354,0.025888888889009348,1.5362222222224649,0.9474902357875725,0.03565745696513627,0.016852307247291143
5,49,17,0.10100000000011278,0.021999999999934516,0.0,0.1230000000000473,0.821138211382715,0.0,0.17886178861728502,1.6654444444445744,0.06366666666665172,0.10533333333326785,1.8344444444444938,0.9078740157480779,0.034706238643237436,0.05741974560868474
5,49,18,2.207999999999174,0.02700000000027103,0.0,2.234999999999445,0.9879194630871241,0.0,0.012080536912875943,0.9995555555557175,0.03366666666665374,0.10088888888882745,1.1341111111111988,0.8813559322034645,0.029685509944142277,0.08895855785239315
5,49,19,0.9110000000000582,0.021999999999934516,0.0,0.9329999999999927,0.9764201500536606,0.0,0.02357984994633943,0.7884444444445459,0.050111111111075635,0.13299999999991188,0.9715555555555333,0.8115279048491624,0.051578225068583144,0.13689387008225462
5,49,20,0.0,0.29799999999977445,0.0,0.29799999999977445,0.0,0.0,1.0,0.1645555555555802,0.027666666666644028,0.0525555555555507,0.24477777777777493,0.6722650930550337,0.11302768951420751,0.21470721743075888
5,49,21,0.0,0.10199999999986176,0.0,0.10199999999986176,0.0,0.0,1.0,0.05688888888890789,0.027666666666644028,0.057777777777775756,0.14233333333332768,0.3996877439501884,0.19437939110055125,0.40593286494926034
5,49,22,0.0,0.06899999999995998,0.0,0.06899999999995998,0.0,0.0,1.0,0.0,0.0,0.056333333333365466,0.056333333333365466,0.0,0.0,1.0
5,49,23,0.0,0.22900000000004184,0.0,0.22900000000004184,0.0,0.0,1.0,0.0,0.0,0.17333333333332726,0.17333333333332726,0.0,0.0,1.0
5,49,24,0.0,0.5610000000001492,0.0,0.5610000000001492,0.0,0.0,1.0,0.0,0.0,0.17988888888890464,0.17988888888890464,0.0,0.0,1.0
5,49,25,0.0,0.057999999999992724,0.0,0.057999999999992724,0.0,0.0,1.0,0.0,0.0,0.23611111111113633,0.23611111111113633,0.0,0.0,1.0
5,49,26,0.0,0.05099999999993088,0.0,0.05099999999993088,0.0,0.0,1.0,0.0,0.0,0.12233333333334585,0.12233333333334585,0.0,0.0,1.0
5,49,30,0.0,0.2199999999997999,0.0,0.2199999999997999,0.0,0.0,1.0,0.0,0.0,0.03111111111113334,0.03111111111113334,0.0,0.0,1.0
5,49,31,0.0,0.011000000000422006,0.0,0.011000000000422006,0.0,0.0,1.0,0.0,0.0,0.033222222222219794,0.033222222222219794,0.0,0.0,1.0
5,49,32,0.0,0.018999999999778083,0.0,0.018999999999778083,0.0,0.0,1.0,0.0,0.0,0.0033333333333555658,0.0033333333333555658,0.0,0.0,1.0
5,49,34,0.0,0.010999999999967258,0.0,0.010999999999967258,0.0,0.0,1.0,0.0,0.0,0.04122222222220747,0.04122222222220747,0.0,0.0,1.0
5,49,36,0.0,0.010000000000218279,0.0,0.010000000000218279,0.0,0.0,1.0,0.0,0.0,0.0011111111111353643,0.0011111111111353643,0.0,0.0,1.0
5,49,38,0.0,0.018000000000029104,0.0,0.018000000000029104,0.0,0.0,1.0,0.0,0.0,0.003222222222221818,0.003222222222221818,0.0,0.0,1.0
5,49,39,0.0,0.010999999999967258,0.0,0.010999999999967258,0.0,0.0,1.0,0.0,0.0,0.003222222222221818,0.003222222222221818,0.0,0.0,1.0
5,49,41,0.0,0.011999999999716238,0.0,0.011999999999716238,0.0,0.0,1.0,0.0,0.0,0.0022222222222202017,0.0022222222222202017,0.0,0.0,1.0
5,49,42,0.0,0.008000000000265572,0.0,0.008000000000265572,0.0,0.0,1.0,0.0,0.0,0.0022222222222202017,0.0022222222222202017,0.0,0.0,1.0
5,49,44,0.0,0.009999999999763531,0.0,0.009999999999763531,0.0,0.0,1.0,0.0,0.0,0.002222222222169674,0.002222222222169674,0.0,0.0,1.0
5,49,45,0.0,0.009999999999763531,0.0,0.009999999999763531,0.0,0.0,1.0,0.0,0.0,0.0033333333333050385,0.0033333333333050385,0.0,0.0,1.0
5,49,46,0.0,0.010000000000218279,0.0,0.010000000000218279,0.0,0.0,1.0,0.0,0.0,0.0022222222222202017,0.0022222222222202017,0.0,0.0,1.0
5,49,49,0.0,0.010000000000218279,0.0,0.010000000000218279,0.0,0.0,1.0,0.0,0.0,0.002333333333353949,0.002333333333353949,0.0,0.0,1.0
5,49,50,0.0,0.010999999999967258,0.0,0.010999999999967258,0.0,0.0,1.0,0.0,0.0,0.002333333333353949,0.002333333333353949,0.0,0.0,1.0
5,49,52,0.0,0.01999999999998181,0.0,0.01999999999998181,0.0,0.0,1.0,0.0,0.0,0.003222222222221819,0.003222222222221819,0.0,0.0,1.0
5,49,53,0.0,0.009000000000014552,0.0,0.009000000000014552,0.0,0.0,1.0,0.0,0.0,0.0044444444444404025,0.0044444444444404025,0.0,0.0,1.0
5,49,54,0.0,0.010999999999967258,0.0,0.010999999999967258,0.0,0.0,1.0,0.0,0.0,0.003222222222221819,0.003222222222221819,0.0,0.0,1.0
5,49,56,0.0,0.009000000000014552,0.0,0.009000000000014552,0.0,0.0,1.0,0.0,0.0,0.00466666666665737,0.00466666666665737,0.0,0.0,1.0
5,49,57,0.0,0.021999999999934516,0.0,0.021999999999934516,0.0,0.0,1.0,0.0,0.0,0.0044444444444404025,0.0044444444444404025,0.0,0.0,1.0
5,49,58,0.0,0.009000000000014552,0.0,0.009000000000014552,0.0,0.0,1.0,0.0,0.0,0.0044444444444404025,0.0044444444444404025,0.0,0.0,1.0
5,49,59,0.0,0.009000000000014552,0.0,0.009000000000014552,0.0,0.0,1.0,0.0,0.0,0.003111111111088071,0.003111111111088071,0.0,0.0,1.0
5,49,60,0.0,0.009999999999763531,0.0,0.009999999999763531,0.0,0.0,1.0,0.0,0.0,0.003222222222221819,0.003222222222221819,0.0,0.0,1.0
5,49,61,0.0,0.010000000000218279,0.0,0.010000000000218279,0.0,0.0,1.0,0.0,0.0,0.003222222222221819,0.003222222222221819,0.0,0.0,1.0
5,49,62,0.0,0.009000000000014552,0.0,0.009000000000014552,0.0,0.0,1.0,0.0,0.0,0.00455555555557415,0.00455555555557415,0.0,0.0,1.0
5,49,63,0.0,0.021999999999934516,0.0,0.021999999999934516,0.0,0.0,1.0,0.0,0.0,0.0044444444444404025,0.0044444444444404025,0.0,0.0,1.0
5,49,64,0.0,0.009000000000014552,0.0,0.009000000000014552,0.0,0.0,1.0,0.0,0.0,0.009000000000014552,0.009000000000014552,0.0,0.0,1.0
5,49,65,0.0,0.0500000000001819,0.0,0.0500000000001819,0.0,0.0,1.0,0.0,0.0,0.04888888888889495,0.04888888888889495,0.0,0.0,1.0
5,49,66,0.0,0.10999999999967258,0.0,0.10999999999967258,0.0,0.0,1.0,0.0,0.0,0.04788888888889333,0.04788888888889333,0.0,0.0,1.0
5,50,0,0.19099999999980355,0.0,0.09900000000016007,0.2899999999999636,0.6586206896545777,0.3413793103454224,0.0,0.29216666666646535,0.04216666666669274,0.053333333333398514,0.3876666666665566,0.7536543422180954,0.10877042132425979,0.13757523645764486
5,50,1,0.555000000000291,0.0,0.0,0.555000000000291,1.0,0.0,0.0,0.19922222222218502,0.031444444444433534,0.037555555555576985,0.26822222222219555,0.7427506213752458,0.11723280861637529,0.14001657000837883
5,50,4,0.0,0.028999999999996362,0.0,0.028999999999996362,0.0,0.0,1.0,0.0,0.00433333333340771,0.01122222222220949,0.0155555555556172,0.0,0.27857142857510603,0.721428571424894
5,50,5,0.0,0.020999999999958163,0.0,0.020999999999958163,0.0,0.0,1.0,0.041555555555558184,0.09755555555554768,0.03533333333330625,0.1744444444444121,0.23821656050961337,0.5592356687898675,0.20254777070051927
5,50,6,0.07400000000006912,0.0,0.21000000000003638,0.2840000000001055,0.26056338028183673,0.7394366197181633,0.0,0.08933333333326725,0.14655555555552585,0.03888888888890405,0.2747777777776972,0.325111200970336,0.5333602911444074,0.14152850788525642
5,50,9,0.08899999999994179,0.0,0.2510000000002037,0.3400000000001455,0.2617647058820697,0.7382352941179303,0.0,0.16244444444441797,0.07322222222223394,0.014555555555539793,0.2502222222221917,0.6492007104795471,0.29262877442281787,0.05817051509763504
5,50,10,0.40099999999983993,0.0,0.0500000000001819,0.45100000000002183,0.8891352549885155,0.11086474501148444,0.0,0.31866666666676086,0.08533333333336184,0.014444444444380778,0.41844444444450346,0.7615507169411692,0.2039298990972247,0.03451938396160612
5,50,11,0.04100000000016735,0.0,0.0,0.04100000000016735,1.0,0.0,0.0,0.3932222222221955,0.06511111111113779,0.021111111111091912,0.4794444444444252,0.8201622247971962,0.1358053302433983,0.044032444959405524
5,50,12,0.02999999999974534,0.0,0.0,0.02999999999974534,1.0,0.0,0.0,0.5194444444445657,0.1483333333333121,0.017888888888895355,0.6856666666667732,0.7575757575758167,0.2163344676713015,0.026089774752881732
5,50,13,0.01900000000023283,0.0,0.0,0.01900000000023283,1.0,0.0,0.0,0.4993333333331722,0.21044444444443242,0.016444444444459805,0.7262222222220645,0.6875764993879324,0.2897796817625923,0.022643818849475274
5,50,14,0.020000000000436557,0.0,0.0,0.020000000000436557,1.0,0.0,0.0,0.43111111111107275,0.17977777777778356,0.008777777777797586,0.6196666666666538,0.6957145418683406,0.2901201362739978,0.01416532185766181
5,50,15,0.019999999999527063,0.0,0.0,0.019999999999527063,1.0,0.0,0.0,0.537999999999834,0.09000000000003183,0.008777777777772321,0.6367777777776382,0.8448787297155065,0.14133659047294783,0.013784679811545665
5,50,16,0.04100000000016735,0.0,0.0,0.04100000000016735,1.0,0.0,0.0,0.41633333333329076,0.01577777777778364,0.008000000000012934,0.44011111111108736,0.9459732390809944,0.03584953294624095,0.01817722797276453
5,50,17,0.028999999999541615,0.0,0.0,0.028999999999541615,1.0,0.0,0.0,0.67077777777763,0.0022222222222202013,0.008888888888906068,0.6818888888887563,0.9837053935147212,0.003258921297048346,0.013035685188230433
5,50,18,0.5,0.0,0.0,0.5,1.0,0.0,0.0,0.41655555555543194,0.0,0.007888888888904452,0.4244444444443364,0.9814136125654037,0.0,0.018586387434596372
5,50,23,0.0,0.07799999999997453,0.0,0.07799999999997453,0.0,0.0,1.0,0.0,0.0,0.10877777777778241,0.10877777777778241,0.0,0.0,1.0
5,50,24,0.0,0.041999999999916326,0.0,0.041999999999916326,0.0,0.0,1.0,0.0,0.0,0.11533333333335982,0.11533333333335982,0.0,0.0,1.0
5,50,25,0.0,0.07000000000016371,0.0,0.07000000000016371,0.0,0.0,1.0,0.0,0.0,0.10700000000002143,0.10700000000002143,0.0,0.0,1.0
5,50,26,0.0,0.18100000000004002,0.0,0.18100000000004002,0.0,0.0,1.0,0.0,0.0,0.11088888888889414,0.11088888888889414,0.0,0.0,1.0
5,50,27,0.0,0.15999999999985448,0.0,0.15999999999985448,0.0,0.0,1.0,0.0,0.0,0.09666666666665454,0.09666666666665454,0.0,0.0,1.0
5,50,66,0.0,0.27100000000018554,0.0,0.27100000000018554,0.0,0.0,1.0,0.0,0.0,0.04788888888889333,0.04788888888889333,0.0,0.0,1.0
5,51,0,0.13999999999987267,0.1390000000001237,0.08199999999987995,0.3609999999998763,0.38781163434881066,0.22714681440417742,0.38504155124701195,0.3268333333331839,0.04016666666666424,0.0631666666666509,0.430166666666499,0.7597830298333466,0.09337466098414544,0.14684230918250799
5,51,1,0.3059999999986758,0.0,0.0,0.3059999999986758,1.0,0.0,0.0,0.2233333333333323,0.0301111111110812,0.0421111111111006,0.2955555555555141,0.7556390977444634,0.10187969924803339,0.14248120300750322
5,51,2,0.040000000000873115,0.0,0.02999999999974534,0.07000000000061846,0.5714285714359959,0.4285714285640041,0.0,0.11088888888886887,0.012333333333344854,0.0034444444444387853,0.12666666666665252,0.8754385964911678,0.0973684210527334,0.027192982456098712
5,51,3,0.0,0.0,0.03900000000066939,0.03900000000066939,0.0,1.0,0.0,0.006666666666761659,0.012333333333344854,0.008777777777772321,0.027777777777878834,0.2400000000025466,0.44399999999879947,0.3159999999986539
5,51,6,0.2999999999999545,0.0,0.26799999999980173,0.5679999999997563,0.5281690140846537,0.4718309859153464,0.0,0.041555555555558184,0.05311111111109312,0.015666666666675152,0.11033333333332646,0.3766364551863514,0.48136958710963534,0.14199395770401324
5,51,27,0.0,0.4780000000000655,0.0,0.4780000000000655,0.0,0.0,1.0,0.0,0.0,0.18411111111110282,0.18411111111110282,0.0,0.0,1.0
5,52,0,0.692000000000462,0.23999999999978172,0.05999999999994543,0.9920000000001892,0.697580645161623,0.06048387096767539,0.24193548387070157,0.2106666666664978,0.023666666666637564,0.0631666666666509,0.29749999999978627,0.708123249299661,0.07955182072825065,0.21232492997208832
5,52,1,0.07699999999999818,0.0,0.0,0.07699999999999818,1.0,0.0,0.0,0.14588888888887494,0.019111111111063412,0.0421111111111006,0.20711111111103897,0.7043991416310793,0.09227467811138981,0.2033261802575308
5,52,2,0.009000000000014552,0.0,0.0,0.009000000000014552,1.0,0.0,0.0,0.049222222222169876,0.012333333333344854,0.0034444444444387853,0.06499999999995351,0.7572649572646936,0.18974358974390268,0.05299145299140383
5,52,3,0.010999999999967258,0.03099999999994907,0.04199999999968895,0.08399999999960528,0.13095238095260653,0.4999999999986466,0.3690476190487469,0.006666666666761659,0.012333333333344854,0.0055555555555505025,0.024555555555657013,0.27149321267243,0.502262443437308,0.22624434389026216
5,52,4,0.0,0.019000000000005457,0.0,0.019000000000005457,0.0,0.0,1.0,0.0012222222222185843,0.009000000000039816,0.01466666666667354,0.02488888888893194,0.04910714285691175,0.3616071428581171,0.5892857142849711
5,52,5,0.0,0.08200000000010732,0.0,0.08200000000010732,0.0,0.0,1.0,0.03333333333332828,0.02977777777775575,0.013111111111129503,0.07622222222221353,0.43731778425654333,0.3906705539356156,0.17201166180784108
5,52,6,0.0,0.01700000000005275,0.0,0.01700000000005275,0.0,0.0,1.0,0.03333333333332828,0.02977777777775575,0.013333333333346471,0.07644444444443049,0.43604651162792046,0.38953488372071315,0.1744186046513665
5,52,7,0.0,0.020999999999958163,0.0,0.020999999999958163,0.0,0.0,1.0,0.03333333333332828,0.02977777777775575,0.0055555555555505025,0.06866666666663453,0.48543689320403716,0.4336569579286848,0.08090614886727819
5,52,8,0.0,0.011999999999943611,0.0,0.011999999999943611,0.0,0.0,1.0,0.0,0.0,0.0036666666666557526,0.0036666666666557526,0.0,0.0,1.0
5,52,10,0.0,0.009000000000014552,0.0,0.009000000000014552,0.0,0.0,1.0,0.0,0.0,0.0021111111111117176,0.0021111111111117176,0.0,0.0,1.0
5,52,11,0.0,0.009999999999990905,0.0,0.009999999999990905,0.0,0.0,1.0,0.0,0.0,0.0021111111111117176,0.0021111111111117176,0.0,0.0,1.0
5,52,14,0.0,0.009000000000014552,0.0,0.009000000000014552,0.0,0.0,1.0,0.0,0.0,0.0022222222222202013,0.0022222222222202013,0.0,0.0,1.0
5,52,15,0.0,0.010999999999967258,0.0,0.010999999999967258,0.0,0.0,1.0,0.0,0.0,0.0033333333333303017,0.0033333333333303017,0.0,0.0,1.0
5,52,16,0.0,0.009999999999990905,0.0,0.009999999999990905,0.0,0.0,1.0,0.0,0.0,0.0023333333333286845,0.0023333333333286845,0.0,0.0,1.0
5,52,18,0.0,0.009999999999990905,0.0,0.009999999999990905,0.0,0.0,1.0,0.0,0.0,0.0011111111111101006,0.0011111111111101006,0.0,0.0,1.0
5,52,21,0.0,0.009999999999990905,0.0,0.009999999999990905,0.0,0.0,1.0,0.0,0.0,0.0011111111111101006,0.0011111111111101006,0.0,0.0,1.0
5,52,23,0.0,0.010999999999967258,0.0,0.010999999999967258,0.0,0.0,1.0,0.0,0.0,0.08133333333333011,0.08133333333333011,0.0,0.0,1.0
5,52,24,0.0,0.24200000000018917,0.0,0.24200000000018917,0.0,0.0,1.0,0.0,0.0,0.178999999999961,0.178999999999961,0.0,0.0,1.0
5,52,25,0.0,0.1879999999998745,0.0,0.1879999999998745,0.0,0.0,1.0,0.0,0.0,0.180999999999939,0.180999999999939,0.0,0.0,1.0
5,52,26,0.0,0.05799999999976535,0.0,0.05799999999976535,0.0,0.0,1.0,0.0,0.0,0.24388888888885654,0.24388888888885654,0.0,0.0,1.0
5,52,27,0.0,0.7800000000002001,0.0,0.7800000000002001,0.0,0.0,1.0,0.0,0.0,0.14622222222222567,0.14622222222222567,0.0,0.0,1.0
5,53,0,0.04899999999997817,0.0,0.0,0.04899999999997817,1.0,0.0,0.0,0.14133333333351553,0.011666666666542369,0.03999999999996362,0.19300000000002152,0.7322970639041438,0.06044905008570502,0.2072538860101511
5,53,23,0.0,0.028999999999996362,0.0,0.028999999999996362,0.0,0.0,1.0,0.0,0.0,0.13244444444444525,0.13244444444444525,0.0,0.0,1.0
5,53,24,0.0,0.4499999999998181,0.0,0.4499999999998181,0.0,0.0,1.0,0.0,0.0,0.33233333333330645,0.33233333333330645,0.0,0.0,1.0
5,53,25,0.0,0.6909999999998035,0.0,0.6909999999998035,0.0,0.0,1.0,0.0,0.0,0.29544444444440565,0.29544444444440565,0.0,0.0,1.0
5,54,0,0.030000000000654836,0.0,0.009999999999308784,0.03999999999996362,0.750000000017053,0.24999999998294697,0.0,0.11700000000011339,0.15333333333319388,0.0,0.2703333333333073,0.432799013563963,0.567200986436037,0.0
5,54,13,0.0,0.45200000000022555,0.0,0.45200000000022555,0.0,0.0,1.0,0.005555555555575766,0.0,0.09911111111109171,0.10466666666666748,0.05307855626346232,0.0,0.9469214437365376
5,54,14,0.0,0.3009999999999309,0.0,0.3009999999999309,0.0,0.0,1.0,0.0044444444444404025,0.0012222222222691142,0.10677777777780445,0.11244444444451397,0.039525691699544355,0.010869565217801606,0.949604743082654
5,54,15,0.0,0.057999999999992724,0.0,0.057999999999992724,0.0,0.0,1.0,0.002222222222169674,0.002222222222270731,0.060888888888863825,0.06533333333330422,0.03401360544138771,0.03401360544293451,0.9319727891156778
5,54,16,0.0,0.04899999999997817,0.0,0.04899999999997817,0.0,0.0,1.0,0.0012222222221680568,0.004222222222273965,0.023222222222254157,0.028666666666696178,0.0426356589127953,0.1472868217070797,0.8100775193801251
5,54,17,0.0,0.032000000000152795,0.0,0.032000000000152795,0.0,0.0,1.0,0.0,0.004333333333306657,0.06211111111108242,0.06644444444438907,0.0,0.0652173913040007,0.9347826086959994
5,54,18,0.0,0.419999999999618,0.0,0.419999999999618,0.0,0.0,1.0,0.0,0.004444444444440405,0.06011111111112971,0.06455555555557012,0.0,0.06884681583468955,0.9311531841653105
5,54,19,0.0,0.04100000000016735,0.0,0.04100000000016735,0.0,0.0,1.0,0.0,0.002444444444437171,0.0666666666665555,0.06911111111099268,0.0,0.03536977491956952,0.9646302250804305
5,54,20,0.0,0.07899999999972351,0.0,0.07899999999972351,0.0,0.0,1.0,0.0,0.0011111111111353667,0.029888888888864235,0.0309999999999996,0.0,0.035842293907592936,0.964157706092407
5,54,21,0.0,0.09000000000060027,0.0,0.09000000000060027,0.0,0.0,1.0,0.0,0.0,0.03444444444438786,0.03444444444438786,0.0,0.0,1.0
5,54,22,0.0,0.07999999999992724,0.0,0.07999999999992724,0.0,0.0,1.0,0.0,0.0,0.0654444444444885,0.0654444444444885,0.0,0.0,1.0
5,54,23,0.0,0.34999999999990905,0.0,0.34999999999990905,0.0,0.0,1.0,0.0,0.0,0.10555555555553535,0.10555555555553535,0.0,0.0,1.0
5,54,24,0.0,0.03000000000020009,0.0,0.03000000000020009,0.0,0.0,1.0,0.0,0.0,0.283333333333303,0.283333333333303,0.0,0.0,1.0
5,54,25,0.0,1.0,0.0,1.0,0.0,0.0,1.0,0.0,0.0,0.24122222222220238,0.24122222222220238,0.0,0.0,1.0
5,55,0,0.6230000000000473,0.0,0.8989999999994325,1.5219999999994798,0.4093298291723129,0.5906701708276871,0.0,0.1696666666668989,0.16999999999984539,0.0,0.3396666666667443,0.49950932286612404,0.500490677133876,0.0
5,55,1,0.0,0.0,0.011000000000422006,0.011000000000422006,0.0,1.0,0.0,0.11444444444456774,0.11444444444426456,0.0,0.2288888888888323,0.5000000000006622,0.49999999999933775,0.0
5,55,2,0.0,0.0,0.009999999999308784,0.009999999999308784,0.0,1.0,0.0,0.004555555555473095,0.0034444444444387858,0.0,0.00799999999991188,0.5694444444404093,0.4305555555595908,0.0
5,55,3,0.0,0.0,0.010000000000218279,0.010000000000218279,0.0,1.0,0.0,0.0034444444444387853,0.0022222222221696735,0.0,0.005666666666608458,0.607843137260147,0.392156862739853,0.0
5,55,5,0.0,0.13000000000010914,0.07900000000017826,0.2090000000002874,0.0,0.3779904306223427,0.6220095693776573,0.0032222222222723453,0.024111111111122022,0.017888888888895355,0.04522222222228972,0.07125307125407328,0.5331695331689786,0.39557739557694815
5,55,6,0.010000000000218279,0.03099999999994907,0.13799999999991996,0.1790000000000873,0.05586592178890168,0.7709497206695679,0.17318435754153044,0.017666666666779445,0.02411111111112203,0.02011111111111556,0.06188888888901703,0.28545780969602474,0.3895870736079874,0.3249551166959879
5,55,7,0.12000000000034561,0.01999999999998181,0.0,0.14000000000032742,0.8571428571433212,0.0,0.14285714285667883,0.020111111111216613,0.01533333333332444,0.008666666666663837,0.044111111111204894,0.4559193954674174,0.3476070528957848,0.19647355163679772
5,55,8,0.010000000000218279,0.027000000000043656,0.0,0.037000000000261934,0.2702702702742564,0.0,0.7297297297257437,0.021111111111117173,0.0,0.010111111111099389,0.031222222222216562,0.6761565836302099,0.0,0.32384341636979
5,55,9,0.018999999999323336,0.04399999999986903,0.0,0.06299999999919237,0.3015873015804271,0.0,0.6984126984195729,0.013777777777654087,0.0,0.011111111111101005,0.02488888888875509,0.5535714285694348,0.0,0.4464285714305653
5,55,10,0.032000000000152795,0.028999999999996362,0.0,0.06100000000014916,0.5245901639356484,0.0,0.47540983606435167,0.02222222222220201,0.0,0.009222222222231518,0.03144444444443353,0.7067137809183305,0.0,0.2932862190816696
5,55,11,0.01900000000023283,0.010000000000218279,0.0,0.02900000000045111,0.6551724137909406,0.0,0.34482758620905946,0.031222222222216562,0.0,0.007777777777795969,0.03900000000001253,0.8005698005693982,0.0,0.19943019943060178
5,55,12,0.02099999999973079,0.03099999999994907,0.0,0.05199999999967986,0.403846153843463,0.0,0.596153846156537,0.025444444444474357,0.0034444444444387875,0.062222222222317214,0.09111111111123035,0.27926829268288966,0.03780487804866892,0.6829268292684415
5,55,13,0.020000000000436557,0.028999999999996362,0.0,0.04900000000043292,0.4081632653114256,0.0,0.5918367346885743,0.015555555555490881,0.0034444444444387875,0.10455555555553371,0.12355555555546338,0.12589928057511005,0.027877697841701632,0.8462230215831883
5,55,14,0.009000000000014552,0.07899999999972351,0.0,0.08799999999973807,0.10227272727319706,0.0,0.897727272726803,0.0044444444444404025,0.0046666666667079,0.11222222222224648,0.12133333333339479,0.036630036629984764,0.03846153846185881,0.9249084249081564
5,55,15,0.01099999999951251,0.042000000000371074,0.011000000000422006,0.06400000000030559,0.1718749999915623,0.17187500000577316,0.6562500000026645,0.002222222222169674,0.002222222222270731,0.06211111111103188,0.06655555555547228,0.033388981635312336,0.033388981636830725,0.933222036727857
5,55,16,0.0,0.018999999999778083,0.009000000000014552,0.027999999999792635,0.0,0.3214285714314716,0.6785714285685284,0.0012222222221680568,0.004222222222273965,0.023222222222254157,0.028666666666696178,0.0426356589127953,0.1472868217070797,0.8100775193801251
5,55,17,0.0,0.009000000000014552,0.018000000000029104,0.027000000000043656,0.0,0.6666666666666666,0.3333333333333333,0.0,0.004333333333306657,0.06211111111108242,0.06644444444438907,0.0,0.0652173913040007,0.9347826086959994
5,55,18,0.0,0.03000000000020009,0.011999999999716238,0.041999999999916326,0.0,0.2857142857080987,0.7142857142919014,0.0,0.004444444444440405,0.06011111111112971,0.06455555555557012,0.0,0.06884681583468955,0.9311531841653105
5,55,19,0.0,0.009000000000014552,0.010000000000218279,0.01900000000023283,0.0,0.5263157894787229,0.473684210521277,0.0,0.002444444444437171,0.0666666666665555,0.06911111111099268,0.0,0.03536977491956952,0.9646302250804305
5,55,20,0.0,0.020999999999276042,0.0,0.020999999999276042,0.0,0.0,1.0,0.0,0.0011111111111353667,0.029888888888864235,0.0309999999999996,0.0,0.035842293907592936,0.964157706092407
5,55,21,0.0,0.028999999999996362,0.0,0.028999999999996362,0.0,0.0,1.0,0.0,0.0,0.03444444444438786,0.03444444444438786,0.0,0.0,1.0
5,55,22,0.0,0.010999999999967258,0.0,0.010999999999967258,0.0,0.0,1.0,0.0,0.0,0.06222222222226668,0.06222222222226668,0.0,0.0,1.0
5,56,0,0.3470000000006621,0.0,0.09999999999990905,0.44700000000057116,0.7762863534680509,0.22371364653194917,0.0,0.32016666666663696,0.18850000000012793,0.0,0.5086666666667649,0.6294233289644334,0.3705766710355666,0.0
5,56,1,0.018000000000029104,0.0,0.0,0.018000000000029104,1.0,0.0,0.0,0.21477777777772644,0.12677777777778626,0.0,0.3415555555555127,0.6288223812621276,0.3711776187378723,0.0
5,56,2,0.011999999999716238,0.0,0.0,0.011999999999716238,1.0,0.0,0.0,0.004555555555473095,0.0034444444444387858,0.0,0.00799999999991188,0.5694444444404093,0.4305555555595908,0.0
5,56,3,0.01099999999951251,0.0,0.0,0.01099999999951251,1.0,0.0,0.0,0.0034444444444387853,0.0022222222221696735,0.0,0.005666666666608458,0.607843137260147,0.392156862739853,0.0
5,56,4,0.00800000000072032,0.0,0.0,0.00800000000072032,1.0,0.0,0.0,0.002111111111136981,0.009888888888932948,0.014444444444456571,0.0264444444445265,0.07983193277383979,0.37394957983243854,0.5462184873937217
5,56,6,0.01099999999951251,0.0,0.0,0.01099999999951251,1.0,0.0,0.0,0.017666666666779445,0.02411111111112203,0.02011111111111556,0.06188888888901703,0.28545780969602474,0.3895870736079874,0.3249551166959879
5,56,7,0.0180000000009386,0.0,0.0,0.0180000000009386,1.0,0.0,0.0,0.020111111111216613,0.01533333333332444,0.008666666666663837,0.044111111111204894,0.4559193954674174,0.3476070528957848,0.19647355163679772
5,56,8,0.011999999999716238,0.0,0.0,0.011999999999716238,1.0,0.0,0.0,0.021111111111117173,0.0,0.010111111111099389,0.031222222222216562,0.6761565836302099,0.0,0.32384341636979
5,56,9,0.01099999999951251,0.0,0.0,0.01099999999951251,1.0,0.0,0.0,0.013777777777654087,0.0,0.011111111111101005,0.02488888888875509,0.5535714285694348,0.0,0.4464285714305653
5,56,10,0.03999999999996362,0.0,0.0,0.03999999999996362,1.0,0.0,0.0,0.02222222222220201,0.0,0.009222222222231518,0.03144444444443353,0.7067137809183305,0.0,0.2932862190816696
5,56,11,0.07900000000063301,0.0,0.0,0.07900000000063301,1.0,0.0,0.0,0.031222222222216562,0.0,0.007777777777795969,0.03900000000001253,0.8005698005693982,0.0,0.19943019943060178
5,56,12,0.08999999999923602,0.0,0.0,0.08999999999923602,1.0,0.0,0.0,0.025444444444474357,0.0034444444444387875,0.012000000000069929,0.04088888888898307,0.6222826086949503,0.08423913043445022,0.2934782608705994
5,56,13,0.0,0.03800000000046566,0.03099999999994907,0.06900000000041473,0.0,0.44927536231540205,0.550724637684598,0.015555555555490881,0.0034444444444387875,0.02088888888884968,0.03988888888877935,0.38997214484624615,0.08635097493045742,0.5236768802232963
5,56,14,0.0,0.01099999999951251,0.0,0.01099999999951251,0.0,0.0,1.0,0.0044444444444404025,0.0046666666667079,0.022111111111118787,0.031222222222267088,0.14234875444806458,0.14946619217192436,0.7081850533800111
5,57,0,0.9329999999990832,0.0,0.12100000000100408,1.0540000000000873,0.8851992409857742,0.11480075901422586,0.0,0.25966666666666544,0.03983333333349037,0.0,0.2995000000001558,0.8670005564825721,0.13299944351742787,0.0
5,58,0,0.2600000000002183,0.0,0.018000000000029104,0.2780000000002474,0.935251798561104,0.064748201438896,0.0,0.32999999999985147,0.026333333333468545,0.0,0.35633333333332,0.9260991580912923,0.07390084190870776,0.0
5,59,0,0.7869999999998072,0.0,0.018999999999778083,0.8059999999995853,0.9764267990077073,0.02357320099229263,0.0,0.20633333333330484,0.012999999999995756,0.0,0.2193333333333006,0.9407294832826852,0.059270516717314724,0.0
5,59,7,0.03799999999978354,0.0,0.1510000000000673,0.18899999999985084,0.20105820105721445,0.7989417989427856,0.0,0.014333333333322824,0.07922222222224365,0.0,0.09355555555556647,0.15320665083122373,0.8467933491687764,0.0
5,59,8,0.09100000000012187,0.0,0.5620000000001255,0.6530000000002474,0.1393568147015121,0.8606431852984879,0.0,0.024222222222205245,0.07922222222224365,0.0,0.10344444444444889,0.23415682062281185,0.7658431793771882,0.0
5,59,9,0.08899999999994179,0.0,0.0,0.08899999999994179,1.0,0.0,0.0,0.02000000000000707,0.062444444444458395,0.0,0.08244444444446547,0.24258760107819102,0.7574123989218089,0.0
5,60,0,0.19099999999980355,0.0,0.04100000000016735,0.2319999999999709,0.823275862068222,0.17672413793177796,0.0,0.1629999999999351,0.021499999999908443,0.010000000000066697,0.19449999999991027,0.8380462724936263,0.11053984575793502,0.05141388174843861
5,61,0,0.0,0.06000000000040018,0.06899999999950523,0.1289999999999054,0.0,0.5348837209267894,0.4651162790732106,0.031833333333300594,0.018333333333278762,0.06500000000005457,0.11516666666663393,0.2764109985526163,0.15918958031795058,0.5643994211294331
5,62,0,0.0,0.32999999999992724,0.0,0.32999999999992724,0.0,0.0,1.0,0.009833333333290284,0.012999999999919964,0.08666666666673943,0.10949999999994968,0.08980213089766943,0.11872146118653826,0.7914764079157923
5,63,0,0.058999999999741704,0.13000000000010914,0.009000000000014552,0.1979999999998654,0.297979797978696,0.04545454545464985,0.6565656565666541,0.018166666666653935,0.01683333333335213,0.08000000000000303,0.1150000000000091,0.15797101449263043,0.14637681159435476,0.6956521739130148
5,64,0,0.0500000000001819,0.01999999999998181,0.09200000000009823,0.16200000000026193,0.3086419753092658,0.5679012345675893,0.1234567901231449,0.018166666666653935,0.02833333333334546,0.02500000000001516,0.07150000000001455,0.2540792540790243,0.3962703962704852,0.3496503496504905
5,65,0,0.0,0.0,0.0409999999997126,0.0409999999997126,0.0,1.0,0.0,0.00833333333336365,0.026833333333343035,0.0033333333333303017,0.038500000000036984,0.21645021645079596,0.6969696969692795,0.08658008657992466
5,65,1,0.0,0.0,0.028000000000247383,0.028000000000247383,0.0,1.0,0.0,0.044333333333270275,0.051444444444465866,0.0022222222222202013,0.09799999999995633,0.4523809523805105,0.5249433106580489,0.02267573696144073
5,65,2,0.01999999999998181,0.0,0.262000000000171,0.2820000000001528,0.07092198581549991,0.9290780141845001,0.0,0.08666666666663837,0.03666666666670911,0.0,0.12333333333334748,0.7027027027023927,0.29729729729760734,0.0
5,65,3,0.09000000000014552,0.0,0.0,0.09000000000014552,1.0,0.0,0.0,0.08666666666663837,0.033555555555570514,0.0,0.12022222222220888,0.7208872458408798,0.2791127541591203,0.0
5,66,2,0.32899999999926877,0.0,0.03999999999996362,0.3689999999992324,0.891598915989033,0.10840108401096701,0.0,0.10222222222223032,0.03666666666670911,0.0,0.13888888888893944,0.7359999999997904,0.2640000000002095,0.0
5,66,3,0.34100000000034925,0.0,0.0,0.34100000000034925,1.0,0.0,0.0,0.11633333333333618,0.04022222222223112,0.0,0.1565555555555673,0.7430801987224607,0.25691980127753933,0.0
5,67,0,0.3599999999996726,0.0,0.07799999999951979,0.43799999999919237,0.8219178082199461,0.1780821917800539,0.0,0.12683333333332786,0.02516666666671578,0.0,0.15200000000004363,0.834429824561128,0.1655701754388721,0.0
5,67,1,0.021000000000185537,0.0,0.0,0.021000000000185537,1.0,0.0,0.0,0.12222222222216157,0.021222222222250925,0.0,0.1434444444444125,0.8520526723467847,0.14794732765321522,0.0
5,67,2,0.010000000000218279,0.0,0.0,0.010000000000218279,1.0,0.0,0.0,0.08999999999999393,0.0044444444444404025,0.0,0.09444444444443434,0.9529411764706259,0.047058823529374,0.0
5,67,3,0.1089999999999236,0.0,0.0,0.1089999999999236,1.0,0.0,0.0,0.11099999999997735,0.011111111111101005,0.0,0.12211111111107836,0.9090081892630246,0.0909918107369753,0.0
5,67,4,0.14800000000013824,0.0,0.05999999999994543,0.20800000000008367,0.7115384615388399,0.28846153846116007,0.0,0.07333333333336768,0.006666666666660603,0.0,0.08000000000002828,0.9166666666667719,0.08333333333322808,0.0
5,67,10,0.0,0.17800000000033833,0.19000000000005457,0.3680000000003929,0.0,0.516304347825684,0.483695652174316,0.0,0.10555555555553535,0.01977777777781537,0.12533333333335073,0.0,0.8421985815600056,0.15780141843999435
5,67,11,0.0,0.0,0.20200000000022555,0.20200000000022555,0.0,1.0,0.0,0.0,0.10555555555553535,0.01977777777781537,0.12533333333335073,0.0,0.8421985815600056,0.15780141843999435
5,68,0,0.38000000000010914,0.0,0.07300000000077489,0.45300000000088403,0.8388520971288468,0.16114790287115327,0.0,0.15516666666667334,0.02516666666671578,0.0,0.1803333333333891,0.8604436229202884,0.13955637707971164,0.0
5,68,4,0.06199999999989814,0.0,0.0,0.06199999999989814,1.0,0.0,0.0,0.03544444444444,0.006666666666660603,0.0,0.0421111111111006,0.8416886543536665,0.15831134564633353,0.0
5,68,11,0.0,0.0,0.557999999999538,0.557999999999538,0.0,1.0,0.0,0.0,0.10555555555553535,0.01977777777781537,0.12533333333335073,0.0,0.8421985815600056,0.15780141843999435
5,69,0,0.17000000000007276,0.0,0.0,0.17000000000007276,1.0,0.0,0.0,0.15500000000004852,0.012166666666795814,0.0,0.16716666666684432,0.9272183449644095,0.07278165503559053,0.0
5,70,0,0.38000000000010914,0.0,0.0,0.38000000000010914,1.0,0.0,0.0,0.12483333333329938,0.013500000000021828,0.0,0.1383333333333212,0.9024096385540505,0.09759036144594949,0.0
5,71,0,0.19899999999961437,0.0,0.08100000000013097,0.27999999999974534,0.7107142857135549,0.2892857142864451,0.0,0.10999999999997574,0.02016666666668243,0.0,0.13016666666665816,0.8450704225350801,0.15492957746491998,0.0
5,72,0,0.08100000000013097,0.0,0.03999999999996362,0.12100000000009459,0.6694214876038649,0.3305785123961351,0.0,0.06999999999993634,0.030250000000023647,0.0,0.10024999999995998,0.6982543640894192,0.3017456359105808,0.0
6,38,0,0.0,0.0820000000003347,0.0,0.0820000000003347,0.0,0.0,1.0,0.0,0.017749999999693955,0.6162500000004911,0.6340000000001851,0.0,0.027996845425376615,0.9720031545746234
6,39,0,0.0,2.38300000000163,0.07099999999877582,2.4540000000004056,0.0,0.028932355337719675,0.9710676446622803,0.004999999999957557,0.39966666666661393,0.6805000000005444,1.0851666666671158,0.004607587160149427,0.3682998003376887,0.627092612502162
6,40,0,0.02999999999974534,1.6180000000013024,2.3270000000009077,3.9750000000019554,0.007547169811252977,0.5854088050313869,0.4070440251573601,0.15283333333343307,1.8926666666664005,0.8670000000005302,2.912500000000364,0.05247496423464858,0.6498426323317301,0.2976824034336213
6,40,4,0.0,0.028999999999541615,0.0,0.028999999999541615,0.0,0.0,1.0,0.1252222222222675,0.04711111111110869,0.03533333333325572,0.20766666666663192,0.6029962546819669,0.22685928303908462,0.1701444622789485
6,41,0,0.8870000000008531,1.1800000000000637,8.95799999999872,11.024999999999636,0.08045351473930906,0.8125170068026317,0.1070294784580592,0.3073333333334934,3.569000000000112,0.6973333333335555,4.573666666667161,0.06719626849357777,0.7803367101522614,0.15246702135416082
6,41,1,0.0,0.021000000000185537,0.0,0.021000000000185537,0.0,0.0,1.0,0.2068888888889988,2.3825555555556295,0.4658888888890386,3.0553333333336665,0.06771401556479693,0.7798021674302977,0.15248381700490546
6,41,2,0.0,0.009000000000014552,0.0,0.009000000000014552,0.0,0.0,1.0,0.013111111111255824,0.01766666666662786,0.0044444444444404025,0.03522222222232409,0.37223974763710144,0.5015772870636938,0.12618296529920486
6,41,3,0.0,0.009999999999763531,0.0,0.009999999999763531,0.0,0.0,1.0,0.44377777777784405,0.05377777777776929,0.027444444444376534,0.5249999999999899,0.8452910052911478,0.10243386243384824,0.052275132275003924
6,41,4,1.1270000000004075,0.19900000000006912,0.42399999999997817,1.7500000000004547,0.6440000000000655,0.24228571428563886,0.11371428571429566,0.44177777777784083,0.0528888888888509,0.03533333333325572,0.5299999999999474,0.833542976939405,0.0997903563940682,0.06666666666652685
6,41,5,0.0,0.07999999999992724,0.0,0.07999999999992724,0.0,0.0,1.0,0.43711111111113293,0.05077777777776444,0.03422222222217088,0.5221111111110682,0.8371994041286486,0.09725473504999309,0.06554586082135842
6,42,0,0.8969999999997071,1.3649999999997817,10.018000000001166,12.280000000000655,0.07304560260583545,0.8157980456026573,0.11115635179150724,0.4523333333335889,4.214499999999892,0.5839999999998705,5.250833333333351,0.08614505634031183,0.8026345024599036,0.11122044119978451
6,42,1,0.030000000000654836,0.0,0.11099999999987631,0.14100000000053114,0.21276595745065124,0.7872340425493487,0.0,0.30355555555572916,2.8138888888888185,0.3903333333332486,3.5077777777777963,0.08653785239155996,0.8021856192587656,0.11127652834967433
6,42,2,0.018000000000029104,0.0,0.028999999999996362,0.047000000000025466,0.38297872340466704,0.617021276595333,0.0,0.06433333333340367,0.019666666666631093,0.0044444444444404025,0.08844444444447518,0.7273869346739094,0.22236180904474664,0.05025125628134387
6,42,3,0.07000000000061846,0.0,0.018999999999778083,0.08900000000039654,0.7865168539360289,0.21348314606397112,0.0,0.6338888888889819,0.06899999999995998,0.024222222222205245,0.7271111111111471,0.871790953545317,0.09489608801950017,0.033312958435182824
6,42,4,2.7789999999995416,0.0,0.012000000000170985,2.7909999999997126,0.9957004657828118,0.004299534217188184,0.0,0.6318888888889785,0.06933333333326018,0.03211111111108444,0.7333333333333232,0.8616666666668008,0.0945454545453561,0.04378787878784302
6,42,5,0.0,0.0,0.02099999999973079,0.02099999999973079,0.0,1.0,0.0,0.5760000000001229,0.06844444444439231,0.030999999999999597,0.6754444444445148,0.8527718374733617,0.10133245599596424,0.04589570653067401
6,42,6,0.028000000000247383,0.0,0.0,0.028000000000247383,1.0,0.0,0.0,0.004333333333357182,0.011333333333317973,0.008888888888880805,0.024555555555555962,0.1764705882362624,0.46153846153782835,0.36199095022590916
6,42,7,0.010999999999967258,0.0,0.0,0.010999999999967258,1.0,0.0,0.0,0.005555555555575766,0.18700000000001182,0.0,0.1925555555555876,0.028851702250532935,0.9711482977494671,0.0
6,42,8,0.010999999999967258,0.0,0.45100000000002183,0.4619999999999891,0.023809523809453503,0.9761904761905466,0.0,0.0034444444444387853,0.19688888888890688,0.0,0.20033333333334566,0.01719356627839554,0.9828064337216045,0.0
6,42,9,0.009000000000014552,0.0,0.10900000000003729,0.11800000000005184,0.07627118644076777,0.9237288135592322,0.0,0.02988888888886423,0.22855555555557003,0.1453333333333325,0.4037777777777668,0.07402311502470704,0.5660429279031882,0.3599339570721046
6,42,10,0.24899999999979627,0.4899999999997817,0.3260000000001355,1.0649999999997135,0.23380281690128005,0.30610328638518614,0.46009389671353385,0.028666666666645645,0.0592222222222492,0.1453333333333325,0.23322222222222735,0.12291567413044552,0.25393044306823775,0.6231538828013167
6,42,11,0.0,0.0,0.09800000000007003,0.09800000000007003,0.0,1.0,0.0,0.027666666666644028,0.06466666666669123,0.1453333333333325,0.23766666666666775,0.11640953716680463,0.27208976157092957,0.6115007012622659
6,42,12,0.0,0.0,0.14999999999997726,0.14999999999997726,0.0,1.0,0.0,0.009666666666665455,0.06466666666666597,0.004777777777765853,0.07911111111109727,0.12219101123596111,0.8174157303372129,0.06039325842682613
6,42,13,0.0,0.0,0.13999999999998636,0.13999999999998636,0.0,1.0,0.0,0.009666666666665455,0.07422222222222292,0.00566666666668425,0.08955555555557262,0.10794044665008996,0.8287841191065496,0.06327543424336046
6,42,14,0.0,0.008000000000265572,0.1309999999999718,0.13900000000023738,0.0,0.9424460431636553,0.05755395683634468,0.009666666666665455,0.05788888888888424,0.006888888888902835,0.07444444444445253,0.12985074626862633,0.7776119402983606,0.09253731343301311
6,42,15,0.0,0.010999999999967258,0.010999999999967258,0.021999999999934516,0.0,0.5,0.5,0.0,0.021666666666672222,0.004333333333357182,0.026000000000029402,0.0,0.8333333333326046,0.16666666666739546
6,42,16,0.0,0.01999999999998181,0.0,0.01999999999998181,0.0,0.0,1.0,0.0,0.0012222222222185843,0.07133333333331393,0.07255555555553252,0.0,0.016845329249572362,0.9831546707504276
6,42,17,0.0,0.6109999999998763,0.0,0.6109999999998763,0.0,0.0,1.0,0.0,0.0,0.07011111111109534,0.07011111111109534,0.0,0.0,1.0
6,43,0,0.9000000000003183,0.9379999999991924,6.199999999999591,8.037999999999101,0.11196815128146541,0.7713361532719936,0.11669569544654108,0.7468333333333325,4.767666666666893,0.8089999999998554,6.323500000000081,0.11810442529189893,0.7539600959384569,0.1279354787696442
6,43,2,0.0,0.0,0.009000000000014552,0.009000000000014552,0.0,1.0,0.0,0.24011111111126918,0.11388888888864636,0.01211111111115315,0.3661111111110687,0.655842185129491,0.3110773899841991,0.033080424886309856
6,43,3,0.4609999999993306,0.0,0.009000000000014552,0.46999999999934516,0.9808510638297296,0.019148936170270407,0.0,0.9821111111112057,0.12622222222201648,0.0,1.1083333333332221,0.8861152882207256,0.11388471177927442,0.0
6,43,4,1.2500000000009095,0.0,0.11899999999968713,1.3690000000005966,0.9130752373998281,0.08692476260017186,0.0,1.0496666666665786,0.05233333333323268,0.0,1.1019999999998114,0.9525105868119403,0.04748941318805956,0.0
6,43,5,0.0,0.0,0.01999999999998181,0.01999999999998181,0.0,1.0,0.0,0.9450000000000122,0.044666666666620995,0.0,0.9896666666666332,0.9548669585719544,0.045133041428045646,0.0
6,43,6,0.0,0.0,0.01999999999998181,0.01999999999998181,0.0,1.0,0.0,0.20444444444448587,0.21011111111106906,0.0,0.4145555555555549,0.4931653712142524,0.5068346287857477,0.0
6,43,7,0.0,0.0,0.04100000000016735,0.04100000000016735,0.0,1.0,0.0,0.01788888888892062,0.3856666666666544,0.0,0.403555555555575,0.04432819383267561,0.9556718061673245,0.0
6,43,8,0.0,0.0,1.1709999999999354,1.1709999999999354,0.0,1.0,0.0,0.01666666666667677,0.4888888888888611,0.15344444444446656,0.6590000000000045,0.025290844714228614,0.7418647782835475,0.23284437700222385
6,43,10,0.0,0.818000000000211,0.0,0.818000000000211,0.0,0.0,1.0,0.04199999999996685,0.16033333333335678,0.4921111111111081,0.6944444444444318,0.06047999999995337,0.23088000000003797,0.7086400000000086
6,43,12,0.0,0.0,0.008000000000038199,0.008000000000038199,0.0,1.0,0.0,0.009666666666665455,0.09677777777785146,0.29766666666672686,0.40411111111124376,0.023920813857564074,0.23948309045927338,0.7365960956831626
6,43,13,0.08699999999998909,0.04299999999989268,0.18599999999992178,0.31599999999980355,0.27531645569633917,0.5886075949368272,0.1360759493668336,0.009666666666665455,0.09977777777783103,0.2985555555556453,0.40800000000014175,0.023692810457505136,0.24455337690636364,0.7317538126361313
6,43,14,0.0,0.0,0.05300000000011096,0.05300000000011096,0.0,1.0,0.0,0.009666666666665455,0.07444444444450306,0.29977777777786385,0.3838888888890324,0.025180897250349225,0.1939218523879239,0.7808972503617269
6,44,0,2.6439999999995507,2.44199999999978,12.167000000001053,17.253000000000384,0.1532487103691817,0.7052106879963359,0.14154060163448245,1.38149999999996,4.822833333333392,0.8438333333332745,7.048166666666627,0.19600841826479243,0.6842677764903525,0.11972380524485506
6,44,1,0.009999999999763531,0.10900000000037835,0.10999999999967258,0.22899999999981446,0.043668122269745126,0.48034934497712534,0.4759825327531295,1.1014444444446478,3.3705555555554336,0.563555555555518,5.035555555555599,0.2187334510150429,0.669351279788143,0.11191526919681416
6,44,2,1.1020000000016807,0.0,0.6769999999987704,1.779000000000451,0.61944912872479,0.38055087127521003,0.0,0.31811111111114265,0.32966666666639965,0.01777777777776161,0.6655555555553039,0.47796327212042844,0.4953255425707377,0.026711185308833887
6,44,3,0.46999999999934516,0.0,0.06099999999969441,0.5309999999990396,0.8851224105465071,0.11487758945349293,0.0,1.096555555555723,0.21322222222200557,0.005555555555474712,1.3153333333332031,0.8336712282482246,0.1621050853183173,0.004223686433458131
6,44,4,2.688999999999396,0.0,0.20100000000002183,2.889999999999418,0.9304498269895978,0.06955017301040219,0.0,1.4025555555554596,0.16133333333325733,0.006666666666610075,1.570555555555327,0.8930314821366094,0.10272373540852688,0.0042447824548637715
6,44,5,1.7280000000000655,0.0,0.009000000000014552,1.73700000000008,0.9948186528497328,0.005181347150267206,0.0,1.293555555555612,0.14911111111102096,0.0044444444444404025,1.4471111111110735,0.8938882063882686,0.10304054054048092,0.003071253071250358
6,44,6,0.03099999999994907,0.0,0.0,0.03099999999994907,1.0,0.0,0.0,0.5145555555555398,0.5942222222221668,0.005555555555575766,1.1143333333332823,0.4617608934091205,0.5332535646624534,0.004985541928425983
6,44,7,0.0420000000001437,0.0,1.7799999999997453,1.821999999999889,0.02305159165759948,0.9769484083424005,0.0,0.03233333333335193,0.6352222222221953,0.0034444444444387853,0.670999999999986,0.048186785891732635,0.9466799138930081,0.005133300215259101
6,44,8,0.038000000000010914,0.0,0.008000000000038199,0.04600000000004911,0.8260869565210944,0.1739130434789056,0.0,0.02888888888891314,1.249888888888879,0.2801111111111696,1.5588888888889618,0.018531717747698226,0.8017818959372335,0.1796863863150683
6,44,9,0.03899999999998727,1.3810000000001992,0.8399999999998045,2.259999999999991,0.017256637168136028,0.3716814159291185,0.6110619469027455,0.01999999999998181,0.7818888888888801,0.7717777777778312,1.5736666666666932,0.012709171785626862,0.4968580103085365,0.4904328179058366
6,44,10,0.0809999999999036,1.7399999999997817,0.010999999999967258,1.8319999999996526,0.0442139737990824,0.00600436681221034,0.9497816593887073,0.019333333333356174,0.649555555555556,0.8031111111111562,1.4720000000000684,0.013134057971029399,0.44127415458935176,0.5455917874396188
6,44,11,0.0,0.0,0.05900000000019645,0.05900000000019645,0.0,1.0,0.0,0.017000000000002225,0.057222222222208075,0.5532222222222268,0.6274444444444371,0.02709403222950625,0.0911988666548395,0.8817071011156542
6,44,12,0.0,0.0,0.0809999999999036,0.0809999999999036,0.0,1.0,0.0,0.017444444444461422,0.08500000000006165,0.936222222222063,1.038666666666586,0.016795036371433994,0.08183568677798612,0.9013692768505799
6,44,13,0.0,2.6360000000006494,0.14900000000056934,2.7850000000012187,0.0,0.05350089766624924,0.9464991023337508,0.017111111111085445,0.08322222222227538,1.118333333333213,1.218666666666574,0.014040846097718884,0.06828956965723335,0.9176695842450477
6,45,0,4.557000000000244,1.552000000000362,9.141000000000531,15.250000000001137,0.29881967213114125,0.5994098360655639,0.10177049180329484,1.4103333333332178,4.486333333333505,0.7691666666667061,6.6658333333334285,0.21157644705586162,0.6730341292661745,0.11538942367796401
6,45,1,0.17799999999988358,0.021999999999934516,1.3189999999995052,1.5189999999993233,0.11718235681366879,0.8683344305464732,0.014483212639858009,1.1364444444446287,3.1762222222221728,0.5525555555555507,4.865222222222353,0.23358531070868943,0.652842167766661,0.11357252152464939
6,45,2,0.5220000000003893,0.009000000000014552,0.7119999999997617,1.2430000000001655,0.4199517296865002,0.5728077232499331,0.007240547063566656,0.43600000000017447,0.4558888888886183,0.05655555555550665,0.9484444444442994,0.45970009372096654,0.4806701030925717,0.05962980318646177
6,45,3,0.11999999999989086,0.019999999999527063,0.07000000000016371,0.20999999999958163,0.5714285714291901,0.333333333334777,0.0952380952360329,1.1212222222223873,0.25844444444424475,0.04433333333321974,1.4239999999998516,0.7873751560551293,0.18149188514344922,0.0311329588014216
6,45,4,3.255000000000564,0.02099999999973079,0.06099999999992178,3.3370000000002165,0.9754270302668123,0.01827989211864484,0.006293077614542831,1.6416666666665254,0.25277777777781313,0.006666666666610075,1.9011111111109484,0.8635300993571007,0.13296317942726552,0.0035067212156338875
6,45,5,2.649999999999636,0.01900000000023283,0.9019999999998163,3.5709999999996853,0.7420890506860458,0.2525903108372713,0.005320638476682863,1.5313333333332997,0.23800000000000585,0.0044444444444404025,1.773777777777746,0.8633174642946595,0.13417689802055194,0.0025056376847885455
6,45,6,0.03899999999998727,0.0,0.009999999999763531,0.0489999999997508,0.7959183673507267,0.20408163264927323,0.0,0.7779999999999191,0.9151111111111732,0.005555555555575767,1.698666666666668,0.4580062794348028,0.5387231815803605,0.0032705389848365946
6,45,7,0.1410000000000764,0.03099999999994907,2.566000000000031,2.7380000000000564,0.05149744338936212,0.9371804236669021,0.01132213294373573,0.07011111111109548,1.016999999999977,0.0034444444444387853,1.0905555555555113,0.06428935303106316,0.9325522159959414,0.0031584309729954484
6,45,8,0.0,0.0,0.12100000000009459,0.12100000000009459,0.0,1.0,0.0,0.059555555555536904,1.9142222222222802,0.39566666666673384,2.369444444444551,0.025134818288384903,0.8078780773739623,0.1669871043376527
6,45,9,0.0,1.1090000000003783,4.722000000000094,5.831000000000472,0.0,0.8098096381409212,0.1901903618590788,0.026888888888884795,1.2790000000000217,1.0201111111111663,2.3260000000000725,0.011560141396768683,0.5498710232158134,0.4385688353874181
6,45,10,0.021999999999934516,1.8979999999999109,0.16399999999998727,2.0839999999998327,0.010556621880967506,0.07869481765834954,0.910748560460683,0.021666666666685003,1.0202222222222999,1.1248888888889927,2.1667777777779778,0.009999487205791859,0.4708476488385135,0.5191528639556946
6,45,11,0.03200000000038017,0.2819999999999254,0.049999999999954525,0.3640000000002601,0.08791208791306951,0.13736263736241427,0.7747252747245162,0.020555555555574905,0.16266666666658441,0.8813333333335626,1.0645555555557218,0.01930904915981059,0.15280242145903675,0.8278885293811528
6,45,12,0.01799999999980173,0.24100000000021282,0.14199999999982538,0.40099999999983993,0.04488778054815191,0.3541147132166635,0.6009975062351846,0.011333333333368648,0.11888888888890708,1.2945555555556387,1.4247777777779145,0.00795445683539796,0.08344381190049607,0.9086017312641059
6,45,13,0.01999999999998181,5.223999999997886,0.09000000000014552,5.333999999998014,0.0037495313085844128,0.016872890888672484,0.9793775778027431,0.01099999999999267,0.10399999999996605,2.600444444444646,2.715444444444605,0.004050902246406489,0.03829943942058346,0.95764965833301
6,45,14,0.028999999999996362,1.9210000000002765,0.03999999999996362,1.9900000000002365,0.01457286432160448,0.020100502512542143,0.9653266331658533,0.009222222222206403,0.04200000000006791,4.169333333333447,4.2205555555557215,0.002185073055149516,0.009951296564449028,0.9878636303804014
6,45,15,0.03399999999987813,6.414000000000897,0.0,6.448000000000775,0.0052729528535784805,0.0,0.9947270471464216,0.008666666666663986,0.014555555555539793,4.908222222222649,4.931444444444852,0.0017574296464855784,0.0029515805601209315,0.9952909897933935
6,45,16,0.015000000000100044,4.742999999998801,0.0,4.757999999998901,0.0031525851198199893,0.0,0.99684741488018,0.007888888888879337,0.014333333333322823,3.54166666666702,3.563888888889222,0.0022135619641436444,0.004021823850347415,0.993764614185509
6,45,17,0.021999999999934516,0.21600000000034925,0.019000000000005457,0.2570000000002892,0.08560311284011579,0.0739299610894322,0.840466926070452,0.0041111111111150995,0.02000000000000707,1.9138888888891061,1.9380000000002282,0.002121316362804239,0.010319917440662909,0.9875587661965329
6,45,18,0.0,0.7229999999999563,0.08100000000013097,0.8040000000000873,0.0,0.10074626865686837,0.8992537313431316,0.0024444444444373164,0.01666666666667677,0.18477777777782953,0.2038888888889436,0.011989100817400514,0.08174386920983688,0.9062670299727626
6,45,19,0.0,0.2889999999997599,0.0,0.2889999999997599,0.0,0.0,1.0,0.0,0.009000000000014552,0.16577777777777356,0.1747777777777881,0.0,0.05149396058494989,0.9485060394150501
6,45,20,0.0,0.1020000000003165,0.0,0.1020000000003165,0.0,0.0,1.0,0.0,0.0,0.09122222222221253,0.09122222222221253,0.0,0.0,1.0
6,45,21,0.0,0.06799999999975626,0.0,0.06799999999975626,0.0,0.0,1.0,0.0,0.0,0.04688888888889172,0.04688888888889172,0.0,0.0,1.0
6,45,22,0.0,0.03999999999996362,0.0,0.03999999999996362,0.0,0.0,1.0,0.0,0.0,0.034999999999980796,0.034999999999980796,0.0,0.0,1.0
6,45,23,0.0,0.11900000000014188,0.0,0.11900000000014188,0.0,0.0,1.0,0.0,0.0,0.02311111111109514,0.02311111111109514,0.0,0.0,1.0
6,45,24,0.0,0.02999999999974534,0.0,0.02999999999974534,0.0,0.0,1.0,0.0,0.0,0.023222222222254157,0.023222222222254157,0.0,0.0,1.0
6,45,25,0.0,0.06000000000040018,0.0,0.06000000000040018,0.0,0.0,1.0,0.0,0.0,0.010000000000016168,0.010000000000016168,0.0,0.0,1.0
6,46,0,0.25099999999929423,0.4899999999997817,3.539000000000442,4.279999999999518,0.05864485981292582,0.826869158878701,0.1144859813083731,1.3050000000001394,3.504499999999856,0.5581666666667691,5.367666666666764,0.24312239955289988,0.6528907656957943,0.10398683475130577
6,46,1,0.8220000000005712,0.0,0.6419999999998254,1.4640000000003965,0.5614754098363036,0.4385245901636964,0.0,1.0388888888890808,2.5074444444442685,0.4164444444445002,3.9627777777778492,0.26216178326094375,0.632749193887509,0.1050890228515473
6,46,2,0.14200000000028012,0.3489999999997053,0.27899999999999636,0.7699999999999818,0.18441558441595257,0.3623376623376662,0.45324675324638125,0.42555555555569907,0.42388888888876863,0.04899999999992765,0.8984444444443954,0.4736581746229904,0.47180311649754214,0.05453870887946734
6,46,3,0.5579999999997654,0.0,0.23300000000017462,0.79099999999994,0.7054361567633473,0.29456384323665274,0.0,0.9505555555557142,0.2362222222220933,0.04888888888879389,1.2356666666666014,0.7692653538352558,0.19116985882555093,0.03956478733919326
6,46,4,1.2330000000001746,0.0,0.03199999999969805,1.2649999999998727,0.9747035573124891,0.025296442687510884,0.0,1.4876666666666802,0.34988888888890163,0.006666666666610075,1.8442222222221918,0.8066634534281445,0.18972165321124032,0.003614893360615235
6,46,5,2.071999999999889,0.0,0.7060000000008131,2.778000000000702,0.7458603311732777,0.25413966882672234,0.0,1.4809999999999945,0.6580000000000786,0.0044444444444404025,2.1434444444445133,0.6909439635062735,0.3069825307138312,0.0020735057798954093
6,46,6,0.08500000000003638,0.0,0.22100000000000364,0.30600000000004,0.27777777777786034,0.7222222222221396,0.0,0.8581111111109294,1.6153333333336632,0.006555555555577383,2.48000000000017,0.3460125448027704,0.6513440860215938,0.00264336917563586
6,46,7,0.21399999999948704,0.0,2.042000000000371,2.255999999999858,0.09485815602814739,0.9051418439718526,0.0,0.16777777777765043,1.7067777777780166,0.009999999999965642,1.8845555555556326,0.08902776958898603,0.9056659395083735,0.005306290902640593
6,46,8,0.04100000000016735,0.0,2.4049999999997453,2.4459999999999127,0.016762060507019137,0.9832379394929809,0.0,0.09422222222211633,2.7195555555557576,0.6164444444444067,3.4302222222222807,0.027468256024845573,0.7928219746048653,0.17970976937028912
6,46,9,0.020999999999958163,1.0400000000000773,2.7440000000005966,3.805000000000632,0.005519053876466406,0.7211563731932039,0.2733245729303297,0.020444444444441007,1.912888888888839,1.5065555555554635,3.4398888888887433,0.0059433444232687375,0.5560903129946148,0.43796634258211653
6,46,10,0.0,2.0130000000001473,0.4959999999998672,2.5090000000000146,0.0,0.19768832204059958,0.8023116779594004,0.00833333333336365,1.595555555555557,1.6287777777778525,3.2326666666667734,0.0025778511033295653,0.4935725579157056,0.5038495909809647
6,46,11,0.0,0.661000000000513,0.09600000000023101,0.757000000000744,0.0,0.1268163804493219,0.8731836195506781,0.012333333333344854,0.31033333333316987,1.2700000000002343,1.592666666666749,0.007743825868571086,0.19485140226024728,0.7974047718711816
6,46,12,0.032000000000152795,1.0970000000015716,0.364999999999327,1.4940000000010514,0.0214190093709038,0.24431057563525443,0.7342704149938418,0.012111111111127887,0.14677777777771756,1.3154444444443623,1.4743333333332078,0.008214635616863386,0.09955535458584448,0.8922300097972921
6,46,13,0.0,1.509999999999991,0.038000000000010914,1.5480000000000018,0.0,0.024547803617578082,0.9754521963824219,0.011777777777751908,0.10922222222214058,3.6785555555554517,3.799555555555344,0.003099777751777198,0.028746052169824537,0.9681541700783982
6,46,14,0.0,10.775000000001228,0.03099999999994907,10.806000000001177,0.0,0.0028687766055844614,0.9971312233944155,0.009222222222206256,0.04322222222223596,5.3625555555553435,5.414999999999786,0.0017030881296780463,0.007981943162001418,0.9903149687083205
6,46,15,0.0,9.044000000000096,0.029999999999972715,9.07400000000007,0.0,0.0033061494379515634,0.9966938505620484,0.008666666666663837,0.02799999999999474,6.573666666666795,6.610333333333453,0.001311078614290305,0.004235792446169265,0.9944531289395405
6,46,16,0.0,11.277000000002545,0.029999999999972715,11.307000000002517,0.0,0.0026532236667521037,0.9973467763332479,0.007888888888879187,0.014333333333322823,4.189666666666729,4.2118888888889305,0.0018730049858841898,0.0034030653968898654,0.994723929617226
6,46,17,0.0,0.18100000000049477,0.049999999999954525,0.2310000000004493,0.0,0.2164502164495986,0.7835497835504014,0.004111111111114951,0.02000000000000707,2.675777777777739,2.6998888888888612,0.001522696407260996,0.00740771225153568,0.9910695913412033
6,46,18,0.0,0.084999999999809,0.0,0.084999999999809,0.0,0.0,1.0,0.0024444444444371685,0.01666666666667677,0.5766666666666475,0.5957777777777614,0.004102946661681298,0.02797463632974544,0.9679224170085732
6,46,19,0.0,0.1690000000000964,0.0,0.1690000000000964,0.0,0.0,1.0,0.0,0.009000000000014552,0.4968888888888614,0.505888888888876,0.0,0.017790467823442353,0.9822095321765576
6,46,20,0.0,0.12400000000002365,0.0,0.12400000000002365,0.0,0.0,1.0,0.0,0.0,0.09533333333332748,0.09533333333332748,0.0,0.0,1.0
6,46,21,0.0,0.06899999999995998,0.0,0.06899999999995998,0.0,0.0,1.0,0.0,0.0,0.05111111111111516,0.05111111111111516,0.0,0.0,1.0
6,46,22,0.0,0.019000000000005457,0.0,0.019000000000005457,0.0,0.0,1.0,0.0,0.0,0.039444444444421196,0.039444444444421196,0.0,0.0,1.0
6,47,0,1.4550000000008367,1.2850000000005366,6.374999999998863,9.115000000000236,0.15962698848061427,0.6993965990124738,0.14097641250691204,0.7528333333335316,2.2543333333330793,0.32800000000001245,3.3351666666666233,0.22572585078213225,0.675928239468225,0.0983459097496427
6,47,1,0.5670000000000073,0.0,0.010999999999967258,0.5779999999999745,0.9809688581315437,0.0190311418684563,0.0,0.6762222222224511,1.610444444444157,0.2619999999999942,2.5486666666666022,0.2653239166449653,0.6318772342836245,0.10279884907141021
6,47,2,0.8560000000002219,0.04100000000016735,0.5489999999995234,1.4459999999999127,0.5919778699863579,0.37966804979222446,0.028354080221417582,0.4488888888890364,0.2059999999998783,0.043333333333319186,0.698222222222234,0.642902609802874,0.2950350095478793,0.06206238064924668
6,47,3,0.06500000000028194,0.0,0.0,0.06500000000028194,1.0,0.0,0.0,0.6462222222223267,0.1603333333332052,0.043333333333319186,0.8498888888888512,0.7603608314813961,0.18865211138696705,0.050987057131636815
6,47,4,1.80399999999986,0.0,0.18999999999959982,1.9939999999994598,0.9047141424274567,0.09528585757254328,0.0,0.9157777777776976,0.34322222222234205,0.0,1.2590000000000396,0.7273850498631206,0.2726149501368795,0.0
6,47,5,1.6320000000000618,0.0,0.9549999999999272,2.586999999999989,0.6308465403943057,0.36915345960569435,0.0,0.8774444444443867,0.7355555555557203,0.0,1.613000000000107,0.5439829165804888,0.45601708341951114,0.0
6,47,6,0.5589999999997417,0.0,2.845000000001164,3.404000000000906,0.16421856639235985,0.8357814336076401,0.0,0.6084444444442801,1.8776666666669068,0.001000000000001617,2.4871111111111888,0.24463902787698133,0.7549588992137971,0.00040207290922150967
6,47,7,0.33099999999944885,0.009000000000014552,4.291000000001077,4.63100000000054,0.07147484344621254,0.9265817318075095,0.0019434247462780181,0.20044444444437837,1.9830000000001242,0.006555555555526856,2.1900000000000297,0.0915271435819067,0.9054794520548389,0.0029934043632542312
6,47,8,0.09999999999990905,0.04999999999972715,0.8599999999999,1.0099999999995362,0.09900990099005443,0.8514851485151435,0.049504950494802094,0.12299999999992096,2.775444444444563,0.8452222222222315,3.7436666666667158,0.032855489270746864,0.7413706111061865,0.22577389962306663
6,47,9,0.0,3.3089999999995143,4.724999999999909,8.033999999999423,0.0,0.5881254667662743,0.41187453323372564,0.0403333333333396,1.77033333333332,1.5278888888888484,3.3385555555555078,0.012081072985657856,0.530269244849739,0.4576496821646032
6,47,10,0.0,4.139999999999418,0.9789999999993597,5.118999999998778,0.0,0.19124829068169438,0.8087517093183056,0.0044444444444404025,1.427888888888889,1.7177777777778704,3.1501111111112,0.001410884977600878,0.4532820711791343,0.5453070438432647
6,47,11,0.0,0.20700000000078944,0.38400000000001455,0.591000000000804,0.0,0.6497461928925418,0.3502538071074583,0.0043333333333319185,0.2707777777776404,1.168777777778031,1.4438888888890034,0.0030011542901103635,0.18753366679481112,0.8094651789150785
6,47,12,0.006999999999834472,0.8909999999996217,0.1169999999999618,1.014999999999418,0.006896551723978804,0.1152709359606196,0.8778325123154016,0.0043333333333319185,0.12833333333328006,0.861444444444588,0.9941111111112,0.004359003017769507,0.12909355091085473,0.8665474460713758
6,47,13,0.0,1.7259999999987485,0.03899999999998727,1.7649999999987358,0.0,0.02209631728046187,0.9779036827195381,0.0043333333333319185,0.09188888888881319,2.9802222222223613,3.0764444444445065,0.0014085524414904102,0.02986853510543564,0.968722912453074
6,47,14,0.0,9.721999999999525,0.12100000000009459,9.84299999999962,0.0,0.012293000101605127,0.9877069998983948,0.0,0.04166666666666696,3.9153333333332387,3.9569999999999057,0.0,0.01052986269059084,0.9894701373094091
6,47,15,0.0,1.9269999999994525,0.0,1.9269999999994525,0.0,0.0,1.0,0.0,0.023555555555554636,5.167666666666794,5.191222222222349,0.0,0.0045375741101429026,0.9954624258898571
6,47,16,0.0,3.3399999999983265,0.0,3.3399999999983265,0.0,0.0,1.0,0.0,0.012222222222211402,2.9450000000000878,2.957222222222299,0.0,0.004133007702419679,0.9958669922975804
6,47,17,0.0,0.5649999999995998,0.0,0.5649999999995998,0.0,0.0,1.0,0.0,0.0088888888888811,2.2598888888889834,2.2687777777778644,0.0,0.003917919584696942,0.9960820804153031
6,47,18,0.0,2.951999999999771,0.0,2.951999999999771,0.0,0.0,1.0,0.0,0.005555555555550799,0.6531111111111537,0.6586666666667045,0.0,0.008434547908224413,0.9915654520917756
6,47,19,0.0,0.009999999999990905,0.0,0.009999999999990905,0.0,0.0,1.0,0.0,0.0,0.5798888888888946,0.5798888888888946,0.0,0.0,1.0
6,47,20,0.0,0.018000000000029104,0.0,0.018000000000029104,0.0,0.0,1.0,0.0,0.0,0.05088888888892345,0.05088888888892345,0.0,0.0,1.0
6,47,21,0.0,0.009000000000014552,0.0,0.009000000000014552,0.0,0.0,1.0,0.0,0.0,0.03455555555557213,0.03455555555557213,0.0,0.0,1.0
6,47,22,0.0,0.010999999999967258,0.0,0.010999999999967258,0.0,0.0,1.0,0.0,0.0,0.021777777777742813,0.021777777777742813,0.0,0.0,1.0
6,47,23,0.0,0.01999999999998181,0.0,0.01999999999998181,0.0,0.0,1.0,0.0,0.0,0.014444444444406046,0.014444444444406046,0.0,0.0,1.0
6,47,24,0.0,0.009999999999990905,0.0,0.009999999999990905,0.0,0.0,1.0,0.0,0.0,0.012222222222185844,0.012222222222185844,0.0,0.0,1.0
6,47,25,0.0,0.009999999999990905,0.0,0.009999999999990905,0.0,0.0,1.0,0.0,0.0,0.009111111111097771,0.009111111111097771,0.0,0.0,1.0
6,47,26,0.0,0.010999999999967258,0.0,0.010999999999967258,0.0,0.0,1.0,0.0,0.0,0.011111111111101005,0.011111111111101005,0.0,0.0,1.0
6,47,27,0.0,0.019000000000005457,0.0,0.019000000000005457,0.0,0.0,1.0,0.0,0.0,0.010000000000016168,0.010000000000016168,0.0,0.0,1.0
6,47,28,0.0,0.009999999999990905,0.0,0.009999999999990905,0.0,0.0,1.0,0.0,0.0,0.015444444444432923,0.015444444444432923,0.0,0.0,1.0
6,47,29,0.0,0.029999999999972715,0.0,0.029999999999972715,0.0,0.0,1.0,0.0,0.0,0.038888888888904044,0.038888888888904044,0.0,0.0,1.0
6,47,30,0.0,0.019000000000005457,0.0,0.019000000000005457,0.0,0.0,1.0,0.0,0.0,0.03788888888887717,0.03788888888887717,0.0,0.0,1.0
6,47,31,0.0,0.010999999999967258,0.0,0.010999999999967258,0.0,0.0,1.0,0.0,0.0,0.03333333333335354,0.03333333333335354,0.0,0.0,1.0
6,47,32,0.0,0.029999999999972715,0.0,0.029999999999972715,0.0,0.0,1.0,0.0,0.0,0.006666666666660599,0.006666666666660599,0.0,0.0,1.0
6,47,33,0.0,0.019000000000005457,0.0,0.019000000000005457,0.0,0.0,1.0,0.0,0.0,0.009000000000014547,0.009000000000014547,0.0,0.0,1.0
6,47,34,0.0,0.032000000000152795,0.0,0.032000000000152795,0.0,0.0,1.0,0.0,0.0,0.028000000000020005,0.028000000000020005,0.0,0.0,1.0
6,47,35,0.0,0.20100000000002183,0.0,0.20100000000002183,0.0,0.0,1.0,0.0,0.0,0.02588888888890829,0.02588888888890829,0.0,0.0,1.0
6,48,0,1.4220000000004802,0.19299999999975626,2.958999999999378,4.573999999999614,0.310887625710669,0.6469173589854892,0.04219501530384183,1.0428333333334194,2.863999999999843,0.6811666666668543,4.588000000000116,0.2272958442313411,0.6242371403661225,0.1484670154025364
6,48,2,0.5710000000003674,0.0,0.13999999999941792,0.7109999999997854,0.8030942334747395,0.19690576652526046,0.0,0.4425555555556508,0.19022222222217047,0.015666666666675155,0.6484444444444964,0.6824880054832998,0.29335161069215165,0.024160383824548506
6,48,3,0.45899999999983265,0.0,0.0,0.45899999999983265,1.0,0.0,0.0,0.5283333333333959,0.11444444444434036,0.004555555555574149,0.6473333333333104,0.81616889804338,0.17679368348765873,0.007037418468961345
6,48,4,0.12800000000015643,0.0,0.020000000000436557,0.148000000000593,0.8648648648624566,0.1351351351375434,0.0,0.4928888888888044,0.24844444444453173,0.001000000000001617,0.7423333333333377,0.663972459212575,0.33468043706043593,0.0013471037269891482
6,48,5,0.29099999999925785,0.0,0.9530000000004293,1.2439999999996871,0.23392282958145583,0.7660771704185442,0.0,0.5515555555555238,0.7464444444444275,0.0023333333333539485,1.3003333333333051,0.4241647440826986,0.5740408442279751,0.001794411689326326
6,48,6,0.09300000000030195,0.0,0.6979999999994106,0.7909999999997126,0.11757269279435618,0.8824273072056438,0.0,0.4097777777778396,2.020666666666557,0.0033333333333555658,2.433777777777752,0.16837107377650634,0.8302593133673851,0.001369612856108492
6,48,7,0.1990000000002965,0.0,4.187999999998965,4.3869999999992615,0.045361294734517894,0.9546387052654821,0.0,0.22111111111126372,1.9538888888887413,0.052222222222250515,2.2272222222222555,0.0992766275879942,0.8772761287103222,0.023447243701683593
6,48,8,0.18200000000001637,0.0,0.2970000000004802,0.4790000000004966,0.37995824634619557,0.6200417536538044,0.0,0.10977777777785984,2.884888888888769,0.8318888888888473,3.8265555555554758,0.02868840558671155,0.7539127152356184,0.21739887917767012
6,48,9,0.019000000000005457,3.1990000000007512,3.427000000000021,6.645000000000778,0.002859292701279644,0.5157261098569782,0.4814145974417422,0.046999999999924415,1.7047777777776725,1.3575555555555388,3.1093333333331357,0.015115780445945777,0.5482775871926825,0.4366066323613717
6,48,11,0.0,0.8909999999996217,0.0,0.8909999999996217,0.0,0.0,1.0,0.019444444444388864,0.2001111111111287,1.205222222222397,1.4247777777779145,0.013647352413591437,0.14045075255400338,0.8459018950324052
6,48,12,0.0,0.6190000000005966,0.0,0.6190000000005966,0.0,0.0,1.0,0.012777777777778788,0.09866666666675883,1.1964444444442455,1.3078888888887832,0.009769773171354888,0.07543963979278746,0.9147905870358576
6,48,13,0.0,0.15099999999983993,0.11599999999998545,0.2669999999998254,0.0,0.43445692883918097,0.565543071160819,0.02400000000001354,0.06477777777778708,2.6564444444442064,2.745222222222007,0.008742461650549998,0.023596551584576412,0.9676609867648736
6,48,14,0.0,0.33100000000013097,0.0,0.33100000000013097,0.0,0.0,1.0,0.022222222222252536,0.03966666666663817,3.4005555555554063,3.462444444444297,0.006418073294406051,0.011456260830490943,0.982125665875103
6,48,15,0.0,0.052000000000134605,0.0,0.052000000000134605,0.0,0.0,1.0,0.018777777777813753,0.02244444444441898,4.133777777777696,4.174999999999929,0.004497671324027323,0.005375914836986674,0.9901264138389859
6,48,16,0.0,0.0409999999997126,0.0,0.0409999999997126,0.0,0.0,1.0,0.0,0.0022222222222201965,2.396333333333208,2.3985555555554283,0.0,0.0009264835317544277,0.9990735164682455
6,48,17,0.0,0.07800000000042928,0.0,0.07800000000042928,0.0,0.0,1.0,0.0,0.0010000000000016122,1.9465555555552276,1.9475555555552293,0.0,0.0005134641716120504,0.9994865358283879
6,48,18,0.0,1.8200000000001637,0.0,1.8200000000001637,0.0,0.0,1.0,0.0,0.0010000000000016122,0.7028888888888155,0.7038888888888172,0.0,0.0014206787687475024,0.9985793212312524
6,48,19,0.0,0.018000000000029104,0.0,0.018000000000029104,0.0,0.0,1.0,0.0,0.0010000000000016122,0.5943333333332248,0.5953333333332265,0.0,0.0016797312430041295,0.9983202687569958
6,48,20,0.0,0.023000000000138243,0.0,0.023000000000138243,0.0,0.0,1.0,0.0,0.0010000000000016122,0.022333333333361027,0.023333333333362637,0.0,0.04285714285715813,0.957142857142842
6,48,21,0.0,0.018000000000029104,0.0,0.018000000000029104,0.0,0.0,1.0,0.0,0.0010000000000016122,0.020333333333383052,0.021333333333384663,0.0,0.04687499999996279,0.9531250000000373
6,48,22,0.0,0.01999999999998181,0.0,0.01999999999998181,0.0,0.0,1.0,0.0,0.0011111111110848322,0.018666666666680005,0.01977777777776484,0.0,0.05617977527960692,0.943820224720393
6,48,23,0.0,0.02999999999974534,0.0,0.02999999999974534,0.0,0.0,1.0,0.0,0.0011111111110848322,0.0176666666666026,0.018777777777687434,0.0,0.05917159763202131,0.9408284023679786
6,48,24,0.0,0.01999999999998181,0.0,0.01999999999998181,0.0,0.0,1.0,0.0,0.0022222222222201965,0.019222222222197164,0.02144444444441736,0.0,0.10362694300521776,0.8963730569947822
6,48,25,0.0,0.01999999999998181,0.0,0.01999999999998181,0.0,0.0,1.0,0.0,0.0021111111110864492,0.01611111111110909,0.01822222222219554,0.0,0.11585365853540161,0.8841463414645985
6,48,26,0.0,0.010999999999967258,0.0,0.010999999999967258,0.0,0.0,1.0,0.0,0.003444444444438781,0.01999999999998181,0.023444444444420592,0.0,0.14691943127952875,0.8530805687204712
6,48,27,0.0,0.028999999999996362,0.0,0.028999999999996362,0.0,0.0,1.0,0.0,0.0034444444444387805,0.016333333333326056,0.019777777777764835,0.0,0.1741573033706141,0.825842696629386
6,48,28,0.0,0.010000000000218279,0.0,0.010000000000218279,0.0,0.0,1.0,0.0,0.004666666666707893,0.022888888888928705,0.027555555555636598,0.0,0.16935483871067544,0.8306451612893245
6,48,29,0.0,0.0409999999997126,0.0,0.0409999999997126,0.0,0.0,1.0,0.0,0.007666666666712743,0.045555555555564654,0.0532222222222774,0.0,0.14405010438485003,0.85594989561515
6,48,30,0.0,0.24000000000023647,0.0,0.24000000000023647,0.0,0.0,1.0,0.0,0.009888888888882416,0.05233333333338427,0.062222222222266685,0.0,0.15892857142835384,0.8410714285716462
6,49,0,2.2199999999988904,2.509000000000924,6.947000000000344,11.676000000000158,0.19013360739969684,0.5949811579308196,0.21488523466948356,0.9873333333333676,2.486166666666653,0.6586666666667421,4.1321666666667625,0.2389384100350933,0.6016617593675462,0.1593998305973606
6,49,1,0.593000000000302,0.09999999999990905,0.8920000000005075,1.5850000000007185,0.37413249211358557,0.5627760252366582,0.0630914826497563,0.8707777777778524,1.6994444444443768,0.4391111111111614,3.009333333333391,0.2893590311623291,0.5647245606261667,0.1459164082115041
6,49,2,0.8719999999998436,0.0,0.10900000000015098,0.9809999999999945,0.8888888888887344,0.11111111111126563,0.0,0.37133333333342006,0.167666666666643,0.011111111111101005,0.5501111111111641,0.6750151484549503,0.30478691173493067,0.02019793981011905
6,49,3,0.0,0.0,0.010999999999967258,0.010999999999967258,0.0,1.0,0.0,0.2888888888888788,0.05233333333333374,0.0,0.34122222222221255,0.8466297622924074,0.15337023770759264,0.0
6,49,4,0.0,0.0,0.010999999999967258,0.010999999999967258,0.0,1.0,0.0,0.11955555555540638,0.13233333333348835,0.001000000000001617,0.2528888888888963,0.47275922671292875,0.5232864674874166,0.003954305799654784
6,49,5,0.056999999999789,0.009000000000014552,0.09600000000045839,0.16200000000026193,0.35185185184998047,0.592592592594464,0.05555555555555555,0.1672222222222091,0.34977777777769203,0.0023333333333539485,0.519333333333255,0.3219940094138016,0.6735130509199193,0.004492939666279141
6,49,6,0.4000000000005457,0.012000000000170985,0.9499999999984539,1.3619999999991705,0.2936857562414018,0.6975036710712426,0.008810572687355574,0.19033333333350635,1.1737777777774074,0.002333333333353949,1.3664444444442678,0.13929094161666764,0.8590014636524664,0.0017075947308658526
6,49,7,0.12600000000111322,0.0,3.209999999999127,3.33600000000024,0.03776978417299285,0.9622302158270072,0.0,0.17533333333360843,1.114333333332979,0.045666666666723664,1.335333333333311,0.13130304543206042,0.834498252620817,0.034198701947122635
6,49,8,0.0,0.39900000000034197,0.2460000000000946,0.6450000000004366,0.0,0.3813953488370978,0.6186046511629022,0.07333333333349402,1.826444444444266,0.4576666666667077,2.3574444444444675,0.031107131074206523,0.7747560918130854,0.19413677711270816
6,49,9,0.03099999999994907,0.520999999999276,4.719999999999345,5.27199999999857,0.005880121396046562,0.8952959028832749,0.09882397572067855,0.04388888888883635,1.0220000000000733,0.6212222222223368,1.6871111111112467,0.02601422550049364,0.6057692307692255,0.3682165437302807
6,49,10,0.09099999999943975,0.6000000000008185,0.08899999999994179,0.7800000000002001,0.11666666666591848,0.11410256410246021,0.7692307692316214,0.023222222222178384,0.9952222222222465,1.0214444444444932,2.0398888888889184,0.011384062312740478,0.48788060351871504,0.5007353341685443
6,49,11,0.068000000000211,2.4530000000004293,0.11200000000053478,2.633000000001175,0.02582605393094594,0.042537030003982075,0.931636916065072,0.018666666666629497,0.0733333333334686,0.8011111111112666,0.8931111111113648,0.020900721572482926,0.08210997760649788,0.8969893008210191
6,49,12,0.009000000000014552,1.0460000000002765,0.12000000000034561,1.1750000000006366,0.007659574468093341,0.10212765957470689,0.8902127659571998,0.01200000000001942,0.06200000000010009,1.0132222222220866,1.087222222222206,0.011037301992864219,0.057026060296464905,0.9319366377106708
6,49,13,0.03099999999994907,2.7839999999982865,0.0,2.8149999999982356,0.011012433392528774,0.0,0.9889875666074712,0.023222222222254174,0.0340000000000043,1.4045555555556144,1.4617777777778729,0.015886287625438884,0.023259349346307294,0.9608543630282538
6,49,14,0.16900000000032378,6.6380000000008295,0.06999999999970896,6.877000000000862,0.02457466918718956,0.010178857059720835,0.9652464737530896,0.02222222222225256,0.02188888888885115,2.1507777777776735,2.1948888888887774,0.010124531740421343,0.009972663764284214,0.9799028044952943
6,49,15,0.0,7.274000000001706,0.010999999999967258,7.2850000000016735,0.0,0.0015099519560692837,0.9984900480439307,0.01877777777781377,0.008999999999963877,2.669555555555588,2.697333333333366,0.006961608172694097,0.0033366287691412883,0.9897017630581646
6,49,16,0.0,7.878999999999451,0.0,7.878999999999451,0.0,0.0,1.0,0.0,0.002222222222220053,1.8946666666665803,1.8968888888888005,0.0,0.0011715089034665773,0.9988284910965334
6,49,17,0.0,0.4110000000000582,0.009000000000014552,0.42000000000007276,0.0,0.021428571428602362,0.9785714285713977,0.0,0.001000000000001469,1.213666666666591,1.2146666666665924,0.0,0.0008232711306269457,0.999176728869373
6,49,18,0.0,0.432999999999538,0.0,0.432999999999538,0.0,0.0,1.0,0.0,0.001000000000001469,0.33322222222219944,0.3342222222222009,0.0,0.002992021276600331,0.9970079787233997
6,49,19,0.0,0.03899999999975989,0.0,0.03899999999975989,0.0,0.0,1.0,0.0,0.001000000000001469,0.28666666666660795,0.2876666666666094,0.0,0.00347624565469873,0.9965237543453014
6,49,20,0.0,0.03599999999960346,0.009000000000014552,0.04499999999961801,0.0,0.2000000000020211,0.7999999999979789,0.0,0.001000000000001469,0.04488888888893886,0.045888888888940334,0.0,0.021791767554486998,0.9782082324455129
6,49,21,0.0,0.030000000000654836,0.0,0.030000000000654836,0.0,0.0,1.0,0.0,0.001000000000001469,0.07300000000006736,0.07400000000006883,0.0,0.013513513513520795,0.9864864864864792
6,49,22,0.0,0.018000000000029104,0.0,0.018000000000029104,0.0,0.0,1.0,0.0,0.0011111111110846887,0.06966666666666126,0.07077777777774595,0.0,0.0156985871267923,0.9843014128732076
6,49,23,0.0,0.011999999999716238,0.009999999999763531,0.02199999999947977,0.0,0.45454545454545453,0.5454545454545454,0.0,0.0011111111110846887,0.05744444444437436,0.05855555555545905,0.0,0.018975332067891232,0.9810246679321087
6,49,24,0.0,0.018000000000029104,0.0,0.018000000000029104,0.0,0.0,1.0,0.0,0.002222222222220053,0.021222222222200247,0.0234444444444203,0.0,0.09478672985782499,0.905213270142175
6,49,25,0.0,0.03300000000035652,0.010000000000218279,0.0430000000005748,0.0,0.23255813953685125,0.7674418604631488,0.0,0.0021111111110863057,0.012666666666670157,0.014777777777756462,0.0,0.14285714285567036,0.8571428571443297
6,49,26,0.0,0.011999999999716238,0.008999999999559805,0.020999999999276042,0.0,0.42857142856524155,0.5714285714347584,0.0,0.003444444444438638,0.015555555555541263,0.0189999999999799,0.0,0.1812865497074885,0.8187134502925115
6,49,27,0.0,0.03499999999985448,0.012000000000170985,0.047000000000025466,0.0,0.25531914893966984,0.7446808510603301,0.0,0.003444444444438637,0.011888888888885507,0.015333333333324144,0.0,0.22463768115917618,0.7753623188408238
6,49,28,0.0,0.010000000000218279,0.010000000000218279,0.020000000000436557,0.0,0.5,0.5,0.0,0.004666666666707749,0.01633333333337644,0.021000000000084187,0.0,0.22222222222328764,0.7777777777767124
6,49,29,0.0,0.022000000000389264,0.01999999999998181,0.042000000000371074,0.0,0.47619047618583593,0.5238095238141641,0.0,0.0076666666667126,0.03900000000001238,0.046666666666724976,0.0,0.1642857142864933,0.8357142857135068
6,49,30,0.0,0.027999999999337888,0.03900000000021464,0.06699999999955253,0.0,0.5820895522458972,0.41791044775410285,0.0,0.009888888888882274,0.04566666666672351,0.05555555555560578,0.0,0.17799999999972,0.8220000000002801
6,49,31,0.0,0.08000000000083674,0.02999999999974534,0.11000000000058208,0.0,0.2727272727235145,0.7272727272764855,0.0,0.007666666666662072,0.046555555555540855,0.05422222222220292,0.0,0.1413934426229164,0.8586065573770837
6,49,32,0.0,0.07099999999945794,0.0,0.07099999999945794,0.0,0.0,1.0,0.0,0.0033333333333048897,0.02444444444447259,0.027777777777777478,0.0,0.11999999999897733,0.8800000000010227
6,49,33,0.0,0.06899999999995998,0.0,0.06899999999995998,0.0,0.0,1.0,0.0,0.0,0.024555555555555813,0.024555555555555813,0.0,0.0,1.0
6,49,34,0.0,0.08100000000058571,0.0,0.08100000000058571,0.0,0.0,1.0,0.0,0.0,0.01933333333338129,0.01933333333338129,0.0,0.0,1.0
6,49,35,0.0,0.023999999999887223,0.0,0.023999999999887223,0.0,0.0,1.0,0.0,0.0,0.015666666666776064,0.015666666666776064,0.0,0.0,1.0
6,49,36,0.0,0.036000000000512955,0.0,0.036000000000512955,0.0,0.0,1.0,0.0,0.0,0.011333333333368353,0.011333333333368353,0.0,0.0,1.0
6,49,37,0.0,0.041999999999916326,0.0,0.041999999999916326,0.0,0.0,1.0,0.0,0.0,0.022999999999986514,0.022999999999986514,0.0,0.0,1.0
6,49,38,0.0,0.12899999999945067,0.0,0.12899999999945067,0.0,0.0,1.0,0.0,0.0,0.021333333333232937,0.021333333333232937,0.0,0.0,1.0
6,49,39,0.0,0.02099999999973079,0.0,0.02099999999973079,0.0,0.0,1.0,0.0,0.0,0.019777777777714167,0.019777777777714167,0.0,0.0,1.0
6,49,40,0.0,0.028000000000247383,0.0,0.028000000000247383,0.0,0.0,1.0,0.0,0.0,0.0391111111110956,0.0391111111110956,0.0,0.0,1.0
6,49,41,0.0,0.3029999999998836,0.0,0.3029999999998836,0.0,0.0,1.0,0.0,0.0,0.03888888888892917,0.03888888888892917,0.0,0.0,1.0
6,50,0,1.3920000000002801,1.1499999999998636,3.9309999999998126,6.472999999999956,0.21504711880121882,0.6072918275915092,0.17766105360727194,1.0919999999998709,2.253833333333508,0.6845000000001468,4.030333333333526,0.270945331238066,0.5592175998676868,0.16983706889424716
6,50,1,0.29700000000025284,0.0,0.1879999999998745,0.48500000000012733,0.6123711340209791,0.3876288659790209,0.0,0.933666666666593,1.5290000000001227,0.4563333333334312,2.919000000000147,0.3198583989950483,0.5238095238095395,0.1563320771954122
6,50,2,0.47000000000025466,0.0,0.1289999999999054,0.5990000000001601,0.7846410684476278,0.21535893155237218,0.0,0.3211111111111222,0.15211111111115214,0.011111111111101005,0.4843333333333754,0.6629961000229064,0.3140628584538312,0.022941041523262297
6,50,3,0.07999999999992724,0.0,0.03999999999996362,0.11999999999989086,0.6666666666666666,0.3333333333333333,0.0,0.22455555555552562,0.034555555555572125,0.0,0.25911111111109775,0.866638078902159,0.13336192109784098,0.0
6,50,4,0.019999999999527063,0.0,0.011000000000194632,0.030999999999721695,0.6451612903131166,0.3548387096868834,0.0,0.05977777777772847,0.02422222222228104,0.001000000000001617,0.08500000000001112,0.7032679738555371,0.2849673202620926,0.011764705882370425
6,50,5,0.04100000000016735,0.0,0.04899999999997817,0.09000000000014552,0.45555555555667837,0.5444444444433216,0.0,0.15822222222227034,0.1641111111109947,0.0023333333333539485,0.324666666666619,0.4873374401097338,0.5054757015739799,0.007186858316286318
6,50,6,0.4750000000001364,0.0,0.35999999999989996,0.8350000000000364,0.5688622754492404,0.4311377245507596,0.0,0.17122222222234187,0.5837777777775398,0.02455555555555596,0.7795555555554377,0.21964082098080245,0.7488597491446198,0.03149942987457769
6,50,7,0.03099999999994907,0.0,0.05999999999994543,0.0909999999998945,0.3406593406591759,0.6593406593408241,0.0,0.14155555555569463,0.5984444444442134,0.10033333333336082,0.8403333333332689,0.16845167261686492,0.712151262726211,0.11939706465692405
6,50,8,0.07200000000011642,0.0,0.020000000000436557,0.09200000000055297,0.7826086956487354,0.21739130435126464,0.0,0.057555555555710375,1.0105555555554828,0.162111111111042,1.2302222222222352,0.04678468208105021,0.8214414739883715,0.13177384393057828
6,50,9,0.0,0.0,0.2699999999999818,0.2699999999999818,0.0,1.0,0.0,0.05344444444446911,0.612666666666731,0.3081111111111265,0.9742222222223267,0.0548585766423552,0.6288777372262759,0.31626368613136874
6,50,10,0.0,0.8719999999998436,0.12900000000036016,1.0010000000002037,0.0,0.12887112887146243,0.8711288711285375,0.053000000000035165,0.6176666666667391,0.5781111111111082,1.2487777777778826,0.04244149835397068,0.49461695880418055,0.4629415428418487
6,50,11,0.0,0.656999999999698,0.21000000000003638,0.8669999999997344,0.0,0.24221453287208847,0.7577854671279115,0.04655555555554101,0.07333333333346874,0.642444444444613,0.7623333333336227,0.06106981489574552,0.09619588981212186,0.8427342952921326
6,50,12,0.0,0.07200000000011642,0.0,0.07200000000011642,0.0,0.0,1.0,0.03422222222227194,0.04911111111121297,0.8431111111109809,0.9264444444444658,0.03693931398422168,0.05301031422414326,0.9100503717916351
6,50,13,0.0,0.4459999999999127,0.0,0.4459999999999127,0.0,0.0,1.0,0.043555555555637206,0.021111111111117173,1.3143333333333531,1.3790000000001075,0.0315848843768193,0.015309000080576887,0.9531061155426038
6,50,14,0.0,0.5540000000005421,0.0,0.5540000000005421,0.0,0.0,1.0,0.028888888888963668,0.008999999999964025,2.1236666666665465,2.161555555555474,0.013364860697063987,0.004163668140211745,0.9824714711627244
6,50,15,0.0,1.126999999997679,0.0,1.126999999997679,0.0,0.0,1.0,0.025333333333391134,0.01577777777770785,2.6545555555556146,2.6956666666667135,0.009397798936586136,0.005853015127132772,0.9847491859362811
6,50,16,0.0,0.13000000000010914,0.0,0.13000000000010914,0.0,0.0,1.0,0.005222222222225052,0.008999999999964025,1.8888888888887878,1.9031111111109769,0.002744044838862026,0.004729098552059898,0.9925268566090781
6,50,17,0.0,0.05999999999994543,0.0,0.05999999999994543,0.0,0.0,1.0,0.001000000000001617,0.00777777777774544,1.008111111110995,1.0168888888887422,0.0009833916083933404,0.007648601398570701,0.9913680069930358
6,50,18,0.0,0.07099999999991269,0.0,0.07099999999991269,0.0,0.0,1.0,0.0,0.001000000000001617,0.12033333333324157,0.12133333333324318,0.0,0.008241758241777692,0.9917582417582224
6,50,19,0.0,0.06899999999995998,0.0,0.06899999999995998,0.0,0.0,1.0,0.0,0.001000000000001617,0.07988888888879349,0.0808888888887951,0.0,0.012362637362671687,0.9876373626373284
6,50,20,0.0,0.07100000000036744,0.0,0.07100000000036744,0.0,0.0,1.0,0.0,0.001000000000001617,0.038333333333361634,0.03933333333336325,0.0,0.025423728813581094,0.9745762711864189
6,50,21,0.0,0.09999999999990905,0.0,0.09999999999990905,0.0,0.0,1.0,0.0,0.001000000000001617,0.06622222222227316,0.06722222222227477,0.0,0.014876033057863667,0.9851239669421364
6,50,22,0.0,0.3409999999998945,0.0,0.3409999999998945,0.0,0.0,1.0,0.0,0.0011111111110848368,0.06211111111113293,0.06322222222221777,0.0,0.017574692442467902,0.9824253075575321
6,50,23,0.0,0.057999999999992724,0.0,0.057999999999992724,0.0,0.0,1.0,0.0,0.0011111111110848368,0.04966666666662908,0.05077777777771391,0.0,0.021881838073908335,0.9781181619260917
6,50,42,0.0,0.01900000000023283,0.0,0.01900000000023283,0.0,0.0,1.0,0.0,0.0,0.03577777777779072,0.03577777777779072,0.0,0.0,1.0
6,51,0,1.998999999999569,0.3480000000001837,1.5650000000005093,3.912000000000262,0.5109918200407554,0.4000511247444797,0.08895705521476494,1.6169999999999618,0.9939999999999903,0.24966666666667456,2.860666666666627,0.5652528548123925,0.347471451876021,0.08727569331158636
6,51,1,0.05099999999993088,0.0,0.0,0.05099999999993088,1.0,0.0,0.0,1.2078888888888994,0.6769999999999831,0.1664444444444497,2.051333333333332,0.5888311125555249,0.3300292492687602,0.08113963817571489
6,51,2,0.5090000000000146,0.0,0.0,0.5090000000000146,1.0,0.0,0.0,0.19966666666664423,0.03966666666663817,0.0,0.2393333333332824,0.8342618384401952,0.16573816155980478,0.0
6,51,3,0.017999999999574356,0.0,0.0,0.017999999999574356,1.0,0.0,0.0,0.21344444444437413,0.020000000000007075,0.0,0.2334444444443812,0.9143265111850964,0.08567348881490358,0.0
6,51,4,0.05200000000058935,0.0,0.0,0.05200000000058935,1.0,0.0,0.0,0.26366666666657085,0.01322222222226325,0.0,0.2768888888888341,0.9522471910110782,0.04775280898892167,0.0
6,51,5,0.2699999999999818,0.0,0.0,0.2699999999999818,1.0,0.0,0.0,0.3065555555555067,0.048777777777811726,0.0,0.3553333333333184,0.8627267041900175,0.1372732958099825,0.0
6,51,6,0.10899999999969623,0.0,0.0,0.10899999999969623,1.0,0.0,0.0,0.2519999999999527,0.11300000000000586,0.02222222222220201,0.3872222222221606,0.6507890961262368,0.29182209469159676,0.057388809182166406
6,51,7,0.03199999999969805,0.1999999999998181,0.5289999999999964,0.7609999999995125,0.04204993429660781,0.6951379763473525,0.2628120893560397,0.08655555555550463,0.10888888888891617,0.054666666666637165,0.250111111111058,0.34606841403807515,0.4353620613062877,0.21856952465563703
6,51,8,0.028999999999996362,0.2919999999999163,0.010999999999967258,0.33199999999987995,0.08734939759038207,0.03313253012039529,0.8795180722892226,0.047000000000025466,0.10766666666677338,0.059888888888862214,0.21455555555566105,0.21905748316935328,0.5018125323669,0.2791299844637467
6,51,9,0.19700000000057116,0.047000000000025466,0.02900000000045111,0.27300000000104774,0.7216117216110444,0.10622710622835095,0.1721611721606047,0.04677777777785902,0.07311111111125178,0.13922222222218908,0.25911111111129986,0.1805317324187069,0.282161234991761,0.5373070325895322
6,51,10,0.06100000000014916,0.041999999999916326,0.0,0.10300000000006548,0.5922330097098095,0.0,0.40776699029019053,0.0353333333334073,0.09400000000010145,0.1889999999999519,0.31833333333346064,0.11099476439809373,0.29528795811538383,0.5937172774865225
6,51,11,0.028999999999996362,0.010999999999967258,0.0,0.03999999999996362,0.7250000000005684,0.0,0.2749999999994316,0.2644444444444566,0.05522222222225537,0.2073333333333317,0.5270000000000437,0.5017921146953219,0.10478600042172827,0.39342188488294977
6,51,12,0.1610000000000582,0.02900000000045111,0.0,0.19000000000050932,0.8473684210506665,0.0,0.15263157894933355,0.26100000000001783,0.024333333333338994,0.1662222222221822,0.451555555555539,0.5780019685039977,0.05388779527560506,0.3681102362203973
6,51,13,0.010000000000218279,0.08999999999969077,0.0,0.09999999999990905,0.10000000000227374,0.0,0.8999999999977263,0.2822222222222687,0.0,0.16777777777785255,0.4500000000001213,0.6271604938270948,0.0,0.3728395061729052
6,51,14,0.012000000000170985,0.17000000000007276,0.0,0.18200000000024374,0.06593406593491712,0.0,0.9340659340650829,0.032000000000051744,0.0,0.275111111110871,0.30711111111092276,0.10419681620862602,0.0,0.8958031837913739
6,51,15,0.038000000000010914,0.03000000000020009,0.0,0.068000000000211,0.5588235294101912,0.0,0.4411764705898088,0.029666666666697792,0.006777777777743823,0.24566666666649126,0.2821111111109329,0.1051595116189243,0.024025206774215414,0.8708152816068602
6,51,16,0.009000000000014552,0.08899999999994179,0.06099999999969441,0.15899999999965075,0.05660377358512151,0.3836477987410591,0.5597484276738194,0.005222222222225052,0.006777777777743823,0.16999999999976959,0.18199999999973845,0.028693528693585477,0.037240537240404194,0.9340659340660104
6,52,0,5.880999999999858,0.0,0.27999999999974534,6.1609999999996035,0.954552832332452,0.04544716766754802,0.0,1.7879999999998972,0.33266666666668243,0.09283333333341186,2.2134999999999914,0.8077704992093536,0.1502898878096606,0.04193961298098587
6,52,1,0.08199999999987995,0.0,0.0,0.08199999999987995,1.0,0.0,0.0,1.2769999999999173,0.2217777777777883,0.06411111111116144,1.562888888888867,0.8170766387032146,0.14190245983222824,0.04102090146455716
6,52,2,0.19000000000005457,0.0,0.0,0.19000000000005457,1.0,0.0,0.0,0.11733333333323671,0.007777777777795967,0.006666666666660603,0.13177777777769328,0.8903878583472239,0.059021922428506395,0.050590219224269734
6,52,3,0.09999999999990905,0.0,0.0,0.09999999999990905,1.0,0.0,0.0,0.2807777777777826,0.010000000000016168,0.00555555555552524,0.296333333333324,0.9475065616798362,0.033745781777333464,0.01874765654283042
6,52,4,0.48199999999951615,0.0,0.0,0.48199999999951615,1.0,0.0,0.0,0.39366666666668,0.01211111111115315,0.0033333333333050376,0.4091111111111382,0.9622487778381004,0.029603476371638005,0.008147745790261639
6,52,5,1.3099999999999454,0.0,0.01900000000023283,1.3290000000001783,0.9857035364934309,0.014296463506569062,0.0,0.4048888888888895,0.004333333333357183,0.0,0.4092222222222467,0.9894108064077621,0.010589193592237934,0.0
6,52,8,0.03099999999994907,0.0,0.0,0.03099999999994907,1.0,0.0,0.0,0.15133333333339274,0.08866666666669214,0.059888888888862214,0.2998888888889471,0.5046313449426715,0.29566506113378077,0.19970359392354772
6,52,9,0.03099999999994907,0.0,0.0500000000001819,0.08100000000013097,0.38271604938146847,0.6172839506185316,0.0,0.25344444444469144,0.07444444444450306,0.04233333333331757,0.37022222222251205,0.684573829531944,0.20108043217287005,0.11434573829518603
6,52,10,0.0,0.0,0.14899999999988722,0.14899999999988722,0.0,1.0,0.0,0.24900000000025102,0.13533333333336686,0.06666666666665656,0.4510000000002744,0.5521064301554313,0.3000739098298992,0.14781966001466962
6,52,11,0.0,0.07200000000011642,0.009000000000014552,0.08100000000013097,0.0,0.1111111111111111,0.8888888888888888,0.7992222222222457,0.17999999999993732,0.07700000000002344,1.0562222222222064,0.7566799915842961,0.17041868293703558,0.07290132547866834
6,52,12,2.1289999999999054,0.11099999999987631,0.0,2.2399999999997817,0.950446428571479,0.0,0.049553571428521036,0.6899999999998524,0.13577777777764924,0.08322222222219958,0.9089999999997012,0.7590759075908462,0.14937049260472374,0.09155359980443008
6,52,13,0.01999999999998181,0.007999999999810825,0.0,0.027999999999792635,0.7142857142903546,0.0,0.2857142857096454,0.9579999999998815,0.085555555555503,0.04866666666667798,1.0922222222220626,0.8771108850457979,0.07833163784330005,0.04455747711090192
6,52,14,0.20800000000008367,0.03000000000020009,0.0,0.23800000000028376,0.8739495798312423,0.0,0.12605042016875764,0.3066666666666909,0.03900000000001253,0.038777777777745034,0.3844444444444485,0.797687861271731,0.10144508670523385,0.10086705202303516
6,52,15,0.0,0.02099999999973079,0.0,0.02099999999973079,0.0,0.0,1.0,0.36866666666674064,0.053555555555552324,0.044444444444454535,0.4666666666667475,0.7900000000000217,0.11476190476187796,0.09523809523810037
6,52,16,0.0,0.05999999999994543,0.0,0.05999999999994543,0.0,0.0,1.0,0.0885555555556089,0.03477777777773857,0.023666666666688086,0.14700000000003557,0.6024187452761053,0.23658352229748406,0.1609977324264106
6,52,17,0.0,0.013000000000374712,0.0,0.013000000000374712,0.0,0.0,1.0,0.08422222222225173,0.01788888888884483,0.022222222222202007,0.12433333333329856,0.6773905272569057,0.14387846291300133,0.17873100983009294
6,52,18,0.0,0.03799999999955617,0.0,0.03799999999955617,0.0,0.0,1.0,0.006777777777794351,0.0,0.006777777777794346,0.013555555555588697,0.5000000000000002,0.0,0.49999999999999983
6,52,19,0.0,0.010000000000218279,0.0,0.010000000000218279,0.0,0.0,1.0,0.009000000000014554,0.0,0.00966666666666545,0.01866666666668,0.48214285714329236,0.0,0.5178571428567077
6,52,20,0.0,0.03900000000021464,0.0,0.03900000000021464,0.0,0.0,1.0,0.005555555555575767,0.0,0.007777777777795963,0.013333333333371729,0.41666666666698265,0.0,0.5833333333330174
6,52,21,0.0,0.02099999999973079,0.0,0.02099999999973079,0.0,0.0,1.0,0.0053333333333082725,0.003222222222221818,0.006666666666660599,0.01522222222219069,0.35036496350272905,0.21167883211720026,0.43795620438007066
6,52,22,0.0,0.0,0.028999999999996362,0.028999999999996362,0.0,1.0,0.0,0.00544444444444202,0.007777777777795969,0.0023333333333034165,0.015555555555541405,0.35000000000016257,0.5000000000016243,0.14999999999821323
6,52,23,0.021000000000185537,0.0,0.04100000000016735,0.062000000000352884,0.3387096774204195,0.6612903225795804,0.0,0.01644444444440928,0.007777777777795969,0.0,0.02422222222220525,0.6788990825678313,0.3211009174321687,0.0
6,52,24,0.08799999999973807,0.0,0.0,0.08799999999973807,1.0,0.0,0.0,0.02555555555555758,0.010333333333316356,0.033222222222270316,0.06911111111114425,0.3697749196139999,0.14951768488714245,0.48070739549885766
6,52,25,0.08100000000013097,0.2990000000004329,0.05199999999967986,0.43200000000024374,0.18750000000019737,0.12037037036956139,0.6921296296302413,0.022111111111068265,0.005777777777742206,0.033222222222270316,0.061111111111080786,0.36181818181766023,0.09454545454491937,0.5436363636374204
6,53,0,2.675000000000182,0.19900000000006912,0.15099999999983993,3.025000000000091,0.8842975206611906,0.04991735537184641,0.06578512396696302,2.565833333333255,0.18299999999999272,0.1483333333333879,2.8971666666666356,0.8856353908991368,0.06316516136454974,0.05119944773631347
6,53,1,0.03999999999996362,0.010000000000218279,0.0,0.0500000000001819,0.7999999999963621,0.0,0.200000000003638,1.740999999999935,0.12311111111107999,0.10111111111114547,1.9652222222221607,0.8859049019053489,0.06264488042063406,0.051450217674016946
6,53,2,0.06599999999980355,0.01999999999998181,0.0,0.08599999999978536,0.7674418604647474,0.0,0.23255813953525264,0.06422222222216886,0.09055555555561216,0.03255555555551837,0.18733333333329938,0.3428232502963372,0.4833926453147433,0.17378410438891959
6,53,3,0.0,0.02999999999974534,0.07000000000016371,0.09999999999990905,0.0,0.7000000000022737,0.29999999999772625,0.2967777777776569,0.026444444444475978,0.005555555555525238,0.3287777777776581,0.9026698208853952,0.0804325785739677,0.016897600540637155
6,53,4,1.110000000000582,0.0,0.01999999999998181,1.1300000000005639,0.9823008849557772,0.01769911504422286,0.0,0.44055555555542014,0.02744444444452812,0.0033333333333050376,0.4713333333332533,0.9347006129183062,0.05822725129674565,0.00707213578494824
6,53,5,0.20100000000002183,0.0,0.0,0.20100000000002183,1.0,0.0,0.0,0.4392222222221689,0.004333333333357183,0.0,0.44355555555552606,0.9902304609217893,0.009769539078210732,0.0
6,53,6,0.10999999999967258,0.0,0.0,0.10999999999967258,1.0,0.0,0.0,0.22222222222222224,0.008666666666663837,0.0,0.23088888888888606,0.9624639076034767,0.037536092396523335,0.0
6,53,7,0.18299999999999272,0.0,0.027000000000043656,0.21000000000003638,0.8714285714283858,0.1285714285716142,0.0,0.07233333333341661,0.014777777777756759,0.0,0.08711111111117337,0.8303571428575054,0.1696428571424946,0.0
6,53,8,0.09900000000016007,0.0,0.06199999999989814,0.1610000000000582,0.6149068322989085,0.3850931677010914,0.0,0.15811111111123766,0.046999999999924415,0.13900000000002263,0.3441111111111847,0.45947691314201955,0.13658379076500785,0.40393929609297263
6,53,9,0.7600000000002183,0.0,0.08999999999969077,0.849999999999909,0.894117647059176,0.105882352940824,0.0,0.7027777777779597,0.22533333333336084,0.15299999999999475,1.0811111111113152,0.6500513874615049,0.20842754367932834,0.1415210688591668
6,53,10,1.0730000000012296,0.0,0.2790000000004511,1.3520000000016807,0.7936390532543608,0.20636094674563926,0.0,0.7938888888889878,0.39311111111111235,0.2085555555555503,1.3955555555556505,0.5688694267516246,0.28168789808915373,0.14944267515922174
6,53,11,0.09000000000014552,0.4279999999998836,0.6119999999996253,1.1299999999996544,0.07964601769926818,0.5415929203538163,0.3787610619469155,2.6693333333333205,0.5919999999999971,0.11722222222220402,3.3785555555555216,0.7900812312954295,0.1752228105370483,0.034695958167522176
6,53,12,3.6499999999987267,0.0,0.5709999999994579,4.220999999998185,0.8647239990524275,0.1352760009475725,0.0,2.1223333333331436,0.4769999999999122,0.12511111111108322,2.7244444444441394,0.7789967373572769,0.1750815660685029,0.04592169657422003
6,53,13,0.12099999999963984,0.0,0.02999999999974534,0.15099999999938518,0.8013245033121358,0.1986754966878642,0.0,2.363333333333179,0.3233333333333172,0.07288888888888323,2.7595555555553797,0.8564181027540654,0.11716862618779354,0.02641327105814104
6,53,14,2.311000000000149,0.0,0.16900000000032378,2.480000000000473,0.9318548387095599,0.06814516129044014,0.0,0.405666666666598,0.11366666666668207,0.030666666666598355,0.5499999999998785,0.7375757575757957,0.20666666666674033,0.05575757575746387
6,53,15,0.03999999999996362,0.0,0.15200000000004366,0.19200000000000728,0.20833333333313597,0.791666666666864,0.0,0.7140000000000425,0.0617777777778328,0.04422222222218706,0.8200000000000623,0.8707317073170587,0.07533875338759524,0.05392953929534597
6,53,16,0.7000000000002728,0.0,0.09999999999990905,0.8000000000001819,0.8750000000001421,0.12499999999985789,0.0,0.35866666666672414,0.0394444444444465,0.04233333333331757,0.4404444444444882,0.8143289606458619,0.08955600403632272,0.0961150353178154
6,53,17,0.010000000000218279,0.0,0.0,0.010000000000218279,1.0,0.0,0.0,0.3417777777777799,0.018000000000029142,0.04111111111109899,0.40088888888890806,0.8525498891352196,0.04490022172956057,0.10254988913521985
6,53,18,0.03899999999975989,0.0,0.0,0.03899999999975989,1.0,0.0,0.0,0.0067777777777940544,0.0,0.006777777777794351,0.013555555555588406,0.49999999999998906,0.0,0.500000000000011
6,53,19,0.012000000000170985,0.0,0.0,0.012000000000170985,1.0,0.0,0.0,0.009000000000014257,0.0,0.009666666666665455,0.01866666666667971,0.48214285714328403,0.0,0.517857142856716
6,53,20,0.03000000000020009,0.0,0.0,0.03000000000020009,1.0,0.0,0.0,0.005555555555575471,0.0,0.00900000000006508,0.01455555555564055,0.3816793893121166,0.0,0.6183206106878834
6,53,21,0.007999999999810825,0.0,0.0,0.007999999999810825,1.0,0.0,0.0,0.005333333333307977,0.0032222222222218553,0.008999999999964025,0.017555555555493856,0.3037974683540537,0.18354430379809253,0.5126582278478538
6,53,22,0.009999999999763531,0.0,0.0,0.009999999999763531,1.0,0.0,0.0,0.0054444444444417235,0.007777777777796005,0.005777777777742206,0.018999999999979936,0.2865497076024986,0.4093567251475905,0.30409356724991093
6,53,23,0.010000000000218279,0.0,0.0,0.010000000000218279,1.0,0.0,0.0,0.01644444444440898,0.007777777777796005,0.0033333333333050385,0.027555555555510022,0.5967741935480863,0.28225806451725693,0.12096774193465692
6,53,24,0.018999999999778083,0.0,0.0,0.018999999999778083,1.0,0.0,0.0,0.025555555555557285,0.010333333333316394,0.03644444444454267,0.07233333333341635,0.3533026113667459,0.14285714285674472,0.5038402457765094
6,53,25,0.010999999999967258,0.0,0.0,0.010999999999967258,1.0,0.0,0.0,0.022111111111067967,0.0057777777777422434,0.036777777777842864,0.06466666666665308,0.3419243986248342,0.08934707903726996,0.5687285223378957
6,53,27,0.010999999999967258,0.0,0.0,0.010999999999967258,1.0,0.0,0.0,0.002222222222219905,0.0,0.004666666666707897,0.006888888888927802,0.3225806451591318,0.0,0.6774193548408682
6,53,28,0.009000000000014552,0.0,0.0,0.009000000000014552,1.0,0.0,0.0,0.003444444444489017,0.0,0.004000000000006468,0.007444444444495485,0.46268656716699413,0.0,0.5373134328330058
6,53,29,0.011000000000422006,0.0,0.0,0.011000000000422006,1.0,0.0,0.0,0.004444444444490634,0.0,0.0007777777777341221,0.005222222222224756,0.8510638297956659,0.0,0.14893617020433408
6,53,30,0.01999999999998181,0.0,0.0,0.01999999999998181,1.0,0.0,0.0,0.004555555555573854,0.0,0.0007777777777341221,0.005333333333307976,0.8541666666741587,0.0,0.14583333332584125
6,53,31,0.009999999999763531,0.0,0.0,0.009999999999763531,1.0,0.0,0.0,0.004333333333306359,0.003444444444438822,0.0,0.007777777777745181,0.557142857141724,0.442857142858276,0.0
6,53,32,0.009000000000014552,0.0,0.0,0.009000000000014552,1.0,0.0,0.0,0.004333333333356886,0.004555555555574187,0.0,0.008888888888931072,0.4875000000003362,0.5124999999996639,0.0
6,53,33,0.020000000000436557,0.0,0.0,0.020000000000436557,1.0,0.0,0.0,0.004333333333356886,0.0066666666666101125,0.0,0.010999999999966998,0.393939393942717,0.6060606060572831,0.0
6,53,34,0.009999999999763531,0.0,0.0,0.009999999999763531,1.0,0.0,0.0,0.004555555555573854,0.007777777777745476,0.0,0.012333333333319329,0.3693693693712724,0.6306306306287277,0.0
6,53,36,0.0,0.0,0.021999999999934516,0.021999999999934516,0.0,1.0,0.0,0.00911111111119853,0.011333333333318008,0.0,0.020444444444516537,0.4456521739157479,0.5543478260842521,0.0
6,53,37,0.0,0.0,0.021999999999934516,0.021999999999934516,0.0,1.0,0.0,0.010000000000015873,0.008444444444497434,0.007111111111094539,0.025555555555607845,0.3913043478259074,0.33043478261009307,0.27826086956399954
6,53,38,0.0,0.041999999999916326,0.007000000000061846,0.04899999999997817,0.0,0.14285714285846865,0.8571428571415314,0.0066666666666097794,0.004111111111190779,0.012333333333269062,0.023111111111069622,0.2884615384595948,0.1778846153883819,0.5336538461520232
6,53,39,0.0,0.028000000000247383,0.0,0.028000000000247383,0.0,0.0,1.0,0.0021111111110356296,0.0016666666667536111,0.014666666666572485,0.018444444444361725,0.11445783132172216,0.09036144578825164,0.7951807228900262
6,53,40,0.0,0.02099999999973079,0.0,0.02099999999973079,0.0,0.0,1.0,0.0,0.0,0.010666666666616543,0.010666666666616543,0.0,0.0,1.0
6,53,41,0.0,0.028000000000247383,0.0,0.028000000000247383,0.0,0.0,1.0,0.0,0.0,0.006666666666660603,0.006666666666660603,0.0,0.0,1.0
6,53,42,0.0,0.010999999999967258,0.0,0.010999999999967258,0.0,0.0,1.0,0.0,0.0,0.006444444444494164,0.006444444444494164,0.0,0.0,1.0
6,53,43,0.0,0.01900000000023283,0.0,0.01900000000023283,0.0,0.0,1.0,0.0,0.0,0.005666666666658987,0.005666666666658987,0.0,0.0,1.0
6,53,44,0.0,0.02099999999973079,0.0,0.02099999999973079,0.0,0.0,1.0,0.0,0.0,0.005666666666658987,0.005666666666658987,0.0,0.0,1.0
6,53,45,0.0,0.010999999999967258,0.0,0.010999999999967258,0.0,0.0,1.0,0.0,0.0,0.005666666666658986,0.005666666666658986,0.0,0.0,1.0
6,53,46,0.0,0.01900000000023283,0.0,0.01900000000023283,0.0,0.0,1.0,0.0,0.0,0.03233333333335193,0.03233333333335193,0.0,0.0,1.0
6,53,47,0.0,0.24299999999993815,0.0,0.24299999999993815,0.0,0.0,1.0,0.0,0.0,0.03111111111113334,0.03111111111113334,0.0,0.0,1.0
6,54,0,6.7059999999992215,0.44800000000032014,0.07000000000016371,7.223999999999705,0.928294573643341,0.009689922480643213,0.062015503876015836,2.611166666666312,0.38800000000014734,0.23399999999999938,3.2331666666664587,0.8076189494303252,0.1200061858859237,0.07237486468375105
6,54,1,0.011000000000422006,0.23299999999971988,0.5970000000002074,0.8410000000003492,0.013079667063516572,0.7098692033293216,0.27705112960716183,1.750111111110856,0.2597777777778497,0.1582222222222198,2.1681111111109255,0.8072054527750245,0.1198175575257955,0.07297698969918004
6,54,2,0.018000000000029104,0.0,0.009999999999763531,0.027999999999792635,0.6428571428629432,0.3571428571370568,0.0,0.0241111111110715,0.23611111111116165,0.05711111111107433,0.31733333333330743,0.07598039215674413,0.744047619047839,0.17997198879541698
6,54,3,0.07099999999945794,0.0,0.1380000000003747,0.20899999999983265,0.3397129186579655,0.6602870813420345,0.0,0.21099999999993693,0.026444444444475978,0.005555555555525238,0.24299999999993813,0.8683127572016076,0.1088248742571305,0.022862368541261946
6,54,4,0.6339999999995598,0.0,0.0,0.6339999999995598,1.0,0.0,0.0,0.23033333333326786,0.025333333333391137,0.0033333333333050376,0.25899999999996404,0.88931788931776,0.09781209781233458,0.012870012869905407
6,54,5,0.056999999999789,0.0,0.0,0.056999999999789,1.0,0.0,0.0,0.2401111111111176,0.0022222222222202013,0.0,0.2423333333333378,0.9908298945437958,0.009170105456204237,0.0
6,54,6,0.04900000000043292,0.0,0.0,0.04900000000043292,1.0,0.0,0.0,0.08011111111111151,0.007666666666611693,0.0,0.0877777777777232,0.9126582278486732,0.08734177215132675,0.0
6,54,7,0.09000000000014552,0.0,0.03199999999969805,0.12199999999984357,0.7377049180349255,0.2622950819650744,0.0,0.09566666666675398,0.029222222222162805,0.0,0.12488888888891679,0.7660142348759729,0.23398576512402713,0.0
6,54,8,0.08900000000039654,0.0,0.012000000000170985,0.10100000000056752,0.8811881188108559,0.11881188118914413,0.0,0.2346666666667766,0.16311111111094256,0.16344444444444486,0.561222222222164,0.418135022768008,0.2906355177189933,0.29122945951299867
6,54,9,0.14000000000032742,1.2510000000002037,0.1499999999996362,1.5410000000001673,0.09085009733959261,0.09733939000624264,0.8118105126541647,1.2462222222224126,0.3316666666666808,0.20422222222224365,1.782111111111337,0.6992954672984782,0.18610885965457627,0.11459567304694555
6,54,10,4.101999999999407,0.12599999999974898,1.236000000000331,5.463999999999487,0.7507320644216311,0.22620790629583584,0.02306002928253309,1.355222222222336,0.48711111111111277,0.25177777777778626,2.094111111111235,0.6471586989972039,0.2326099644505627,0.12023133655223336
6,54,11,0.9489999999996144,0.0,0.9630000000001928,1.9119999999998072,0.4963389121337396,0.5036610878662604,0.0,3.2796666666667478,0.6756666666666812,0.12366666666669819,4.079000000000127,0.804036937157795,0.16564517447086546,0.03031788837133963
6,54,12,12.031000000000859,0.318000000000211,1.5090000000000146,13.858000000001084,0.8681627940539701,0.10889017174194664,0.022947034204083283,2.260111111110998,0.6766666666665313,0.1227777777777798,3.059555555555309,0.7387056943637645,0.22116502033698696,0.04012928529924852
6,54,13,0.11099999999942156,0.18899999999985084,0.5990000000001601,0.8989999999994325,0.1234705228025491,0.6662958843165052,0.21023359288094567,2.4413333333332043,0.5623333333332489,0.13622222222223476,3.139888888888688,0.7775222053151295,0.1790933861778394,0.04338440850703108
6,54,14,0.6889999999998508,0.0,0.032000000000152795,0.7210000000000036,0.9556171983354332,0.04438280166456676,0.0,0.3847777777776979,0.2636666666666214,0.10511111111110143,0.7535555555554208,0.5106163373635949,0.3498967856089675,0.13948687702743764
6,54,15,0.15100000000029468,0.027999999999792635,0.0409999999997126,0.2199999999997999,0.6863636363656,0.1863636363624995,0.12727272727190045,0.9886666666666818,0.10655555555558749,0.09400000000000042,1.1892222222222695,0.8313556946650269,0.0896010464356021,0.07904325889937122
6,54,16,2.326999999999771,0.25900000000001455,0.062000000000352884,2.6480000000001382,0.8787764350451848,0.02341389728109881,0.0978096676737164,0.7222222222222725,0.08177777777776403,0.03300000000000283,0.8370000000000394,0.8628700384972982,0.0977034382052093,0.03942652329749257
6,54,21,0.0,0.011000000000422006,0.0,0.011000000000422006,0.0,0.0,1.0,0.023111111111120113,0.0,0.0023333333333034213,0.025444444444423536,0.9082969432325412,0.0,0.09170305676745873
6,54,22,0.0,0.009999999999308784,0.0,0.009999999999308784,0.0,0.0,1.0,0.013111111111103945,0.0,0.0034444444444387858,0.01655555555554273,0.7919463087250129,0.0,0.20805369127498716
6,54,23,0.0,0.010000000000218279,0.0,0.010000000000218279,0.0,0.0,1.0,0.008888888888880508,0.0,0.0033333333333050376,0.012222222222185546,0.727272727274224,0.0,0.272727272725776
6,54,24,0.0,0.010000000000218279,0.0,0.010000000000218279,0.0,0.0,1.0,0.004444444444440106,0.0,0.0032222222222723453,0.007666666666712452,0.5797101449235084,0.0,0.42028985507649164
6,54,25,0.0,0.009000000000014552,0.0,0.009000000000014552,0.0,0.0,1.0,0.003333333333304742,0.0,0.003555555555572533,0.006888888888877275,0.4838709677386009,0.0,0.5161290322613992
6,54,26,0.0,0.012999999999919964,0.0,0.012999999999919964,0.0,0.0,1.0,0.0024444444444368723,0.0,0.005666666666709515,0.008111111111146388,0.30136986301145435,0.0,0.6986301369885455
6,54,27,0.0,0.02900000000045111,0.0,0.02900000000045111,0.0,0.0,1.0,0.002222222222219905,0.0,0.004666666666707898,0.006888888888927803,0.32258064515913176,0.0,0.6774193548408682
6,54,29,0.0,0.006999999999607098,0.0,0.006999999999607098,0.0,0.0,1.0,0.004444444444490634,0.0011111111111353643,0.0032222222221712903,0.008777777777797289,0.5063291139281872,0.12658227848349432,0.3670886075883184
6,54,32,0.0,0.0,0.03099999999994907,0.03099999999994907,0.0,1.0,0.0,0.004333333333356886,0.005555555555575766,0.0,0.009888888888932652,0.4382022471914538,0.5617977528085464,0.0
6,54,33,0.0,0.0,0.010000000000218279,0.010000000000218279,0.0,1.0,0.0,0.004333333333356886,0.006666666666610077,0.0,0.010999999999966963,0.39393939394271826,0.6060606060572817,0.0
6,54,34,0.0,0.0,0.018999999999323336,0.018999999999323336,0.0,1.0,0.0,0.004555555555573854,0.00777777777774544,0.0,0.012333333333319294,0.36936936937127346,0.6306306306287265,0.0
6,54,35,0.010999999999967258,0.0,0.04100000000016735,0.052000000000134605,0.2115384615372843,0.7884615384627157,0.0,0.005666666666709217,0.010999999999916731,0.0,0.01666666666662595,0.34000000000338365,0.6599999999966163,0.0
6,54,36,0.030000000000654836,0.0,0.016999999999825377,0.04700000000048021,0.6382978723478365,0.3617021276521635,0.0,0.00911111111119853,0.011333333333317971,0.0,0.0204444444445165,0.4456521739157487,0.5543478260842514,0.0
6,54,37,0.04100000000016735,0.0,0.0,0.04100000000016735,1.0,0.0,0.0,0.01333333333332091,0.010888888888934564,0.007111111111094539,0.03133333333335001,0.425531914892994,0.34751773049772666,0.22695035460927937
6,54,38,0.018999999999323336,0.021999999999934516,0.00800000000072032,0.04899999999997817,0.3877551020271796,0.16326530613722212,0.4489795918355983,0.009999999999914817,0.00655555555562791,0.061111111111080786,0.07766666666662352,0.1287553648058417,0.08440629470770239,0.7868383404864558
6,54,39,0.0,0.018999999999323336,0.0,0.018999999999323336,0.0,0.0,1.0,0.005444444444340667,0.004111111111190742,0.06344444444438421,0.07299999999991562,0.07458143074447891,0.05631659056432184,0.8691019786911993
6,54,47,0.0,0.018000000000029104,0.0,0.018000000000029104,0.0,0.0,1.0,0.0,0.0,0.03111111111113334,0.03111111111113334,0.0,0.0,1.0
6,55,0,6.223999999998114,0.2929999999996653,0.2000000000007276,6.716999999998507,0.9266041387523444,0.029775197260796794,0.043620663986858786,2.615999999999758,0.5855000000002141,0.24099999999990965,3.4424999999998818,0.7599128540304569,0.17007988380544203,0.07000726216410107
6,55,1,0.010999999999967258,0.22100000000000364,1.3099999999999454,1.5419999999999163,0.007133592736684731,0.849546044098584,0.1433203631647313,1.7459999999998421,0.39144444444456084,0.16066666666660642,2.2981111111110093,0.7597543876613294,0.1703331238215541,0.06991248851711657
6,55,7,0.03099999999994907,0.0,0.009999999999763531,0.0409999999997126,0.7560975609796676,0.24390243902033243,0.0,0.09422222222231842,0.019333333333280342,0.0,0.11355555555559876,0.829745596869416,0.17025440313058401,0.0
6,55,8,0.21000000000003638,0.0,0.11999999999989086,0.32999999999992724,0.6363636363638869,0.36363636363611307,0.0,0.16900000000007112,0.2123333333332387,0.16344444444444486,0.5447777777777547,0.310218233734592,0.38976137058927784,0.30002039567613015
6,55,9,0.5099999999997635,0.2199999999997999,0.9649999999996908,1.6949999999992542,0.30088495575220525,0.5693215339233719,0.12979351032442285,1.352555555555581,0.4162222222222327,0.20422222222224365,1.9730000000000574,0.685532466069712,0.2109590583995036,0.10350847553078445
6,55,10,4.233000000000175,0.2410000000004402,0.07100000000036744,4.545000000000982,0.9313531353133685,0.01562156215629309,0.053025302530338415,1.4292222222222033,0.5105555555555837,0.20422222222224365,2.1440000000000308,0.6666148424543763,0.2381322553897278,0.09525290215589585
6,55,11,0.3400000000001455,0.0,0.018000000000029104,0.3580000000001746,0.9497206703910047,0.05027932960899532,0.0,3.0211111111112188,0.5765555555555895,0.07611111111115558,3.6737777777779637,0.8223445439148196,0.1569380595209304,0.020717396564250107
6,55,12,3.049000000000433,0.0,0.8219999999996617,3.8710000000000946,0.7876517695686795,0.21234823043132048,0.0,1.8311111111111638,0.5418888888888836,0.07522222222223718,2.4482222222222845,0.7479350095307278,0.22133974766269532,0.03072524280657699
6,55,13,0.0,0.17000000000007276,0.9659999999998945,1.1359999999999673,0.0,0.850352112675988,0.14964788732401202,1.765555555555592,0.4767777777777458,0.15077777777782508,2.3931111111111627,0.7377658092673407,0.19922926919860803,0.06300492153405128
6,55,14,0.009999999999763531,0.5489999999999782,0.362999999999829,0.9219999999995707,0.010845986984564194,0.3937093275488048,0.595444685466631,0.11011111111105897,0.2246666666666088,0.11966666666669173,0.4544444444443595,0.242298288508488,0.4943765281173245,0.26332518337418753
6,55,15,0.03000000000020009,0.010000000000218279,0.02099999999973079,0.06100000000014916,0.4918032786906022,0.34426229507671213,0.16393442623268567,0.6496666666666392,0.059777777777778957,0.10855555555559072,0.8180000000000088,0.7942135289323132,0.07307796794349426,0.1327085031241926
6,55,16,2.6399999999998727,0.0,0.01900000000023283,2.6590000000001055,0.9928544565625302,0.007145543437469755,0.0,0.7466666666666949,0.05377777777776926,0.03300000000000283,0.833444444444467,0.8958805492601083,0.06452473003598323,0.03959472070390847
6,55,17,0.6019999999998618,0.0,0.3409999999998945,0.9429999999997563,0.6383881230116834,0.3616118769883167,0.0,0.7419999999999871,0.0645555555556206,0.028777777777779397,0.8353333333333871,0.8882681564245084,0.07728119180640437,0.034450651769087244
6,55,18,0.12800000000015643,0.0,0.1590000000001055,0.28700000000026193,0.445993031359023,0.554006968640977,0.0,0.19433333333331068,0.05555555555555552,0.0,0.2498888888888662,0.7776789684303934,0.2223210315696065,0.0
6,55,19,0.02999999999974534,0.0,0.0,0.02999999999974534,1.0,0.0,0.0,0.028666666666645645,0.017666666666678352,0.0,0.046333333333324,0.618705035970894,0.381294964029106,0.0
6,55,20,0.07000000000016371,0.0,0.0,0.07000000000016371,1.0,0.0,0.0,0.018666666666629476,0.0,0.0012222222222691118,0.019888888888898587,0.938547486031192,0.0,0.061452513968808055
6,55,21,0.04899999999997817,0.0,0.0,0.04899999999997817,1.0,0.0,0.0,0.02433333333333899,0.002222222222220164,0.0023333333333034213,0.028888888888862575,0.8423076923086553,0.07692307692307575,0.08076923076826892
6,55,22,0.04100000000016735,0.0,0.0,0.04100000000016735,1.0,0.0,0.0,0.03633333333335839,0.023666666666586997,0.030777777777782626,0.09077777777772801,0.40024479804211116,0.2607099143199507,0.3390452876379382
6,55,29,0.0,0.011999999999716238,0.0,0.011999999999716238,0.0,0.0,1.0,0.001777777777786262,0.0011111111111353274,0.0032222222221712903,0.0061111111110928795,0.2909090909113471,0.18181818182268691,0.527272727265966
6,55,30,0.0,0.010000000000218279,0.010000000000218279,0.020000000000436557,0.0,0.5,0.5,0.001777777777786262,0.0021111111111369444,0.0032222222221712903,0.007111111111094496,0.2500000000017772,0.29687500000432643,0.45312499999389644
6,55,31,0.0,0.0,0.009000000000014552,0.009000000000014552,0.0,1.0,0.0,0.0023333333333539438,0.005555555555575729,0.0011111111111353643,0.009000000000065038,0.2592592592596758,0.6172839506150647,0.12345679012525944
6,55,38,0.02999999999974534,0.0,0.021999999999934516,0.05199999999967986,0.5769230769217315,0.4230769230782685,0.0,0.00999999999991511,0.0033333333334060553,0.05333333333328483,0.06666666666660599,0.14999999999886315,0.05000000000113634,0.8000000000000005
6,55,39,0.0,0.4390000000003056,0.0,0.4390000000003056,0.0,0.0,1.0,0.006444444444342576,0.0033333333334060558,0.05333333333328483,0.06311111111103346,0.10211267605484957,0.052816901409667986,0.8450704225354825
6,55,55,0.01999999999998181,0.0,0.0,0.01999999999998181,1.0,0.0,0.0,0.030888888888865845,0.0014444444444355147,0.0,0.03233333333330136,0.9553264604813317,0.04467353951866834,0.0
6,55,58,0.03800000000046566,0.0,0.0,0.03800000000046566,1.0,0.0,0.0,0.04216666666661694,0.003166666666705417,0.0,0.04533333333332236,0.9301470588226577,0.06985294117734228,0.0
6,56,0,2.1530000000004748,0.250999999999749,0.9770000000003165,3.3810000000005402,0.6367938479740108,0.2889677610174979,0.07423839100849124,2.0651666666665656,0.6035000000001673,0.18249999999989086,2.8511666666666238,0.724323376395603,0.211667738352783,0.06400888525161405
6,56,1,0.5910000000003492,0.0,0.3589999999999236,0.9500000000002728,0.6221052631580837,0.3778947368419163,0.0,1.3852222222222077,0.4034444444445802,0.12166666666659391,1.9103333333333818,0.7251206886523325,0.21119060082598323,0.06368871052168426
6,56,3,0.4830000000001746,0.0,0.0,0.4830000000001746,1.0,0.0,0.0,0.22744444444449777,0.003222222222221818,0.0,0.2306666666667196,0.9860308285163826,0.013969171483617393,0.0
6,56,4,0.01999999999998181,0.0,0.0,0.01999999999998181,1.0,0.0,0.0,0.22788888888893175,0.0021111111110864536,0.0,0.2300000000000182,0.9908212560387553,0.009178743961244724,0.0
6,56,5,0.04100000000016735,0.0,0.0,0.04100000000016735,1.0,0.0,0.0,0.021666666666634332,0.0,0.0,0.021666666666634332,1.0,0.0,0.0
6,56,6,0.03099999999994907,0.0,0.0,0.03099999999994907,1.0,0.0,0.0,0.03366666666665374,0.0011111111110848368,0.0,0.03477777777773857,0.9680511182115822,0.031948881788417906,0.0
6,56,7,0.04800000000022919,0.0,0.0,0.04800000000022919,1.0,0.0,0.0,0.0867777777777216,0.014444444444406042,0.0,0.10122222222212764,0.8572996706917938,0.1427003293082062,0.0
6,56,8,0.29999999999972715,0.0,0.0,0.29999999999972715,1.0,0.0,0.0,0.1854444444444299,0.19077777777773816,0.024444444444422214,0.4006666666665903,0.4628397115918434,0.47615085967830584,0.06100942872985077
6,56,9,0.10300000000006548,0.0,0.6220000000002983,0.7250000000003638,0.14206896551726042,0.8579310344827396,0.0,1.882333333333362,0.2708888888889002,0.051222222222248905,2.204444444444511,0.853881048387084,0.12288306451613046,0.023235887096785597
6,56,10,2.486000000000331,0.0,0.569999999999709,3.05600000000004,0.8134816753927678,0.18651832460723217,0.0,1.9548888888888947,0.25955555555558224,0.051222222222248905,2.265666666666726,0.8628316414104062,0.11456034525036433,0.02260801333922947
6,56,14,0.0,0.13100000000031287,0.0,0.13100000000031287,0.0,0.0,1.0,0.253555555555522,0.22222222222212118,0.09555555555562023,0.5713333333332634,0.4437961882535934,0.3889537145078443,0.1672500972385623
6,56,17,0.9700000000002547,0.0,0.0,0.9700000000002547,1.0,0.0,0.0,0.483444444444457,0.05766666666669254,0.0,0.5411111111111495,0.8934291581108428,0.10657084188915729,0.0
6,56,18,0.010999999999967258,0.0,0.0,0.010999999999967258,1.0,0.0,0.0,0.1943333333333107,0.05555555555555556,0.0,0.24988888888886626,0.7776789684303934,0.22232103156960664,0.0
6,56,19,0.007999999999810825,0.0,0.0,0.007999999999810825,1.0,0.0,0.0,0.02866666666664568,0.017666666666678387,0.0,0.04633333333332407,0.6187050359708938,0.3812949640291062,0.0
6,56,20,0.010999999999967258,0.0,0.0,0.010999999999967258,1.0,0.0,0.0,0.018666666666629514,0.0,0.0,0.018666666666629514,1.0,0.0,0.0
6,56,22,0.047999999999774445,0.0,0.01999999999998181,0.06799999999975626,0.7058823529403897,0.2941176470596103,0.0,0.03633333333335843,0.06499999999995351,0.16622222222218222,0.26755555555549415,0.13579734219281597,0.24294019933543018,0.6212624584717539
6,56,23,0.1890000000003056,0.2460000000000946,0.1929999999993015,0.6279999999997017,0.30095541401336845,0.30732484076336497,0.39171974522326664,0.03222222222226875,0.06499999999995351,0.16622222222218222,0.2634444444444045,0.12231126107147308,0.24673133698847333,0.6309574019400535
6,56,24,0.012000000000170985,0.0,0.0,0.012000000000170985,1.0,0.0,0.0,0.02233333333338632,0.06277777777773332,0.16622222222218222,0.2513333333333019,0.08885941644584529,0.24977895667536276,0.6613616268787919
6,56,26,0.012999999999919964,0.0,0.0,0.012999999999919964,1.0,0.0,0.0,0.001444444444435584,0.0,0.0,0.001444444444435584,1.0,0.0,0.0
6,56,29,0.007000000000061846,0.0,0.0,0.007000000000061846,1.0,0.0,0.0,0.001777777777786299,0.0011111111111353643,0.0024444444444371685,0.005333333333358832,0.3333333333333374,0.20833333333688478,0.4583333333297778
6,56,30,0.009000000000014552,0.0,0.0,0.009000000000014552,1.0,0.0,0.0,0.001777777777786299,0.0021111111111369813,0.0024444444444371685,0.006333333333360449,0.2807017543861086,0.33333333333599097,0.3859649122779005
6,56,32,0.012000000000170985,0.0,0.0,0.012000000000170985,1.0,0.0,0.0,0.0013333333333523639,0.001000000000001617,0.0,0.0023333333333539806,0.5714285714316709,0.4285714285683292,0.0
6,56,36,0.010999999999967258,0.0,0.0,0.010999999999967258,1.0,0.0,0.0,0.0012222222222186166,0.0,0.0,0.0012222222222186166,1.0,0.0,0.0
6,56,40,0.009000000000014552,0.0,0.0,0.009000000000014552,1.0,0.0,0.0,0.0010000000000016493,0.0,0.04877777777781173,0.049777777777813385,0.02008928571430448,0.0,0.9799107142856954
6,56,43,0.009999999999763531,0.0,0.0,0.009999999999763531,1.0,0.0,0.0,0.001111111111084869,0.0,0.0,0.001111111111084869,1.0,0.0,0.0
6,56,46,0.009000000000014552,0.0,0.0,0.009000000000014552,1.0,0.0,0.0,0.002000000000003266,0.0,0.0,0.002000000000003266,1.0,0.0,0.0
6,56,47,0.009000000000014552,0.0,0.0,0.009000000000014552,1.0,0.0,0.0,0.003333333333355598,0.0,0.0,0.003333333333355598,1.0,0.0,0.0
6,56,49,0.012000000000170985,0.0,0.0,0.012000000000170985,1.0,0.0,0.0,0.003555555555572565,0.0,0.0,0.003555555555572565,1.0,0.0,0.0
6,56,51,0.010999999999967258,0.0,0.0,0.010999999999967258,1.0,0.0,0.0,0.0034444444444893456,0.0,0.0,0.0034444444444893456,1.0,0.0,0.0
6,56,53,0.008000000000265572,0.0,0.0,0.008000000000265572,1.0,0.0,0.0,0.023222222222203662,0.0,0.0,0.023222222222203662,1.0,0.0,0.0
6,56,54,0.18999999999959982,0.0,0.0,0.18999999999959982,1.0,0.0,0.0,0.029888888888864266,0.0,0.0,0.029888888888864266,1.0,0.0,0.0
6,56,55,0.05099999999993088,0.0,0.0,0.05099999999993088,1.0,0.0,0.0,0.03311111111108608,0.0014444444444355515,0.0,0.03455555555552164,0.9581993569133995,0.0418006430866004,0.0
6,56,56,0.017000000000280124,0.0,0.012999999999919964,0.03000000000020009,0.5666666666722247,0.4333333333277753,0.0,0.015222222222190726,0.0014444444444355515,0.0,0.01666666666662628,0.9133333333336568,0.08666666666634311,0.0
6,56,57,0.011999999999716238,0.0,0.0,0.011999999999716238,1.0,0.0,0.0,0.035222222222223064,0.003555555555572533,0.0,0.0387777777777956,0.9083094555869968,0.09169054441300313,0.0
6,56,58,0.2029999999995198,0.0,0.01900000000023283,0.22199999999975262,0.9144144144132702,0.08558558558672974,0.0,0.04666666666662427,0.0031666666667054724,0.0,0.049833333333329746,0.9364548494975444,0.06354515050245553,0.0
6,57,0,3.2900000000011005,0.32999999999992724,0.7150000000001455,4.335000000001173,0.7589388696655617,0.1649365628604272,0.07612456747401106,1.1385000000002492,0.4618333333333264,0.1263333333333018,1.7266666666668775,0.6593629343629982,0.2674710424710058,0.07316602316599596
6,57,1,0.12199999999938882,0.0,0.05999999999994543,0.18199999999933425,0.6703296703287642,0.3296703296712358,0.0,0.7695555555558005,0.30900000000001965,0.0842222222222012,1.1627777777780213,0.6618251313904208,0.2657429526994357,0.07243191591014353
6,57,2,0.07600000000047658,0.0,0.010000000000218279,0.08600000000069485,0.8837209302309595,0.11627906976904048,0.0,0.3096666666666958,0.05222222222219999,0.0,0.3618888888888958,0.8556954252380131,0.14430457476198677,0.0
6,57,3,1.45699999999988,0.0,0.018999999999778083,1.475999999999658,0.9871273712738601,0.012872628726139895,0.0,0.23266666666677338,0.0043333333333319185,0.0,0.2370000000001053,0.9817158931083123,0.018284106891687735,0.0
6,57,4,0.010999999999967258,0.0,0.0,0.010999999999967258,1.0,0.0,0.0,0.23344444444450752,0.0041111111110896876,0.0,0.2375555555555972,0.9826941066418144,0.017305893358185546,0.0
6,57,5,0.03900000000021464,0.0,0.0,0.03900000000021464,1.0,0.0,0.0,0.028555555555511897,0.0008888888888931331,0.0,0.02944444444440503,0.9698113207545324,0.030188679245467573,0.0
6,57,6,0.05299999999942884,0.0,0.0,0.05299999999942884,1.0,0.0,0.0,0.03633333333330787,0.0034444444444387853,0.0,0.03977777777774665,0.9134078212291249,0.0865921787708752,0.0
6,57,7,0.05999999999994543,0.0,0.0,0.05999999999994543,1.0,0.0,0.0,0.06477777777768602,0.14299999999997856,0.0,0.2077777777776646,0.31176470588208116,0.6882352941179187,0.0
6,57,8,0.04800000000022919,0.0,0.0,0.04800000000022919,1.0,0.0,0.0,0.10777777777780606,0.21211111111112282,0.0,0.31988888888892886,0.3369225425495427,0.6630774574504574,0.0
6,57,9,0.3589999999999236,0.0,0.0,0.3589999999999236,1.0,0.0,0.0,1.671888888888841,0.29277777777782726,0.0,1.9646666666666683,0.8509783961090124,0.14902160389098762,0.0
6,57,10,8.692000000000007,0.0,0.09000000000014552,8.782000000000153,0.9897517649737937,0.010248235026206327,0.0,2.231222222222186,0.15577777777783317,0.0011111111110848368,2.3881111111111037,0.9343041920625196,0.06523054017589461,0.0004652677615857982
6,57,11,0.8709999999996398,0.0,0.0,0.8709999999996398,1.0,0.0,0.0,2.588333333333392,0.08666666666668892,0.004555555555523622,2.6795555555556048,0.9659562116437261,0.03234367225079557,0.0017001161054781824
6,57,12,2.6860000000010587,0.0,0.0,2.6860000000010587,1.0,0.0,0.0,1.103444444444449,0.011222222222184226,0.00777777777774544,1.1224444444443786,0.9830726588794915,0.009998020193987722,0.006929320926520794
6,57,13,0.8229999999994106,0.0,0.06999999999970896,0.8929999999991196,0.9216125419935297,0.07838745800647029,0.0,0.6731111111111608,0.07655555555553899,0.03677777777779233,0.7864444444444921,0.855891494772546,0.09734388245264328,0.046764622774810805
6,57,14,1.4190000000003238,0.0,0.5799999999999272,1.999000000000251,0.7098549274638047,0.2901450725361953,0.0,0.2613333333332674,0.07655555555553899,0.052222222222250515,0.39011111111105695,0.669894616918181,0.19624038735401497,0.13386499572780403
6,57,23,0.0,1.2499999999995453,0.3720000000002983,1.6219999999998436,0.0,0.22934648582018138,0.7706535141798186,0.027666666666694557,0.06499999999995351,0.28055555555556566,0.37322222222221374,0.07412920512064801,0.17415897588555965,0.7517118189937922
6,57,56,0.01999999999998181,0.0,0.0,0.01999999999998181,1.0,0.0,0.0,0.012999999999970493,0.0014444444444355515,0.0,0.014444444444406046,0.9000000000003497,0.09999999999965017,0.0
6,57,57,0.016999999999825377,0.0,0.0,0.016999999999825377,1.0,0.0,0.0,0.03099999999994907,0.003555555555572533,0.0,0.0345555555555216,0.8971061093241663,0.10289389067583357,0.0
6,57,58,0.010000000000218279,0.0,0.0,0.010000000000218279,1.0,0.0,0.0,0.04033333333321328,0.0031666666667054724,0.0,0.043499999999918756,0.9272030651330715,0.07279693486692843,0.0
6,58,0,0.6450000000004366,0.1770000000001346,0.6479999999996835,1.4700000000002547,0.4387755102043026,0.44081632653032055,0.12040816326537683,0.8575000000001106,0.24283333333327542,0.144833333333357,1.245166666666743,0.6886628296078635,0.19502074688790835,0.11631642350422818
6,58,1,0.02999999999974534,0.0,0.011999999999943611,0.04199999999968895,0.7142857142849409,0.2857142857150591,0.0,0.5822222222223749,0.16299999999998566,0.09655555555557133,0.8417777777779318,0.6916578669483124,0.19363780359023264,0.11470432946145498
6,58,2,0.01900000000023283,0.0,0.0,0.01900000000023283,1.0,0.0,0.0,0.19033333333330424,0.012333333333319589,0.0,0.20266666666662383,0.9391447368421602,0.06085526315783978,0.0
6,58,3,0.009000000000014552,0.0,0.009999999999990905,0.019000000000005457,0.47368421052694565,0.5263157894730544,0.0,0.1767777777778671,0.0043333333333319185,0.0,0.181111111111199,0.9760736196319213,0.023926380368078735,0.0
6,58,4,0.01900000000023283,0.0,0.0,0.01900000000023283,1.0,0.0,0.0,0.1730000000000271,0.0041111111110896876,0.0,0.1771111111111168,0.9767879548307364,0.02321204516926349,0.0
6,58,5,0.021999999999934516,0.0,0.008000000000038199,0.029999999999972715,0.7333333333318175,0.2666666666681825,0.0,0.09744444444443918,0.01555555555556667,0.0,0.11300000000000586,0.862340216322426,0.137659783677574,0.0
6,58,6,0.02099999999973079,0.0,0.0,0.02099999999973079,1.0,0.0,0.0,0.10522222222223516,0.06033333333334667,0.0,0.16555555555558182,0.6355704697986351,0.36442953020136504,0.0
6,58,7,0.012000000000170985,0.0,0.02299999999991087,0.035000000000081855,0.3428571428612263,0.6571428571387737,0.0,0.10722222222218787,0.22544444444444403,0.0,0.3326666666666319,0.3223112892450874,0.6776887107549125,0.0
6,58,8,0.009999999999763531,0.0,1.2639999999998963,1.2739999999996598,0.007849293563395763,0.9921507064366042,0.0,0.06622222222227316,0.28422222222222143,0.0,0.3504444444444946,0.18896639188344108,0.811033608116559,0.0
6,58,9,0.03000000000020009,0.0,0.0,0.03000000000020009,1.0,0.0,0.0,1.5081111111109953,0.2636666666666972,0.0,1.7717777777776924,0.8511852502194664,0.1488147497805336,0.0
6,58,10,3.0189999999993233,0.0,0.08900000000039654,3.10799999999972,0.9713642213640912,0.028635778635908802,0.0,2.9686666666666497,0.16244444444449377,0.0011111111110848368,3.1322222222222282,0.9477829017381978,0.051862362539923414,0.00035473572187880495
6,58,11,4.5210000000001855,0.009999999999763531,0.03099999999994907,4.561999999999898,0.9910127137221145,0.006795265234535239,0.002192021043350231,3.338444444444475,0.09033333333334466,0.004555555555523622,3.4333333333333433,0.9723624595469316,0.026310679611653707,0.0013268608414146433
6,58,12,1.0199999999999818,0.03099999999994907,0.0,1.0509999999999309,0.9705042816365832,0.0,0.02949571836341685,1.9804444444445026,0.07722222222218988,0.00777777777774544,2.065444444444438,0.9588466297272892,0.03738770240463237,0.003765667868078389
6,58,13,0.009999999999763531,0.028999999999996362,0.0,0.03899999999975989,0.2564102564057717,0.0,0.7435897435942282,0.6865555555555654,0.08888888888885856,0.02222222222220201,0.797666666666626,0.8607048335423323,0.11143613316614678,0.027859033291520865
6,58,14,0.09999999999990905,0.13999999999987267,0.03900000000021464,0.27899999999999636,0.35842293906777906,0.1397849462373303,0.5017921146948907,0.27144444444436683,0.1008888888889285,0.0376666666666602,0.4099999999999555,0.6620596205960885,0.24607046070473035,0.0918699186991812
6,58,15,0.0,0.17000000000007276,0.0,0.17000000000007276,0.0,0.0,1.0,0.17644444444446586,0.08977777777782749,0.03444444444443839,0.30066666666673175,0.5868440502586286,0.29859571322996026,0.11456023651141108
6,58,20,0.0,0.2270000000003165,0.0,0.2270000000003165,0.0,0.0,1.0,0.0025555555555204254,0.08622222222225497,0.07900000000002667,0.16777777777780206,0.01523178807925861,0.5139072847683327,0.47086092715240874
6,58,23,0.0,1.029000000000451,0.0,1.029000000000451,0.0,0.0,1.0,0.0,0.04133333333336648,0.25655555555552684,0.2978888888888933,0.0,0.13875419619555868,0.8612458038044414
6,59,0,1.0579999999999927,0.36200000000008004,0.021999999999934516,1.4420000000000073,0.7337031900138609,0.015256588072076563,0.25104022191406256,0.5703333333333376,0.1234999999998839,0.08983333333336911,0.7836666666665906,0.7277754147172177,0.15759251382377187,0.11463207145901043
6,59,6,0.7120000000004438,0.0,0.13200000000006185,0.8440000000005057,0.8436018957346176,0.15639810426538242,0.0,0.24588888888891028,0.0750000000000202,0.001000000000001617,0.3218888888889321,0.7638936831204334,0.2329996548153577,0.003106662064208956
6,59,7,0.028000000000247383,0.0,0.38000000000010914,0.4080000000003565,0.06862745098093852,0.9313725490190615,0.0,0.20133333333327144,0.23444444444445858,0.0021111111110864536,0.4378888888888165,0.45978178127372304,0.5353971073332849,0.004821111392991937
6,59,8,0.02099999999973079,0.0,0.2300000000000182,0.250999999999749,0.08366533864442945,0.9163346613555705,0.0,0.014333333333373314,0.2931111111111022,0.016555555555543024,0.32400000000001855,0.04423868312769288,0.9046639231823624,0.05109739368994468
6,59,9,0.028000000000247383,0.0,0.6610000000000582,0.6890000000003056,0.04063860667668355,0.9593613933233165,0.0,0.49822222222211265,0.2637777777777804,0.015555555555541408,0.7775555555554344,0.6407545012860406,0.3392397827951405,0.020005715918818875
6,59,10,1.3659999999995307,0.0,0.03899999999975989,1.4049999999992906,0.9722419928827192,0.027758007117280842,0.0,2.3207777777777463,0.16355555555557857,0.015555555555541408,2.4998888888888664,0.9283523712164943,0.06542513000578783,0.006222498777717851
6,59,11,7.832000000000789,0.0,0.5520000000001346,8.384000000000924,0.9341603053435027,0.06583969465649735,0.0,2.441777777777689,0.08488888888890263,0.004555555555523622,2.5312222222221155,0.9646635354023145,0.03353671919582792,0.0017997454018574394
6,59,12,0.03899999999975989,0.0,0.011999999999716238,0.05099999999947613,0.7647058823560882,0.23529411764391178,0.0,1.9616666666666385,0.07044444444444607,0.00777777777774544,2.0398888888888296,0.9616536848412365,0.03453347132196923,0.003812843836794542
6,59,13,0.021999999999934516,0.0,0.03000000000020009,0.052000000000134605,0.4230769230745686,0.5769230769254314,0.0,0.15544444444438138,0.01922222222224769,0.02222222222220201,0.19688888888883108,0.7895033860044262,0.09762979683988714,0.1128668171556867
6,59,14,0.05999999999994543,0.0,0.06899999999995998,0.1289999999999054,0.46511627906968545,0.5348837209303146,0.0,0.028999999999945833,0.03311111111118711,0.0376666666666602,0.09977777777779315,0.2906458797321518,0.3318485523392406,0.37750556792860757
6,59,15,0.009000000000014552,0.0,0.12000000000034561,0.12900000000036016,0.06976744186038314,0.9302325581396169,0.0,0.020777777777766463,0.032111111111185496,0.03444444444443839,0.08733333333339036,0.23791348600480416,0.36768447837211293,0.3944020356230828
6,59,20,0.022999999999683496,0.4630000000001928,0.7760000000002947,1.262000000000171,0.018225039619398083,0.6148969889066478,0.3668779714739541,0.0025555555555203885,0.14400000000003074,0.07900000000002667,0.22555555555557782,0.011330049260926713,0.6384236453202703,0.3502463054188029
6,59,21,0.0,0.02099999999973079,0.0,0.02099999999973079,0.0,0.0,1.0,0.0025555555555203885,0.13966666666667354,0.07900000000002667,0.2212222222222206,0.011551983927515653,0.6313410346559875,0.3571069814164969
6,59,23,0.0,0.02999999999974534,0.0,0.02999999999974534,0.0,0.0,1.0,0.0,0.0,0.11766666666668851,0.11766666666668851,0.0,0.0,1.0
6,60,0,1.668999999999869,0.0,0.058999999999741704,1.7279999999996107,0.9658564814816233,0.034143518518376735,0.0,0.7101666666665853,0.013499999999946036,0.06033333333334667,0.783999999999878,0.90582482993201,0.017219387755035887,0.07695578231295416
6,60,1,0.01999999999998181,0.0,0.0,0.01999999999998181,1.0,0.0,0.0,0.476888888888829,0.008999999999964025,0.04022222222223112,0.5261111111110242,0.906441393875432,0.01710665258705166,0.07645195353751634
6,60,2,0.03099999999994907,0.0,0.0,0.03099999999994907,1.0,0.0,0.0,0.010222222222233136,0.0,0.0,0.010222222222233136,1.0,0.0,0.0
6,60,3,0.021000000000185537,0.0,0.0,0.021000000000185537,1.0,0.0,0.0,0.07711111111110668,0.0,0.0,0.07711111111110668,1.0,0.0,0.0
6,60,4,0.6179999999999382,0.0,0.0,0.6179999999999382,1.0,0.0,0.0,0.12011111111117619,0.005666666666658987,0.0,0.12577777777783516,0.9549469964665128,0.04505300353348729,0.0
6,60,5,0.41000000000030923,0.0,0.05099999999993088,0.4610000000002401,0.8893709327550883,0.11062906724491174,0.0,0.3076666666666925,0.02699999999999313,0.0,0.33466666666668565,0.9193227091633717,0.08067729083662828,0.0
6,60,6,1.007999999999356,0.0,0.05999999999994543,1.0679999999993015,0.9438202247191155,0.056179775280884525,0.0,0.2414444444445204,0.07155555555558142,0.001000000000001617,0.3140000000001034,0.7689313517338882,0.22788393489031164,0.003184713375800279
6,60,7,0.0,0.009000000000014552,0.021000000000185537,0.03000000000020009,0.0,0.7000000000015159,0.2999999999984842,0.1973333333333155,0.09144444444448002,0.0021111111110864536,0.29088888888888204,0.6783804430862802,0.31436210847988527,0.007257448433834427
6,60,8,0.0,0.009999999999763531,0.0,0.009999999999763531,0.0,0.0,1.0,0.011555555555585429,0.15011111111112363,0.016555555555543024,0.1782222222222521,0.06483790523706448,0.8422693266832209,0.09289276807971462
6,60,9,0.0,0.13000000000010914,0.058999999999741704,0.18899999999985084,0.0,0.3121693121681919,0.6878306878318081,0.161666666666608,0.11344444444441454,0.015555555555541408,0.29066666666656393,0.5561926605504535,0.3902905198777109,0.05351681957183569
6,60,10,0.010000000000218279,0.0,0.032000000000152795,0.042000000000371074,0.2380952380983316,0.7619047619016683,0.0,1.8012222222222487,0.16722222222223435,0.014444444444456571,1.9828888888889395,0.9083828308864633,0.0843326235571036,0.00728454555643314
6,60,11,4.0809999999992215,0.0,0.009000000000014552,4.089999999999236,0.997799511002441,0.002200488997558981,0.0,1.9476666666667166,0.09277777777778183,0.0,2.0404444444444985,0.9545306033543882,0.04546939664561176,0.0
6,60,12,0.08800000000019281,0.0,0.0,0.08800000000019281,1.0,0.0,0.0,1.805111111111172,0.102777777777798,0.0,1.90788888888897,0.9461301030807674,0.05386989691923258,0.0
6,60,13,0.041999999999916326,0.0,0.0,0.041999999999916326,1.0,0.0,0.0,0.17188888888889173,0.03366666666665374,0.0,0.20555555555554547,0.8362162162162711,0.16378378378372893,0.0
6,60,14,0.018000000000029104,0.0,0.023000000000138243,0.04100000000016735,0.43902439024282036,0.5609756097571796,0.0,0.021111111111066647,0.043333333333369715,0.0,0.06444444444443637,0.32758620689590284,0.6724137931040971,0.0
6,60,15,0.0,0.0,0.016999999999825377,0.016999999999825377,0.0,1.0,0.0,0.009666666666665455,0.027777777777828305,0.0,0.03744444444449376,0.25816023738835164,0.7418397626116483,0.0
6,60,16,0.0,0.0,0.021000000000185537,0.021000000000185537,0.0,1.0,0.0,0.001000000000001617,0.01877777777781375,0.0,0.019777777777815368,0.05056179775279465,0.9494382022472053,0.0
6,60,17,0.0,0.0,0.010999999999967258,0.010999999999967258,0.0,1.0,0.0,0.0,0.035666666666656965,0.0,0.035666666666656965,0.0,1.0,0.0
6,60,18,0.0,0.0,0.2889999999997599,0.2889999999997599,0.0,1.0,0.0,0.0,0.037666666666660194,0.0,0.037666666666660194,0.0,1.0,0.0
6,60,19,0.0,0.0,0.03900000000021464,0.03900000000021464,0.0,1.0,0.0,0.0025555555555203885,0.17611111111111513,0.051444444444465866,0.23011111111110139,0.011105746016264833,0.76533075808793,0.2235634958958051
6,60,20,0.0,0.0,0.48099999999976717,0.48099999999976717,0.0,1.0,0.0,0.0025555555555203885,0.14400000000003074,0.05377777777776929,0.20033333333332043,0.012756516916075973,0.7188019966724127,0.2684414864115113
6,61,0,1.5049999999996544,0.0,0.0,1.5049999999996544,1.0,0.0,0.0,0.9515000000001237,0.009833333333290284,0.0,0.961333333333414,0.9897711511789639,0.010228848821036193,0.0
6,61,1,0.009000000000014552,0.0,0.0,0.009000000000014552,1.0,0.0,0.0,0.6377777777778546,0.006555555555526856,0.0,0.6443333333333815,0.9898258320400521,0.0101741679599478,0.0
6,61,3,0.010999999999967258,0.0,0.0,0.010999999999967258,1.0,0.0,0.0,0.07711111111110668,0.0,0.0,0.07711111111110668,1.0,0.0,0.0
6,61,4,0.012999999999919964,0.0,0.0,0.012999999999919964,1.0,0.0,0.0,0.12011111111117619,0.005666666666658987,0.0,0.12577777777783516,0.9549469964665128,0.04505300353348729,0.0
6,61,5,0.008000000000265572,0.0,0.0,0.008000000000265572,1.0,0.0,0.0,0.2285555555555321,0.01233333333331959,0.0,0.24088888888885168,0.9488007380074291,0.051199261992570785,0.0
6,61,7,0.007000000000061846,0.0,0.0,0.007000000000061846,1.0,0.0,0.0,0.1127777777777131,0.009000000000014552,0.0021111111110864536,0.12388888888881411,0.9103139013453189,0.07264573991047521,0.017040358744205876
6,61,9,0.01999999999998181,0.0,0.0,0.01999999999998181,1.0,0.0,0.0,0.0044444444444404025,0.010111111111099387,0.015555555555541408,0.030111111111081196,0.14760147601477255,0.3357933579335236,0.5166051660517039
6,61,10,0.009999999999763531,0.0,0.0,0.009999999999763531,1.0,0.0,0.0,0.778333333333295,0.02811111111112849,0.014444444444456571,0.8208888888888801,0.9481591770438184,0.03424472116948553,0.017596101786696065
6,61,11,2.8640000000004875,0.0,0.15300000000024738,3.017000000000735,0.9492873715610838,0.05071262843891618,0.0,0.9246666666666797,0.02577777777782507,0.0,0.9504444444445048,0.972878185644095,0.027121814355904945,0.0
6,61,12,1.2390000000004875,0.0,0.038000000000010914,1.2770000000004984,0.9702427564604572,0.029757243539542743,0.0,0.9314444444444234,0.03677777777779232,0.0,0.9682222222222158,0.9620151480376253,0.037984851962374694,0.0
6,61,13,0.03899999999975989,0.0,0.13099999999985812,0.169999999999618,0.22941176470498545,0.7705882352950145,0.0,0.15955555555557213,0.021333333333334138,0.0,0.18088888888890628,0.8820638820638889,0.11793611793611104,0.0
6,62,0,2.5060000000012224,0.0,0.0,2.5060000000012224,1.0,0.0,0.0,0.9001666666666399,0.0,0.0,0.9001666666666399,1.0,0.0,0.0
6,62,11,0.01999999999998181,0.0,0.0,0.01999999999998181,1.0,0.0,0.0,0.46033333333338705,0.02122222222225092,0.0,0.48155555555563795,0.9559298569450334,0.04407014305496668,0.0
6,62,12,0.009999999999763531,0.0,0.0,0.009999999999763531,1.0,0.0,0.0,0.46355555555560884,0.03577777777779071,0.0,0.4993333333333996,0.9283489096573044,0.07165109034269553,0.0
6,63,0,1.3809999999989486,0.0,0.0,1.3809999999989486,1.0,0.0,0.0,0.926833333333434,0.16350000000011278,0.0,1.0903333333335468,0.8500458575358476,0.14995414246415234,0.0
6,64,0,1.674000000000433,0.0,0.9810000000006767,2.6550000000011096,0.6305084745761708,0.36949152542382924,0.0,0.6119999999998527,0.4230000000000018,0.003333333333406093,1.0383333333332605,0.5894060995183585,0.40738362760837704,0.0032102728732645203
6,65,0,0.6169999999997344,0.020000000000436557,1.5569999999993342,2.1939999999995052,0.2812215132178093,0.7096627164994008,0.009115770282789912,0.5060000000000855,0.5256666666666661,0.003333333333406093,1.0350000000001576,0.48888888888889703,0.5078904991947691,0.003220611916333899
6,66,0,0.7450000000003456,0.0,0.6059999999997672,1.3510000000001128,0.551443375277782,0.448556624722218,0.0,0.2353333333333012,0.43549999999989575,0.023333333333387902,0.6941666666665849,0.33901560624249066,0.6273709483792754,0.03361344537823383
6,66,1,0.0,0.0,0.010000000000218279,0.010000000000218279,0.0,1.0,0.0,0.15688888888886746,0.29033333333326383,0.015555555555591934,0.4627777777777232,0.33901560624249066,0.6273709483792755,0.03361344537823383
6,66,3,0.0,0.0,0.009000000000014552,0.009000000000014552,0.0,1.0,0.0,0.08177777777771351,0.042555555555585066,0.0,0.12433333333329857,0.6577301161748234,0.34226988382517665,0.0
6,66,5,0.0,0.0,0.03199999999969805,0.03199999999969805,0.0,1.0,0.0,0.00777777777774544,0.02911111111113011,0.001000000000001617,0.03788888888887717,0.20527859237457657,0.7683284457485398,0.026392961876883687
6,66,6,0.0,0.0,0.018000000000029104,0.018000000000029104,0.0,1.0,0.0,0.021333333333334144,0.07322222222223394,0.0024444444444371685,0.09700000000000526,0.21993127147765967,0.7548682703322678,0.025200458190072536
6,66,7,0.0,0.0,0.4010000000002947,0.4010000000002947,0.0,1.0,0.0,0.021333333333334138,0.06633333333335638,0.0014444444444355515,0.08911111111112606,0.23940149625932047,0.7443890274315552,0.016209476309124417
6,67,0,0.04999999999972715,0.0999999999994543,0.44000000000005457,0.589999999999236,0.08474576271151169,0.745762711865465,0.16949152542302337,0.1561666666666497,0.18250000000004243,0.01999999999998181,0.3586666666666739,0.4354089219330294,0.5088289962826359,0.055762081784334776
6,67,1,0.0,0.020000000000436557,0.0,0.020000000000436557,0.0,0.0,1.0,0.10411111111109979,0.12166666666669496,0.013333333333321207,0.23911111111111594,0.4354089219330294,0.5088289962826359,0.055762081784334776
6,67,3,0.7279999999996107,0.0,0.20100000000002183,0.9289999999996326,0.7836383207749178,0.21636167922508215,0.0,0.08177777777771351,0.042555555555585066,0.0,0.12433333333329857,0.6577301161748234,0.34226988382517665,0.0
6,67,4,0.007999999999810825,0.0,0.1730000000002292,0.18100000000004002,0.044198895026569374,0.9558011049734306,0.0,0.08177777777771351,0.04944444444446263,0.001000000000001617,0.13222222222217775,0.6184873949577052,0.37394957983219607,0.0075630252100988065
6,67,5,0.0,0.009000000000014552,0.03000000000020009,0.03900000000021464,0.0,0.7692307692316662,0.23076923076833383,0.00777777777774544,0.02911111111113011,0.001000000000001617,0.03788888888887717,0.20527859237457657,0.7683284457485398,0.026392961876883687
6,67,6,0.06199999999989814,0.0,0.009000000000014552,0.07099999999991269,0.8732394366193574,0.12676056338064254,0.0,0.021333333333334144,0.07322222222223394,0.0024444444444371685,0.09700000000000526,0.21993127147765967,0.7548682703322678,0.025200458190072536
6,67,7,0.13000000000010914,0.012999999999919964,0.16899999999986903,0.31199999999989814,0.4166666666671525,0.5416666666664237,0.04166666666642375,0.021333333333334138,0.06633333333335638,0.0014444444444355515,0.08911111111112606,0.23940149625932047,0.7443890274315552,0.016209476309124417
6,67,9,0.0,0.4259999999999309,0.01900000000023283,0.4450000000001637,0.0,0.04269662921399065,0.9573033707860094,0.0,0.024333333333338994,0.061111111111080786,0.08544444444441979,0.0,0.28478543563083764,0.7152145643691623
6,67,10,0.0,0.12399999999979627,0.1999999999998181,0.3239999999996144,0.0,0.6172839506174572,0.3827160493825428,0.0,0.024333333333338994,0.061111111111080786,0.08544444444441979,0.0,0.28478543563083764,0.7152145643691623
6,68,0,0.14199999999982538,0.0,0.03900000000021464,0.18100000000004002,0.7845303867391933,0.21546961326080674,0.0,0.04349999999991875,0.0798333333333782,0.01999999999998181,0.14333333333327877,0.3034883720925719,0.5569767441865716,0.13953488372085643
6,69,0,0.06899999999995998,0.0,0.0,0.06899999999995998,1.0,0.0,0.0,0.05274999999994634,0.00975000000005366,0.0,0.0625,0.8439999999991414,0.15600000000085856,0.0
