gear,speed_bin_mph,pedal_bin_pct,LOCKED,OPEN,PARTIAL,total_time_s,frac_locked,frac_partial,frac_open
3,20,0,0.0,13.3429999999978,0.0,13.3429999999978,0.0,0.0,1.0
3,20,1,0.0,0.02200000000084401,0.0,0.02200000000084401,0.0,0.0,1.0
3,20,2,0.0,0.029999999998835847,0.0,0.029999999998835847,0.0,0.0,1.0
3,20,3,0.0,0.09900000000016007,0.0,0.09900000000016007,0.0,0.0,1.0
3,20,4,0.0,0.03099999999994907,0.0,0.03099999999994907,0.0,0.0,1.0
3,20,5,0.0,0.009000000000014552,0.0,0.009000000000014552,0.0,0.0,1.0
3,20,7,0.0,4.992000000000189,0.0,4.992000000000189,0.0,0.0,1.0
3,20,9,0.0,0.05999999999994543,0.0,0.05999999999994543,0.0,0.0,1.0
3,20,11,0.0,0.049999999999954525,0.0,0.049999999999954525,0.0,0.0,1.0
3,20,12,0.0,0.01999999999998181,0.0,0.01999999999998181,0.0,0.0,1.0
3,20,13,0.0,0.010999999999967258,0.0,0.010999999999967258,0.0,0.0,1.0
3,20,14,0.0,0.009999999999990905,0.0,0.009999999999990905,0.0,0.0,1.0
3,20,15,0.0,0.08900000000016917,0.0,0.08900000000016917,0.0,0.0,1.0
3,20,16,0.0,0.4700000000000273,0.0,0.4700000000000273,0.0,0.0,1.0
3,20,17,0.0,0.41699999999968895,0.0,0.41699999999968895,0.0,0.0,1.0
3,20,18,0.0,0.666999999999689,0.0,0.666999999999689,0.0,0.0,1.0
3,20,19,0.0,0.2130000000004202,0.0,0.2130000000004202,0.0,0.0,1.0
3,20,20,0.0,0.049999999999954525,0.0,0.049999999999954525,0.0,0.0,1.0
3,20,21,0.0,0.03099999999994907,0.0,0.03099999999994907,0.0,0.0,1.0
3,21,0,0.0,16.674000000000433,0.0,16.674000000000433,0.0,0.0,1.0
3,21,1,0.0,0.052000000000134605,0.0,0.052000000000134605,0.0,0.0,1.0
3,21,2,0.0,0.03900000000021464,0.0,0.03900000000021464,0.0,0.0,1.0
3,21,3,0.0,0.13999999999987267,0.0,0.13999999999987267,0.0,0.0,1.0
3,21,4,0.0,0.3789999999999054,0.0,0.3789999999999054,0.0,0.0,1.0
3,21,5,0.0,0.27999999999974534,0.0,0.27999999999974534,0.0,0.0,1.0
3,21,6,0.0,0.06100000000014916,0.0,0.06100000000014916,0.0,0.0,1.0
3,21,7,0.0,1.2499999999990905,0.0,1.2499999999990905,0.0,0.0,1.0
3,21,8,0.0,0.17100000000073123,0.0,0.17100000000073123,0.0,0.0,1.0
3,21,9,0.0,0.3100000000001728,0.0,0.3100000000001728,0.0,0.0,1.0
3,21,10,0.0,0.03999999999996362,0.0,0.03999999999996362,0.0,0.0,1.0
3,21,11,0.0,0.019000000000005457,0.0,0.019000000000005457,0.0,0.0,1.0
3,21,12,0.0,0.06999999999970896,0.0,0.06999999999970896,0.0,0.0,1.0
3,21,14,0.0,0.03999999999996362,0.0,0.03999999999996362,0.0,0.0,1.0
3,21,16,0.0,1.6709999999995944,0.0,1.6709999999995944,0.0,0.0,1.0
3,21,17,0.0,1.0449999999998454,0.0,1.0449999999998454,0.0,0.0,1.0
3,21,18,0.0,0.5420000000000869,0.0,0.5420000000000869,0.0,0.0,1.0
3,21,19,0.0,0.1470000000001619,0.0,0.1470000000001619,0.0,0.0,1.0
3,21,20,0.0,0.8360000000000127,0.0,0.8360000000000127,0.0,0.0,1.0
3,21,21,0.0,0.01999999999998181,0.0,0.01999999999998181,0.0,0.0,1.0
3,21,22,0.0,0.3990000000001146,0.0,0.3990000000001146,0.0,0.0,1.0
3,21,23,0.0,0.21100000000001273,0.0,0.21100000000001273,0.0,0.0,1.0
3,21,34,0.0,0.0409999999997126,0.0,0.0409999999997126,0.0,0.0,1.0
3,21,35,0.0,0.01900000000023283,0.0,0.01900000000023283,0.0,0.0,1.0
3,21,36,0.0,0.010999999999967258,0.0,0.010999999999967258,0.0,0.0,1.0
3,21,37,0.0,0.021000000000185537,0.0,0.021000000000185537,0.0,0.0,1.0
3,21,38,0.0,0.19899999999961437,0.0,0.19899999999961437,0.0,0.0,1.0
3,21,39,0.0,0.04899999999997817,0.0,0.04899999999997817,0.0,0.0,1.0
3,21,40,0.0,0.068000000000211,0.0,0.068000000000211,0.0,0.0,1.0
3,22,0,0.0,6.002999999999588,0.0,6.002999999999588,0.0,0.0,1.0
3,22,1,0.0,0.05999999999949068,0.0,0.05999999999949068,0.0,0.0,1.0
3,22,2,0.0,0.13000000000010914,0.0,0.13000000000010914,0.0,0.0,1.0
3,22,3,0.0,0.21900000000005093,0.0,0.21900000000005093,0.0,0.0,1.0
3,22,4,0.0,0.07900000000017826,0.0,0.07900000000017826,0.0,0.0,1.0
3,22,5,0.0,1.963999999999487,0.0,1.963999999999487,0.0,0.0,1.0
3,22,6,0.0,0.03999999999996362,0.0,0.03999999999996362,0.0,0.0,1.0
3,22,7,0.0,0.11599999999998545,0.0,0.11599999999998545,0.0,0.0,1.0
3,22,8,0.0,1.2699999999999818,0.0,1.2699999999999818,0.0,0.0,1.0
3,22,9,0.0,0.09900000000061482,0.0,0.09900000000061482,0.0,0.0,1.0
3,22,10,0.0,0.09299999999939246,0.0,0.09299999999939246,0.0,0.0,1.0
3,22,11,0.0,2.700000000000273,0.0,2.700000000000273,0.0,0.0,1.0
3,22,12,0.0,1.6940000000008695,0.0,1.6940000000008695,0.0,0.0,1.0
3,22,13,0.0,0.22299999999995634,0.0,0.22299999999995634,0.0,0.0,1.0
3,22,14,0.0,1.2100000000004911,0.0,1.2100000000004911,0.0,0.0,1.0
3,22,15,0.0,0.8939999999993233,0.0,0.8939999999993233,0.0,0.0,1.0
3,22,16,0.0,2.916000000000622,0.0,2.916000000000622,0.0,0.0,1.0
3,22,17,0.0,3.136000000000422,0.0,3.136000000000422,0.0,0.0,1.0
3,22,18,0.0,3.2950000000001864,0.0,3.2950000000001864,0.0,0.0,1.0
3,22,19,0.0,3.6120000000003074,0.0,3.6120000000003074,0.0,0.0,1.0
3,22,20,0.0,2.090999999999724,0.0,2.090999999999724,0.0,0.0,1.0
3,22,21,0.0,1.0989999999993074,0.0,1.0989999999993074,0.0,0.0,1.0
3,22,23,0.0,0.209999999999809,0.0,0.209999999999809,0.0,0.0,1.0
3,22,24,0.0,0.278999999999769,0.0,0.278999999999769,0.0,0.0,1.0
3,22,25,0.0,0.009000000000014552,0.0,0.009000000000014552,0.0,0.0,1.0
3,22,28,0.0,0.010000000000218279,0.0,0.010000000000218279,0.0,0.0,1.0
3,22,29,0.0,0.021999999999934516,0.0,0.021999999999934516,0.0,0.0,1.0
3,22,30,0.0,0.009999999999763531,0.0,0.009999999999763531,0.0,0.0,1.0
3,22,31,0.0,0.010000000000218279,0.0,0.010000000000218279,0.0,0.0,1.0
3,22,32,0.0,0.021999999999934516,0.0,0.021999999999934516,0.0,0.0,1.0
3,22,33,0.0,0.018000000000029104,0.0,0.018000000000029104,0.0,0.0,1.0
3,22,40,0.0,0.19200000000000728,0.0,0.19200000000000728,0.0,0.0,1.0
3,22,41,0.0,0.26099999999996726,0.0,0.26099999999996726,0.0,0.0,1.0
3,23,0,0.0,0.48100000000010823,0.0,0.48100000000010823,0.0,0.0,1.0
3,23,7,0.0,0.08899999999994179,0.0,0.08899999999994179,0.0,0.0,1.0
3,23,8,0.0,0.44099999999980355,0.0,0.44099999999980355,0.0,0.0,1.0
3,23,10,0.0,1.6109999999998763,0.0,1.6109999999998763,0.0,0.0,1.0
3,23,11,0.0,0.2110000000002401,0.0,0.2110000000002401,0.0,0.0,1.0
3,23,12,0.0,0.66800000000012,0.0,0.66800000000012,0.0,0.0,1.0
3,23,13,0.0,0.8490000000001601,0.0,0.8490000000001601,0.0,0.0,1.0
3,23,14,0.0,0.21000000000003638,0.0,0.21000000000003638,0.0,0.0,1.0
3,23,15,0.0,0.44099999999980355,0.0,0.44099999999980355,0.0,0.0,1.0
3,23,16,0.0,0.9049999999999727,0.0,0.9049999999999727,0.0,0.0,1.0
3,23,17,0.0,1.2810000000002333,0.0,1.2810000000002333,0.0,0.0,1.0
3,23,18,0.0,2.054000000000201,0.0,2.054000000000201,0.0,0.0,1.0
3,23,19,0.0,2.985000000000184,0.0,2.985000000000184,0.0,0.0,1.0
3,23,20,0.0,1.3139999999995666,0.0,1.3139999999995666,0.0,0.0,1.0
3,23,21,0.0,3.2320000000004825,0.0,3.2320000000004825,0.0,0.0,1.0
3,23,22,0.0,0.32100000000036744,0.0,0.32100000000036744,0.0,0.0,1.0
3,23,23,0.0,0.3199999999994816,0.0,0.3199999999994816,0.0,0.0,1.0
3,23,24,0.0,0.02100000000041291,0.0,0.02100000000041291,0.0,0.0,1.0
3,23,25,0.0,0.7210000000000036,0.0,0.7210000000000036,0.0,0.0,1.0
3,23,26,0.0,0.02999999999974534,0.0,0.02999999999974534,0.0,0.0,1.0
3,23,27,0.0,0.25900000000001455,0.0,0.25900000000001455,0.0,0.0,1.0
3,23,28,0.0,0.06000000000040018,0.0,0.06000000000040018,0.0,0.0,1.0
3,23,29,0.0,0.11999999999943611,0.0,0.11999999999943611,0.0,0.0,1.0
3,23,30,0.0,0.1390000000008058,0.0,0.1390000000008058,0.0,0.0,1.0
3,23,31,0.0,0.03099999999994907,0.0,0.03099999999994907,0.0,0.0,1.0
3,23,32,0.0,0.1380000000003747,0.0,0.1380000000003747,0.0,0.0,1.0
3,23,33,0.0,0.0799999999994725,0.0,0.0799999999994725,0.0,0.0,1.0
3,23,34,0.0,0.020000000000436557,0.0,0.020000000000436557,0.0,0.0,1.0
3,24,0,0.0,0.7799999999999727,0.0,0.7799999999999727,0.0,0.0,1.0
3,24,1,0.0,0.04000000000007731,0.0,0.04000000000007731,0.0,0.0,1.0
3,24,2,0.0,0.019000000000005457,0.0,0.019000000000005457,0.0,0.0,1.0
3,24,3,0.0,0.07200000000000273,0.0,0.07200000000000273,0.0,0.0,1.0
3,24,4,0.0,0.04899999999997817,0.0,0.04899999999997817,0.0,0.0,1.0
3,24,5,0.0,0.6299999999998818,0.0,0.6299999999998818,0.0,0.0,1.0
3,24,6,0.0,0.07000000000005002,0.0,0.07000000000005002,0.0,0.0,1.0
3,24,7,0.0,0.019000000000005457,0.0,0.019000000000005457,0.0,0.0,1.0
3,24,8,0.0,0.05099999999993088,0.0,0.05099999999993088,0.0,0.0,1.0
3,24,9,0.0,0.02100000000007185,0.0,0.02100000000007185,0.0,0.0,1.0
3,24,10,0.0,1.1280000000003838,0.0,1.1280000000003838,0.0,0.0,1.0
3,24,11,0.0,4.1400000000001,0.0,4.1400000000001,0.0,0.0,1.0
3,24,12,0.0,1.141999999999257,0.0,1.141999999999257,0.0,0.0,1.0
3,24,13,0.0,0.40200000000027103,0.0,0.40200000000027103,0.0,0.0,1.0
3,24,14,0.0,4.118000000000279,0.0,4.118000000000279,0.0,0.0,1.0
3,24,15,0.0,0.45800000000019736,0.0,0.45800000000019736,0.0,0.0,1.0
3,24,16,0.0,3.001999999999839,0.0,3.001999999999839,0.0,0.0,1.0
3,24,17,0.0,2.0659999999990646,0.0,2.0659999999990646,0.0,0.0,1.0
3,24,18,0.0,6.738999999999692,0.0,6.738999999999692,0.0,0.0,1.0
3,24,19,0.0,3.9680000000001883,0.0,3.9680000000001883,0.0,0.0,1.0
3,24,20,0.0,2.22199999999998,0.0,2.22199999999998,0.0,0.0,1.0
3,24,21,0.0,5.320999999999458,0.0,5.320999999999458,0.0,0.0,1.0
3,24,22,0.0,0.9319999999994479,0.0,0.9319999999994479,0.0,0.0,1.0
3,24,23,0.0,2.175999999999874,0.0,2.175999999999874,0.0,0.0,1.0
3,24,24,0.0,0.4290000000000873,0.0,0.4290000000000873,0.0,0.0,1.0
3,24,25,0.0,2.089999999999918,0.0,2.089999999999918,0.0,0.0,1.0
3,24,26,0.0,0.30100000000106775,0.0,0.30100000000106775,0.0,0.0,1.0
3,24,27,0.0,0.6199999999997772,0.0,0.6199999999997772,0.0,0.0,1.0
3,24,30,0.0,0.028999999999541615,0.0,0.028999999999541615,0.0,0.0,1.0
3,24,31,0.0,0.051000000000385626,0.0,0.051000000000385626,0.0,0.0,1.0
3,24,32,0.0,0.009999999999308784,0.0,0.009999999999308784,0.0,0.0,1.0
3,24,33,0.0,0.008000000000038199,0.0,0.008000000000038199,0.0,0.0,1.0
3,24,34,0.0,0.24199999999973443,0.0,0.24199999999973443,0.0,0.0,1.0
3,24,35,0.0,0.5459999999998217,0.0,0.5459999999998217,0.0,0.0,1.0
3,24,36,0.0,0.08100000000013097,0.0,0.08100000000013097,0.0,0.0,1.0
3,25,5,0.0,0.07799999999997453,0.0,0.07799999999997453,0.0,0.0,1.0
3,25,11,0.0,1.474999999999909,0.0,1.474999999999909,0.0,0.0,1.0
3,25,12,0.0,1.7220000000008895,0.0,1.7220000000008895,0.0,0.0,1.0
3,25,13,0.0,0.45899999999954844,0.0,0.45899999999954844,0.0,0.0,1.0
3,25,14,0.0,3.587000000000444,0.0,3.587000000000444,0.0,0.0,1.0
3,25,15,0.0,0.43899999999973716,0.0,0.43899999999973716,0.0,0.0,1.0
3,25,16,0.0,4.585000000000264,0.0,4.585000000000264,0.0,0.0,1.0
3,25,17,0.0,1.0809999999999604,0.0,1.0809999999999604,0.0,0.0,1.0
3,25,18,0.0,4.434000000000594,0.0,4.434000000000594,0.0,0.0,1.0
3,25,19,0.0,1.6869999999998981,0.0,1.6869999999998981,0.0,0.0,1.0
3,25,20,0.0,1.111000000000331,0.0,1.111000000000331,0.0,0.0,1.0
3,25,21,0.0,2.2949999999998454,0.0,2.2949999999998454,0.0,0.0,1.0
3,25,22,0.0,0.4099999999998545,0.0,0.4099999999998545,0.0,0.0,1.0
3,25,23,0.0,0.944999999999709,0.0,0.944999999999709,0.0,0.0,1.0
3,25,24,0.0,0.32900000000017826,0.0,0.32900000000017826,0.0,0.0,1.0
3,25,25,0.0,1.056999999999789,0.0,1.056999999999789,0.0,0.0,1.0
3,25,26,0.0,0.4159999999997126,0.0,0.4159999999997126,0.0,0.0,1.0
3,25,27,0.0,0.41200000000003456,0.0,0.41200000000003456,0.0,0.0,1.0
3,25,35,0.0,0.1430000000000291,0.0,0.1430000000000291,0.0,0.0,1.0
3,25,36,0.0,0.14999999999986358,0.0,0.14999999999986358,0.0,0.0,1.0
3,25,37,0.0,0.029999999999972715,0.0,0.029999999999972715,0.0,0.0,1.0
3,26,0,0.03900000000021464,0.4469999999999459,0.01999999999998181,0.5060000000001423,0.07707509881463176,0.03952569169955768,0.8833992094858105
3,26,3,0.0,0.1750000000000682,0.0,0.1750000000000682,0.0,0.0,1.0
3,26,4,0.0,0.016999999999939064,0.0,0.016999999999939064,0.0,0.0,1.0
3,26,5,0.0,0.6430000000003133,0.0,0.6430000000003133,0.0,0.0,1.0
3,26,6,0.0,0.0409999999997126,0.0,0.0409999999997126,0.0,0.0,1.0
3,26,7,0.0,0.01900000000023283,0.0,0.01900000000023283,0.0,0.0,1.0
3,26,8,0.0,0.03099999999994907,0.0,0.03099999999994907,0.0,0.0,1.0
3,26,9,0.0,0.02999999999974534,0.0,0.02999999999974534,0.0,0.0,1.0
3,26,10,0.0,0.6480000000001382,0.0,0.6480000000001382,0.0,0.0,1.0
3,26,11,0.0,0.7599999999999909,0.0,0.7599999999999909,0.0,0.0,1.0
3,26,12,0.0,1.3419999999991887,0.0,1.3419999999991887,0.0,0.0,1.0
3,26,13,0.0,14.019000000000347,0.0,14.019000000000347,0.0,0.0,1.0
3,26,14,0.0,17.29000000000036,0.0,17.29000000000036,0.0,0.0,1.0
3,26,15,0.0,3.0909999999994398,0.0,3.0909999999994398,0.0,0.0,1.0
3,26,16,0.0,6.19299999999987,0.0,6.19299999999987,0.0,0.0,1.0
3,26,17,0.0,3.2200000000010505,0.0,3.2200000000010505,0.0,0.0,1.0
3,26,18,0.0,6.99699999999973,0.0,6.99699999999973,0.0,0.0,1.0
3,26,19,0.0,2.719000000000051,0.0,2.719000000000051,0.0,0.0,1.0
3,26,20,0.0,2.840999999999724,0.0,2.840999999999724,0.0,0.0,1.0
3,26,21,0.0,3.5400000000000773,0.0,3.5400000000000773,0.0,0.0,1.0
3,26,22,0.0,0.9399999999995998,0.0,0.9399999999995998,0.0,0.0,1.0
3,26,23,0.0,1.9380000000010114,0.0,1.9380000000010114,0.0,0.0,1.0
3,26,24,0.0,0.588999999999487,0.0,0.588999999999487,0.0,0.0,1.0
3,26,25,0.0,2.0830000000000837,0.0,2.0830000000000837,0.0,0.0,1.0
3,26,26,0.0,0.9709999999997763,0.0,0.9709999999997763,0.0,0.0,1.0
3,26,27,0.0,0.4889999999996917,0.0,0.4889999999996917,0.0,0.0,1.0
3,26,28,0.0,0.4110000000002856,0.0,0.4110000000002856,0.0,0.0,1.0
3,26,35,0.0,0.2699999999999818,0.0,0.2699999999999818,0.0,0.0,1.0
3,26,37,0.0,0.19100000000003092,0.0,0.19100000000003092,0.0,0.0,1.0
3,26,38,0.0,0.020999999999958163,0.0,0.020999999999958163,0.0,0.0,1.0
3,27,0,0.2319999999999709,0.5340000000001055,0.2209999999995489,0.9869999999996253,0.2350557244174863,0.2239108409317455,0.5410334346507683
3,27,1,0.0,0.038999999999930424,0.0,0.038999999999930424,0.0,0.0,1.0
3,27,2,0.0,0.01999999999998181,0.0,0.01999999999998181,0.0,0.0,1.0
3,27,4,0.0,0.010000000000047748,0.0,0.010000000000047748,0.0,0.0,1.0
3,27,5,0.0,0.011000000000024102,0.0,0.011000000000024102,0.0,0.0,1.0
3,27,6,0.0,0.036999999999920874,0.0,0.036999999999920874,0.0,0.0,1.0
3,27,7,0.0,0.05900000000002592,0.0,0.05900000000002592,0.0,0.0,1.0
3,27,8,0.0,0.09000000000003183,0.0,0.09000000000003183,0.0,0.0,1.0
3,27,9,0.0,0.1029999999999518,0.0,0.1029999999999518,0.0,0.0,1.0
3,27,10,0.0,0.22000000000008413,0.0,0.22000000000008413,0.0,0.0,1.0
3,27,11,0.0,0.6089999999999804,0.0,0.6089999999999804,0.0,0.0,1.0
3,27,12,0.0,3.3750000000004547,0.0,3.3750000000004547,0.0,0.0,1.0
3,27,13,0.0,3.9170000000001437,0.0,3.9170000000001437,0.0,0.0,1.0
3,27,14,0.0,6.939999999999543,0.0,6.939999999999543,0.0,0.0,1.0
3,27,15,0.0,5.360999999999763,0.0,5.360999999999763,0.0,0.0,1.0
3,27,16,0.0,2.7949999999998454,0.0,2.7949999999998454,0.0,0.0,1.0
3,27,17,0.0,6.918000000000063,0.0,6.918000000000063,0.0,0.0,1.0
3,27,18,0.0,3.940000000000282,0.0,3.940000000000282,0.0,0.0,1.0
3,27,19,0.0,1.478999999999587,0.0,1.478999999999587,0.0,0.0,1.0
3,27,20,0.0,3.6800000000004047,0.0,3.6800000000004047,0.0,0.0,1.0
3,27,21,0.0,2.365000000000464,0.0,2.365000000000464,0.0,0.0,1.0
3,27,22,0.0,0.7789999999995416,0.0,0.7789999999995416,0.0,0.0,1.0
3,27,23,0.0,2.5180000000002565,0.0,2.5180000000002565,0.0,0.0,1.0
3,27,24,0.0,1.0420000000010532,0.0,1.0420000000010532,0.0,0.0,1.0
3,27,25,0.0,1.8669999999999618,0.0,1.8669999999999618,0.0,0.0,1.0
3,27,26,0.0,1.388999999999669,0.0,1.388999999999669,0.0,0.0,1.0
3,27,27,0.0,0.8340000000004011,0.0,0.8340000000004011,0.0,0.0,1.0
3,27,28,0.0,1.3999999999998636,0.0,1.3999999999998636,0.0,0.0,1.0
3,27,29,0.0,0.018999999999778083,0.0,0.018999999999778083,0.0,0.0,1.0
3,27,30,0.0,0.009000000000014552,0.0,0.009000000000014552,0.0,0.0,1.0
3,27,31,0.0,0.021999999999934516,0.0,0.021999999999934516,0.0,0.0,1.0
3,27,32,0.0,0.009000000000014552,0.0,0.009000000000014552,0.0,0.0,1.0
3,27,33,0.0,0.010999999999967258,0.0,0.010999999999967258,0.0,0.0,1.0
3,27,34,0.0,0.008000000000038199,0.0,0.008000000000038199,0.0,0.0,1.0
3,27,35,0.0,0.3430000000000746,0.0,0.3430000000000746,0.0,0.0,1.0
3,27,36,0.0,0.01999999999998181,0.0,0.01999999999998181,0.0,0.0,1.0
3,27,37,0.0,0.008000000000038199,0.0,0.008000000000038199,0.0,0.0,1.0
3,27,38,0.0,0.009999999999990905,0.0,0.009999999999990905,0.0,0.0,1.0
3,27,39,0.0,0.010999999999967258,0.0,0.010999999999967258,0.0,0.0,1.0
3,28,0,0.0929999999998472,0.0,0.028000000000247383,0.12100000000009459,0.7685950413204504,0.23140495867954955,0.0
3,28,6,0.0,0.08299999999996999,0.0,0.08299999999996999,0.0,0.0,1.0
3,28,7,0.0,0.04000000000007731,0.0,0.04000000000007731,0.0,0.0,1.0
3,28,8,0.0,0.05999999999994543,0.0,0.05999999999994543,0.0,0.0,1.0
3,28,9,0.0,0.03100000000000591,0.0,0.03100000000000591,0.0,0.0,1.0
3,28,10,0.0,0.06799999999998363,0.0,0.06799999999998363,0.0,0.0,1.0
3,28,11,0.0,0.20000000000004547,0.0,0.20000000000004547,0.0,0.0,1.0
3,28,12,0.0,0.5310000000000059,0.0,0.5310000000000059,0.0,0.0,1.0
3,28,13,0.0,0.30999999999994543,0.0,0.30999999999994543,0.0,0.0,1.0
3,28,14,0.0,0.37500000000045475,0.0,0.37500000000045475,0.0,0.0,1.0
3,28,15,0.0,0.459999999999809,0.0,0.459999999999809,0.0,0.0,1.0
3,28,16,0.0,2.432999999999822,0.0,2.432999999999822,0.0,0.0,1.0
3,28,17,0.0,3.4659999999996103,0.0,3.4659999999996103,0.0,0.0,1.0
3,28,18,0.0,1.2810000000001196,0.0,1.2810000000001196,0.0,0.0,1.0
3,28,19,0.0,0.49800000000050204,0.0,0.49800000000050204,0.0,0.0,1.0
3,28,20,0.0,1.8809999999990623,0.0,1.8809999999990623,0.0,0.0,1.0
3,28,21,0.0,1.27699999999993,0.0,1.27699999999993,0.0,0.0,1.0
3,28,22,0.0,0.33100000000013097,0.0,0.33100000000013097,0.0,0.0,1.0
3,28,23,0.0,0.9529999999999745,0.0,0.9529999999999745,0.0,0.0,1.0
3,28,24,0.0,1.0409999999997126,0.0,1.0409999999997126,0.0,0.0,1.0
3,28,25,0.0,1.0230000000001382,0.0,1.0230000000001382,0.0,0.0,1.0
3,28,26,0.0,0.6010000000001128,0.0,0.6010000000001128,0.0,0.0,1.0
3,28,27,0.0,0.5090000000001282,0.0,0.5090000000001282,0.0,0.0,1.0
3,28,28,0.0,0.6890000000000782,0.0,0.6890000000000782,0.0,0.0,1.0
3,28,30,0.0,0.010000000000218279,0.0,0.010000000000218279,0.0,0.0,1.0
3,28,31,0.0,0.01999999999998181,0.0,0.01999999999998181,0.0,0.0,1.0
3,28,32,0.0,0.009999999999763531,0.0,0.009999999999763531,0.0,0.0,1.0
3,28,33,0.0,0.010999999999967258,0.0,0.010999999999967258,0.0,0.0,1.0
3,28,34,0.0,0.009000000000014552,0.0,0.009000000000014552,0.0,0.0,1.0
3,28,35,0.0,0.021000000000185537,0.0,0.021000000000185537,0.0,0.0,1.0
3,28,36,0.0,0.19900000000006912,0.0,0.19900000000006912,0.0,0.0,1.0
3,28,37,0.0,0.0500000000001819,0.0,0.0500000000001819,0.0,0.0,1.0
3,28,38,0.0,0.009999999999763531,0.0,0.009999999999763531,0.0,0.0,1.0
3,28,39,0.0,0.03200000000038017,0.0,0.03200000000038017,0.0,0.0,1.0
3,28,40,0.0,0.027999999999792635,0.0,0.027999999999792635,0.0,0.0,1.0
3,28,41,0.0,0.05899999999996908,0.0,0.05899999999996908,0.0,0.0,1.0
3,28,42,0.0,0.02200000000016189,0.0,0.02200000000016189,0.0,0.0,1.0
3,28,43,0.0,0.03999999999996362,0.0,0.03999999999996362,0.0,0.0,1.0
3,28,44,0.0,0.03999999999973625,0.0,0.03999999999973625,0.0,0.0,1.0
3,28,45,0.0,0.03000000000020009,0.0,0.03000000000020009,0.0,0.0,1.0
3,28,46,0.0,0.009000000000014552,0.0,0.009000000000014552,0.0,0.0,1.0
3,29,0,0.1790000000000873,0.0,0.0,0.1790000000000873,1.0,0.0,0.0
3,29,12,0.0,0.36000000000012733,0.0,0.36000000000012733,0.0,0.0,1.0
3,29,13,0.0,0.02899999999976899,0.0,0.02899999999976899,0.0,0.0,1.0
3,29,14,0.0,0.051999999999964075,0.0,0.051999999999964075,0.0,0.0,1.0
3,29,15,0.0,0.02500000000009095,0.0,0.02500000000009095,0.0,0.0,1.0
3,29,16,0.0,0.5830000000000837,0.0,0.5830000000000837,0.0,0.0,1.0
3,29,17,0.0,2.460999999999956,0.0,2.460999999999956,0.0,0.0,1.0
3,29,18,0.0,0.6769999999997935,0.0,0.6769999999997935,0.0,0.0,1.0
3,29,19,0.0,1.0620000000003529,0.0,1.0620000000003529,0.0,0.0,1.0
3,29,20,0.0,3.8260000000004766,0.0,3.8260000000004766,0.0,0.0,1.0
3,29,21,0.0,2.151000000000522,0.0,2.151000000000522,0.0,0.0,1.0
3,29,22,0.0,0.6480000000001382,0.0,0.6480000000001382,0.0,0.0,1.0
3,29,23,0.0,1.9490000000000691,0.0,1.9490000000000691,0.0,0.0,1.0
3,29,24,0.0,1.5389999999993051,0.0,1.5389999999993051,0.0,0.0,1.0
3,29,25,0.0,0.9700000000002547,0.0,0.9700000000002547,0.0,0.0,1.0
3,29,26,0.0,1.4379999999998745,0.0,1.4379999999998745,0.0,0.0,1.0
3,29,27,0.0,0.8279999999994061,0.0,0.8279999999994061,0.0,0.0,1.0
3,29,28,0.0,1.2789999999999964,0.0,1.2789999999999964,0.0,0.0,1.0
3,29,29,0.0,0.04900000000043292,0.0,0.04900000000043292,0.0,0.0,1.0
3,29,31,0.0,0.2710000000006403,0.0,0.2710000000006403,0.0,0.0,1.0
3,29,37,0.0,0.028999999999996362,0.0,0.028999999999996362,0.0,0.0,1.0
3,29,38,0.0,0.19099999999980355,0.0,0.19099999999980355,0.0,0.0,1.0
3,29,39,0.0,0.017000000000280124,0.0,0.017000000000280124,0.0,0.0,1.0
3,29,45,0.0,0.03999999999996362,0.0,0.03999999999996362,0.0,0.0,1.0
3,29,46,0.0,0.09099999999966712,0.0,0.09099999999966712,0.0,0.0,1.0
3,29,47,0.0,0.18000000000029104,0.0,0.18000000000029104,0.0,0.0,1.0
3,29,48,0.0,0.11100000000010368,0.0,0.11100000000010368,0.0,0.0,1.0
3,29,49,0.0,0.15699999999969805,0.0,0.15699999999969805,0.0,0.0,1.0
3,29,50,0.0,0.01999999999998181,0.0,0.01999999999998181,0.0,0.0,1.0
3,30,0,0.18800000000010186,0.0,0.0,0.18800000000010186,1.0,0.0,0.0
3,30,12,0.0,0.33100000000013097,0.0,0.33100000000013097,0.0,0.0,1.0
3,30,19,0.0,0.47900000000004184,0.0,0.47900000000004184,0.0,0.0,1.0
3,30,20,0.0,2.4699999999998,0.0,2.4699999999998,0.0,0.0,1.0
3,30,21,0.0,1.2279999999999518,0.0,1.2279999999999518,0.0,0.0,1.0
3,30,22,0.0,0.22999999999956344,0.0,0.22999999999956344,0.0,0.0,1.0
3,30,23,0.0,0.8649999999997817,0.0,0.8649999999997817,0.0,0.0,1.0
3,30,24,0.0,0.919999999999618,0.0,0.919999999999618,0.0,0.0,1.0
3,30,25,0.0,0.8309999999996762,0.0,0.8309999999996762,0.0,0.0,1.0
3,30,26,0.0,0.7010000000004766,0.0,0.7010000000004766,0.0,0.0,1.0
3,30,27,0.0,0.27899999999999636,0.0,0.27899999999999636,0.0,0.0,1.0
3,30,28,0.0,1.0040000000001328,0.0,1.0040000000001328,0.0,0.0,1.0
3,30,29,0.0,0.32999999999992724,0.0,0.32999999999992724,0.0,0.0,1.0
3,30,31,0.0,0.22899999999935972,0.0,0.22899999999935972,0.0,0.0,1.0
3,30,39,0.0,0.17099999999982174,0.0,0.17099999999982174,0.0,0.0,1.0
3,30,48,0.0,0.020999999999958163,0.0,0.020999999999958163,0.0,0.0,1.0
3,30,49,0.0,0.15000000000009095,0.0,0.15000000000009095,0.0,0.0,1.0
3,30,50,0.0,0.0500000000001819,0.0,0.0500000000001819,0.0,0.0,1.0
3,30,51,0.0,0.10500000000001819,0.0,0.10500000000001819,0.0,0.0,1.0
3,31,0,0.5389999999997599,0.0,0.0,0.5389999999997599,1.0,0.0,0.0
3,31,1,0.010000000000218279,0.0,0.0,0.010000000000218279,1.0,0.0,0.0
3,31,4,0.010000000000218279,0.0,0.0,0.010000000000218279,1.0,0.0,0.0
3,31,5,0.009000000000014552,0.0,0.0,0.009000000000014552,1.0,0.0,0.0
3,31,6,0.01999999999998181,0.0,0.0,0.01999999999998181,1.0,0.0,0.0
3,31,8,0.010999999999967258,0.0,0.0,0.010999999999967258,1.0,0.0,0.0
3,31,10,0.009000000000014552,0.0,0.0,0.009000000000014552,1.0,0.0,0.0
3,31,14,0.010999999999967258,0.0,0.0,0.010999999999967258,1.0,0.0,0.0
3,31,16,0.010000000000218279,0.0,0.0,0.010000000000218279,1.0,0.0,0.0
3,31,18,0.009000000000014552,0.0,0.0,0.009000000000014552,1.0,0.0,0.0
3,31,19,0.0,0.08200000000010732,0.0,0.08200000000010732,0.0,0.0,1.0
3,31,20,0.0,1.0439999999996417,0.0,1.0439999999996417,0.0,0.0,1.0
3,31,21,0.0,2.550000000000068,0.0,2.550000000000068,0.0,0.0,1.0
3,31,22,0.009999999999763531,0.7300000000004729,0.0,0.7400000000002365,0.013513513513189643,0.0,0.9864864864868104
3,31,23,0.0,1.8679999999994834,0.0,1.8679999999994834,0.0,0.0,1.0
3,31,24,0.0,1.7089999999998327,0.0,1.7089999999998327,0.0,0.0,1.0
3,31,25,0.0,1.5889999999999418,0.0,1.5889999999999418,0.0,0.0,1.0
3,31,26,0.010000000000218279,1.0680000000004384,0.0,1.0780000000006567,0.009276437848063254,0.0,0.9907235621519368
3,31,27,0.0,0.6920000000000073,0.0,0.6920000000000073,0.0,0.0,1.0
3,31,28,0.0,1.3479999999999563,0.0,1.3479999999999563,0.0,0.0,1.0
3,31,29,0.0,0.5309999999999491,0.0,0.5309999999999491,0.0,0.0,1.0
3,31,30,0.009999999999763531,0.0,0.0,0.009999999999763531,1.0,0.0,0.0
3,31,31,0.010999999999967258,0.329000000000633,0.0,0.34000000000060027,0.03235294117631717,0.0,0.9676470588236828
3,31,32,0.010000000000218279,0.0,0.0,0.010000000000218279,1.0,0.0,0.0
3,31,35,0.010999999999967258,0.0,0.0,0.010999999999967258,1.0,0.0,0.0
3,31,36,0.19900000000006912,0.12199999999984357,0.29799999999977445,0.6189999999996871,0.3214862681747491,0.4814216478189419,0.19709208400630893
3,31,37,0.0,0.03900000000021464,0.0,0.03900000000021464,0.0,0.0,1.0
3,31,38,0.0,0.021000000000185537,0.0,0.021000000000185537,0.0,0.0,1.0
3,31,39,0.0,0.21199999999998909,0.0,0.21199999999998909,0.0,0.0,1.0
3,31,40,0.0,0.01900000000023283,0.0,0.01900000000023283,0.0,0.0,1.0
3,31,49,0.0,0.2199999999997999,0.0,0.2199999999997999,0.0,0.0,1.0
3,32,0,0.12299999999959255,0.4079999999999018,0.22100000000000364,0.751999999999498,0.16356382978680142,0.2938829787236053,0.5425531914895932
3,32,4,0.0,0.0,0.009999999999990905,0.009999999999990905,0.0,1.0,0.0
3,32,7,0.0,0.0,0.009999999999990905,0.009999999999990905,0.0,1.0,0.0
3,32,10,0.0,0.0,0.012000000000170985,0.012000000000170985,0.0,1.0,0.0
3,32,12,0.0,0.0,0.009000000000014552,0.009000000000014552,0.0,1.0,0.0
3,32,13,0.0,0.0,0.009999999999990905,0.009999999999990905,0.0,1.0,0.0
3,32,14,0.0,0.0,0.009000000000014552,0.009000000000014552,0.0,1.0,0.0
3,32,15,0.0,0.3710000000000946,1.668999999999869,2.0399999999999636,0.0,0.8181372549019111,0.18186274509808883
3,32,21,0.0,0.4699999999997999,0.0,0.4699999999997999,0.0,0.0,1.0
3,32,22,0.0,0.6899999999995998,0.0,0.6899999999995998,0.0,0.0,1.0
3,32,23,0.0,2.3170000000006894,0.0,2.3170000000006894,0.0,0.0,1.0
3,32,24,0.0,2.230999999999767,0.0,2.230999999999767,0.0,0.0,1.0
3,32,25,0.0,1.9890000000002601,0.28899999999998727,2.2780000000002474,0.0,0.12686567164177168,0.8731343283582284
3,32,26,0.0,1.2429999999997108,0.0,1.2429999999997108,0.0,0.0,1.0
3,32,27,0.0,0.3189999999998463,0.0,0.3189999999998463,0.0,0.0,1.0
3,32,28,0.0,1.3320000000001073,0.0,1.3320000000001073,0.0,0.0,1.0
3,32,29,0.0,0.25900000000001455,0.0,0.25900000000001455,0.0,0.0,1.0
3,32,30,0.0,0.01999999999998181,0.0,0.01999999999998181,0.0,0.0,1.0
3,32,31,0.0,0.41099999999960346,0.0,0.41099999999960346,0.0,0.0,1.0
3,32,35,0.0,0.06900000000041473,0.0,0.06900000000041473,0.0,0.0,1.0
3,32,38,0.0,0.01999999999998181,0.0,0.01999999999998181,0.0,0.0,1.0
3,32,39,0.0,0.02999999999974534,0.0,0.02999999999974534,0.0,0.0,1.0
3,32,40,0.0,0.2899999999999636,0.0,0.2899999999999636,0.0,0.0,1.0
3,32,41,0.0,0.05999999999994543,0.0,0.05999999999994543,0.0,0.0,1.0
3,32,42,0.0,0.11900000000014188,0.0,0.11900000000014188,0.0,0.0,1.0
3,33,0,0.0,0.03999999999996362,0.0,0.03999999999996362,0.0,0.0,1.0
3,33,18,0.0,0.0500000000001819,0.0,0.0500000000001819,0.0,0.0,1.0
3,33,19,0.0,0.05999999999994543,0.0,0.05999999999994543,0.0,0.0,1.0
3,33,20,0.0,0.0989999999999327,0.0,0.0989999999999327,0.0,0.0,1.0
3,33,21,0.0,0.10800000000017462,0.0,0.10800000000017462,0.0,0.0,1.0
3,33,22,0.0,0.1739999999997508,0.0,0.1739999999997508,0.0,0.0,1.0
3,33,23,0.0,0.680000000000291,0.0,0.680000000000291,0.0,0.0,1.0
3,33,24,0.0,1.362999999999147,0.0,1.362999999999147,0.0,0.0,1.0
3,33,25,0.0,0.6610000000009677,0.27899999999999636,0.9400000000009641,0.0,0.2968085106379896,0.7031914893620104
3,33,26,0.0,0.6699999999993906,0.0,0.6699999999993906,0.0,0.0,1.0
3,33,27,0.0,0.032000000000152795,0.0,0.032000000000152795,0.0,0.0,1.0
3,33,28,0.0,0.8079999999999927,0.0,0.8079999999999927,0.0,0.0,1.0
3,33,29,0.0,0.01900000000023283,0.0,0.01900000000023283,0.0,0.0,1.0
3,33,30,0.0,0.11099999999987631,0.0,0.11099999999987631,0.0,0.0,1.0
3,33,31,0.0,0.26099999999996726,0.0,0.26099999999996726,0.0,0.0,1.0
3,33,32,0.0,0.12800000000061118,0.0,0.12800000000061118,0.0,0.0,1.0
3,33,33,0.0,0.13099999999985812,0.0,0.13099999999985812,0.0,0.0,1.0
3,33,34,0.0,0.09899999999970532,0.0,0.09899999999970532,0.0,0.0,1.0
3,33,35,0.0,0.4040000000004511,0.0,0.4040000000004511,0.0,0.0,1.0
3,33,36,0.0,0.1000000000003638,0.0,0.1000000000003638,0.0,0.0,1.0
3,33,37,0.0,0.02999999999974534,0.0,0.02999999999974534,0.0,0.0,1.0
3,33,38,0.0,0.010000000000218279,0.0,0.010000000000218279,0.0,0.0,1.0
3,33,39,0.0,0.009999999999763531,0.0,0.009999999999763531,0.0,0.0,1.0
3,33,40,0.0,0.19800000000032014,0.0,0.19800000000032014,0.0,0.0,1.0
3,33,41,0.0,0.01999999999998181,0.0,0.01999999999998181,0.0,0.0,1.0
3,33,42,0.0,0.041999999999916326,0.0,0.041999999999916326,0.0,0.0,1.0
3,34,0,0.0,0.03999999999996362,0.0,0.03999999999996362,0.0,0.0,1.0
3,34,16,0.0,0.22899999999981446,0.0,0.22899999999981446,0.0,0.0,1.0
3,34,17,0.0,0.1690000000000964,0.0,0.1690000000000964,0.0,0.0,1.0
3,34,18,0.0,0.14099999999984902,0.0,0.14099999999984902,0.0,0.0,1.0
3,34,19,0.0,0.028999999999996362,0.0,0.028999999999996362,0.0,0.0,1.0
3,34,20,0.0,0.01999999999998181,0.0,0.01999999999998181,0.0,0.0,1.0
3,34,21,0.0,0.06100000000037653,0.0,0.06100000000037653,0.0,0.0,1.0
3,34,22,0.0,0.3389999999997144,0.0,0.3389999999997144,0.0,0.0,1.0
3,34,23,0.0,0.032000000000152795,0.0,0.032000000000152795,0.0,0.0,1.0
3,34,24,0.0,1.848000000000411,0.0,1.848000000000411,0.0,0.0,1.0
3,34,25,0.0,1.6489999999997735,0.6309999999999718,2.2799999999997453,0.0,0.27675438596493085,0.7232456140350692
3,34,26,0.0,0.8689999999998008,0.0,0.8689999999998008,0.0,0.0,1.0
3,34,28,0.0,1.2739999999998872,0.0,1.2739999999998872,0.0,0.0,1.0
3,34,31,0.0,0.3900000000003274,0.0,0.3900000000003274,0.0,0.0,1.0
3,34,34,0.0,0.02999999999974534,0.0,0.02999999999974534,0.0,0.0,1.0
3,34,35,0.0,0.7869999999998072,0.0,0.7869999999998072,0.0,0.0,1.0
3,34,36,0.0,0.13999999999987267,0.0,0.13999999999987267,0.0,0.0,1.0
3,34,37,0.0,0.3510000000005675,0.0,0.3510000000005675,0.0,0.0,1.0
3,34,38,0.0,0.14800000000036562,0.0,0.14800000000036562,0.0,0.0,1.0
3,34,39,0.0,0.03000000000020009,0.0,0.03000000000020009,0.0,0.0,1.0
3,34,40,0.0,0.30099999999947613,0.0,0.30099999999947613,0.0,0.0,1.0
3,34,41,0.0,0.068000000000211,0.0,0.068000000000211,0.0,0.0,1.0
3,34,42,0.0,0.03099999999994907,0.0,0.03099999999994907,0.0,0.0,1.0
3,34,43,0.0,0.03799999999955617,0.0,0.03799999999955617,0.0,0.0,1.0
3,34,44,0.0,0.09200000000055297,0.0,0.09200000000055297,0.0,0.0,1.0
3,34,45,0.0,0.01999999999998181,0.0,0.01999999999998181,0.0,0.0,1.0
3,34,46,0.0,0.01999999999998181,0.0,0.01999999999998181,0.0,0.0,1.0
3,35,0,0.0,0.03900000000021464,0.0,0.03900000000021464,0.0,0.0,1.0
3,35,23,0.0,0.04100000000005366,0.0,0.04100000000005366,0.0,0.0,1.0
3,35,24,0.0,0.15200000000072578,0.0,0.15200000000072578,0.0,0.0,1.0
3,35,25,0.0,0.47400000000016007,0.38200000000006185,0.8560000000002219,0.0,0.4462616822429472,0.5537383177570527
3,35,26,0.0,0.46600000000034925,0.0,0.46600000000034925,0.0,0.0,1.0
3,35,27,0.0,0.09199999999964348,0.0,0.09199999999964348,0.0,0.0,1.0
3,35,28,0.0,0.705000000000382,0.0,0.705000000000382,0.0,0.0,1.0
3,35,31,0.0,0.16999999999916326,0.0,0.16999999999916326,0.0,0.0,1.0
3,35,32,0.0,0.1390000000001237,0.0,0.1390000000001237,0.0,0.0,1.0
3,35,35,0.0,0.3919999999998254,0.0,0.3919999999998254,0.0,0.0,1.0
3,35,37,0.0,0.170999999999367,0.0,0.170999999999367,0.0,0.0,1.0
3,35,38,0.0,0.1999999999998181,0.0,0.1999999999998181,0.0,0.0,1.0
3,35,39,0.0,0.17200000000002547,0.0,0.17200000000002547,0.0,0.0,1.0
3,35,40,0.0,0.18899999999985084,0.0,0.18899999999985084,0.0,0.0,1.0
3,35,41,0.0,0.10999999999967258,0.0,0.10999999999967258,0.0,0.0,1.0
3,35,42,0.0,0.1410000000000764,0.0,0.1410000000000764,0.0,0.0,1.0
3,35,47,0.0,0.010999999999967258,0.0,0.010999999999967258,0.0,0.0,1.0
3,35,48,0.0,0.007999999999810825,0.0,0.007999999999810825,0.0,0.0,1.0
3,35,49,0.0,0.032000000000152795,0.0,0.032000000000152795,0.0,0.0,1.0
3,35,50,0.0,0.018999999999778083,0.0,0.018999999999778083,0.0,0.0,1.0
3,35,51,0.0,0.020000000000436557,0.0,0.020000000000436557,0.0,0.0,1.0
3,35,52,0.0,0.009999999999763531,0.0,0.009999999999763531,0.0,0.0,1.0
3,35,53,0.0,0.012000000000170985,0.0,0.012000000000170985,0.0,0.0,1.0
3,35,54,0.0,0.007999999999810825,0.0,0.007999999999810825,0.0,0.0,1.0
3,35,55,0.0,0.010999999999967258,0.0,0.010999999999967258,0.0,0.0,1.0
3,35,60,0.0,0.009999999999763531,0.0,0.009999999999763531,0.0,0.0,1.0
3,35,62,0.0,0.010999999999967258,0.0,0.010999999999967258,0.0,0.0,1.0
3,35,63,0.0,0.008000000000265572,0.0,0.008000000000265572,0.0,0.0,1.0
3,35,64,0.0,0.02099999999973079,0.0,0.02099999999973079,0.0,0.0,1.0
3,35,65,0.0,0.010000000000218279,0.0,0.010000000000218279,0.0,0.0,1.0
3,35,66,0.0,0.009999999999763531,0.0,0.009999999999763531,0.0,0.0,1.0
3,36,0,0.0,0.032000000000152795,0.047999999999774445,0.07999999999992724,0.0,0.5999999999977262,0.40000000000227376
3,36,8,0.0,0.0,0.06899999999995998,0.06899999999995998,0.0,1.0,0.0
3,36,16,0.0,0.032000000000152795,0.0,0.032000000000152795,0.0,0.0,1.0
3,36,17,0.0,0.028999999999996362,0.0,0.028999999999996362,0.0,0.0,1.0
3,36,18,0.0,0.027999999999792635,0.0,0.027999999999792635,0.0,0.0,1.0
3,36,19,0.0,0.18200000000024374,0.0,0.18200000000024374,0.0,0.0,1.0
3,36,20,0.0,0.3389999999999418,0.0,0.3389999999999418,0.0,0.0,1.0
3,36,21,0.0,0.09899999999970532,0.0,0.09899999999970532,0.0,0.0,1.0
3,36,22,0.0,0.23099999999999454,0.0,0.23099999999999454,0.0,0.0,1.0
3,36,23,0.0,0.060000000000172804,0.0,0.060000000000172804,0.0,0.0,1.0
3,36,24,0.0,0.03099999999994907,0.0,0.03099999999994907,0.0,0.0,1.0
3,36,25,0.0,0.01999999999998181,0.0,0.01999999999998181,0.0,0.0,1.0
3,36,26,0.0,0.06199999999989814,0.0,0.06199999999989814,0.0,0.0,1.0
3,36,27,0.0,0.5199999999999818,0.0,0.5199999999999818,0.0,0.0,1.0
3,36,28,0.0,0.5489999999999782,0.0,0.5489999999999782,0.0,0.0,1.0
3,36,31,0.0,0.4690000000005057,0.0,0.4690000000005057,0.0,0.0,1.0
3,36,32,0.0,0.38199999999983447,0.0,0.38199999999983447,0.0,0.0,1.0
3,36,33,0.0,0.009999999999763531,0.0,0.009999999999763531,0.0,0.0,1.0
3,36,34,0.0,0.009000000000014552,0.0,0.009000000000014552,0.0,0.0,1.0
3,36,35,0.0,0.6790000000000873,0.0,0.6790000000000873,0.0,0.0,1.0
3,36,37,0.0,0.41899999999986903,0.0,0.41899999999986903,0.0,0.0,1.0
3,36,38,0.0,0.4500000000000455,0.0,0.4500000000000455,0.0,0.0,1.0
3,36,39,0.0,0.09900000000016007,0.0,0.09900000000016007,0.0,0.0,1.0
3,36,40,0.0,0.24000000000023647,0.0,0.24000000000023647,0.0,0.0,1.0
3,36,42,0.0,0.4680000000000746,0.0,0.4680000000000746,0.0,0.0,1.0
3,36,43,0.0,0.02099999999973079,0.0,0.02099999999973079,0.0,0.0,1.0
3,36,56,0.0,0.01999999999998181,0.0,0.01999999999998181,0.0,0.0,1.0
3,36,58,0.0,0.009000000000014552,0.0,0.009000000000014552,0.0,0.0,1.0
3,36,59,0.0,0.010000000000218279,0.0,0.010000000000218279,0.0,0.0,1.0
3,36,60,0.0,0.009999999999763531,0.0,0.009999999999763531,0.0,0.0,1.0
3,36,61,0.0,0.010000000000218279,0.0,0.010000000000218279,0.0,0.0,1.0
3,36,67,0.0,0.010000000000218279,0.0,0.010000000000218279,0.0,0.0,1.0
3,36,68,0.0,0.01999999999998181,0.0,0.01999999999998181,0.0,0.0,1.0
3,36,69,0.0,0.023999999999887223,0.0,0.023999999999887223,0.0,0.0,1.0
3,36,70,0.0,0.005999999999858119,0.0,0.005999999999858119,0.0,0.0,1.0
3,36,71,0.0,0.022999999999683496,0.0,0.022999999999683496,0.0,0.0,1.0
3,36,72,0.0,0.017000000000280124,0.0,0.017000000000280124,0.0,0.0,1.0
3,36,73,0.0,0.08000000000038199,0.0,0.08000000000038199,0.0,0.0,1.0
3,36,74,0.0,0.12299999999959255,0.0,0.12299999999959255,0.0,0.0,1.0
3,37,0,0.0,0.34600000000000364,0.04100000000016735,0.387000000000171,0.0,0.10594315245516597,0.894056847544834
3,37,3,0.0,0.010000000000218279,0.0,0.010000000000218279,0.0,0.0,1.0
3,37,8,0.8110000000001492,0.0,0.21099999999978536,1.0219999999999345,0.793542074364189,0.20645792563581103,0.0
3,37,9,0.0,0.0,0.03000000000020009,0.03000000000020009,0.0,1.0,0.0
3,37,10,0.0,0.0,0.018999999999778083,0.018999999999778083,0.0,1.0,0.0
3,37,11,0.0,0.0,0.01900000000023283,0.01900000000023283,0.0,1.0,0.0
3,37,12,0.0,0.010999999999967258,0.02099999999973079,0.03199999999969805,0.0,0.6562499999977796,0.34375000000222045
3,37,13,0.8419999999996435,0.30999999999994543,0.37900000000036016,1.530999999999949,0.5499673416065783,0.2475506205097144,0.20248203788370722
3,37,14,0.0,0.018000000000029104,0.04100000000016735,0.05900000000019645,0.0,0.6949152542378106,0.3050847457621893
3,37,15,0.0,0.011999999999716238,0.03899999999975989,0.05099999999947613,0.0,0.7647058823560882,0.23529411764391178
3,37,16,0.0,0.05900000000019645,0.028999999999996362,0.08800000000019281,0.0,0.32954545454469114,0.6704545454553088
3,37,17,0.0,0.04999999999972715,0.0,0.04999999999972715,0.0,0.0,1.0
3,37,18,0.0,0.050000000000636646,0.0,0.050000000000636646,0.0,0.0,1.0
3,37,19,0.0,0.018999999999778083,0.0,0.018999999999778083,0.0,0.0,1.0
3,37,20,0.0,0.021000000000185537,0.0,0.021000000000185537,0.0,0.0,1.0
3,37,21,0.0,0.027999999999792635,0.0,0.027999999999792635,0.0,0.0,1.0
3,37,22,0.0,0.010999999999967258,0.0,0.010999999999967258,0.0,0.0,1.0
3,37,23,0.0,0.008000000000265572,0.0,0.008000000000265572,0.0,0.0,1.0
3,37,24,0.0,0.021999999999934516,0.0,0.021999999999934516,0.0,0.0,1.0
3,37,25,0.0,0.018999999999778083,0.0,0.018999999999778083,0.0,0.0,1.0
3,37,27,0.0,0.5899999999996908,0.0,0.5899999999996908,0.0,0.0,1.0
3,37,28,0.0,0.5809999999999036,0.0,0.5809999999999036,0.0,0.0,1.0
3,37,29,0.0,0.021999999999934516,0.0,0.021999999999934516,0.0,0.0,1.0
3,37,30,0.0,0.29799999999977445,0.0,0.29799999999977445,0.0,0.0,1.0
3,37,31,0.0,0.5290000000002237,0.0,0.5290000000002237,0.0,0.0,1.0
3,37,32,0.0,0.021999999999934516,0.0,0.021999999999934516,0.0,0.0,1.0
3,37,35,0.0,0.635000000000673,0.0,0.635000000000673,0.0,0.0,1.0
3,37,36,0.0,0.17200000000002547,0.0,0.17200000000002547,0.0,0.0,1.0
3,37,37,0.0,0.28000000000065484,0.0,0.28000000000065484,0.0,0.0,1.0
3,37,38,0.0,0.2799999999999727,0.0,0.2799999999999727,0.0,0.0,1.0
3,37,40,0.0,0.2909999999997126,0.0,0.2909999999997126,0.0,0.0,1.0
3,37,42,0.0,0.29899999999997817,0.0,0.29899999999997817,0.0,0.0,1.0
3,37,43,0.0,0.09100000000034925,0.0,0.09100000000034925,0.0,0.0,1.0
3,37,73,0.0,0.01999999999998181,0.0,0.01999999999998181,0.0,0.0,1.0
3,37,74,0.0,0.04800000000022919,0.0,0.04800000000022919,0.0,0.0,1.0
3,38,0,0.0,0.9920000000001892,0.01999999999998181,1.012000000000171,0.0,0.01976284584978106,0.980237154150219
3,38,1,0.0,0.007999999999810825,0.0,0.007999999999810825,0.0,0.0,1.0
3,38,3,0.0,0.007999999999810825,0.0,0.007999999999810825,0.0,0.0,1.0
3,38,8,0.0,0.012000000000170985,0.0,0.012000000000170985,0.0,0.0,1.0
3,38,11,0.0,0.010999999999967258,0.0,0.010999999999967258,0.0,0.0,1.0
3,38,13,0.07099999999991269,0.09000000000014552,0.01999999999998181,0.18100000000004002,0.39226519336959664,0.11049723756893584,0.49723756906146754
3,38,26,0.0,0.010000000000218279,0.0,0.010000000000218279,0.0,0.0,1.0
3,38,27,0.0,0.09099999999966712,0.0,0.09099999999966712,0.0,0.0,1.0
3,38,28,0.0,0.23000000000024556,0.0,0.23000000000024556,0.0,0.0,1.0
3,38,29,0.0,0.09799999999995634,0.0,0.09799999999995634,0.0,0.0,1.0
3,38,30,0.0,0.10200000000008913,0.0,0.10200000000008913,0.0,0.0,1.0
3,38,31,0.0,0.25200000000040745,0.0,0.25200000000040745,0.0,0.0,1.0
3,38,32,0.0,0.028999999999541615,0.0,0.028999999999541615,0.0,0.0,1.0
3,38,33,0.0,0.02999999999974534,0.0,0.02999999999974534,0.0,0.0,1.0
3,38,34,0.0,0.1000000000003638,0.0,0.1000000000003638,0.0,0.0,1.0
3,38,35,0.0,0.28399999999965075,0.0,0.28399999999965075,0.0,0.0,1.0
3,38,37,0.0,0.18099999999958527,0.0,0.18099999999958527,0.0,0.0,1.0
3,38,38,0.0,0.17899999999985994,0.0,0.17899999999985994,0.0,0.0,1.0
3,38,40,0.0,0.12800000000015643,0.0,0.12800000000015643,0.0,0.0,1.0
3,38,42,0.0,0.1790000000000873,0.0,0.1790000000000873,0.0,0.0,1.0
3,39,0,0.02999999999974534,0.23100000000022192,0.0,0.26099999999996726,0.1149425287346709,0.0,0.8850574712653291
3,39,18,0.0,0.01099999999951251,0.0,0.01099999999951251,0.0,0.0,1.0
3,39,19,0.0,0.18000000000029104,0.0,0.18000000000029104,0.0,0.0,1.0
3,39,20,0.0,0.08899999999994179,0.0,0.08899999999994179,0.0,0.0,1.0
3,39,21,0.0,0.0500000000001819,0.0,0.0500000000001819,0.0,0.0,1.0
3,39,22,0.0,0.011000000000422006,0.0,0.011000000000422006,0.0,0.0,1.0
3,39,23,0.0,0.029999999998835847,0.0,0.029999999998835847,0.0,0.0,1.0
3,39,24,0.0,0.009000000000014552,0.0,0.009000000000014552,0.0,0.0,1.0
3,39,25,0.0,0.010000000000218279,0.0,0.010000000000218279,0.0,0.0,1.0
3,39,26,0.0,0.02099999999973079,0.0,0.02099999999973079,0.0,0.0,1.0
3,39,27,0.0,0.027000000000043656,0.0,0.027000000000043656,0.0,0.0,1.0
3,39,28,0.0,0.06100000000014916,0.0,0.06100000000014916,0.0,0.0,1.0
3,39,29,0.0,0.5189999999997781,0.0,0.5189999999997781,0.0,0.0,1.0
3,39,30,0.0,0.07000000000061846,0.0,0.07000000000061846,0.0,0.0,1.0
3,39,31,0.0,0.3209999999999127,0.0,0.3209999999999127,0.0,0.0,1.0
3,39,35,0.0,0.3779999999997017,0.0,0.3779999999997017,0.0,0.0,1.0
3,39,37,0.0,0.32999999999992724,0.0,0.32999999999992724,0.0,0.0,1.0
3,39,38,0.0,0.27899999999999636,0.0,0.27899999999999636,0.0,0.0,1.0
3,39,40,0.0,0.28099999999994907,0.0,0.28099999999994907,0.0,0.0,1.0
3,39,42,0.0,0.17899999999985994,0.0,0.17899999999985994,0.0,0.0,1.0
3,39,44,0.0,0.03000000000020009,0.0,0.03000000000020009,0.0,0.0,1.0
3,40,0,0.0,0.17099999999982174,0.0,0.17099999999982174,0.0,0.0,1.0
3,40,9,0.0,0.01099999999951251,0.0,0.01099999999951251,0.0,0.0,1.0
3,40,10,0.0,0.09900000000016007,0.0,0.09900000000016007,0.0,0.0,1.0
3,40,11,0.0,0.06000000000040018,0.0,0.06000000000040018,0.0,0.0,1.0
3,40,12,0.0,0.08999999999923602,0.0,0.08999999999923602,0.0,0.0,1.0
3,40,13,0.0,0.03099999999994907,0.0,0.03099999999994907,0.0,0.0,1.0
3,40,14,0.0,0.009000000000014552,0.0,0.009000000000014552,0.0,0.0,1.0
3,40,15,0.0,0.2899999999999636,0.0,0.2899999999999636,0.0,0.0,1.0
3,40,16,0.0,0.08700000000044383,0.0,0.08700000000044383,0.0,0.0,1.0
3,40,17,0.0,0.042999999999665306,0.0,0.042999999999665306,0.0,0.0,1.0
3,40,18,0.0,0.06000000000130967,0.0,0.06000000000130967,0.0,0.0,1.0
3,40,19,0.0,0.027999999999337888,0.0,0.027999999999337888,0.0,0.0,1.0
3,40,20,0.0,0.020000000000436557,0.0,0.020000000000436557,0.0,0.0,1.0
3,40,21,0.0,0.01099999999951251,0.0,0.01099999999951251,0.0,0.0,1.0
3,40,22,0.0,0.01900000000023283,0.0,0.01900000000023283,0.0,0.0,1.0
3,40,23,0.0,0.021000000000640284,0.0,0.021000000000640284,0.0,0.0,1.0
3,40,24,0.0,0.018999999999323336,0.0,0.018999999999323336,0.0,0.0,1.0
3,40,25,0.0,0.009000000000014552,0.0,0.009000000000014552,0.0,0.0,1.0
3,40,26,0.0,0.021000000000640284,0.0,0.021000000000640284,0.0,0.0,1.0
3,40,27,0.0,0.011999999999716238,0.0,0.011999999999716238,0.0,0.0,1.0
3,40,29,0.0,0.21899999999982356,0.0,0.21899999999982356,0.0,0.0,1.0
3,40,35,0.0,0.2220000000006621,0.0,0.2220000000006621,0.0,0.0,1.0
3,40,36,0.0,0.11200000000008004,0.0,0.11200000000008004,0.0,0.0,1.0
3,40,37,0.0,0.057999999999992724,0.0,0.057999999999992724,0.0,0.0,1.0
3,40,38,0.0,0.17200000000002547,0.0,0.17200000000002547,0.0,0.0,1.0
3,40,40,0.0,0.17099999999982174,0.0,0.17099999999982174,0.0,0.0,1.0
3,40,42,0.0,0.17200000000002547,0.0,0.17200000000002547,0.0,0.0,1.0
3,40,44,0.0,0.028999999999996362,0.0,0.028999999999996362,0.0,0.0,1.0
3,41,0,0.0,0.30900000000019645,0.0,0.30900000000019645,0.0,0.0,1.0
3,41,15,0.0,0.17199999999957072,0.0,0.17199999999957072,0.0,0.0,1.0
3,41,17,0.0,0.009000000000014552,0.0,0.009000000000014552,0.0,0.0,1.0
3,41,28,0.0,0.009999999999990905,0.0,0.009999999999990905,0.0,0.0,1.0
3,41,29,0.0,0.05100000000015825,0.0,0.05100000000015825,0.0,0.0,1.0
3,41,30,0.0,0.011999999999716238,0.0,0.011999999999716238,0.0,0.0,1.0
3,41,34,0.0,0.058999999999286956,0.0,0.058999999999286956,0.0,0.0,1.0
3,41,35,0.0,0.501999999999498,0.0,0.501999999999498,0.0,0.0,1.0
3,41,36,0.0,0.33799999999973807,0.0,0.33799999999973807,0.0,0.0,1.0
3,41,38,0.0,0.2989999999997508,0.0,0.2989999999997508,0.0,0.0,1.0
3,41,40,0.0,0.34700000000020736,0.0,0.34700000000020736,0.0,0.0,1.0
3,41,41,0.0,0.010000000000218279,0.0,0.010000000000218279,0.0,0.0,1.0
3,41,42,0.0,0.28899999999998727,0.0,0.28899999999998727,0.0,0.0,1.0
3,41,43,0.0,0.01999999999998181,0.0,0.01999999999998181,0.0,0.0,1.0
3,41,44,0.0,0.05099999999993088,0.0,0.05099999999993088,0.0,0.0,1.0
3,42,0,0.37900000000036016,0.0,0.0,0.37900000000036016,1.0,0.0,0.0
3,42,15,0.0,0.2709999999997308,0.0,0.2709999999997308,0.0,0.0,1.0
3,42,16,0.0,0.030000000000654836,0.0,0.030000000000654836,0.0,0.0,1.0
3,42,17,0.0,0.01099999999951251,0.0,0.01099999999951251,0.0,0.0,1.0
3,42,18,0.0,0.007000000000516593,0.0,0.007000000000516593,0.0,0.0,1.0
3,42,19,0.0,0.01099999999951251,0.0,0.01099999999951251,0.0,0.0,1.0
3,42,20,0.0,0.021000000000640284,0.0,0.021000000000640284,0.0,0.0,1.0
3,42,21,0.0,0.009999999999308784,0.0,0.009999999999308784,0.0,0.0,1.0
3,42,22,0.0,0.010000000000218279,0.0,0.010000000000218279,0.0,0.0,1.0
3,42,23,0.0,0.011000000000422006,0.0,0.011000000000422006,0.0,0.0,1.0
3,42,24,0.0,0.009000000000014552,0.0,0.009000000000014552,0.0,0.0,1.0
3,42,25,0.0,0.009999999999308784,0.0,0.009999999999308784,0.0,0.0,1.0
3,42,26,0.0,0.009000000000014552,0.0,0.009000000000014552,0.0,0.0,1.0
3,42,28,0.0,0.009000000000014552,0.0,0.009000000000014552,0.0,0.0,1.0
3,42,29,0.0,0.01099999999951251,0.0,0.01099999999951251,0.0,0.0,1.0
3,42,30,0.0,0.020000000000436557,0.0,0.020000000000436557,0.0,0.0,1.0
3,42,32,0.0,0.011000000000422006,0.0,0.011000000000422006,0.0,0.0,1.0
3,42,33,0.0,0.009000000000014552,0.0,0.009000000000014552,0.0,0.0,1.0
3,42,34,0.0,0.5210000000006403,0.0,0.5210000000006403,0.0,0.0,1.0
3,42,35,0.0,0.21900000000005093,0.0,0.21900000000005093,0.0,0.0,1.0
3,42,36,0.0,0.33100000000013097,0.0,0.33100000000013097,0.0,0.0,1.0
3,42,38,0.0,0.33900000000016917,0.0,0.33900000000016917,0.0,0.0,1.0
3,42,40,0.0,0.2800000000002001,0.0,0.2800000000002001,0.0,0.0,1.0
3,42,42,0.0,0.2300000000000182,0.0,0.2300000000000182,0.0,0.0,1.0
3,43,0,0.38999999999987267,0.03900000000021464,0.07099999999991269,0.5,0.7799999999997453,0.14199999999982538,0.07800000000042928
3,43,15,0.0,0.38100000000031287,0.0,0.38100000000031287,0.0,0.0,1.0
3,43,34,0.0,0.22000000000025466,0.0,0.22000000000025466,0.0,0.0,1.0
3,43,36,0.0,0.2319999999999709,0.0,0.2319999999999709,0.0,0.0,1.0
3,43,38,0.0,0.27099999999995816,0.0,0.27099999999995816,0.0,0.0,1.0
3,43,39,0.0,0.028999999999996362,0.0,0.028999999999996362,0.0,0.0,1.0
3,43,40,0.0,0.22299999999972897,0.0,0.22299999999972897,0.0,0.0,1.0
3,43,41,0.0,0.10200000000008913,0.0,0.10200000000008913,0.0,0.0,1.0
3,43,42,0.0,0.01700000000005275,0.0,0.01700000000005275,0.0,0.0,1.0
3,43,47,0.0,0.10999999999967258,0.0,0.10999999999967258,0.0,0.0,1.0
3,44,0,0.5509999999999309,0.0909999999998945,0.028999999999996362,0.6709999999998217,0.8211624441133789,0.04321907600596731,0.13561847988065376
3,44,29,0.0,0.009000000000014552,0.0,0.009000000000014552,0.0,0.0,1.0
3,44,30,0.0,0.031000000000176442,0.0,0.031000000000176442,0.0,0.0,1.0
3,44,31,0.0,0.02800000000002001,0.0,0.02800000000002001,0.0,0.0,1.0
3,44,32,0.0,0.04099999999993997,0.0,0.04099999999993997,0.0,0.0,1.0
3,44,33,0.0,0.01999999999998181,0.0,0.01999999999998181,0.0,0.0,1.0
3,44,34,0.0,0.7049999999992451,0.0,0.7049999999992451,0.0,0.0,1.0
3,44,35,0.0,0.05600000000004002,0.0,0.05600000000004002,0.0,0.0,1.0
3,44,36,0.0,0.3960000000004129,0.0,0.3960000000004129,0.0,0.0,1.0
3,44,37,0.0,0.011999999999943611,0.0,0.011999999999943611,0.0,0.0,1.0
3,44,38,0.0,0.2680000000000291,0.0,0.2680000000000291,0.0,0.0,1.0
3,44,40,0.0,0.33100000000013097,0.0,0.33100000000013097,0.0,0.0,1.0
3,44,42,0.0,0.2400000000000091,0.0,0.2400000000000091,0.0,0.0,1.0
3,44,47,0.0,0.32999999999992724,0.0,0.32999999999992724,0.0,0.0,1.0
3,44,58,0.0,0.021000000000185537,0.0,0.021000000000185537,0.0,0.0,1.0
3,44,60,0.0,0.04100000000016735,0.0,0.04100000000016735,0.0,0.0,1.0
3,45,0,0.5199999999999818,0.45099999999979445,0.0,0.9709999999997763,0.535530381050568,0.0,0.4644696189494319
3,45,1,0.029000000000223736,0.009000000000014552,0.0,0.03800000000023829,0.7631578947379444,0.0,0.23684210526205568
3,45,2,0.3809999999998581,0.0,0.0,0.3809999999998581,1.0,0.0,0.0
3,45,3,0.028999999999996362,0.009999999999990905,0.0,0.03899999999998727,0.743589743589893,0.0,0.2564102564101069
3,45,4,0.021999999999934516,0.0,0.0,0.021999999999934516,1.0,0.0,0.0
3,45,5,0.10900000000015098,0.0,0.0,0.10900000000015098,1.0,0.0,0.0
3,45,6,0.009000000000014552,0.009000000000014552,0.0,0.018000000000029104,0.5,0.0,0.5
3,45,7,0.021999999999934516,0.0,0.0,0.021999999999934516,1.0,0.0,0.0
3,45,8,0.009000000000014552,0.0,0.0,0.009000000000014552,1.0,0.0,0.0
3,45,9,0.049999999999954525,0.011000000000194632,0.0,0.06100000000014916,0.8196721311447912,0.0,0.18032786885520877
3,45,10,0.019000000000005457,0.010999999999967258,0.009999999999990905,0.03999999999996362,0.4750000000005684,0.25,0.2749999999994316
3,45,11,0.0,0.0,0.13799999999991996,0.13799999999991996,0.0,1.0,0.0
3,45,14,0.0,0.10000000000013642,0.0,0.10000000000013642,0.0,0.0,1.0
3,45,15,0.0,0.03099999999994907,0.0,0.03099999999994907,0.0,0.0,1.0
3,45,16,0.0,0.12999999999919964,0.0,0.12999999999919964,0.0,0.0,1.0
3,45,17,0.0,0.01900000000023283,0.0,0.01900000000023283,0.0,0.0,1.0
3,45,18,0.0,0.029999999999972715,0.0,0.029999999999972715,0.0,0.0,1.0
3,45,19,0.0,0.007999999999810825,0.0,0.007999999999810825,0.0,0.0,1.0
3,45,20,0.0,0.028000000000247383,0.0,0.028000000000247383,0.0,0.0,1.0
3,45,21,0.0,0.009000000000014552,0.0,0.009000000000014552,0.0,0.0,1.0
3,45,22,0.0,0.024999999999863576,0.0,0.024999999999863576,0.0,0.0,1.0
3,45,23,0.0,0.10199999999986176,0.0,0.10199999999986176,0.0,0.0,1.0
3,45,24,0.0,0.08500000000003638,0.0,0.08500000000003638,0.0,0.0,1.0
3,45,25,0.0,0.06300000000032924,0.0,0.06300000000032924,0.0,0.0,1.0
3,45,26,0.0,0.0399999999992815,0.0,0.0399999999992815,0.0,0.0,1.0
3,45,27,0.0,0.35400000000072396,0.0,0.35400000000072396,0.0,0.0,1.0
3,45,28,0.0,0.028999999999996362,0.0,0.028999999999996362,0.0,0.0,1.0
3,45,29,0.0,0.038999999999305146,0.0,0.038999999999305146,0.0,0.0,1.0
3,45,30,0.0,0.031000000000858563,0.0,0.031000000000858563,0.0,0.0,1.0
3,45,31,0.0,0.009000000000014552,0.0,0.009000000000014552,0.0,0.0,1.0
3,45,32,0.0,0.018000000000029104,0.0,0.018000000000029104,0.0,0.0,1.0
3,45,33,0.0,0.03199999999992542,0.0,0.03199999999992542,0.0,0.0,1.0
3,45,34,0.0,0.1569999999992433,0.0,0.1569999999992433,0.0,0.0,1.0
3,45,35,0.0,0.031000000000858563,0.0,0.031000000000858563,0.0,0.0,1.0
3,45,36,0.0,0.10099999999943066,0.0,0.10099999999943066,0.0,0.0,1.0
3,45,37,0.0,0.010999999999967258,0.0,0.010999999999967258,0.0,0.0,1.0
3,45,38,0.0,0.3919999999998254,0.0,0.3919999999998254,0.0,0.0,1.0
3,45,40,0.0,0.32999999999992724,0.0,0.32999999999992724,0.0,0.0,1.0
3,45,42,0.0,0.3329999999998563,0.0,0.3329999999998563,0.0,0.0,1.0
3,45,47,0.0,0.28000000000065484,0.0,0.28000000000065484,0.0,0.0,1.0
3,45,50,0.0,0.010000000000218279,0.0,0.010000000000218279,0.0,0.0,1.0
3,45,58,0.0,0.009000000000014552,0.0,0.009000000000014552,0.0,0.0,1.0
3,45,59,0.0,0.03799999999955617,0.0,0.03799999999955617,0.0,0.0,1.0
3,45,60,0.0,0.3910000000000764,0.0,0.3910000000000764,0.0,0.0,1.0
3,46,10,0.010999999999967258,0.0,0.0,0.010999999999967258,1.0,0.0,0.0
3,46,11,0.03899999999998727,0.0,0.032000000000152795,0.07100000000014006,0.5492957746466244,0.4507042253533756,0.0
3,46,36,0.0,0.020999999999958163,0.0,0.020999999999958163,0.0,0.0,1.0
3,46,37,0.0,0.028999999999996362,0.0,0.028999999999996362,0.0,0.0,1.0
3,46,38,0.0,0.1790000000000873,0.0,0.1790000000000873,0.0,0.0,1.0
3,46,40,0.0,0.1790000000000873,0.0,0.1790000000000873,0.0,0.0,1.0
3,46,42,0.0,0.1790000000000873,0.0,0.1790000000000873,0.0,0.0,1.0
3,46,47,0.0,0.17999999999938154,0.0,0.17999999999938154,0.0,0.0,1.0
3,46,50,0.0,0.06999999999970896,0.0,0.06999999999970896,0.0,0.0,1.0
3,46,60,0.0,0.20000000000027285,0.0,0.20000000000027285,0.0,0.0,1.0
3,47,0,0.0,0.028999999999996362,0.0,0.028999999999996362,0.0,0.0,1.0
3,47,1,0.0,0.020999999999958163,0.0,0.020999999999958163,0.0,0.0,1.0
3,47,3,0.0,0.011999999999943611,0.0,0.011999999999943611,0.0,0.0,1.0
3,47,4,0.0,0.016000000000076398,0.0,0.016000000000076398,0.0,0.0,1.0
3,47,5,0.0,0.010999999999967258,0.0,0.010999999999967258,0.0,0.0,1.0
3,47,6,0.0,0.010999999999967258,0.0,0.010999999999967258,0.0,0.0,1.0
3,47,7,0.0,0.019000000000005457,0.0,0.019000000000005457,0.0,0.0,1.0
3,47,8,0.0,0.009999999999990905,0.0,0.009999999999990905,0.0,0.0,1.0
3,47,12,0.0,0.009999999999990905,0.0,0.009999999999990905,0.0,0.0,1.0
3,47,13,0.0,0.020999999999958163,0.0,0.020999999999958163,0.0,0.0,1.0
3,47,14,0.0,0.008000000000038199,0.0,0.008000000000038199,0.0,0.0,1.0
3,47,15,0.0,0.03199999999992542,0.0,0.03199999999992542,0.0,0.0,1.0
3,47,16,0.0,0.02800000000002001,0.0,0.02800000000002001,0.0,0.0,1.0
3,47,17,0.0,0.03199999999992542,0.0,0.03199999999992542,0.0,0.0,1.0
3,47,18,0.0,0.01999999999998181,0.0,0.01999999999998181,0.0,0.0,1.0
3,47,19,0.0,0.012000000000170985,0.0,0.012000000000170985,0.0,0.0,1.0
3,47,20,0.0,0.016999999999825377,0.0,0.016999999999825377,0.0,0.0,1.0
3,47,21,0.0,0.009000000000014552,0.0,0.009000000000014552,0.0,0.0,1.0
3,47,22,0.0,0.009999999999990905,0.0,0.009999999999990905,0.0,0.0,1.0
3,47,23,0.0,0.032000000000152795,0.0,0.032000000000152795,0.0,0.0,1.0
3,47,24,0.0,0.009000000000014552,0.0,0.009000000000014552,0.0,0.0,1.0
3,47,25,0.0,0.02299999999991087,0.0,0.02299999999991087,0.0,0.0,1.0
3,47,26,0.0,0.01700000000005275,0.0,0.01700000000005275,0.0,0.0,1.0
3,47,27,0.0,0.009000000000014552,0.0,0.009000000000014552,0.0,0.0,1.0
3,47,28,0.0,0.009999999999990905,0.0,0.009999999999990905,0.0,0.0,1.0
3,47,29,0.0,0.020999999999958163,0.0,0.020999999999958163,0.0,0.0,1.0
3,47,30,0.0,0.025999999999612555,0.0,0.025999999999612555,0.0,0.0,1.0
3,47,31,0.0,0.011999999999943611,0.0,0.011999999999943611,0.0,0.0,1.0
3,47,32,0.0,0.011999999999943611,0.0,0.011999999999943611,0.0,0.0,1.0
3,47,33,0.0,0.028000000000247383,0.0,0.028000000000247383,0.0,0.0,1.0
3,47,34,0.0,0.03199999999992542,0.0,0.03199999999992542,0.0,0.0,1.0
3,47,35,0.0,0.1020000000003165,0.0,0.1020000000003165,0.0,0.0,1.0
3,47,36,0.0,0.028999999999996362,0.0,0.028999999999996362,0.0,0.0,1.0
3,47,37,0.0,0.009000000000014552,0.0,0.009000000000014552,0.0,0.0,1.0
3,47,38,0.0,0.007999999999810825,0.0,0.007999999999810825,0.0,0.0,1.0
3,47,40,0.0,0.28099999999994907,0.0,0.28099999999994907,0.0,0.0,1.0
3,47,42,0.0,0.2799999999999727,0.0,0.2799999999999727,0.0,0.0,1.0
3,47,47,0.0,0.23000000000047294,0.0,0.23000000000047294,0.0,0.0,1.0
3,47,50,0.0,0.3400000000001455,0.0,0.3400000000001455,0.0,0.0,1.0
3,48,0,0.0,0.010999999999967258,0.0,0.010999999999967258,0.0,0.0,1.0
3,48,1,0.2830000000003565,0.0,0.07999999999992724,0.36300000000028376,0.7796143250692432,0.22038567493075675,0.0
3,48,2,0.007000000000061846,0.0,0.0,0.007000000000061846,1.0,0.0,0.0
3,48,3,0.2480000000000473,0.0,0.39299999999957436,0.6409999999996217,0.3868954758193349,0.6131045241806651,0.0
3,48,5,0.0,0.0,0.007000000000061846,0.007000000000061846,0.0,1.0,0.0
3,48,6,0.0,0.0,0.010999999999967258,0.010999999999967258,0.0,1.0,0.0
3,48,7,0.0,0.010999999999967258,0.0,0.010999999999967258,0.0,0.0,1.0
3,48,8,0.0,0.03800000000023829,0.010000000000218279,0.048000000000456566,0.0,0.20833333333589918,0.7916666666641008
3,48,9,0.0,0.13599999999996726,0.0,0.13599999999996726,0.0,0.0,1.0
3,48,10,0.0,0.06300000000010186,0.0,0.06300000000010186,0.0,0.0,1.0
3,48,11,0.0,0.03199999999992542,0.0,0.03199999999992542,0.0,0.0,1.0
3,48,12,0.0,0.13000000000010914,0.0,0.13000000000010914,0.0,0.0,1.0
3,48,13,0.0,0.0799999999994725,0.0,0.0799999999994725,0.0,0.0,1.0
3,48,14,0.0,0.07200000000057116,0.0,0.07200000000057116,0.0,0.0,1.0
3,48,15,0.0,0.028999999999996362,0.01999999999998181,0.04899999999997817,0.0,0.40816326530593305,0.591836734694067
3,48,16,0.0,0.11899999999968713,0.010999999999967258,0.1299999999996544,0.0,0.08461538461535771,0.9153846153846423
3,48,17,0.0,0.010999999999967258,0.0,0.010999999999967258,0.0,0.0,1.0
3,48,18,0.0,0.008000000000265572,0.018000000000029104,0.026000000000294676,0.0,0.6923076923009652,0.3076923076990347
3,48,19,0.0,0.009999999999763531,0.0,0.009999999999763531,0.0,0.0,1.0
3,48,20,0.0,0.03000000000020009,0.010000000000218279,0.04000000000041837,0.0,0.25000000000284217,0.7499999999971578
3,48,21,0.0,0.0,0.009999999999763531,0.009999999999763531,0.0,1.0,0.0
3,48,22,0.0,0.010999999999967258,0.0,0.010999999999967258,0.0,0.0,1.0
3,48,23,0.0,0.011000000000422006,0.009999999999763531,0.021000000000185537,0.0,0.4761904761750086,0.5238095238249914
3,48,24,0.0,0.0,0.021000000000185537,0.021000000000185537,0.0,1.0,0.0
3,48,25,0.0,0.018999999999778083,0.0,0.018999999999778083,0.0,0.0,1.0
3,48,26,0.0,0.0,0.008000000000265572,0.008000000000265572,0.0,1.0,0.0
3,48,27,0.0,0.0,0.010999999999967258,0.010999999999967258,0.0,1.0,0.0
3,48,28,0.0,0.010999999999967258,0.0,0.010999999999967258,0.0,0.0,1.0
3,48,29,0.0,0.009999999999763531,0.0,0.009999999999763531,0.0,0.0,1.0
3,48,31,0.0,0.009000000000014552,0.0,0.009000000000014552,0.0,0.0,1.0
3,48,33,0.0,0.010999999999967258,0.0,0.010999999999967258,0.0,0.0,1.0
3,48,34,0.0,0.010000000000218279,0.0,0.010000000000218279,0.0,0.0,1.0
3,48,37,0.0,0.012999999999919964,0.0,0.012999999999919964,0.0,0.0,1.0
3,48,40,0.0,0.009000000000014552,0.0,0.009000000000014552,0.0,0.0,1.0
3,48,42,0.0,0.22800000000006548,0.0,0.22800000000006548,0.0,0.0,1.0
3,48,43,0.0,0.018999999999778083,0.0,0.018999999999778083,0.0,0.0,1.0
3,48,46,0.0,0.008000000000265572,0.0,0.008000000000265572,0.0,0.0,1.0
3,48,47,0.0,0.19200000000000728,0.0,0.19200000000000728,0.0,0.0,1.0
3,48,49,0.0,0.03900000000021464,0.0,0.03900000000021464,0.0,0.0,1.0
3,48,50,0.0,0.009999999999763531,0.0,0.009999999999763531,0.0,0.0,1.0
3,48,52,0.0,0.07999999999992724,0.0,0.07999999999992724,0.0,0.0,1.0
3,49,1,0.009999999999763531,0.0,0.0,0.009999999999763531,1.0,0.0,0.0
3,49,3,0.07200000000011642,0.0,0.0,0.07200000000011642,1.0,0.0,0.0
3,49,7,0.0,0.0,0.009999999999763531,0.009999999999763531,0.0,1.0,0.0
3,49,9,0.0,0.09000000000014552,0.01999999999998181,0.11000000000012733,0.0,0.18181818181780598,0.818181818182194
3,49,11,0.0,0.0,0.010999999999967258,0.010999999999967258,0.0,1.0,0.0
3,49,13,0.0,0.0,0.01900000000023283,0.01900000000023283,0.0,1.0,0.0
3,49,14,0.0,0.0,0.010999999999967258,0.010999999999967258,0.0,1.0,0.0
3,49,42,0.0,0.32999999999992724,0.0,0.32999999999992724,0.0,0.0,1.0
3,49,47,0.0,0.22999999999956344,0.0,0.22999999999956344,0.0,0.0,1.0
3,49,52,0.0,0.3000000000001819,0.0,0.3000000000001819,0.0,0.0,1.0
3,50,42,0.0,0.3320000000001073,0.0,0.3320000000001073,0.0,0.0,1.0
3,50,47,0.0,0.33100000000013097,0.0,0.33100000000013097,0.0,0.0,1.0
3,50,52,0.0,0.23099999999976717,0.0,0.23099999999976717,0.0,0.0,1.0
3,50,65,0.0,0.01900000000023283,0.0,0.01900000000023283,0.0,0.0,1.0
3,50,66,0.0,0.11900000000014188,0.0,0.11900000000014188,0.0,0.0,1.0
3,51,42,0.0,0.2380000000000564,0.0,0.2380000000000564,0.0,0.0,1.0
3,51,47,0.0,0.17799999999988358,0.0,0.17799999999988358,0.0,0.0,1.0
3,51,52,0.0,0.18800000000010186,0.0,0.18800000000010186,0.0,0.0,1.0
3,51,65,0.0,0.34999999999990905,0.0,0.34999999999990905,0.0,0.0,1.0
3,51,66,0.0,0.11199999999962529,0.0,0.11199999999962529,0.0,0.0,1.0
3,52,42,0.0,0.32999999999992724,0.0,0.32999999999992724,0.0,0.0,1.0
3,52,47,0.0,0.17199999999957072,0.0,0.17199999999957072,0.0,0.0,1.0
3,52,48,0.0,0.11000000000058208,0.0,0.11000000000058208,0.0,0.0,1.0
3,52,52,0.0,0.27700000000004366,0.0,0.27700000000004366,0.0,0.0,1.0
3,52,65,0.0,0.028999999999996362,0.0,0.028999999999996362,0.0,0.0,1.0
3,53,42,0.0,0.22000000000002728,0.0,0.22000000000002728,0.0,0.0,1.0
3,53,48,0.0,0.18000000000029104,0.0,0.18000000000029104,0.0,0.0,1.0
3,53,52,0.0,0.17399999999997817,0.0,0.17399999999997817,0.0,0.0,1.0
3,54,41,0.0,0.38000000000010914,0.0,0.38000000000010914,0.0,0.0,1.0
3,54,42,0.0,0.10999999999989996,0.0,0.10999999999989996,0.0,0.0,1.0
3,54,48,0.0,0.27999999999974534,0.0,0.27999999999974534,0.0,0.0,1.0
3,54,52,0.0,0.27999999999974534,0.0,0.27999999999974534,0.0,0.0,1.0
3,55,0,0.6269999999999527,0.6269999999999527,0.07199999999966167,1.325999999999567,0.4728506787331504,0.054298642533699225,0.4728506787331504
3,55,2,0.0,0.009000000000014552,0.0,0.009000000000014552,0.0,0.0,1.0
3,55,3,0.0,0.01099999999951251,0.0,0.01099999999951251,0.0,0.0,1.0
3,55,7,0.0,0.009000000000014552,0.0,0.009000000000014552,0.0,0.0,1.0
3,55,12,0.0,0.010000000000218279,0.0,0.010000000000218279,0.0,0.0,1.0
3,55,15,0.0,0.01099999999951251,0.0,0.01099999999951251,0.0,0.0,1.0
3,55,18,0.0,0.011000000000422006,0.0,0.011000000000422006,0.0,0.0,1.0
3,55,19,0.0,0.009000000000014552,0.0,0.009000000000014552,0.0,0.0,1.0
3,55,20,0.0,0.009000000000014552,0.0,0.009000000000014552,0.0,0.0,1.0
3,55,22,0.0,0.010000000000218279,0.0,0.010000000000218279,0.0,0.0,1.0
3,55,24,0.0,0.010000000000218279,0.0,0.010000000000218279,0.0,0.0,1.0
3,55,26,0.0,0.019999999999527063,0.0,0.019999999999527063,0.0,0.0,1.0
3,55,29,0.0,0.010000000000218279,0.0,0.010000000000218279,0.0,0.0,1.0
3,55,31,0.0,0.01099999999951251,0.0,0.01099999999951251,0.0,0.0,1.0
3,55,34,0.0,0.010000000000218279,0.0,0.010000000000218279,0.0,0.0,1.0
3,55,36,0.0,0.010000000000218279,0.0,0.010000000000218279,0.0,0.0,1.0
3,55,37,0.0,0.010000000000218279,0.0,0.010000000000218279,0.0,0.0,1.0
3,55,40,0.0,0.041999999999916326,0.0,0.041999999999916326,0.0,0.0,1.0
3,55,41,0.0,0.03899999999998727,0.0,0.03899999999998727,0.0,0.0,1.0
3,55,42,0.0,0.01099999999951251,0.0,0.01099999999951251,0.0,0.0,1.0
3,55,45,0.0,0.012000000000625732,0.0,0.012000000000625732,0.0,0.0,1.0
3,55,46,0.0,0.007999999999810825,0.0,0.007999999999810825,0.0,0.0,1.0
3,55,47,0.0,0.009999999999308784,0.0,0.009999999999308784,0.0,0.0,1.0
3,55,48,0.0,0.05900000000019645,0.0,0.05900000000019645,0.0,0.0,1.0
3,55,50,0.0,0.009000000000014552,0.0,0.009000000000014552,0.0,0.0,1.0
3,55,51,0.0,0.02099999999973079,0.0,0.02099999999973079,0.0,0.0,1.0
3,55,52,0.0,0.261000000000422,0.0,0.261000000000422,0.0,0.0,1.0
3,56,0,0.7510000000002037,0.18299999999999272,0.03099999999994907,0.9650000000001455,0.7782383419690057,0.032124352331548596,0.18963730569944573
3,56,42,0.0,0.010999999999967258,0.0,0.010999999999967258,0.0,0.0,1.0
3,56,43,0.0,0.009999999999763531,0.0,0.009999999999763531,0.0,0.0,1.0
3,56,44,0.0,0.008000000000265572,0.0,0.008000000000265572,0.0,0.0,1.0
3,56,45,0.0,0.007999999999810825,0.0,0.007999999999810825,0.0,0.0,1.0
3,56,46,0.0,0.02500000000009095,0.0,0.02500000000009095,0.0,0.0,1.0
3,56,47,0.0,0.007000000000061846,0.0,0.007000000000061846,0.0,0.0,1.0
3,56,48,0.0,0.02099999999973079,0.0,0.02099999999973079,0.0,0.0,1.0
3,56,49,0.0,0.03000000000020009,0.0,0.03000000000020009,0.0,0.0,1.0
3,56,54,0.0,0.1710000000002765,0.0,0.1710000000002765,0.0,0.0,1.0
3,57,0,0.021000000000185537,0.1910000000002583,0.009000000000014552,0.22100000000045839,0.09502262443503158,0.040723981900433866,0.8642533936645346
3,57,1,0.0,0.07899999999972351,0.0,0.07899999999972351,0.0,0.0,1.0
3,57,2,0.0,0.010999999999967258,0.0,0.010999999999967258,0.0,0.0,1.0
3,57,3,0.0,0.03000000000020009,0.0,0.03000000000020009,0.0,0.0,1.0
3,57,4,0.0,0.009000000000014552,0.0,0.009000000000014552,0.0,0.0,1.0
3,57,5,0.0,0.04999999999972715,0.0,0.04999999999972715,0.0,0.0,1.0
3,57,6,0.0,0.010999999999967258,0.0,0.010999999999967258,0.0,0.0,1.0
3,57,7,0.0,0.03999999999996362,0.0,0.03999999999996362,0.0,0.0,1.0
3,57,8,0.0,0.04800000000022919,0.0,0.04800000000022919,0.0,0.0,1.0
3,57,9,0.0,0.0929999999998472,0.0,0.0929999999998472,0.0,0.0,1.0
3,57,10,0.0,0.04800000000022919,0.0,0.04800000000022919,0.0,0.0,1.0
3,57,12,0.0,0.027999999999792635,0.0,0.027999999999792635,0.0,0.0,1.0
3,57,13,0.0,0.023999999999887223,0.0,0.023999999999887223,0.0,0.0,1.0
3,57,14,0.0,0.01900000000023283,0.0,0.01900000000023283,0.0,0.0,1.0
3,57,16,0.0,0.010000000000218279,0.0,0.010000000000218279,0.0,0.0,1.0
3,57,17,0.0,0.017999999999574356,0.0,0.017999999999574356,0.0,0.0,1.0
3,57,18,0.0,0.010999999999967258,0.0,0.010999999999967258,0.0,0.0,1.0
3,57,20,0.0,0.009000000000014552,0.0,0.009000000000014552,0.0,0.0,1.0
3,57,21,0.0,0.008000000000265572,0.0,0.008000000000265572,0.0,0.0,1.0
3,57,22,0.0,0.02500000000009095,0.0,0.02500000000009095,0.0,0.0,1.0
3,57,24,0.0,0.007999999999810825,0.0,0.007999999999810825,0.0,0.0,1.0
3,57,25,0.0,0.009000000000014552,0.0,0.009000000000014552,0.0,0.0,1.0
3,57,27,0.0,0.008999999999559805,0.0,0.008999999999559805,0.0,0.0,1.0
3,57,28,0.0,0.012000000000170985,0.0,0.012000000000170985,0.0,0.0,1.0
3,57,29,0.0,0.010000000000218279,0.0,0.010000000000218279,0.0,0.0,1.0
3,57,30,0.0,0.010999999999967258,0.0,0.010999999999967258,0.0,0.0,1.0
3,57,31,0.0,0.008000000000265572,0.0,0.008000000000265572,0.0,0.0,1.0
3,57,33,0.0,0.011999999999716238,0.0,0.011999999999716238,0.0,0.0,1.0
3,57,35,0.0,0.009000000000014552,0.0,0.009000000000014552,0.0,0.0,1.0
3,57,37,0.0,0.01900000000023283,0.0,0.01900000000023283,0.0,0.0,1.0
3,57,39,0.0,0.009000000000014552,0.0,0.009000000000014552,0.0,0.0,1.0
3,57,41,0.0,0.021999999999934516,0.0,0.021999999999934516,0.0,0.0,1.0
3,57,53,0.0,0.1710000000002765,0.0,0.1710000000002765,0.0,0.0,1.0
3,57,54,0.0,0.25999999999976353,0.0,0.25999999999976353,0.0,0.0,1.0
3,57,69,0.0,0.032000000000152795,0.0,0.032000000000152795,0.0,0.0,1.0
3,58,53,0.0,0.16899999999986903,0.0,0.16899999999986903,0.0,0.0,1.0
3,58,69,0.0,0.028999999999996362,0.0,0.028999999999996362,0.0,0.0,1.0
3,59,53,0.0,0.2919999999999163,0.0,0.2919999999999163,0.0,0.0,1.0
3,59,69,0.0,0.13899999999966894,0.0,0.13899999999966894,0.0,0.0,1.0
3,59,70,0.0,0.13300000000026557,0.0,0.13300000000026557,0.0,0.0,1.0
3,59,71,0.0,0.10799999999971988,0.0,0.10799999999971988,0.0,0.0,1.0
3,59,72,0.0,0.06099999999969441,0.0,0.06099999999969441,0.0,0.0,1.0
3,59,73,0.0,0.01900000000023283,0.0,0.01900000000023283,0.0,0.0,1.0
3,60,53,0.0,0.2869999999998072,0.0,0.2869999999998072,0.0,0.0,1.0
3,60,71,0.0,0.04000000000041837,0.0,0.04000000000041837,0.0,0.0,1.0
3,60,73,0.0,0.009999999999763531,0.0,0.009999999999763531,0.0,0.0,1.0
3,60,74,0.0,0.03000000000020009,0.0,0.03000000000020009,0.0,0.0,1.0
3,60,75,0.0,0.021999999999934516,0.0,0.021999999999934516,0.0,0.0,1.0
3,60,76,0.0,0.016999999999825377,0.0,0.016999999999825377,0.0,0.0,1.0
3,60,77,0.0,0.052000000000134605,0.0,0.052000000000134605,0.0,0.0,1.0
3,60,78,0.0,0.1790000000000873,0.0,0.1790000000000873,0.0,0.0,1.0
3,61,53,0.0,0.22100000000000364,0.0,0.22100000000000364,0.0,0.0,1.0
3,62,53,0.0,0.27899999999999636,0.0,0.27899999999999636,0.0,0.0,1.0
3,63,53,0.0,0.18100000000004002,0.0,0.18100000000004002,0.0,0.0,1.0
3,64,53,0.0,0.2899999999999636,0.0,0.2899999999999636,0.0,0.0,1.0
3,64,66,0.0,0.01999999999998181,0.0,0.01999999999998181,0.0,0.0,1.0
3,65,0,0.15100000000029468,0.0,0.0,0.15100000000029468,1.0,0.0,0.0
3,65,53,0.0,0.2699999999999818,0.0,0.2699999999999818,0.0,0.0,1.0
3,65,66,0.0,0.3009999999999309,0.0,0.3009999999999309,0.0,0.0,1.0
3,66,0,0.8210000000003674,0.06699999999955253,0.0,0.88799999999992,0.9245495495500466,0.0,0.07545045044995334
3,66,51,0.0,0.010000000000218279,0.0,0.010000000000218279,0.0,0.0,1.0
3,66,52,0.0,0.14199999999982538,0.0,0.14199999999982538,0.0,0.0,1.0
3,66,53,0.0,0.07900000000017826,0.0,0.07900000000017826,0.0,0.0,1.0
3,66,60,0.0,0.07200000000011642,0.0,0.07200000000011642,0.0,0.0,1.0
3,66,66,0.0,0.17799999999988358,0.0,0.17799999999988358,0.0,0.0,1.0
3,67,0,0.5679999999997563,0.07400000000006912,0.0,0.6419999999998254,0.8847352024920728,0.0,0.11526479750792717
3,67,2,0.2909999999997126,0.0,0.2889999999997599,0.5799999999994725,0.5017241379309952,0.4982758620690047,0.0
3,67,49,0.0,0.0409999999997126,0.0,0.0409999999997126,0.0,0.0,1.0
3,67,50,0.0,0.11000000000012733,0.0,0.11000000000012733,0.0,0.0,1.0
3,67,51,0.0,0.2159999999998945,0.0,0.2159999999998945,0.0,0.0,1.0
3,67,52,0.0,0.02699999999958891,0.0,0.02699999999958891,0.0,0.0,1.0
3,67,53,0.0,0.015000000000327418,0.0,0.015000000000327418,0.0,0.0,1.0
3,67,54,0.0,0.007999999999810825,0.0,0.007999999999810825,0.0,0.0,1.0
3,67,55,0.0,0.010999999999967258,0.0,0.010999999999967258,0.0,0.0,1.0
3,67,56,0.0,0.012000000000170985,0.0,0.012000000000170985,0.0,0.0,1.0
3,67,57,0.0,0.011999999999716238,0.0,0.011999999999716238,0.0,0.0,1.0
3,67,58,0.0,0.015000000000327418,0.0,0.015000000000327418,0.0,0.0,1.0
3,67,59,0.0,0.06100000000014916,0.0,0.06100000000014916,0.0,0.0,1.0
3,67,60,0.0,0.13899999999966894,0.0,0.13899999999966894,0.0,0.0,1.0
3,67,65,0.0,0.11000000000012733,0.0,0.11000000000012733,0.0,0.0,1.0
3,67,66,0.0,0.22199999999975262,0.0,0.22199999999975262,0.0,0.0,1.0
3,68,0,0.0,0.32600000000002183,0.0,0.32600000000002183,0.0,0.0,1.0
3,68,1,0.0,0.034999999999399733,0.0,0.034999999999399733,0.0,0.0,1.0
3,68,2,0.28900000000021464,0.007999999999810825,0.0,0.29700000000002547,0.9730639730646123,0.0,0.026936026935387675
3,68,3,0.021999999999934516,0.010999999999967258,0.0,0.032999999999901775,0.6666666666666666,0.0,0.3333333333333333
3,68,4,0.018000000000029104,0.009999999999763531,0.0,0.027999999999792635,0.6428571428629432,0.0,0.3571428571370568
3,68,5,0.010999999999967258,0.021000000000185537,0.0,0.032000000000152795,0.34374999999733546,0.0,0.6562500000026645
3,68,6,0.009000000000014552,0.010000000000218279,0.0,0.01900000000023283,0.473684210521277,0.0,0.5263157894787229
3,68,7,0.009000000000014552,0.0,0.0,0.009000000000014552,1.0,0.0,0.0
3,68,8,0.021000000000185537,0.01900000000023283,0.010999999999967258,0.051000000000385626,0.41176470588287745,0.21568627450753106,0.37254901960959147
3,68,9,0.010000000000218279,0.009000000000014552,0.06899999999995998,0.08800000000019281,0.1136363636385951,0.7840909090887364,0.10227272727266855
3,68,10,0.0,0.0,0.01999999999998181,0.01999999999998181,0.0,1.0,0.0
3,68,11,0.0,0.009000000000014552,0.009999999999763531,0.018999999999778083,0.0,0.5263157894673858,0.4736842105326142
3,68,12,0.0,0.0,0.010000000000218279,0.010000000000218279,0.0,1.0,0.0
3,68,13,0.0,0.009999999999763531,0.011999999999716238,0.02199999999947977,0.0,0.5454545454545454,0.45454545454545453
3,68,15,0.0,0.0,0.010999999999967258,0.010999999999967258,0.0,1.0,0.0
3,68,16,0.0,0.0,0.008000000000265572,0.008000000000265572,0.0,1.0,0.0
3,68,17,0.0,0.012000000000170985,0.007999999999810825,0.01999999999998181,0.0,0.3999999999909051,0.6000000000090949
3,68,19,0.0,0.0,0.010999999999967258,0.010999999999967258,0.0,1.0,0.0
3,68,21,0.0,0.009999999999763531,0.0,0.009999999999763531,0.0,0.0,1.0
3,68,22,0.0,0.0,0.010000000000218279,0.010000000000218279,0.0,1.0,0.0
3,68,24,0.0,0.009000000000014552,0.0,0.009000000000014552,0.0,0.0,1.0
3,68,25,0.0,0.010000000000218279,0.02099999999973079,0.03099999999994907,0.0,0.6774193548311385,0.32258064516886154
3,68,27,0.0,0.007999999999810825,0.0,0.007999999999810825,0.0,0.0,1.0
3,68,29,0.0,0.013000000000374712,0.010000000000218279,0.02300000000059299,0.0,0.4347826086939329,0.5652173913060671
3,68,31,0.0,0.010999999999967258,0.0,0.010999999999967258,0.0,0.0,1.0
3,68,32,0.0,0.018000000000029104,0.009000000000014552,0.027000000000043656,0.0,0.3333333333333333,0.6666666666666666
3,68,34,0.0,0.009000000000014552,0.0,0.009000000000014552,0.0,0.0,1.0
3,68,35,0.0,0.010999999999967258,0.0,0.010999999999967258,0.0,0.0,1.0
3,68,36,0.0,0.03099999999994907,0.012000000000170985,0.04300000000012005,0.0,0.27906976744505774,0.7209302325549423
3,68,37,0.0,0.005999999999858119,0.0,0.005999999999858119,0.0,0.0,1.0
3,68,38,0.0,0.014000000000123691,0.0,0.014000000000123691,0.0,0.0,1.0
3,68,39,0.0,0.018999999999778083,0.012000000000170985,0.03099999999994907,0.0,0.3870967741997,0.6129032258003
3,68,40,0.0,0.009000000000014552,0.006999999999607098,0.01599999999962165,0.0,0.43749999998578915,0.5625000000142109
3,68,41,0.0,0.021000000000185537,0.009000000000014552,0.03000000000020009,0.0,0.2999999999984842,0.7000000000015159
3,68,42,0.0,0.009999999999763531,0.0,0.009999999999763531,0.0,0.0,1.0
3,68,43,0.0,0.012000000000170985,0.009999999999763531,0.021999999999934516,0.0,0.45454545453605893,0.545454545463941
3,68,44,0.0,0.016000000000076398,0.0,0.016000000000076398,0.0,0.0,1.0
3,68,45,0.0,0.012999999999919964,0.020000000000436557,0.03300000000035652,0.0,0.6060606060672874,0.3939393939327126
3,68,46,0.0,0.012000000000170985,0.010999999999967258,0.023000000000138243,0.0,0.47826086956091923,0.5217391304390808
3,68,47,0.0,0.02699999999958891,0.03099999999994907,0.05799999999953798,0.0,0.5344827586240691,0.4655172413759308
3,68,48,0.0,0.03800000000046566,0.0,0.03800000000046566,0.0,0.0,1.0
3,68,49,0.0,0.010999999999967258,0.0,0.010999999999967258,0.0,0.0,1.0
3,68,56,0.0,0.011999999999716238,0.0,0.011999999999716238,0.0,0.0,1.0
3,68,57,0.0,0.01800000000048385,0.0,0.01800000000048385,0.0,0.0,1.0
3,68,58,0.0,0.009000000000014552,0.0,0.009000000000014552,0.0,0.0,1.0
3,68,59,0.0,0.009999999999763531,0.0,0.009999999999763531,0.0,0.0,1.0
3,68,60,0.0,0.010000000000218279,0.0,0.010000000000218279,0.0,0.0,1.0
3,68,61,0.0,0.021999999999934516,0.0,0.021999999999934516,0.0,0.0,1.0
3,68,63,0.0,0.007999999999810825,0.0,0.007999999999810825,0.0,0.0,1.0
3,68,64,0.0,0.03099999999994907,0.0,0.03099999999994907,0.0,0.0,1.0
3,68,65,0.0,0.2290000000002692,0.0,0.2290000000002692,0.0,0.0,1.0
3,69,0,0.0,0.23100000000022192,0.0,0.23100000000022192,0.0,0.0,1.0
3,69,9,0.0,0.018000000000029104,0.0,0.018000000000029104,0.0,0.0,1.0
3,69,10,0.0,0.021999999999934516,0.0,0.021999999999934516,0.0,0.0,1.0
3,69,11,0.0,0.2510000000002037,0.0,0.2510000000002037,0.0,0.0,1.0
3,69,14,0.0,0.009000000000014552,0.0,0.009000000000014552,0.0,0.0,1.0
3,69,18,0.0,0.010999999999967258,0.0,0.010999999999967258,0.0,0.0,1.0
3,69,24,0.0,0.010999999999967258,0.0,0.010999999999967258,0.0,0.0,1.0
3,69,29,0.0,0.009000000000014552,0.0,0.009000000000014552,0.0,0.0,1.0
3,69,30,0.0,0.009999999999763531,0.0,0.009999999999763531,0.0,0.0,1.0
3,69,36,0.0,0.010999999999967258,0.0,0.010999999999967258,0.0,0.0,1.0
3,69,40,0.0,0.009000000000014552,0.0,0.009000000000014552,0.0,0.0,1.0
3,69,44,0.0,0.011000000000422006,0.0,0.011000000000422006,0.0,0.0,1.0
3,69,48,0.0,0.009999999999763531,0.0,0.009999999999763531,0.0,0.0,1.0
3,69,50,0.0,0.007999999999810825,0.0,0.007999999999810825,0.0,0.0,1.0
3,69,51,0.0,0.010000000000218279,0.0,0.010000000000218279,0.0,0.0,1.0
3,69,52,0.0,0.010000000000218279,0.0,0.010000000000218279,0.0,0.0,1.0
3,69,54,0.0,0.041999999999916326,0.0,0.041999999999916326,0.0,0.0,1.0
3,69,55,0.0,0.018999999999778083,0.0,0.018999999999778083,0.0,0.0,1.0
3,69,65,0.0,0.021000000000185537,0.0,0.021000000000185537,0.0,0.0,1.0
3,70,0,0.0,0.008000000000265572,0.0,0.008000000000265572,0.0,0.0,1.0
3,70,4,0.0,0.010999999999967258,0.0,0.010999999999967258,0.0,0.0,1.0
3,70,9,0.0,0.010999999999967258,0.0,0.010999999999967258,0.0,0.0,1.0
3,70,11,0.0,0.01999999999998181,0.0,0.01999999999998181,0.0,0.0,1.0
3,70,12,0.0,0.009000000000014552,0.0,0.009000000000014552,0.0,0.0,1.0
3,70,65,0.0,0.14800000000013824,0.0,0.14800000000013824,0.0,0.0,1.0
3,71,65,0.0,0.25999999999976353,0.0,0.25999999999976353,0.0,0.0,1.0
3,72,65,0.0,0.2919999999999163,0.0,0.2919999999999163,0.0,0.0,1.0
3,73,65,0.0,0.32700000000022555,0.0,0.32700000000022555,0.0,0.0,1.0
3,74,0,0.0,0.09999999999990905,0.0,0.09999999999990905,0.0,0.0,1.0
3,74,63,0.0,0.009000000000014552,0.0,0.009000000000014552,0.0,0.0,1.0
3,74,64,0.0,0.021999999999934516,0.0,0.021999999999934516,0.0,0.0,1.0
3,74,65,0.0,0.09999999999990905,0.0,0.09999999999990905,0.0,0.0,1.0
3,75,0,0.0,0.46800000000030195,0.0,0.46800000000030195,0.0,0.0,1.0
3,75,1,0.0,0.009000000000014552,0.0,0.009000000000014552,0.0,0.0,1.0
3,75,6,0.0,0.010999999999967258,0.0,0.010999999999967258,0.0,0.0,1.0
3,75,7,0.0,0.010999999999967258,0.0,0.010999999999967258,0.0,0.0,1.0
3,75,13,0.0,0.009000000000014552,0.0,0.009000000000014552,0.0,0.0,1.0
3,75,19,0.0,0.010999999999967258,0.0,0.010999999999967258,0.0,0.0,1.0
3,75,25,0.0,0.010999999999967258,0.0,0.010999999999967258,0.0,0.0,1.0
3,75,29,0.0,0.009000000000014552,0.0,0.009000000000014552,0.0,0.0,1.0
3,75,30,0.0,0.009999999999763531,0.0,0.009999999999763531,0.0,0.0,1.0
3,75,35,0.0,0.010000000000218279,0.0,0.010000000000218279,0.0,0.0,1.0
3,75,40,0.0,0.009000000000014552,0.0,0.009000000000014552,0.0,0.0,1.0
3,75,43,0.0,0.009999999999763531,0.0,0.009999999999763531,0.0,0.0,1.0
3,75,46,0.0,0.010999999999967258,0.0,0.010999999999967258,0.0,0.0,1.0
3,75,47,0.0,0.010000000000218279,0.0,0.010000000000218279,0.0,0.0,1.0
3,75,49,0.0,0.007999999999810825,0.0,0.007999999999810825,0.0,0.0,1.0
3,75,51,0.0,0.012000000000170985,0.0,0.012000000000170985,0.0,0.0,1.0
3,75,52,0.0,0.009000000000014552,0.0,0.009000000000014552,0.0,0.0,1.0
3,75,53,0.0,0.010000000000218279,0.0,0.010000000000218279,0.0,0.0,1.0
3,75,54,0.0,0.03099999999994907,0.0,0.03099999999994907,0.0,0.0,1.0
3,75,55,0.0,0.009999999999763531,0.0,0.009999999999763531,0.0,0.0,1.0
3,75,56,0.0,0.01999999999998181,0.0,0.01999999999998181,0.0,0.0,1.0
3,75,57,0.0,0.009000000000014552,0.0,0.009000000000014552,0.0,0.0,1.0
3,75,58,0.0,0.010999999999967258,0.0,0.010999999999967258,0.0,0.0,1.0
3,75,59,0.0,0.010999999999967258,0.0,0.010999999999967258,0.0,0.0,1.0
3,75,60,0.0,0.01900000000023283,0.0,0.01900000000023283,0.0,0.0,1.0
3,75,61,0.0,0.009999999999763531,0.0,0.009999999999763531,0.0,0.0,1.0
3,75,62,0.0,0.010000000000218279,0.0,0.010000000000218279,0.0,0.0,1.0
3,76,0,0.0,0.03099999999994907,0.0,0.03099999999994907,0.0,0.0,1.0
4,20,0,0.0,0.28400000000067394,0.0,0.28400000000067394,0.0,0.0,1.0
4,21,0,0.0,4.210000000000775,0.0,4.210000000000775,0.0,0.0,1.0
4,22,0,0.0,15.54199999999895,0.0,15.54199999999895,0.0,0.0,1.0
4,22,5,0.0,0.3920000000002801,0.0,0.3920000000002801,0.0,0.0,1.0
4,22,6,0.0,0.06799999999975626,0.0,0.06799999999975626,0.0,0.0,1.0
4,22,7,0.0,0.062000000000352884,0.0,0.062000000000352884,0.0,0.0,1.0
4,22,8,0.0,0.038000000000010914,0.0,0.038000000000010914,0.0,0.0,1.0
4,22,9,0.0,0.09999999999990905,0.0,0.09999999999990905,0.0,0.0,1.0
4,22,10,0.0,0.23099999999976717,0.0,0.23099999999976717,0.0,0.0,1.0
4,22,11,0.0,0.03099999999994907,0.0,0.03099999999994907,0.0,0.0,1.0
4,23,0,0.0,10.048000000001025,0.0,10.048000000001025,0.0,0.0,1.0
4,23,3,0.0,0.24299999999993815,0.0,0.24299999999993815,0.0,0.0,1.0
4,23,4,0.0,0.0500000000001819,0.0,0.0500000000001819,0.0,0.0,1.0
4,23,5,0.0,1.457999999999629,0.0,1.457999999999629,0.0,0.0,1.0
4,23,7,0.0,0.006999999999607098,0.0,0.006999999999607098,0.0,0.0,1.0
4,23,9,0.0,0.011000000000422006,0.0,0.011000000000422006,0.0,0.0,1.0
4,23,10,0.0,0.020000000000436557,0.0,0.020000000000436557,0.0,0.0,1.0
4,23,11,0.0,0.010000000000218279,0.0,0.010000000000218279,0.0,0.0,1.0
4,23,12,0.0,0.02699999999913416,0.0,0.02699999999913416,0.0,0.0,1.0
4,23,13,0.0,0.12400000000070577,0.0,0.12400000000070577,0.0,0.0,1.0
4,23,14,0.0,0.028000000000247383,0.0,0.028000000000247383,0.0,0.0,1.0
4,23,15,0.0,0.09099999999943975,0.0,0.09099999999943975,0.0,0.0,1.0
4,23,20,0.0,0.01900000000023283,0.0,0.01900000000023283,0.0,0.0,1.0
4,23,21,0.0,0.04100000000016735,0.0,0.04100000000016735,0.0,0.0,1.0
4,24,0,0.0,20.845999999999833,0.0,20.845999999999833,0.0,0.0,1.0
4,24,1,0.0,0.6429999999998586,0.0,0.6429999999998586,0.0,0.0,1.0
4,24,2,0.0,0.10100000000011278,0.0,0.10100000000011278,0.0,0.0,1.0
4,24,3,0.0,0.15399999999908687,0.0,0.15399999999908687,0.0,0.0,1.0
4,24,4,0.0,0.06500000000045247,0.0,0.06500000000045247,0.0,0.0,1.0
4,24,5,0.0,4.262000000000171,0.0,4.262000000000171,0.0,0.0,1.0
4,24,6,0.0,0.23799999999960164,0.0,0.23799999999960164,0.0,0.0,1.0
4,24,7,0.0,0.49499999999972033,0.0,0.49499999999972033,0.0,0.0,1.0
4,24,8,0.0,0.6249999999998295,0.0,0.6249999999998295,0.0,0.0,1.0
4,24,9,0.0,1.6090000000007763,0.0,1.6090000000007763,0.0,0.0,1.0
4,24,10,0.0,0.3070000000004711,0.0,0.3070000000004711,0.0,0.0,1.0
4,24,11,0.0,0.20099999999848706,0.0,0.20099999999848706,0.0,0.0,1.0
4,24,12,0.0,0.2110000000011496,0.0,0.2110000000011496,0.0,0.0,1.0
4,24,13,0.0,0.6719999999993433,0.0,0.6719999999993433,0.0,0.0,1.0
4,24,14,0.0,0.22699999999963438,0.0,0.22699999999963438,0.0,0.0,1.0
4,24,15,0.0,0.2920000000003711,0.0,0.2920000000003711,0.0,0.0,1.0
4,24,16,0.0,1.0730000000000928,0.0,1.0730000000000928,0.0,0.0,1.0
4,24,17,0.0,0.1459999999997308,0.0,0.1459999999997308,0.0,0.0,1.0
4,24,18,0.0,0.011000000000422006,0.0,0.011000000000422006,0.0,0.0,1.0
4,24,19,0.0,0.007999999999810825,0.0,0.007999999999810825,0.0,0.0,1.0
4,24,20,0.0,0.01099999999951251,0.0,0.01099999999951251,0.0,0.0,1.0
4,24,21,0.0,0.009000000000014552,0.0,0.009000000000014552,0.0,0.0,1.0
4,24,22,0.0,0.02999999999974534,0.0,0.02999999999974534,0.0,0.0,1.0
4,25,0,0.0,13.000000000001535,0.0,13.000000000001535,0.0,0.0,1.0
4,25,1,0.0,0.9880000000000564,0.0,0.9880000000000564,0.0,0.0,1.0
4,25,2,0.0,0.1089999999999236,0.0,0.1089999999999236,0.0,0.0,1.0
4,25,3,0.0,0.08000000000015461,0.0,0.08000000000015461,0.0,0.0,1.0
4,25,5,0.0,1.4429999999997563,0.0,1.4429999999997563,0.0,0.0,1.0
4,25,6,0.0,0.2069999999994252,0.0,0.2069999999994252,0.0,0.0,1.0
4,25,7,0.0,0.031000000000403816,0.0,0.031000000000403816,0.0,0.0,1.0
4,25,8,0.0,1.090999999999724,0.0,1.090999999999724,0.0,0.0,1.0
4,25,9,0.0,0.11899999999991451,0.0,0.11899999999991451,0.0,0.0,1.0
4,25,10,0.0,0.022000000000048203,0.0,0.022000000000048203,0.0,0.0,1.0
4,25,11,0.0,0.7910000000001673,0.0,0.7910000000001673,0.0,0.0,1.0
4,25,12,0.0,1.6050000000003593,0.0,1.6050000000003593,0.0,0.0,1.0
4,25,13,0.0,0.08399999999994634,0.0,0.08399999999994634,0.0,0.0,1.0
4,25,14,0.0,0.06200000000001182,0.0,0.06200000000001182,0.0,0.0,1.0
4,25,15,0.0,0.027999999999906322,0.0,0.027999999999906322,0.0,0.0,1.0
4,25,16,0.0,0.06800000000009732,0.0,0.06800000000009732,0.0,0.0,1.0
4,25,17,0.0,0.06899999999995998,0.0,0.06899999999995998,0.0,0.0,1.0
4,25,18,0.0,0.2419999999999618,0.0,0.2419999999999618,0.0,0.0,1.0
4,25,19,0.0,0.05999999999994543,0.0,0.05999999999994543,0.0,0.0,1.0
4,25,20,0.0,0.023000000000365617,0.0,0.023000000000365617,0.0,0.0,1.0
4,25,21,0.0,0.04100000000016735,0.0,0.04100000000016735,0.0,0.0,1.0
4,25,22,0.0,0.03999999999996362,0.0,0.03999999999996362,0.0,0.0,1.0
4,25,31,0.0,0.018000000000029104,0.0,0.018000000000029104,0.0,0.0,1.0
4,25,32,0.0,0.021999999999934516,0.0,0.021999999999934516,0.0,0.0,1.0
4,25,33,0.0,0.01999999999998181,0.0,0.01999999999998181,0.0,0.0,1.0
4,25,34,0.0,0.06899999999995998,0.0,0.06899999999995998,0.0,0.0,1.0
4,25,35,0.0,0.010000000000218279,0.0,0.010000000000218279,0.0,0.0,1.0
4,25,36,0.0,0.009000000000014552,0.0,0.009000000000014552,0.0,0.0,1.0
4,25,37,0.0,0.011999999999716238,0.0,0.011999999999716238,0.0,0.0,1.0
4,25,38,0.0,0.017000000000280124,0.0,0.017000000000280124,0.0,0.0,1.0
4,25,39,0.0,0.08899999999994179,0.0,0.08899999999994179,0.0,0.0,1.0
4,25,40,0.0,0.09900000000016007,0.0,0.09900000000016007,0.0,0.0,1.0
4,25,41,0.0,0.3320000000003347,0.0,0.3320000000003347,0.0,0.0,1.0
4,26,0,0.1000000000003638,22.646000000000072,0.04899999999997817,22.795000000000414,0.0043869269576820346,0.0021495942092554193,0.9934634788330625
4,26,1,0.0,0.0489999999997508,0.0,0.0489999999997508,0.0,0.0,1.0
4,26,2,0.0,0.04199999999946158,0.0,0.04199999999946158,0.0,0.0,1.0
4,26,3,0.0,1.3640000000000327,0.0,1.3640000000000327,0.0,0.0,1.0
4,26,4,0.0,0.08800000000019281,0.0,0.08800000000019281,0.0,0.0,1.0
4,26,5,0.009000000000014552,1.3810000000003129,0.0,1.3900000000003274,0.006474820143893836,0.0,0.9935251798561061
4,26,6,0.0,2.106000000000222,0.0,2.106000000000222,0.0,0.0,1.0
4,26,7,0.0,0.694999999999709,0.0,0.694999999999709,0.0,0.0,1.0
4,26,8,0.0,3.3220000000001733,0.0,3.3220000000001733,0.0,0.0,1.0
4,26,9,0.0,1.571000000001277,0.0,1.571000000001277,0.0,0.0,1.0
4,26,10,0.0,1.1920000000003483,0.0,1.1920000000003483,0.0,0.0,1.0
4,26,11,0.0,6.937999999999988,0.0,6.937999999999988,0.0,0.0,1.0
4,26,12,0.0,5.1590000000001055,0.0,5.1590000000001055,0.0,0.0,1.0
4,26,13,0.0,0.515999999999849,0.0,0.515999999999849,0.0,0.0,1.0
4,26,14,0.0,0.680000000000291,0.0,0.680000000000291,0.0,0.0,1.0
4,26,15,0.0,2.5009999999999764,0.0,2.5009999999999764,0.0,0.0,1.0
4,26,16,0.0,0.500999999999749,0.0,0.500999999999749,0.0,0.0,1.0
4,26,17,0.0,1.1320000000000618,0.0,1.1320000000000618,0.0,0.0,1.0
4,26,18,0.0,0.032999999999901775,0.0,0.032999999999901775,0.0,0.0,1.0
4,26,19,0.0,0.012999999999919964,0.0,0.012999999999919964,0.0,0.0,1.0
4,26,20,0.0,0.08600000000001273,0.0,0.08600000000001273,0.0,0.0,1.0
4,26,21,0.0,0.19800000000009277,0.0,0.19800000000009277,0.0,0.0,1.0
4,26,22,0.0,0.3679999999994834,0.0,0.3679999999994834,0.0,0.0,1.0
4,26,23,0.0,0.7649999999998727,0.0,0.7649999999998727,0.0,0.0,1.0
4,26,24,0.0,0.038000000000010914,0.0,0.038000000000010914,0.0,0.0,1.0
4,26,25,0.0,0.031000000000403816,0.0,0.031000000000403816,0.0,0.0,1.0
4,26,26,0.0,0.03999999999996362,0.0,0.03999999999996362,0.0,0.0,1.0
4,26,27,0.0,0.0409999999997126,0.0,0.0409999999997126,0.0,0.0,1.0
4,26,28,0.0,0.028999999999996362,0.0,0.028999999999996362,0.0,0.0,1.0
4,26,29,0.0,0.09100000000034925,0.0,0.09100000000034925,0.0,0.0,1.0
4,26,30,0.0,0.10099999999965803,0.0,0.10099999999965803,0.0,0.0,1.0
4,26,31,0.0,0.008000000000265572,0.0,0.008000000000265572,0.0,0.0,1.0
4,26,32,0.0,0.03099999999994907,0.0,0.03099999999994907,0.0,0.0,1.0
4,26,33,0.0,0.018000000000029104,0.0,0.018000000000029104,0.0,0.0,1.0
4,26,34,0.0,0.12799999999970169,0.0,0.12799999999970169,0.0,0.0,1.0
4,26,35,0.0,0.38200000000006185,0.0,0.38200000000006185,0.0,0.0,1.0
4,26,39,0.0,0.022999999999683496,0.0,0.022999999999683496,0.0,0.0,1.0
4,26,41,0.0,0.5289999999995416,0.0,0.5289999999995416,0.0,0.0,1.0
4,27,0,0.0,27.327000000000737,0.0,27.327000000000737,0.0,0.0,1.0
4,27,1,0.0,0.09300000000030195,0.0,0.09300000000030195,0.0,0.0,1.0
4,27,2,0.0,0.04599999999936699,0.0,0.04599999999936699,0.0,0.0,1.0
4,27,3,0.0,0.7130000000000223,0.0,0.7130000000000223,0.0,0.0,1.0
4,27,4,0.0,0.3400000000001455,0.0,0.3400000000001455,0.0,0.0,1.0
4,27,5,0.0,3.933999999999969,0.0,3.933999999999969,0.0,0.0,1.0
4,27,6,0.0,2.6970000000001164,0.0,2.6970000000001164,0.0,0.0,1.0
4,27,7,0.0,0.4900000000000091,0.0,0.4900000000000091,0.0,0.0,1.0
4,27,8,0.0,3.0629999999994766,0.0,3.0629999999994766,0.0,0.0,1.0
4,27,9,0.0,2.5689999999990505,0.0,2.5689999999990505,0.0,0.0,1.0
4,27,10,0.0,2.162999999999556,0.0,2.162999999999556,0.0,0.0,1.0
4,27,11,0.0,2.060999999999467,0.0,2.060999999999467,0.0,0.0,1.0
4,27,12,0.0,2.9619999999997617,0.0,2.9619999999997617,0.0,0.0,1.0
4,27,13,0.0,6.57399999999916,0.0,6.57399999999916,0.0,0.0,1.0
4,27,14,0.0,16.788000000000693,0.0,16.788000000000693,0.0,0.0,1.0
4,27,15,0.0,2.439999999999884,0.0,2.439999999999884,0.0,0.0,1.0
4,27,16,0.0,2.855000000001155,0.0,2.855000000001155,0.0,0.0,1.0
4,27,17,0.0,2.3459999999993784,0.0,2.3459999999993784,0.0,0.0,1.0
4,27,18,0.0,1.5919999999998709,0.0,1.5919999999998709,0.0,0.0,1.0
4,28,0,0.0,12.67300000000023,0.0,12.67300000000023,0.0,0.0,1.0
4,28,1,0.0,0.37199999999955935,0.0,0.37199999999955935,0.0,0.0,1.0
4,28,2,0.0,0.0710000000001969,0.0,0.0710000000001969,0.0,0.0,1.0
4,28,3,0.0,0.20999999999997954,0.0,0.20999999999997954,0.0,0.0,1.0
4,28,4,0.0,0.06800000000038153,0.0,0.06800000000038153,0.0,0.0,1.0
4,28,5,0.0,2.2679999999999154,0.0,2.2679999999999154,0.0,0.0,1.0
4,28,6,0.0,2.5389999999999304,0.0,2.5389999999999304,0.0,0.0,1.0
4,28,7,0.0,0.6379999999996926,0.0,0.6379999999996926,0.0,0.0,1.0
4,28,8,0.0,2.041000000000338,0.0,2.041000000000338,0.0,0.0,1.0
4,28,9,0.0,0.27999999999951797,0.0,0.27999999999951797,0.0,0.0,1.0
4,28,10,0.0,0.9170000000003711,0.0,0.9170000000003711,0.0,0.0,1.0
4,28,11,0.0,1.8839999999988777,0.0,1.8839999999988777,0.0,0.0,1.0
4,28,12,0.0,0.2800000000002001,0.0,0.2800000000002001,0.0,0.0,1.0
4,28,13,0.0,0.057999999999992724,0.0,0.057999999999992724,0.0,0.0,1.0
4,28,14,0.0,1.1210000000005493,0.0,1.1210000000005493,0.0,0.0,1.0
4,28,15,0.0,0.5720000000005712,0.0,0.5720000000005712,0.0,0.0,1.0
4,28,16,0.0,1.390999999999167,0.0,1.390999999999167,0.0,0.0,1.0
4,28,17,0.0,1.4309999999989031,0.0,1.4309999999989031,0.0,0.0,1.0
4,28,18,0.0,1.951000000000306,0.0,1.951000000000306,0.0,0.0,1.0
4,28,19,0.0,1.478000000000577,0.0,1.478000000000577,0.0,0.0,1.0
4,28,20,0.0,0.0929999999998472,0.0,0.0929999999998472,0.0,0.0,1.0
4,29,0,0.0,25.613999999998157,0.0,25.613999999998157,0.0,0.0,1.0
4,29,1,0.0,1.077000000000453,0.0,1.077000000000453,0.0,0.0,1.0
4,29,2,0.0,0.12099999999963984,0.0,0.12099999999963984,0.0,0.0,1.0
4,29,3,0.0,0.20399999999926877,0.0,0.20399999999926877,0.0,0.0,1.0
4,29,4,0.0,0.03899999999975989,0.0,0.03899999999975989,0.0,0.0,1.0
4,29,5,0.0,0.2810000000004038,0.0,0.2810000000004038,0.0,0.0,1.0
4,29,6,0.0,2.901000000001204,0.0,2.901000000001204,0.0,0.0,1.0
4,29,7,0.0,1.0720000000019354,0.0,1.0720000000019354,0.0,0.0,1.0
4,29,8,0.0,2.7889999999992483,0.0,2.7889999999992483,0.0,0.0,1.0
4,29,9,0.0,2.964000000000226,0.0,2.964000000000226,0.0,0.0,1.0
4,29,10,0.0,2.8859999999997967,0.0,2.8859999999997967,0.0,0.0,1.0
4,29,11,0.0,6.931999999999903,0.0,6.931999999999903,0.0,0.0,1.0
4,29,12,0.0,2.4179999999998927,0.0,2.4179999999998927,0.0,0.0,1.0
4,29,13,0.0,0.5150000000001,0.0,0.5150000000001,0.0,0.0,1.0
4,29,14,0.0,3.755000000000109,0.0,3.755000000000109,0.0,0.0,1.0
4,29,15,0.0,1.3859999999999673,0.0,1.3859999999999673,0.0,0.0,1.0
4,29,16,0.0,3.22400000000016,0.0,3.22400000000016,0.0,0.0,1.0
4,29,17,0.0,13.652000000000271,0.0,13.652000000000271,0.0,0.0,1.0
4,29,18,0.0,3.2989999999995234,0.0,3.2989999999995234,0.0,0.0,1.0
4,29,19,0.0,2.3490000000007285,0.0,2.3490000000007285,0.0,0.0,1.0
4,29,20,0.0,1.5509999999999309,0.0,1.5509999999999309,0.0,0.0,1.0
4,29,21,0.0,0.04999999999972715,0.0,0.04999999999972715,0.0,0.0,1.0
4,29,25,0.0,0.24900000000025102,0.0,0.24900000000025102,0.0,0.0,1.0
4,29,26,0.0,0.03099999999994907,0.0,0.03099999999994907,0.0,0.0,1.0
4,29,27,0.0,0.2300000000000182,0.0,0.2300000000000182,0.0,0.0,1.0
4,30,0,0.0,11.739000000000829,0.0,11.739000000000829,0.0,0.0,1.0
4,30,1,0.0,0.007999999999810825,0.0,0.007999999999810825,0.0,0.0,1.0
4,30,2,0.0,0.021000000000640284,0.0,0.021000000000640284,0.0,0.0,1.0
4,30,3,0.0,0.32000000000061846,0.0,0.32000000000061846,0.0,0.0,1.0
4,30,4,0.0,1.199999999999818,0.0,1.199999999999818,0.0,0.0,1.0
4,30,5,0.0,0.13699999999971624,0.0,0.13699999999971624,0.0,0.0,1.0
4,30,6,0.0,1.604999999998654,0.0,1.604999999998654,0.0,0.0,1.0
4,30,7,0.0,1.569000000000642,0.0,1.569000000000642,0.0,0.0,1.0
4,30,8,0.0,1.1210000000000377,0.0,1.1210000000000377,0.0,0.0,1.0
4,30,9,0.0,1.2769999999996458,0.0,1.2769999999996458,0.0,0.0,1.0
4,30,10,0.0,0.6679999999996653,0.0,0.6679999999996653,0.0,0.0,1.0
4,30,11,0.0,0.16200000000071668,0.0,0.16200000000071668,0.0,0.0,1.0
4,30,12,0.0,1.075999999999567,0.0,1.075999999999567,0.0,0.0,1.0
4,30,13,0.0,3.811000000001286,0.0,3.811000000001286,0.0,0.0,1.0
4,30,14,0.0,1.5479999999996608,0.0,1.5479999999996608,0.0,0.0,1.0
4,30,15,0.0,0.758000000000493,0.0,0.758000000000493,0.0,0.0,1.0
4,30,16,0.0,0.6419999999992569,0.0,0.6419999999992569,0.0,0.0,1.0
4,30,17,0.0,6.829000000000576,0.0,6.829000000000576,0.0,0.0,1.0
4,30,18,0.0,1.6130000000002838,0.0,1.6130000000002838,0.0,0.0,1.0
4,30,19,0.0,1.6429999999998586,0.0,1.6429999999998586,0.0,0.0,1.0
4,30,20,0.0,1.1519999999997026,0.0,1.1519999999997026,0.0,0.0,1.0
4,30,21,0.0,0.33199999999987995,0.0,0.33199999999987995,0.0,0.0,1.0
4,30,22,0.0,0.028999999999996362,0.0,0.028999999999996362,0.0,0.0,1.0
4,30,23,0.0,0.020000000000436557,0.0,0.020000000000436557,0.0,0.0,1.0
4,30,24,0.0,0.03199999999969805,0.0,0.03199999999969805,0.0,0.0,1.0
4,30,25,0.0,0.057999999999992724,0.0,0.057999999999992724,0.0,0.0,1.0
4,31,0,0.0,10.619000000000199,0.0,10.619000000000199,0.0,0.0,1.0
4,31,1,0.0,1.2910000000001673,0.0,1.2910000000001673,0.0,0.0,1.0
4,31,2,0.0,0.047999999999774445,0.0,0.047999999999774445,0.0,0.0,1.0
4,31,3,0.0,0.11999999999989086,0.0,0.11999999999989086,0.0,0.0,1.0
4,31,4,0.0,0.3100000000004002,0.0,0.3100000000004002,0.0,0.0,1.0
4,31,5,0.0,0.5209999999997308,0.0,0.5209999999997308,0.0,0.0,1.0
4,31,8,0.0,1.3930000000001428,0.0,1.3930000000001428,0.0,0.0,1.0
4,31,9,0.0,5.521999999999252,0.0,5.521999999999252,0.0,0.0,1.0
4,31,10,0.0,0.9900000000017712,0.0,0.9900000000017712,0.0,0.0,1.0
4,31,11,0.0,2.069999999999993,0.0,2.069999999999993,0.0,0.0,1.0
4,31,12,0.0,6.208000000000084,0.0,6.208000000000084,0.0,0.0,1.0
4,31,13,0.0,11.969999999999914,0.0,11.969999999999914,0.0,0.0,1.0
4,31,14,0.0,8.328999999999496,0.0,8.328999999999496,0.0,0.0,1.0
4,31,15,0.0,12.868000000000904,0.0,12.868000000000904,0.0,0.0,1.0
4,31,16,0.0,30.02600000000035,0.0,30.02600000000035,0.0,0.0,1.0
4,31,17,0.0,8.960999999999387,0.0,8.960999999999387,0.0,0.0,1.0
4,31,18,0.0,2.7880000000002383,0.0,2.7880000000002383,0.0,0.0,1.0
4,31,19,0.0,3.6339999999992187,0.0,3.6339999999992187,0.0,0.0,1.0
4,31,20,0.0,5.9590000000009695,0.0,5.9590000000009695,0.0,0.0,1.0
4,31,21,0.0,0.8659999999995307,0.0,0.8659999999995307,0.0,0.0,1.0
4,31,22,0.0,0.10300000000063392,0.0,0.10300000000063392,0.0,0.0,1.0
4,31,23,0.0,0.03899999999998727,0.0,0.03899999999998727,0.0,0.0,1.0
4,31,24,0.0,0.049999999999954525,0.0,0.049999999999954525,0.0,0.0,1.0
4,31,25,0.0,0.7609999999999673,0.0,0.7609999999999673,0.0,0.0,1.0
4,32,0,0.2999999999999545,6.698999999999955,0.14899999999988722,7.147999999999797,0.04196978175712969,0.020844991606028464,0.9371852266368419
4,32,1,0.0,0.2510000000001469,0.0,0.2510000000001469,0.0,0.0,1.0
4,32,2,0.0,0.04199999999997317,0.0,0.04199999999997317,0.0,0.0,1.0
4,32,3,0.0,0.06900000000035789,0.0,0.06900000000035789,0.0,0.0,1.0
4,32,4,0.0,0.6099999999996157,0.0,0.6099999999996157,0.0,0.0,1.0
4,32,5,0.0,0.9839999999994689,0.0,0.9839999999994689,0.0,0.0,1.0
4,32,6,0.0,1.9740000000004443,0.0,1.9740000000004443,0.0,0.0,1.0
4,32,7,0.0,0.9170000000004848,0.0,0.9170000000004848,0.0,0.0,1.0
4,32,8,0.0,0.22100000000057207,0.0,0.22100000000057207,0.0,0.0,1.0
4,32,9,0.0,1.2219999999989568,0.0,1.2219999999989568,0.0,0.0,1.0
4,32,10,0.0,2.3449999999984925,0.0,2.3449999999984925,0.0,0.0,1.0
4,32,11,0.0,2.262000000000853,0.0,2.262000000000853,0.0,0.0,1.0
4,32,12,0.0,2.5389999999995325,0.0,2.5389999999995325,0.0,0.0,1.0
4,32,13,0.0,8.567999999999586,0.0,8.567999999999586,0.0,0.0,1.0
4,32,14,0.0,7.349000000000842,0.0,7.349000000000842,0.0,0.0,1.0
4,32,15,0.0,10.148999999998864,0.0,10.148999999998864,0.0,0.0,1.0
4,32,16,0.0,11.905000000000257,0.0,11.905000000000257,0.0,0.0,1.0
4,32,17,0.0,7.170999999999424,0.0,7.170999999999424,0.0,0.0,1.0
4,32,18,0.0,4.429000000000485,0.0,4.429000000000485,0.0,0.0,1.0
4,32,19,0.0,2.903000000000077,0.0,2.903000000000077,0.0,0.0,1.0
4,32,20,0.0,6.145999999999503,0.0,6.145999999999503,0.0,0.0,1.0
4,32,21,0.0,2.272000000000162,0.0,2.272000000000162,0.0,0.0,1.0
4,32,22,0.0,0.14899999999943248,0.0,0.14899999999943248,0.0,0.0,1.0
4,32,23,0.0,0.5500000000001819,0.0,0.5500000000001819,0.0,0.0,1.0
4,32,24,0.0,0.0319999999992433,0.0,0.0319999999992433,0.0,0.0,1.0
4,33,0,0.0,1.405999999999608,0.0,1.405999999999608,0.0,0.0,1.0
4,33,1,0.0,0.008999999999957708,0.0,0.008999999999957708,0.0,0.0,1.0
4,33,2,0.0,0.03100000000000591,0.0,0.03100000000000591,0.0,0.0,1.0
4,33,3,0.0,0.03900000000004411,0.0,0.03900000000004411,0.0,0.0,1.0
4,33,4,0.0,0.04099999999999682,0.0,0.04099999999999682,0.0,0.0,1.0
4,33,5,0.0,0.20000000000010232,0.0,0.20000000000010232,0.0,0.0,1.0
4,33,6,0.0,0.9609999999996148,0.0,0.9609999999996148,0.0,0.0,1.0
4,33,7,0.0,1.1669999999991774,0.0,1.1669999999991774,0.0,0.0,1.0
4,33,8,0.0,1.662999999999613,0.0,1.662999999999613,0.0,0.0,1.0
4,33,9,0.0,2.3720000000005825,0.0,2.3720000000005825,0.0,0.0,1.0
4,33,10,0.0,1.2259999999995443,0.0,1.2259999999995443,0.0,0.0,1.0
4,33,11,0.0,0.6020000000000323,0.0,0.6020000000000323,0.0,0.0,1.0
4,33,12,0.0,10.128000000000213,0.0,10.128000000000213,0.0,0.0,1.0
4,33,13,0.0,2.523000000001332,0.0,2.523000000001332,0.0,0.0,1.0
4,33,14,0.0,9.844999999998151,0.0,9.844999999998151,0.0,0.0,1.0
4,33,15,0.0,5.351999999999634,0.0,5.351999999999634,0.0,0.0,1.0
4,33,16,0.0,6.331000000000756,0.0,6.331000000000756,0.0,0.0,1.0
4,33,17,0.0,6.837000000001581,0.0,6.837000000001581,0.0,0.0,1.0
4,33,18,0.0,1.6959999999990032,0.0,1.6959999999990032,0.0,0.0,1.0
4,33,19,0.0,2.0690000000001874,0.0,2.0690000000001874,0.0,0.0,1.0
4,33,20,0.0,3.061000000000604,0.0,3.061000000000604,0.0,0.0,1.0
4,33,21,0.0,2.173000000000002,0.0,2.173000000000002,0.0,0.0,1.0
4,33,22,0.0,0.42700000000058935,0.0,0.42700000000058935,0.0,0.0,1.0
4,33,23,0.0,0.23999999999978172,0.0,0.23999999999978172,0.0,0.0,1.0
4,33,24,0.0,0.45900000000074215,0.0,0.45900000000074215,0.0,0.0,1.0
4,34,0,0.0,1.1570000000001528,0.0,1.1570000000001528,0.0,0.0,1.0
4,34,1,0.0,0.05600000000026739,0.0,0.05600000000026739,0.0,0.0,1.0
4,34,2,0.0,0.0409999999997126,0.0,0.0409999999997126,0.0,0.0,1.0
4,34,3,0.0,0.14100000000019008,0.0,0.14100000000019008,0.0,0.0,1.0
4,34,4,0.0,0.029999999999972715,0.0,0.029999999999972715,0.0,0.0,1.0
4,34,5,0.0,0.07000000000016371,0.0,0.07000000000016371,0.0,0.0,1.0
4,34,6,0.0,0.3760000000002037,0.0,0.3760000000002037,0.0,0.0,1.0
4,34,7,0.0,1.9980000000007294,0.0,1.9980000000007294,0.0,0.0,1.0
4,34,8,0.0,10.557999999999765,0.0,10.557999999999765,0.0,0.0,1.0
4,34,9,0.0,1.8930000000002565,0.0,1.8930000000002565,0.0,0.0,1.0
4,34,10,0.0,4.506999999999721,0.0,4.506999999999721,0.0,0.0,1.0
4,34,11,0.0,7.13499999999874,0.0,7.13499999999874,0.0,0.0,1.0
4,34,12,0.0,16.614000000000715,0.0,16.614000000000715,0.0,0.0,1.0
4,34,13,0.0,6.619000000000256,0.0,6.619000000000256,0.0,0.0,1.0
4,34,14,0.0,8.531000000000063,0.0,8.531000000000063,0.0,0.0,1.0
4,34,15,0.0,5.19199999999978,0.0,5.19199999999978,0.0,0.0,1.0
4,34,16,0.0,27.544999999999163,0.0,27.544999999999163,0.0,0.0,1.0
4,34,17,0.0,10.099999999997635,0.0,10.099999999997635,0.0,0.0,1.0
4,34,18,0.0,5.919000000001006,0.0,5.919000000001006,0.0,0.0,1.0
4,34,19,0.0,3.588999999999942,0.0,3.588999999999942,0.0,0.0,1.0
4,34,20,0.0,6.9330000000004475,0.0,6.9330000000004475,0.0,0.0,1.0
4,34,21,0.0,4.611000000000331,0.0,4.611000000000331,0.0,0.0,1.0
4,34,22,0.0,0.8610000000001037,0.0,0.8610000000001037,0.0,0.0,1.0
4,34,23,0.0,1.897000000000162,0.0,1.897000000000162,0.0,0.0,1.0
4,34,24,0.0,1.7049999999987904,0.0,1.7049999999987904,0.0,0.0,1.0
4,34,25,0.0,0.03899999999998727,0.0,0.03899999999998727,0.0,0.0,1.0
4,34,26,0.0,0.019000000000005457,0.0,0.019000000000005457,0.0,0.0,1.0
4,34,27,0.0,0.009999999999990905,0.0,0.009999999999990905,0.0,0.0,1.0
4,34,28,0.0,0.01999999999998181,0.0,0.01999999999998181,0.0,0.0,1.0
4,34,29,0.0,0.009999999999990905,0.0,0.009999999999990905,0.0,0.0,1.0
4,34,30,0.0,0.01999999999998181,0.0,0.01999999999998181,0.0,0.0,1.0
4,34,31,0.0,0.021000000000185537,0.0,0.021000000000185537,0.0,0.0,1.0
4,34,32,0.0,0.31999999999993634,0.0,0.31999999999993634,0.0,0.0,1.0
4,35,10,0.0,0.40199999999992997,0.0,0.40199999999992997,0.0,0.0,1.0
4,35,11,0.0,2.7290000000008376,0.0,2.7290000000008376,0.0,0.0,1.0
4,35,12,0.0,2.2290000000004966,0.0,2.2290000000004966,0.0,0.0,1.0
4,35,13,0.0,0.3429999999998472,0.0,0.3429999999998472,0.0,0.0,1.0
4,35,14,0.0,3.999000000000251,0.0,3.999000000000251,0.0,0.0,1.0
4,35,15,0.0,1.7499999999997726,0.0,1.7499999999997726,0.0,0.0,1.0
4,35,16,0.0,9.586999999999989,0.0,9.586999999999989,0.0,0.0,1.0
4,35,17,0.0,4.8060000000006085,0.0,4.8060000000006085,0.0,0.0,1.0
4,35,18,0.0,4.028999999999769,0.0,4.028999999999769,0.0,0.0,1.0
4,35,19,0.0,2.179999999999609,0.0,2.179999999999609,0.0,0.0,1.0
4,35,20,0.0,3.3689999999999145,0.0,3.3689999999999145,0.0,0.0,1.0
4,35,21,0.0,2.106999999999175,0.0,2.106999999999175,0.0,0.0,1.0
4,35,22,0.0,0.1639999999997599,0.0,0.1639999999997599,0.0,0.0,1.0
4,35,23,0.0,0.9609999999988759,0.0,0.9609999999988759,0.0,0.0,1.0
4,35,24,0.0,1.5840000000002874,0.0,1.5840000000002874,0.0,0.0,1.0
4,35,25,0.0,0.5109999999995125,0.18799999999998818,0.6989999999995007,0.0,0.26895565093007506,0.7310443490699249
4,35,26,0.0,0.07899999999972351,0.0,0.07899999999972351,0.0,0.0,1.0
4,35,32,0.0,0.1289999999999054,0.0,0.1289999999999054,0.0,0.0,1.0
4,36,0,0.0,0.04899999999997817,0.0,0.04899999999997817,0.0,0.0,1.0
4,36,3,0.0,0.01999999999998181,0.0,0.01999999999998181,0.0,0.0,1.0
4,36,4,0.0,0.0409999999997126,0.0,0.0409999999997126,0.0,0.0,1.0
4,36,5,0.0,0.10800000000017462,0.0,0.10800000000017462,0.0,0.0,1.0
4,36,6,0.0,0.5709999999999127,0.0,0.5709999999999127,0.0,0.0,1.0
4,36,7,0.0,0.2650000000003274,0.052999999999883585,0.318000000000211,0.0,0.16666666666618998,0.83333333333381
4,36,8,0.0,0.21900000000005093,0.009000000000014552,0.22800000000006548,0.0,0.0394736842105788,0.9605263157894212
4,36,9,0.0,0.8739999999997963,0.0,0.8739999999997963,0.0,0.0,1.0
4,36,10,0.0,0.12800000000015643,0.0,0.12800000000015643,0.0,0.0,1.0
4,36,11,0.0,1.1079999999997199,0.0,1.1079999999997199,0.0,0.0,1.0
4,36,12,0.0,3.3279999999992924,0.0,3.3279999999992924,0.0,0.0,1.0
4,36,13,0.0,0.3810000000006539,0.0,0.3810000000006539,0.0,0.0,1.0
4,36,14,0.0,3.491999999999962,0.21000000000003638,3.701999999999998,0.0,0.05672609400325135,0.9432739059967487
4,36,15,0.0,2.849999999999568,0.0,2.849999999999568,0.0,0.0,1.0
4,36,16,0.0,5.2499999999990905,0.0,5.2499999999990905,0.0,0.0,1.0
4,36,17,0.0,20.239000000000033,0.0,20.239000000000033,0.0,0.0,1.0
4,36,18,0.0,5.18300000000022,0.0,5.18300000000022,0.0,0.0,1.0
4,36,19,0.0,2.9439999999993915,0.0,2.9439999999993915,0.0,0.0,1.0
4,36,20,0.0,4.440999999999917,0.0,4.440999999999917,0.0,0.0,1.0
4,36,21,0.0,4.092000000000439,0.0,4.092000000000439,0.0,0.0,1.0
4,36,22,0.0,0.3289999999997235,0.0,0.3289999999997235,0.0,0.0,1.0
4,36,23,0.0,1.0120000000010805,0.0,1.0120000000010805,0.0,0.0,1.0
4,36,24,0.0,2.971000000000913,0.0,2.971000000000913,0.0,0.0,1.0
4,36,25,0.0,2.0710000000003674,0.8899999999999864,2.961000000000354,0.0,0.3005741303613239,0.6994258696386761
4,36,26,0.0,0.8299999999999272,0.0,0.8299999999999272,0.0,0.0,1.0
4,37,0,0.5760000000001355,0.6210000000000946,0.47199999999998,1.66900000000021,0.3451168364290372,0.282804074295938,0.3720790892750248
4,37,2,0.0,0.010000000000218279,0.008999999999900865,0.019000000000119144,0.0,0.4736842105181278,0.5263157894818722
4,37,3,0.0,0.009999999999763531,0.010000000000104592,0.019999999999868123,0.0,0.5000000000085265,0.4999999999914735
4,37,4,0.0,0.01999999999998181,0.0,0.01999999999998181,0.0,0.0,1.0
4,37,5,0.0,0.07000000000016371,0.009999999999990905,0.08000000000015461,0.0,0.12499999999964473,0.8750000000003553
4,37,6,0.0,0.05400000000008731,0.0,0.05400000000008731,0.0,0.0,1.0
4,37,7,0.5000000000004547,0.16899999999986903,0.09999999999899956,0.7689999999993233,0.6501950585187187,0.13003901170232451,0.21976592977895676
4,37,8,0.17200000000002547,0.4270000000001346,0.14500000000077762,0.7440000000009377,0.2311827956986676,0.19489247311907912,0.5739247311822533
4,37,9,0.0,0.08100000000013097,0.0409999999997126,0.12199999999984357,0.0,0.336065573768567,0.6639344262314331
4,37,10,0.0,0.10999999999967258,0.41499999999984993,0.5249999999995225,0.0,0.7904761904766235,0.20952380952337643
4,37,11,0.031000000000062755,0.10900000000037835,0.6099999999999,0.7500000000003411,0.04133333333339821,0.8133333333328301,0.1453333333337717
4,37,12,0.0,1.3079999999997654,0.6500000000008868,1.958000000000652,0.0,0.33197139938747205,0.668028600612528
4,37,13,0.0,1.0730000000002065,1.3950000000002092,2.4680000000004156,0.0,0.5652350081037173,0.4347649918962827
4,37,14,0.0,0.1370000000000573,1.5339999999998781,1.6709999999999354,0.0,0.9180131657689632,0.08198683423103686
4,37,15,0.0,0.18000000000006366,0.44299999999964257,0.6229999999997062,0.0,0.7110754414122816,0.28892455858771837
4,37,16,0.0,0.45799999999997,2.266999999999939,2.724999999999909,0.0,0.8319266055045925,0.16807339449540745
4,37,17,0.0,2.9290000000004284,5.448000000000434,8.377000000000862,0.0,0.650352154709308,0.349647845290692
4,37,18,0.0,1.2899999999997362,1.5910000000003492,2.8810000000000855,0.0,0.5522388059702541,0.4477611940297459
4,37,19,0.0,1.8000000000007503,0.0,1.8000000000007503,0.0,0.0,1.0
4,37,20,0.0,3.2109999999993306,0.010999999999967258,3.221999999999298,0.0,0.0034140285536839402,0.9965859714463161
4,37,21,0.0,4.670999999999481,0.0,4.670999999999481,0.0,0.0,1.0
4,37,22,0.0,0.7620000000008531,0.0,0.7620000000008531,0.0,0.0,1.0
4,37,23,0.0,1.0989999999992506,0.009000000000014552,1.1079999999992651,0.0,0.00812274368232899,0.991877256317671
4,37,24,0.0,2.757999999999811,0.011000000000080945,2.7689999999998918,0.0,0.0039725532683573045,0.9960274467316427
4,37,25,0.0,1.7400000000002365,0.3489999999999327,2.089000000000169,0.0,0.1670655816179533,0.8329344183820467
4,38,0,0.07699999999977081,1.3659999999999854,0.0,1.4429999999997563,0.05336105336090354,0.0,0.9466389466390964
4,38,1,0.0,0.018999999999778083,0.0,0.018999999999778083,0.0,0.0,1.0
4,38,3,0.0,0.021999999999934516,0.0,0.021999999999934516,0.0,0.0,1.0
4,38,5,0.0,0.010000000000218279,0.0,0.010000000000218279,0.0,0.0,1.0
4,38,7,0.07899999999972351,0.01999999999998181,0.0,0.09899999999970532,0.7979797979793803,0.0,0.2020202020206196
4,38,8,0.0,0.009000000000014552,0.0,0.009000000000014552,0.0,0.0,1.0
4,38,11,0.0999999999994543,0.010999999999967258,0.28800000000046566,0.3989999999998872,0.2506265664147433,0.7218045112795666,0.027568922305690143
4,38,12,0.0,0.6690000000000964,0.0,0.6690000000000964,0.0,0.0,1.0
4,38,13,0.0,0.03899999999998727,0.0,0.03899999999998727,0.0,0.0,1.0
4,38,14,0.0,0.03199999999992542,0.0,0.03199999999992542,0.0,0.0,1.0
4,38,15,0.0,0.5979999999995016,0.0,0.5979999999995016,0.0,0.0,1.0
4,38,16,0.0,0.22199999999998,0.49099999999998545,0.7129999999999654,0.0,0.6886395511921588,0.31136044880784114
4,38,17,0.0,0.18100000000049477,0.008000000000038199,0.18900000000053296,0.0,0.04232804232812508,0.957671957671875
4,38,18,0.0,0.3419999999996435,0.8130000000003292,1.1549999999999727,0.0,0.7038961038964056,0.29610389610359444
4,38,19,0.0,0.10699999999951615,0.3930000000000291,0.49999999999954525,0.0,0.7860000000007731,0.21399999999922692
4,38,20,0.0,1.1689999999996417,0.0,1.1689999999996417,0.0,0.0,1.0
4,38,21,0.0,1.9350000000001728,0.0,1.9350000000001728,0.0,0.0,1.0
4,38,22,0.0,0.6850000000001728,0.0,0.6850000000001728,0.0,0.0,1.0
4,38,23,0.0,0.0909999999998945,0.0,0.0909999999998945,0.0,0.0,1.0
4,38,24,0.0,1.4330000000004475,0.0,1.4330000000004475,0.0,0.0,1.0
4,38,25,0.0,0.8989999999989777,0.0,0.8989999999989777,0.0,0.0,1.0
4,38,26,0.0,0.06899999999950523,0.0,0.06899999999950523,0.0,0.0,1.0
4,38,27,0.0,0.2869999999998072,0.0,0.2869999999998072,0.0,0.0,1.0
4,38,28,0.0,0.13300000000026557,0.0,0.13300000000026557,0.0,0.0,1.0
4,38,29,0.0,0.07800000000042928,0.0,0.07800000000042928,0.0,0.0,1.0
4,38,30,0.0,0.38000000000010914,0.0,0.38000000000010914,0.0,0.0,1.0
4,38,31,0.0,0.06099999999969441,0.0,0.06099999999969441,0.0,0.0,1.0
4,38,32,0.0,0.06099999999969441,0.0,0.06099999999969441,0.0,0.0,1.0
4,38,33,0.0,0.00800000000072032,0.0,0.00800000000072032,0.0,0.0,1.0
4,39,0,0.0,0.4010000000002947,0.0,0.4010000000002947,0.0,0.0,1.0
4,39,1,0.0,0.040000000000190994,0.0,0.040000000000190994,0.0,0.0,1.0
4,39,2,0.0,0.03999999999996362,0.0,0.03999999999996362,0.0,0.0,1.0
4,39,3,0.0,0.03099999999994907,0.0,0.03099999999994907,0.0,0.0,1.0
4,39,4,0.0,0.019000000000005457,0.0,0.019000000000005457,0.0,0.0,1.0
4,39,5,0.0,0.01999999999998181,0.0,0.01999999999998181,0.0,0.0,1.0
4,39,6,0.0,0.019000000000005457,0.0,0.019000000000005457,0.0,0.0,1.0
4,39,7,0.0,0.341000000000804,0.0,0.341000000000804,0.0,0.0,1.0
4,39,8,0.0,0.2899999999995089,0.0,0.2899999999995089,0.0,0.0,1.0
4,39,9,0.0,0.08199999999987995,0.0,0.08199999999987995,0.0,0.0,1.0
4,39,10,0.0,0.18699999999989814,0.0,0.18699999999989814,0.0,0.0,1.0
4,39,11,0.0,0.07899999999995089,0.0,0.07899999999995089,0.0,0.0,1.0
4,39,12,0.0,0.07100000000036744,0.0,0.07100000000036744,0.0,0.0,1.0
4,39,13,0.0,0.0399999999992815,0.0,0.0399999999992815,0.0,0.0,1.0
4,39,14,0.0,0.029999999999972715,0.0,0.029999999999972715,0.0,0.0,1.0
4,39,15,0.0,0.020999999999958163,0.018000000000029104,0.03899999999998727,0.0,0.46153846153935846,0.5384615384606415
4,39,16,0.0,0.11199999999985266,0.021000000000640284,0.13300000000049295,0.0,0.1578947368463342,0.8421052631536657
4,39,17,0.0,1.2379999999993743,0.029999999999517968,1.2679999999988922,0.0,0.02365930599333137,0.9763406940066687
4,39,18,0.0,0.09900000000061482,0.018000000000029104,0.11700000000064392,0.0,0.1538461538455559,0.8461538461544441
4,39,19,0.0,0.0,0.05300000000033833,0.05300000000033833,0.0,1.0,0.0
4,39,20,0.0,0.23799999999960164,0.14999999999986358,0.3879999999994652,0.0,0.38659793814451116,0.6134020618554888
4,39,21,0.0,2.4700000000002547,0.7100000000002638,3.1800000000005184,0.0,0.22327044025161888,0.7767295597483811
4,39,22,0.0,1.3830000000000382,0.0,1.3830000000000382,0.0,0.0,1.0
4,39,23,0.0,0.14099999999984902,0.0,0.14099999999984902,0.0,0.0,1.0
4,39,24,0.0,2.090000000000373,0.0,2.090000000000373,0.0,0.0,1.0
4,39,25,0.0,1.9210000000007312,0.0,1.9210000000007312,0.0,0.0,1.0
4,39,27,0.0,0.20400000000017826,0.0,0.20400000000017826,0.0,0.0,1.0
4,39,28,0.0,0.46899999999982356,0.0,0.46899999999982356,0.0,0.0,1.0
4,39,30,0.0,0.6799999999998363,0.0,0.6799999999998363,0.0,0.0,1.0
4,39,31,0.0,0.05999999999994543,0.0,0.05999999999994543,0.0,0.0,1.0
4,39,32,0.0,0.44000000000005457,0.0,0.44000000000005457,0.0,0.0,1.0
4,39,33,0.0,0.10099999999965803,0.0,0.10099999999965803,0.0,0.0,1.0
4,39,34,0.0,0.35900000000037835,0.0,0.35900000000037835,0.0,0.0,1.0
4,39,35,0.0,0.07099999999991269,0.0,0.07099999999991269,0.0,0.0,1.0
4,40,0,0.19099999999980355,0.07099999999991269,0.14900000000034197,0.4110000000000582,0.46472019464665815,0.36253041362608485,0.172749391727257
4,40,9,0.0,0.5279999999993379,0.051000000000385626,0.5789999999997235,0.0,0.08808290155511223,0.9119170984448878
4,40,10,0.0,0.3510000000005675,0.0,0.3510000000005675,0.0,0.0,1.0
4,40,18,0.0,0.08999999999991815,0.0,0.08999999999991815,0.0,0.0,1.0
4,40,19,0.0,0.049000000000205546,0.0,0.049000000000205546,0.0,0.0,1.0
4,40,20,0.0,0.04099999999993997,0.03899999999998727,0.07999999999992724,0.0,0.4875000000002842,0.5124999999997157
4,40,21,0.0,0.09999999999990905,2.0469999999988886,2.1469999999987976,0.0,0.9534233814625221,0.0465766185374779
4,40,22,0.0,0.7609999999999673,0.0,0.7609999999999673,0.0,0.0,1.0
4,40,23,0.0,0.04800000000000182,0.0,0.04800000000000182,0.0,0.0,1.0
4,40,24,0.0,1.271000000001095,0.0,1.271000000001095,0.0,0.0,1.0
4,40,25,0.0,1.1739999999999782,0.0,1.1739999999999782,0.0,0.0,1.0
4,40,26,0.0,0.06399999999985084,0.0,0.06399999999985084,0.0,0.0,1.0
4,40,27,0.0,0.32999999999992724,0.0,0.32999999999992724,0.0,0.0,1.0
4,40,30,0.0,0.26900000000023283,0.0,0.26900000000023283,0.0,0.0,1.0
4,40,32,0.0,0.31899999999996,0.0,0.31899999999996,0.0,0.0,1.0
4,40,35,0.0,0.22899999999935972,0.0,0.22899999999935972,0.0,0.0,1.0
4,41,0,0.27999999999974534,0.009999999999990905,0.26900000000023283,0.5589999999999691,0.5008944543823987,0.48121645796108714,0.017889087656514237
4,41,7,0.07799999999997453,1.143000000000029,0.0,1.2210000000000036,0.06388206388204283,0.0,0.9361179361179571
4,41,8,0.0,0.008000000000038199,0.0,0.008000000000038199,0.0,0.0,1.0
4,41,9,0.0,0.021999999999934516,0.0,0.021999999999934516,0.0,0.0,1.0
4,41,10,0.0,0.13799999999991996,0.0,0.13799999999991996,0.0,0.0,1.0
4,41,12,0.0,0.010999999999967258,0.0,0.010999999999967258,0.0,0.0,1.0
4,41,13,0.0,0.009999999999990905,0.0,0.009999999999990905,0.0,0.0,1.0
4,41,14,0.0,0.5120000000008531,0.04699999999957072,0.5590000000004238,0.0,0.08407871198485704,0.9159212880151429
4,41,15,0.0,0.09999999999899956,0.04100000000016735,0.1409999999991669,0.0,0.29078014184687656,0.7092198581531234
4,41,16,0.0,0.5250000000005457,0.4070000000001528,0.9320000000006985,0.0,0.43669527896979377,0.5633047210302062
4,41,17,0.0,0.3160000000000309,0.032999999999901775,0.3489999999999327,0.0,0.09455587392523822,0.9054441260747618
4,41,18,0.0,0.23700000000008004,0.06799999999998363,0.30500000000006366,0.0,0.22295081967203093,0.7770491803279691
4,41,19,0.0,0.0,0.04300000000012005,0.04300000000012005,0.0,1.0,0.0
4,41,20,0.0,0.023999999999887223,0.057999999999992724,0.08199999999987995,0.0,0.7073170731716786,0.2926829268283215
4,41,21,0.0,0.010999999999967258,1.8060000000001537,1.817000000000121,0.0,0.9939460649422308,0.006053935057769139
4,41,22,0.0,0.27800000000002,0.708000000000311,0.9860000000003311,0.0,0.7180527383367884,0.28194726166321166
4,41,23,0.0,0.46099999999887586,0.3110000000006039,0.7719999999994798,0.0,0.40284974093369624,0.5971502590663038
4,41,24,0.0,1.9299999999993815,0.0,1.9299999999993815,0.0,0.0,1.0
4,41,25,0.0,1.6599999999993997,0.0,1.6599999999993997,0.0,0.0,1.0
4,41,26,0.0,0.020999999999958163,0.0,0.020999999999958163,0.0,0.0,1.0
4,41,27,0.0,0.7170000000003256,0.0,0.7170000000003256,0.0,0.0,1.0
4,41,28,0.0,0.11099999999987631,0.0,0.11099999999987631,0.0,0.0,1.0
4,41,30,0.0,0.5409999999997126,0.0,0.5409999999997126,0.0,0.0,1.0
4,41,31,0.0,0.09999999999990905,0.0,0.09999999999990905,0.0,0.0,1.0
4,41,32,0.0,0.49099999999998545,0.0,0.49099999999998545,0.0,0.0,1.0
4,41,35,0.0,0.31900000000041473,0.0,0.31900000000041473,0.0,0.0,1.0
4,42,0,0.11099999999987631,0.0,0.3009999999999309,0.4119999999998072,0.2694174757279812,0.7305825242720188,0.0
4,42,1,0.0,0.0,0.010999999999967258,0.010999999999967258,0.0,1.0,0.0
4,42,3,0.0,0.0,0.021000000000185537,0.021000000000185537,0.0,1.0,0.0
4,42,5,0.0,0.0,0.009999999999763531,0.009999999999763531,0.0,1.0,0.0
4,42,6,0.0,0.0,0.027000000000043656,0.027000000000043656,0.0,1.0,0.0
4,42,8,0.0,0.0,0.010000000000218279,0.010000000000218279,0.0,1.0,0.0
4,42,9,0.0,0.0,0.009999999999763531,0.009999999999763531,0.0,1.0,0.0
4,42,10,0.011999999999716238,0.0,0.29999999999972715,0.3119999999994434,0.03846153846069758,0.9615384615393024,0.0
4,42,11,0.0,0.0,0.042000000000371074,0.042000000000371074,0.0,1.0,0.0
4,42,12,0.0,0.0,0.14800000000013824,0.14800000000013824,0.0,1.0,0.0
4,42,13,0.021999999999934516,0.0,0.0409999999997126,0.06299999999964712,0.3492063492072658,0.6507936507927342,0.0
4,42,14,0.018000000000029104,0.0,0.047000000000025466,0.06500000000005457,0.2769230769232922,0.7230769230767078,0.0
4,42,15,0.010000000000218279,0.4889999999986685,0.03999999999950887,0.5389999999983957,0.01855287569619303,0.07421150278224106,0.9072356215215659
4,42,16,0.0,0.09900000000016007,0.5969999999997526,0.6959999999999127,0.0,0.8577586206894073,0.14224137931059266
4,42,17,0.0,0.018999999999778083,0.0500000000001819,0.06899999999995998,0.0,0.7246376811624767,0.2753623188375232
4,42,18,0.0,0.051000000000385626,0.05199999999967986,0.10300000000006548,0.0,0.5048543689286097,0.4951456310713903
4,42,19,0.0,0.02999999999974534,0.06000000000040018,0.09000000000014552,0.0,0.6666666666700352,0.33333333332996484
4,42,20,0.0,0.03900000000021464,0.04800000000022919,0.08700000000044383,0.0,0.5517241379308543,0.44827586206914577
4,42,21,0.0,0.04100000000016735,0.0729999999998654,0.11400000000003274,0.0,0.6403508771916178,0.3596491228083822
4,42,22,0.0,0.028999999999541615,0.1289999999999054,0.15799999999944703,0.0,0.8164556962047904,0.18354430379520956
4,42,23,0.0,0.8390000000003965,0.09200000000009823,0.9310000000004948,0.0,0.09881847475837738,0.9011815252416226
4,42,24,0.0,0.5199999999995271,0.11900000000059663,0.6390000000001237,0.0,0.18622848200402753,0.8137715179959725
4,42,25,0.0,1.486000000000331,0.14199999999982538,1.6280000000001564,0.0,0.08722358722347158,0.9127764127765284
4,42,26,0.0,0.5990000000001601,0.007000000000061846,0.6060000000002219,0.0,0.011551155115609377,0.9884488448843907
4,42,27,0.0,0.06199999999989814,0.032000000000152795,0.09400000000005093,0.0,0.3404255319163346,0.6595744680836654
4,42,28,0.0,0.018999999999778083,0.009999999999763531,0.028999999999541615,0.0,0.34482758620419296,0.655172413795807
4,42,29,0.0,0.01999999999998181,0.028999999999996362,0.04899999999997817,0.0,0.591836734694067,0.40816326530593305
4,42,30,0.0,0.010000000000218279,0.021000000000185537,0.031000000000403816,0.0,0.6774193548358705,0.32258064516412954
4,42,31,0.0,0.7300000000000182,0.009000000000014552,0.7390000000000327,0.0,0.012178619756446756,0.9878213802435533
4,42,32,0.0,0.5300000000002001,0.0,0.5300000000002001,0.0,0.0,1.0
4,42,35,0.0,0.1089999999999236,0.0,0.1089999999999236,0.0,0.0,1.0
4,42,36,0.0,0.2799999999999727,0.0,0.2799999999999727,0.0,0.0,1.0
4,42,41,0.0,0.007000000000061846,0.0,0.007000000000061846,0.0,0.0,1.0
4,42,42,0.0,0.07200000000011642,0.0,0.07200000000011642,0.0,0.0,1.0
4,43,15,0.0,0.32900000000017826,0.040000000000873115,0.3690000000010514,0.0,0.10840108401289741,0.8915989159871026
4,43,16,0.0,0.0,0.4350000000004002,0.4350000000004002,0.0,1.0,0.0
4,43,21,0.0,0.30200000000058935,0.0,0.30200000000058935,0.0,0.0,1.0
4,43,22,0.0,0.07999999999992724,0.0,0.07999999999992724,0.0,0.0,1.0
4,43,23,0.0,0.16899999999986903,0.0,0.16899999999986903,0.0,0.0,1.0
4,43,24,0.0,0.01900000000023283,0.011999999999716238,0.03099999999994907,0.0,0.38709677418503075,0.6129032258149693
4,43,25,0.0,0.0,0.5610000000006039,0.5610000000006039,0.0,1.0,0.0
4,43,26,0.0,0.36999999999989086,0.0,0.36999999999989086,0.0,0.0,1.0
4,43,31,0.0,0.32999999999992724,0.008000000000265572,0.3380000000001928,0.0,0.023668639054026653,0.9763313609459734
4,43,32,0.0,0.27799999999979264,0.033999999999650754,0.3119999999994434,0.0,0.10897435897343401,0.891025641026566
4,43,33,0.0,0.0,0.09899999999970532,0.09899999999970532,0.0,1.0,0.0
4,43,34,0.0,0.0,0.08900000000039654,0.08900000000039654,0.0,1.0,0.0
4,43,35,0.0,0.0,0.05099999999993088,0.05099999999993088,0.0,1.0,0.0
4,43,36,0.0,0.2799999999999727,0.018000000000029104,0.2980000000000018,0.0,0.06040268456385568,0.9395973154361443
4,43,37,0.0,0.0,0.03099999999994907,0.03099999999994907,0.0,1.0,0.0
4,43,38,0.0,0.0,0.02099999999973079,0.02099999999973079,0.0,1.0,0.0
4,43,39,0.009000000000014552,0.0,0.01999999999998181,0.028999999999996362,0.31034482758674764,0.6896551724132524,0.0
4,43,41,0.0,0.01999999999998181,0.0,0.01999999999998181,0.0,0.0,1.0
4,43,42,0.0,0.2460000000000946,0.0,0.2460000000000946,0.0,0.0,1.0
4,44,21,0.0,0.2789999999995416,0.0,0.2789999999995416,0.0,0.0,1.0
4,44,25,0.0,0.10100000000011278,0.5119999999997162,0.612999999999829,0.0,0.835236541598465,0.164763458401535
4,44,26,0.0,0.5900000000001455,0.0,0.5900000000001455,0.0,0.0,1.0
4,44,31,0.0,0.6300000000001091,0.0,0.6300000000001091,0.0,0.0,1.0
4,44,32,0.0,0.6320000000000618,0.0,0.6320000000000618,0.0,0.0,1.0
4,44,36,0.0,0.43100000000004,0.0,0.43100000000004,0.0,0.0,1.0
4,44,39,0.012000000000170985,0.0,0.0,0.012000000000170985,1.0,0.0,0.0
4,44,40,0.04899999999997817,0.0,0.0,0.04899999999997817,1.0,0.0,0.0
4,44,41,0.03900000000021464,0.0,0.0,0.03900000000021464,1.0,0.0,0.0
4,44,42,0.011999999999716238,0.181999999999789,0.0,0.19399999999950523,0.061855670101787844,0.0,0.9381443298982122
4,44,43,0.0,0.0,0.01900000000023283,0.01900000000023283,0.0,1.0,0.0
4,44,44,0.0,0.0,0.01999999999998181,0.01999999999998181,0.0,1.0,0.0
4,44,45,0.0,0.0,0.018999999999778083,0.018999999999778083,0.0,1.0,0.0
4,44,46,0.0,0.0,0.03099999999994907,0.03099999999994907,0.0,1.0,0.0
4,44,47,0.0,0.0,0.01900000000023283,0.01900000000023283,0.0,1.0,0.0
4,44,48,0.0,0.0,0.03099999999994907,0.03099999999994907,0.0,1.0,0.0
4,44,49,0.0,0.021000000000185537,0.028999999999996362,0.0500000000001819,0.0,0.5799999999978173,0.4200000000021828
4,44,50,0.0,0.03199999999969805,0.0,0.03199999999969805,0.0,0.0,1.0
4,44,51,0.0,0.018000000000029104,0.0,0.018000000000029104,0.0,0.0,1.0
4,44,52,0.0,0.009000000000014552,0.0,0.009000000000014552,0.0,0.0,1.0
4,44,53,0.0,0.010999999999967258,0.0,0.010999999999967258,0.0,0.0,1.0
4,44,54,0.0,0.03000000000020009,0.0,0.03000000000020009,0.0,0.0,1.0
4,44,55,0.0,0.009999999999763531,0.0,0.009999999999763531,0.0,0.0,1.0
4,44,56,0.0,0.009000000000014552,0.0,0.009000000000014552,0.0,0.0,1.0
4,44,57,0.0,0.021000000000185537,0.0,0.021000000000185537,0.0,0.0,1.0
4,44,58,0.0,0.018999999999778083,0.0,0.018999999999778083,0.0,0.0,1.0
4,45,0,0.0,0.0,0.2380000000000564,0.2380000000000564,0.0,1.0,0.0
4,45,1,0.0,0.0,0.02299999999991087,0.02299999999991087,0.0,1.0,0.0
4,45,3,0.0,0.0,0.009000000000014552,0.009000000000014552,0.0,1.0,0.0
4,45,4,0.0,0.0,0.010999999999967258,0.010999999999967258,0.0,1.0,0.0
4,45,6,0.019000000000005457,0.0,0.0,0.019000000000005457,1.0,0.0,0.0
4,45,7,0.010999999999967258,0.0,0.0,0.010999999999967258,1.0,0.0,0.0
4,45,8,0.0,0.0,0.009000000000014552,0.009000000000014552,0.0,1.0,0.0
4,45,9,0.0,0.0,0.04099999999993997,0.04099999999993997,0.0,1.0,0.0
4,45,10,0.2199999999997999,0.0,0.3100000000001728,0.5299999999999727,0.41509433962228537,0.5849056603777146,0.0
4,45,11,0.0,0.7699999999999818,0.0,0.7699999999999818,0.0,0.0,1.0
4,45,12,0.0,0.01999999999998181,0.0,0.01999999999998181,0.0,0.0,1.0
4,45,13,0.0,0.021000000000185537,0.0,0.021000000000185537,0.0,0.0,1.0
4,45,14,0.0,0.08900000000039654,0.04100000000016735,0.1300000000005639,0.0,0.31538461538453466,0.6846153846154653
4,45,15,0.0,0.009000000000014552,0.5209999999988213,0.5299999999988358,0.0,0.9830188679244636,0.016981132075536455
4,45,16,0.0,0.01999999999998181,0.0,0.01999999999998181,0.0,0.0,1.0
4,45,18,0.0,0.009999999999763531,0.06200000000012551,0.07199999999988904,0.0,0.8611111111141814,0.13888888888581863
4,45,19,0.0,0.010999999999967258,0.15099999999983993,0.1619999999998072,0.0,0.93209876543222,0.06790123456777994
4,45,20,0.0,0.010999999999967258,0.03700000000003456,0.04800000000000182,0.0,0.7708333333340242,0.22916666666597585
4,45,21,0.0,0.40000000000009095,0.10000000000013642,0.5000000000002274,0.0,0.2000000000001819,0.7999999999998181
4,45,22,0.0,0.0989999999999327,0.04299999999989268,0.14199999999982538,0.0,0.30281690140806733,0.6971830985919327
4,45,23,0.0,0.03600000000005821,0.0,0.03600000000005821,0.0,0.0,1.0
4,45,24,0.0,0.022000000000389264,0.0,0.022000000000389264,0.0,0.0,1.0
4,45,25,0.0,0.33699999999953434,0.0,0.33699999999953434,0.0,0.0,1.0
4,45,26,0.0,0.010999999999967258,0.0,0.010999999999967258,0.0,0.0,1.0
4,45,27,0.0,0.01999999999998181,0.0,0.01999999999998181,0.0,0.0,1.0
4,45,28,0.0,0.021000000000185537,0.0,0.021000000000185537,0.0,0.0,1.0
4,45,29,0.0,0.009000000000014552,0.0,0.009000000000014552,0.0,0.0,1.0
4,45,30,0.0,0.022000000000389264,0.0,0.022000000000389264,0.0,0.0,1.0
4,45,31,0.0,0.6589999999998781,0.0,0.6589999999998781,0.0,0.0,1.0
4,45,32,0.0,0.32999999999992724,0.0,0.32999999999992724,0.0,0.0,1.0
4,45,34,0.0,0.2899999999999636,0.0,0.2899999999999636,0.0,0.0,1.0
4,45,36,0.0,0.43000000000006366,0.0,0.43000000000006366,0.0,0.0,1.0
4,46,6,0.0,0.060000000000172804,0.0,0.060000000000172804,0.0,0.0,1.0
4,46,10,0.06100000000014916,0.0,0.028999999999996362,0.09000000000014552,0.6777777777783391,0.3222222222216608,0.0
4,46,14,0.0,0.0,0.0999999999994543,0.0999999999994543,0.0,1.0,0.0
4,46,15,0.0,0.010999999999967258,0.2690000000011423,0.2800000000011096,0.0,0.9607142857145583,0.03928571428544167
4,46,16,0.0,0.010000000000218279,0.0,0.010000000000218279,0.0,0.0,1.0
4,46,17,0.0,0.009999999999990905,0.0,0.009999999999990905,0.0,0.0,1.0
4,46,18,0.0,0.0,0.3079999999999927,0.3079999999999927,0.0,1.0,0.0
4,46,19,0.0,0.009999999999990905,0.16799999999989268,0.17799999999988358,0.0,0.9438202247191155,0.056179775280884525
4,46,20,0.0,0.0,0.07400000000006912,0.07400000000006912,0.0,1.0,0.0
4,46,21,0.0,0.009000000000014552,0.0,0.009000000000014552,0.0,0.0,1.0
4,46,22,0.0,0.020999999999958163,0.0,0.020999999999958163,0.0,0.0,1.0
4,46,24,0.0,0.009000000000014552,0.0,0.009000000000014552,0.0,0.0,1.0
4,46,26,0.0,0.011999999999943611,0.0,0.011999999999943611,0.0,0.0,1.0
4,46,28,0.0,0.010999999999967258,0.0,0.010999999999967258,0.0,0.0,1.0
4,46,29,0.0,0.016000000000076398,0.0,0.016000000000076398,0.0,0.0,1.0
4,46,30,0.0,0.011999999999943611,0.0,0.011999999999943611,0.0,0.0,1.0
4,46,31,0.0,0.14899999999988722,0.0,0.14899999999988722,0.0,0.0,1.0
4,46,34,0.0,0.28000000000065484,0.0,0.28000000000065484,0.0,0.0,1.0
4,46,36,0.0,0.27899999999999636,0.0,0.27899999999999636,0.0,0.0,1.0
4,47,0,0.709999999999809,0.012000000000170985,0.06099999999992178,0.7829999999999018,0.9067688378031904,0.07790549169850502,0.015325670498304585
4,47,1,0.05999999999994543,0.0,0.0,0.05999999999994543,1.0,0.0,0.0
4,47,2,0.19499999999970896,0.0,0.0909999999998945,0.28599999999960346,0.6818181818181095,0.31818181818189045,0.0
4,47,3,0.17000000000030013,0.0,0.0,0.17000000000030013,1.0,0.0,0.0
4,47,4,0.431999999999789,0.0,0.0,0.431999999999789,1.0,0.0,0.0
4,47,6,0.0,0.5109999999999673,0.01900000000023283,0.5300000000002001,0.0,0.035849056604199354,0.9641509433958007
4,47,7,0.0,0.04800000000000182,0.1610000000000582,0.20900000000006003,0.0,0.7703349282297224,0.22966507177027767
4,47,8,0.0,0.03999999999996362,0.0,0.03999999999996362,0.0,0.0,1.0
4,47,9,0.0,0.03199999999992542,0.0,0.03199999999992542,0.0,0.0,1.0
4,47,10,0.0,0.03700000000003456,0.0,0.03700000000003456,0.0,0.0,1.0
4,47,11,0.0,0.011999999999943611,0.0,0.011999999999943611,0.0,0.0,1.0
4,47,12,0.0,0.03099999999994907,0.0,0.03099999999994907,0.0,0.0,1.0
4,47,13,0.0,0.008000000000038199,0.0,0.008000000000038199,0.0,0.0,1.0
4,47,14,0.0,0.010999999999967258,0.0,0.010999999999967258,0.0,0.0,1.0
4,47,15,0.0,0.009000000000014552,0.0,0.009000000000014552,0.0,0.0,1.0
4,47,32,0.0,0.7180000000007567,0.0,0.7180000000007567,0.0,0.0,1.0
4,47,34,0.0,0.5309999999999491,0.0,0.5309999999999491,0.0,0.0,1.0
4,47,36,0.0,0.43100000000004,0.0,0.43100000000004,0.0,0.0,1.0
4,48,0,0.0,0.11899999999991451,0.049000000000205546,0.16800000000012005,0.0,0.2916666666676817,0.7083333333323183
4,48,2,0.8330000000005384,0.0,0.0,0.8330000000005384,1.0,0.0,0.0
4,48,3,0.5079999999998108,0.0,0.047000000000025466,0.5549999999998363,0.9153153153152445,0.08468468468475555,0.0
4,48,4,0.062000000000352884,0.012999999999919964,0.0,0.07500000000027285,0.8266666666683644,0.0,0.17333333333163561
4,48,5,0.06799999999975626,0.027999999999792635,0.021999999999934516,0.11799999999948341,0.5762711864411352,0.18644067796636296,0.23728813559250184
4,48,6,0.0,0.010999999999967258,0.038000000000010914,0.04899999999997817,0.0,0.7755102040822008,0.22448979591779916
4,48,7,0.0,0.0,0.04899999999997817,0.04899999999997817,0.0,1.0,0.0
4,48,32,0.0,0.44099999999889405,0.0,0.44099999999889405,0.0,0.0,1.0
4,48,33,0.0,0.2000000000007276,0.0,0.2000000000007276,0.0,0.0,1.0
4,48,34,0.0,0.2069999999994252,0.0,0.2069999999994252,0.0,0.0,1.0
4,48,36,0.0,0.2799999999999727,0.0,0.2799999999999727,0.0,0.0,1.0
4,49,2,0.010999999999967258,0.0,0.0,0.010999999999967258,1.0,0.0,0.0
4,49,5,0.010999999999967258,0.0,0.0,0.010999999999967258,1.0,0.0,0.0
4,49,6,0.0,0.3600000000005821,0.0,0.3600000000005821,0.0,0.0,1.0
4,49,7,0.0,0.17999999999938154,0.0,0.17999999999938154,0.0,0.0,1.0
4,49,8,0.0,0.018000000000029104,0.0,0.018000000000029104,0.0,0.0,1.0
4,49,9,0.0,0.006000000000312866,0.0,0.006000000000312866,0.0,0.0,1.0
4,49,10,0.0,0.015000000000327418,0.0,0.015000000000327418,0.0,0.0,1.0
4,49,11,0.0,0.01099999999951251,0.0,0.01099999999951251,0.0,0.0,1.0
4,49,12,0.0,0.018000000000029104,0.0,0.018000000000029104,0.0,0.0,1.0
4,49,13,0.0,0.021999999999934516,0.0,0.021999999999934516,0.0,0.0,1.0
4,49,14,0.0,0.01900000000023283,0.0,0.01900000000023283,0.0,0.0,1.0
4,49,15,0.0,0.010000000000218279,0.0,0.010000000000218279,0.0,0.0,1.0
4,49,16,0.0,0.04199999999946158,0.0,0.04199999999946158,0.0,0.0,1.0
4,49,17,0.0,0.00800000000072032,0.0,0.00800000000072032,0.0,0.0,1.0
4,49,18,0.0,0.02099999999973079,0.0,0.02099999999973079,0.0,0.0,1.0
4,49,19,0.0,0.01900000000023283,0.0,0.01900000000023283,0.0,0.0,1.0
4,49,20,0.0,0.009999999999308784,0.0,0.009999999999308784,0.0,0.0,1.0
4,49,21,0.0,0.010000000000218279,0.0,0.010000000000218279,0.0,0.0,1.0
4,49,22,0.0,0.02099999999973079,0.0,0.02099999999973079,0.0,0.0,1.0
4,49,23,0.0,0.010000000000218279,0.0,0.010000000000218279,0.0,0.0,1.0
4,49,24,0.0,0.007999999999810825,0.0,0.007999999999810825,0.0,0.0,1.0
4,49,25,0.0,0.01300000000082946,0.0,0.01300000000082946,0.0,0.0,1.0
4,49,26,0.0,0.01099999999951251,0.0,0.01099999999951251,0.0,0.0,1.0
4,49,27,0.0,0.015000000000327418,0.0,0.015000000000327418,0.0,0.0,1.0
4,49,28,0.0,0.011999999999716238,0.0,0.011999999999716238,0.0,0.0,1.0
4,49,29,0.0,0.011000000000422006,0.0,0.011000000000422006,0.0,0.0,1.0
4,49,30,0.0,0.03099999999994907,0.0,0.03099999999994907,0.0,0.0,1.0
4,49,31,0.0,0.028999999999541615,0.0,0.028999999999541615,0.0,0.0,1.0
4,49,32,0.0,0.9100000000003092,0.0,0.9100000000003092,0.0,0.0,1.0
4,49,33,0.0,0.10000000000013642,0.0,0.10000000000013642,0.0,0.0,1.0
4,49,34,0.0,0.40200000000004366,0.0,0.40200000000004366,0.0,0.0,1.0
4,49,36,0.0,0.43899999999985084,0.0,0.43899999999985084,0.0,0.0,1.0
4,50,16,0.0,0.006999999999834472,0.0,0.006999999999834472,0.0,0.0,1.0
4,50,17,0.0,0.013000000000147338,0.0,0.013000000000147338,0.0,0.0,1.0
4,50,18,0.0,0.011000000000194632,0.0,0.011000000000194632,0.0,0.0,1.0
4,50,19,0.0,0.01799999999980173,0.0,0.01799999999980173,0.0,0.0,1.0
4,50,20,0.0,0.009999999999990905,0.0,0.009999999999990905,0.0,0.0,1.0
4,50,21,0.0,0.010999999999967258,0.0,0.010999999999967258,0.0,0.0,1.0
4,50,23,0.0,0.009999999999990905,0.0,0.009999999999990905,0.0,0.0,1.0
4,50,24,0.0,0.01999999999998181,0.0,0.01999999999998181,0.0,0.0,1.0
4,50,25,0.0,0.007000000000061846,0.0,0.007000000000061846,0.0,0.0,1.0
4,50,26,0.0,0.012999999999919964,0.0,0.012999999999919964,0.0,0.0,1.0
4,50,27,0.0,0.028999999999996362,0.0,0.028999999999996362,0.0,0.0,1.0
4,50,28,0.0,0.009999999999990905,0.0,0.009999999999990905,0.0,0.0,1.0
4,50,29,0.0,0.08200000000010732,0.0,0.08200000000010732,0.0,0.0,1.0
4,50,30,0.0,0.05099999999993088,0.0,0.05099999999993088,0.0,0.0,1.0
4,50,31,0.0,0.19900000000006912,0.0,0.19900000000006912,0.0,0.0,1.0
4,50,32,0.0,1.4279999999996562,0.0,1.4279999999996562,0.0,0.0,1.0
4,50,33,0.0,0.02200000000016189,0.0,0.02200000000016189,0.0,0.0,1.0
4,50,34,0.0,0.018999999999778083,0.0,0.018999999999778083,0.0,0.0,1.0
4,50,35,0.0,0.009999999999990905,0.0,0.009999999999990905,0.0,0.0,1.0
4,50,36,0.0,0.27100000000018554,0.0,0.27100000000018554,0.0,0.0,1.0
4,50,40,0.0,0.030000000000654836,0.0,0.030000000000654836,0.0,0.0,1.0
4,50,41,0.0,0.06999999999970896,0.0,0.06999999999970896,0.0,0.0,1.0
4,50,42,0.0,0.20899999999983265,0.0,0.20899999999983265,0.0,0.0,1.0
4,51,4,0.0,0.06899999999950523,0.0,0.06899999999950523,0.0,0.0,1.0
4,51,6,0.0,0.5190000000000055,0.0,0.5190000000000055,0.0,0.0,1.0
4,51,7,0.0,0.021000000000185537,0.0,0.021000000000185537,0.0,0.0,1.0
4,51,8,0.0,0.007999999999810825,0.0,0.007999999999810825,0.0,0.0,1.0
4,51,9,0.0,0.021000000000185537,0.0,0.021000000000185537,0.0,0.0,1.0
4,51,10,0.0,0.019000000000005457,0.0,0.019000000000005457,0.0,0.0,1.0
4,51,11,0.0,0.05999999999994543,0.0,0.05999999999994543,0.0,0.0,1.0
4,51,12,0.0,0.012999999999919964,0.0,0.012999999999919964,0.0,0.0,1.0
4,51,13,0.0,0.019000000000005457,0.0,0.019000000000005457,0.0,0.0,1.0
4,51,14,0.0,0.019000000000005457,0.0,0.019000000000005457,0.0,0.0,1.0
4,51,15,0.0,0.029999999999972715,0.0,0.029999999999972715,0.0,0.0,1.0
4,51,16,0.0,0.012000000000170985,0.0,0.012000000000170985,0.0,0.0,1.0
4,51,27,0.0,0.11099999999987631,0.0,0.11099999999987631,0.0,0.0,1.0
4,51,28,0.0,0.029999999999972715,0.0,0.029999999999972715,0.0,0.0,1.0
4,51,29,0.0,0.25900000000001455,0.0,0.25900000000001455,0.0,0.0,1.0
4,51,32,0.0,0.6300000000001091,0.0,0.6300000000001091,0.0,0.0,1.0
4,51,40,0.0,0.22999999999956344,0.0,0.22999999999956344,0.0,0.0,1.0
4,52,4,0.0,0.03800000000046566,0.0,0.03800000000046566,0.0,0.0,1.0
4,52,5,0.0,0.12099999999918509,0.0,0.12099999999918509,0.0,0.0,1.0
4,52,6,0.0,0.06000000000040018,0.0,0.06000000000040018,0.0,0.0,1.0
4,52,7,0.0,0.1610000000000582,0.0,0.1610000000000582,0.0,0.0,1.0
4,52,8,0.0,0.03900000000066939,0.0,0.03900000000066939,0.0,0.0,1.0
4,52,9,0.0,0.04199999999946158,0.0,0.04199999999946158,0.0,0.0,1.0
4,52,10,0.0,0.028000000000247383,0.0,0.028000000000247383,0.0,0.0,1.0
4,52,11,0.0,0.05099999999947613,0.0,0.05099999999947613,0.0,0.0,1.0
4,52,12,0.0,0.04899999999997817,0.0,0.04899999999997817,0.0,0.0,1.0
4,52,13,0.0,0.009000000000014552,0.0,0.009000000000014552,0.0,0.0,1.0
4,52,14,0.0,0.021000000000640284,0.0,0.021000000000640284,0.0,0.0,1.0
4,52,15,0.0,0.011999999999716238,0.0,0.011999999999716238,0.0,0.0,1.0
4,52,16,0.0,0.018000000000029104,0.0,0.018000000000029104,0.0,0.0,1.0
4,52,17,0.0,0.021999999999934516,0.0,0.021999999999934516,0.0,0.0,1.0
4,52,18,0.0,0.020000000000436557,0.0,0.020000000000436557,0.0,0.0,1.0
4,52,19,0.0,0.007999999999810825,0.0,0.007999999999810825,0.0,0.0,1.0
4,52,20,0.0,0.023000000000138243,0.0,0.023000000000138243,0.0,0.0,1.0
4,52,21,0.0,0.016999999999825377,0.0,0.016999999999825377,0.0,0.0,1.0
4,52,22,0.0,0.020000000000436557,0.0,0.020000000000436557,0.0,0.0,1.0
4,52,23,0.0,0.02099999999973079,0.0,0.02099999999973079,0.0,0.0,1.0
4,52,24,0.0,0.01099999999951251,0.0,0.01099999999951251,0.0,0.0,1.0
4,52,25,0.0,0.007999999999810825,0.0,0.007999999999810825,0.0,0.0,1.0
4,52,26,0.0,0.012000000000625732,0.0,0.012000000000625732,0.0,0.0,1.0
4,52,27,0.0,0.38099999999963075,0.0,0.38099999999963075,0.0,0.0,1.0
4,52,28,0.0,0.016999999999825377,0.0,0.016999999999825377,0.0,0.0,1.0
4,52,29,0.0,0.010000000000218279,0.0,0.010000000000218279,0.0,0.0,1.0
4,52,30,0.0,0.02999999999974534,0.0,0.02999999999974534,0.0,0.0,1.0
4,52,31,0.0,0.011000000000422006,0.0,0.011000000000422006,0.0,0.0,1.0
4,52,32,0.0,0.2600000000002183,0.0,0.2600000000002183,0.0,0.0,1.0
4,52,40,0.0,0.28099999999994907,0.0,0.28099999999994907,0.0,0.0,1.0
4,53,0,0.18000000000029104,0.0,0.2809999999994943,0.46099999999978536,0.3904555314541754,0.6095444685458247,0.0
4,53,40,0.0,0.2290000000002692,0.0,0.2290000000002692,0.0,0.0,1.0
4,53,45,0.0,0.08100000000013097,0.0,0.08100000000013097,0.0,0.0,1.0
4,53,47,0.0,0.02099999999973079,0.0,0.02099999999973079,0.0,0.0,1.0
4,54,0,0.09900000000016007,0.0,0.35900000000037835,0.4580000000005384,0.21615720524027007,0.78384279475973,0.0
4,54,40,0.0,0.3789999999999054,0.0,0.3789999999999054,0.0,0.0,1.0
4,54,41,0.0,0.13200000000006185,0.0,0.13200000000006185,0.0,0.0,1.0
4,54,42,0.0,0.13999999999987267,0.0,0.13999999999987267,0.0,0.0,1.0
4,54,43,0.0,0.01900000000023283,0.0,0.01900000000023283,0.0,0.0,1.0
4,54,44,0.0,0.04899999999997817,0.0,0.04899999999997817,0.0,0.0,1.0
4,54,46,0.0,0.009999999999763531,0.0,0.009999999999763531,0.0,0.0,1.0
4,54,47,0.0,0.008000000000265572,0.0,0.008000000000265572,0.0,0.0,1.0
4,55,0,0.6009999999992033,0.14000000000032742,0.34000000000060027,1.081000000000131,0.5559666975015083,0.31452358926971236,0.12950971322877933
4,55,39,0.0,0.25200000000040745,0.0,0.25200000000040745,0.0,0.0,1.0
4,55,40,0.0,0.7400000000004638,0.0,0.7400000000004638,0.0,0.0,1.0
4,55,41,0.0,0.4279999999998836,0.0,0.4279999999998836,0.0,0.0,1.0
4,56,0,0.24499999999989086,0.0500000000001819,0.29599999999982174,0.5909999999998945,0.4145516074448978,0.5008460236884511,0.08460236886665114
4,56,35,0.0,0.011000000000422006,0.0,0.011000000000422006,0.0,0.0,1.0
4,56,36,0.0,0.010000000000218279,0.0,0.010000000000218279,0.0,0.0,1.0
4,56,37,0.0,0.009999999999308784,0.0,0.009999999999308784,0.0,0.0,1.0
4,56,38,0.0,0.01700000000073487,0.0,0.01700000000073487,0.0,0.0,1.0
4,56,39,0.0,0.409999999998945,0.0,0.409999999998945,0.0,0.0,1.0
4,56,40,0.0,0.4800000000000182,0.0,0.4800000000000182,0.0,0.0,1.0
4,56,41,0.0,0.23300000000017462,0.0,0.23300000000017462,0.0,0.0,1.0
4,57,0,0.1659999999997126,0.9229999999984102,0.2220000000006621,1.310999999998785,0.1266209000761758,0.16933638444002125,0.7040427154838029
4,57,1,0.0,0.018999999999323336,0.0,0.018999999999323336,0.0,0.0,1.0
4,57,2,0.0,0.010000000000218279,0.0,0.010000000000218279,0.0,0.0,1.0
4,57,3,0.0,0.02999999999974534,0.0,0.02999999999974534,0.0,0.0,1.0
4,57,4,0.0,0.009000000000014552,0.0,0.009000000000014552,0.0,0.0,1.0
4,57,5,0.0,0.010000000000218279,0.0,0.010000000000218279,0.0,0.0,1.0
4,57,6,0.0,0.011000000000422006,0.0,0.011000000000422006,0.0,0.0,1.0
4,57,7,0.0,0.01099999999951251,0.0,0.01099999999951251,0.0,0.0,1.0
4,57,8,0.0,0.007999999999810825,0.0,0.007999999999810825,0.0,0.0,1.0
4,57,10,0.0,0.012000000000625732,0.0,0.012000000000625732,0.0,0.0,1.0
4,57,11,0.0,0.010000000000218279,0.0,0.010000000000218279,0.0,0.0,1.0
4,57,14,0.0,0.019999999999527063,0.0,0.019999999999527063,0.0,0.0,1.0
4,57,15,0.0,0.011000000000422006,0.0,0.011000000000422006,0.0,0.0,1.0
4,57,16,0.0,0.018000000000029104,0.0,0.018000000000029104,0.0,0.0,1.0
4,57,20,0.0,0.01900000000023283,0.0,0.01900000000023283,0.0,0.0,1.0
4,57,23,0.0,0.009000000000014552,0.0,0.009000000000014552,0.0,0.0,1.0
4,57,24,0.0,0.009000000000014552,0.0,0.009000000000014552,0.0,0.0,1.0
4,57,26,0.0,0.009000000000014552,0.0,0.009000000000014552,0.0,0.0,1.0
4,57,27,0.0,0.01099999999951251,0.0,0.01099999999951251,0.0,0.0,1.0
4,57,28,0.0,0.010000000000218279,0.0,0.010000000000218279,0.0,0.0,1.0
4,57,29,0.0,0.011000000000422006,0.0,0.011000000000422006,0.0,0.0,1.0
4,57,31,0.0,0.019999999999527063,0.0,0.019999999999527063,0.0,0.0,1.0
4,57,32,0.0,0.01099999999951251,0.0,0.01099999999951251,0.0,0.0,1.0
4,57,33,0.0,0.01099999999951251,0.0,0.01099999999951251,0.0,0.0,1.0
4,57,35,0.0,0.01700000000073487,0.0,0.01700000000073487,0.0,0.0,1.0
4,57,37,0.0,0.01099999999951251,0.0,0.01099999999951251,0.0,0.0,1.0
4,57,38,0.0,0.03999999999996362,0.0,0.03999999999996362,0.0,0.0,1.0
4,57,39,0.0,0.34100000000034925,0.0,0.34100000000034925,0.0,0.0,1.0
4,57,40,0.0,0.41899999999986903,0.0,0.41899999999986903,0.0,0.0,1.0
4,57,41,0.0,0.32799999999997453,0.0,0.32799999999997453,0.0,0.0,1.0
4,58,0,0.0,0.5500000000010914,0.0,0.5500000000010914,0.0,0.0,1.0
4,58,3,0.0,0.004999999999199645,0.0,0.004999999999199645,0.0,0.0,1.0
4,58,7,0.0,0.014000000000123691,0.0,0.014000000000123691,0.0,0.0,1.0
4,58,40,0.0,0.33100000000013097,0.0,0.33100000000013097,0.0,0.0,1.0
4,58,41,0.0,0.22100000000000364,0.0,0.22100000000000364,0.0,0.0,1.0
4,59,0,0.0,0.7120000000004438,0.0,0.7120000000004438,0.0,0.0,1.0
4,59,3,0.0,0.007000000000061846,0.0,0.007000000000061846,0.0,0.0,1.0
4,59,7,0.0,0.35399999999981446,0.0,0.35399999999981446,0.0,0.0,1.0
4,59,8,0.0,0.01999999999998181,0.0,0.01999999999998181,0.0,0.0,1.0
4,59,9,0.0,0.038000000000010914,0.0,0.038000000000010914,0.0,0.0,1.0
4,59,10,0.0,0.04899999999997817,0.0,0.04899999999997817,0.0,0.0,1.0
4,59,11,0.0,0.15300000000002,0.0,0.15300000000002,0.0,0.0,1.0
4,59,12,0.0,0.15799999999990177,0.0,0.15799999999990177,0.0,0.0,1.0
4,59,13,0.0,0.03199999999992542,0.0,0.03199999999992542,0.0,0.0,1.0
4,59,14,0.0,0.019000000000005457,0.0,0.019000000000005457,0.0,0.0,1.0
4,59,15,0.0,0.01999999999998181,0.0,0.01999999999998181,0.0,0.0,1.0
4,59,17,0.0,0.009999999999990905,0.0,0.009999999999990905,0.0,0.0,1.0
4,59,18,0.0,0.009999999999990905,0.0,0.009999999999990905,0.0,0.0,1.0
4,59,19,0.0,0.020000000000209184,0.0,0.020000000000209184,0.0,0.0,1.0
4,59,20,0.0,0.009999999999990905,0.0,0.009999999999990905,0.0,0.0,1.0
4,59,23,0.0,0.007999999999810825,0.0,0.007999999999810825,0.0,0.0,1.0
4,59,24,0.0,0.009000000000014552,0.0,0.009000000000014552,0.0,0.0,1.0
4,59,25,0.0,0.012000000000170985,0.0,0.012000000000170985,0.0,0.0,1.0
4,59,27,0.0,0.010999999999967258,0.0,0.010999999999967258,0.0,0.0,1.0
4,59,28,0.0,0.009000000000014552,0.0,0.009000000000014552,0.0,0.0,1.0
4,59,29,0.0,0.019000000000005457,0.0,0.019000000000005457,0.0,0.0,1.0
4,59,30,0.0,0.009999999999990905,0.0,0.009999999999990905,0.0,0.0,1.0
4,59,32,0.0,0.020999999999958163,0.0,0.020999999999958163,0.0,0.0,1.0
4,59,33,0.0,0.009999999999990905,0.0,0.009999999999990905,0.0,0.0,1.0
4,59,34,0.0,0.02200000000016189,0.0,0.02200000000016189,0.0,0.0,1.0
4,59,35,0.0,0.010999999999967258,0.0,0.010999999999967258,0.0,0.0,1.0
4,59,36,0.0,0.007000000000061846,0.0,0.007000000000061846,0.0,0.0,1.0
4,59,37,0.0,0.02099999999973079,0.0,0.02099999999973079,0.0,0.0,1.0
4,59,38,0.0,0.03700000000003456,0.0,0.03700000000003456,0.0,0.0,1.0
4,59,39,0.0,0.021999999999934516,0.0,0.021999999999934516,0.0,0.0,1.0
4,59,40,0.0,0.06200000000080763,0.0,0.06200000000080763,0.0,0.0,1.0
4,59,41,0.0,0.227999999999156,0.0,0.227999999999156,0.0,0.0,1.0
4,60,0,0.0,0.05099999999993088,0.0,0.05099999999993088,0.0,0.0,1.0
4,64,0,0.15100000000029468,0.0,0.01999999999998181,0.1710000000002765,0.8830409356728101,0.1169590643271899,0.0
4,65,0,0.31899999999950523,0.0,0.6109999999998763,0.9299999999993815,0.3430107526878681,0.6569892473121318,0.0
4,66,2,0.0,0.0,0.22000000000025466,0.22000000000025466,0.0,1.0,0.0
4,67,2,0.7489999999997963,0.0,0.13100000000031287,0.8800000000001091,0.8511363636360265,0.14886363636397343,0.0
4,68,0,0.6790000000000873,0.12100000000009459,0.29999999999972715,1.099999999999909,0.6172727272728576,0.2727272727270472,0.11000000000009508
4,68,11,0.0,1.06899999999996,0.0,1.06899999999996,0.0,0.0,1.0
4,69,11,0.0,0.05099999999993088,0.0,0.05099999999993088,0.0,0.0,1.0
4,72,0,0.0,0.0,0.1069999999999709,0.1069999999999709,0.0,1.0,0.0
4,73,0,0.28099999999994907,0.0,0.11999999999989086,0.40099999999983993,0.7007481296759632,0.29925187032403683,0.0
4,74,0,0.23900000000003274,0.0,0.04100000000016735,0.2800000000002001,0.8535714285709355,0.14642857142906446,0.0
4,75,0,0.13999999999987267,0.12100000000009459,0.0,0.26099999999996726,0.5363984674325296,0.0,0.4636015325674704
5,28,0,0.0,0.08799999999996544,0.0,0.08799999999996544,0.0,0.0,1.0
5,29,0,0.0,0.9830000000006294,0.0,0.9830000000006294,0.0,0.0,1.0
5,30,0,0.0,3.1749999999994998,0.0,3.1749999999994998,0.0,0.0,1.0
5,30,5,0.0,0.010000000000218279,0.0,0.010000000000218279,0.0,0.0,1.0
5,31,0,0.0,11.927999999999884,0.0,11.927999999999884,0.0,0.0,1.0
5,31,15,0.0,0.05100000000015825,0.0,0.05100000000015825,0.0,0.0,1.0
5,32,0,0.0,17.227000000000544,0.0,17.227000000000544,0.0,0.0,1.0
5,32,1,0.0,0.019000000000005457,0.0,0.019000000000005457,0.0,0.0,1.0
5,32,2,0.0,0.009999999999990905,0.0,0.009999999999990905,0.0,0.0,1.0
5,32,3,0.0,0.029999999999972715,0.0,0.029999999999972715,0.0,0.0,1.0
5,32,4,0.0,0.010999999999967258,0.0,0.010999999999967258,0.0,0.0,1.0
5,32,5,0.0,0.028999999999996362,0.0,0.028999999999996362,0.0,0.0,1.0
5,32,6,0.0,0.009999999999990905,0.0,0.009999999999990905,0.0,0.0,1.0
5,32,7,0.0,0.009000000000014552,0.0,0.009000000000014552,0.0,0.0,1.0
5,32,9,0.0,0.010999999999967258,0.0,0.010999999999967258,0.0,0.0,1.0
5,32,10,0.0,0.029999999999972715,0.0,0.029999999999972715,0.0,0.0,1.0
5,32,11,0.0,0.011000000000194632,0.0,0.011000000000194632,0.0,0.0,1.0
5,32,12,0.0,0.04899999999997817,0.0,0.04899999999997817,0.0,0.0,1.0
5,32,13,0.0,0.13999999999987267,0.0,0.13999999999987267,0.0,0.0,1.0
5,32,14,0.0,0.13000000000010914,0.0,0.13000000000010914,0.0,0.0,1.0
5,32,15,0.0,0.7899999999997362,0.0,0.7899999999997362,0.0,0.0,1.0
5,33,0,0.0,12.295999999998685,0.0,12.295999999998685,0.0,0.0,1.0
5,33,2,0.0,0.010000000000218279,0.0,0.010000000000218279,0.0,0.0,1.0
5,33,3,0.0,0.01099999999951251,0.0,0.01099999999951251,0.0,0.0,1.0
5,33,4,0.0,0.018000000000029104,0.0,0.018000000000029104,0.0,0.0,1.0
5,33,5,0.0,0.010000000000218279,0.0,0.010000000000218279,0.0,0.0,1.0
5,33,6,0.0,0.021999999999934516,0.0,0.021999999999934516,0.0,0.0,1.0
5,33,7,0.0,0.03600000000005821,0.0,0.03600000000005821,0.0,0.0,1.0
5,33,8,0.0,0.22599999999965803,0.0,0.22599999999965803,0.0,0.0,1.0
5,33,11,0.0,0.1209999999999809,0.0,0.1209999999999809,0.0,0.0,1.0
5,33,12,0.0,0.04999999999972715,0.0,0.04999999999972715,0.0,0.0,1.0
5,33,13,0.0,0.04800000000000182,0.0,0.04800000000000182,0.0,0.0,1.0
5,33,14,0.0,0.12999999999988177,0.0,0.12999999999988177,0.0,0.0,1.0
5,33,15,0.0,0.028999999999996362,0.0,0.028999999999996362,0.0,0.0,1.0
5,33,16,0.0,0.09199999999964348,0.0,0.09199999999964348,0.0,0.0,1.0
5,33,17,0.0,0.028000000000247383,0.0,0.028000000000247383,0.0,0.0,1.0
5,34,0,0.0,24.757000000001426,0.0,24.757000000001426,0.0,0.0,1.0
5,34,1,0.0,0.05999999999994543,0.0,0.05999999999994543,0.0,0.0,1.0
5,34,3,0.0,0.09199999999998454,0.0,0.09199999999998454,0.0,0.0,1.0
5,34,4,0.0,0.10600000000056298,0.0,0.10600000000056298,0.0,0.0,1.0
5,34,5,0.0,0.15799999999990177,0.0,0.15799999999990177,0.0,0.0,1.0
5,34,6,0.0,0.07399999999950069,0.0,0.07399999999950069,0.0,0.0,1.0
5,34,7,0.0,0.23900000000026012,0.0,0.23900000000026012,0.0,0.0,1.0
5,34,8,0.0,1.313000000000784,0.0,1.313000000000784,0.0,0.0,1.0
5,34,9,0.0,2.4560000000003583,0.0,2.4560000000003583,0.0,0.0,1.0
5,34,10,0.0,0.4499999999995907,0.0,0.4499999999995907,0.0,0.0,1.0
5,34,11,0.0,4.094999999999686,0.0,4.094999999999686,0.0,0.0,1.0
5,34,12,0.0,1.8410000000002356,0.0,1.8410000000002356,0.0,0.0,1.0
5,34,13,0.0,0.5109999999995125,0.0,0.5109999999995125,0.0,0.0,1.0
5,34,14,0.0,0.28300000000024284,0.0,0.28300000000024284,0.0,0.0,1.0
5,34,15,0.0,0.4979999999998199,0.0,0.4979999999998199,0.0,0.0,1.0
5,34,16,0.0,0.5880000000003065,0.0,0.5880000000003065,0.0,0.0,1.0
5,34,17,0.0,0.08200000000078944,0.0,0.08200000000078944,0.0,0.0,1.0
5,34,18,0.0,0.03899999999975989,0.0,0.03899999999975989,0.0,0.0,1.0
5,34,19,0.0,0.010000000000218279,0.0,0.010000000000218279,0.0,0.0,1.0
5,34,20,0.0,0.021999999999934516,0.0,0.021999999999934516,0.0,0.0,1.0
5,34,21,0.0,0.028999999999996362,0.0,0.028999999999996362,0.0,0.0,1.0
5,34,22,0.0,0.028999999999996362,0.0,0.028999999999996362,0.0,0.0,1.0
5,34,23,0.0,0.01999999999998181,0.0,0.01999999999998181,0.0,0.0,1.0
5,34,24,0.0,0.03099999999994907,0.0,0.03099999999994907,0.0,0.0,1.0
5,34,25,0.0,0.01999999999998181,0.0,0.01999999999998181,0.0,0.0,1.0
5,34,26,0.0,0.03999999999996362,0.0,0.03999999999996362,0.0,0.0,1.0
5,34,27,0.0,0.06899999999995998,0.0,0.06899999999995998,0.0,0.0,1.0
5,34,28,0.0,0.05099999999993088,0.0,0.05099999999993088,0.0,0.0,1.0
5,34,29,0.0,0.03999999999996362,0.0,0.03999999999996362,0.0,0.0,1.0
5,34,30,0.0,0.051000000000385626,0.0,0.051000000000385626,0.0,0.0,1.0
5,34,31,0.0,0.009000000000014552,0.0,0.009000000000014552,0.0,0.0,1.0
5,34,32,0.0,0.028999999999996362,0.0,0.028999999999996362,0.0,0.0,1.0
5,34,34,0.0,0.011999999999716238,0.0,0.011999999999716238,0.0,0.0,1.0
5,34,35,0.0,0.008000000000265572,0.0,0.008000000000265572,0.0,0.0,1.0
5,34,36,0.0,0.02199999999947977,0.0,0.02199999999947977,0.0,0.0,1.0
5,34,37,0.0,0.008000000000265572,0.0,0.008000000000265572,0.0,0.0,1.0
5,34,38,0.0,0.010000000000218279,0.0,0.010000000000218279,0.0,0.0,1.0
5,34,39,0.0,0.010999999999967258,0.0,0.010999999999967258,0.0,0.0,1.0
5,34,40,0.0,0.03999999999996362,0.0,0.03999999999996362,0.0,0.0,1.0
5,34,41,0.0,0.02099999999973079,0.0,0.02099999999973079,0.0,0.0,1.0
5,34,42,0.0,0.028000000000247383,0.0,0.028000000000247383,0.0,0.0,1.0
5,34,43,0.0,0.04100000000016735,0.0,0.04100000000016735,0.0,0.0,1.0
5,34,44,0.0,0.058999999999741704,0.0,0.058999999999741704,0.0,0.0,1.0
5,35,0,0.0,17.130999999998608,0.0,17.130999999998608,0.0,0.0,1.0
5,35,1,0.0,0.11000000000001364,0.0,0.11000000000001364,0.0,0.0,1.0
5,35,2,0.0,0.15899999999987813,0.0,0.15899999999987813,0.0,0.0,1.0
5,35,3,0.0,0.24400000000059663,0.0,0.24400000000059663,0.0,0.0,1.0
5,35,4,0.0,0.1399999999996453,0.0,0.1399999999996453,0.0,0.0,1.0
5,35,5,0.0,1.2799999999986085,0.0,1.2799999999986085,0.0,0.0,1.0
5,35,6,0.0,0.23800000000051114,0.0,0.23800000000051114,0.0,0.0,1.0
5,35,7,0.0,0.34300000000018827,0.0,0.34300000000018827,0.0,0.0,1.0
5,35,8,0.0,2.2899999999997362,0.0,2.2899999999997362,0.0,0.0,1.0
5,35,9,0.0,0.8899999999977126,0.0,0.8899999999977126,0.0,0.0,1.0
5,35,10,0.0,1.6230000000015252,0.0,1.6230000000015252,0.0,0.0,1.0
5,35,11,0.0,2.1530000000004748,0.0,2.1530000000004748,0.0,0.0,1.0
5,35,12,0.0,2.3609999999995352,0.0,2.3609999999995352,0.0,0.0,1.0
5,35,13,0.0,0.40699999999981173,0.0,0.40699999999981173,0.0,0.0,1.0
5,35,14,0.0,2.692000000000121,0.0,2.692000000000121,0.0,0.0,1.0
5,35,15,0.0,1.2690000000004602,0.0,1.2690000000004602,0.0,0.0,1.0
5,35,74,0.0,0.03999999999996362,0.0,0.03999999999996362,0.0,0.0,1.0
5,36,0,0.0,32.29500000000007,0.0,32.29500000000007,0.0,0.0,1.0
5,36,1,0.0,0.8350000000000364,0.0,0.8350000000000364,0.0,0.0,1.0
5,36,2,0.0,0.16599999999993997,0.0,0.16599999999993997,0.0,0.0,1.0
5,36,3,0.0,0.37899999999945067,0.0,0.37899999999945067,0.0,0.0,1.0
5,36,4,0.0,2.1820000000010396,0.0,2.1820000000010396,0.0,0.0,1.0
5,36,5,0.0,3.0140000000001237,0.0,3.0140000000001237,0.0,0.0,1.0
5,36,6,0.0,0.2180000000008704,0.0,0.2180000000008704,0.0,0.0,1.0
5,36,7,0.0,3.1440000000026203,0.0,3.1440000000026203,0.0,0.0,1.0
5,36,8,0.0,5.228999999999132,0.0,5.228999999999132,0.0,0.0,1.0
5,36,9,0.0,8.929000000000883,0.0,8.929000000000883,0.0,0.0,1.0
5,36,10,0.0,2.3149999999986903,0.0,2.3149999999986903,0.0,0.0,1.0
5,36,11,0.0,1.9340000000004238,0.0,1.9340000000004238,0.0,0.0,1.0
5,36,12,0.0,4.773999999998978,0.0,4.773999999998978,0.0,0.0,1.0
5,36,13,0.0,3.2150000000004866,0.0,3.2150000000004866,0.0,0.0,1.0
5,36,14,0.0,4.743999999998891,0.0,4.743999999998891,0.0,0.0,1.0
5,36,15,0.0,5.542999999998642,0.0,5.542999999998642,0.0,0.0,1.0
5,36,16,0.0,1.3220000000006848,0.0,1.3220000000006848,0.0,0.0,1.0
5,36,17,0.0,0.28900000000021464,0.0,0.28900000000021464,0.0,0.0,1.0
5,36,18,0.0,2.0149999999999864,0.0,2.0149999999999864,0.0,0.0,1.0
5,36,19,0.0,0.011999999999716238,0.0,0.011999999999716238,0.0,0.0,1.0
5,36,20,0.0,0.010000000000218279,0.0,0.010000000000218279,0.0,0.0,1.0
5,36,21,0.0,0.009000000000014552,0.0,0.009000000000014552,0.0,0.0,1.0
5,36,23,0.0,0.010999999999967258,0.0,0.010999999999967258,0.0,0.0,1.0
5,36,25,0.0,0.009000000000014552,0.0,0.009000000000014552,0.0,0.0,1.0
5,36,27,0.0,0.009000000000014552,0.0,0.009000000000014552,0.0,0.0,1.0
5,36,28,0.0,0.009000000000014552,0.0,0.009000000000014552,0.0,0.0,1.0
5,36,30,0.0,0.010999999999967258,0.0,0.010999999999967258,0.0,0.0,1.0
5,36,33,0.0,0.011999999999716238,0.0,0.011999999999716238,0.0,0.0,1.0
5,36,35,0.0,0.008000000000265572,0.0,0.008000000000265572,0.0,0.0,1.0
5,36,36,0.0,0.007999999999810825,0.0,0.007999999999810825,0.0,0.0,1.0
5,36,37,0.0,0.012000000000170985,0.0,0.012000000000170985,0.0,0.0,1.0
5,36,40,0.0,0.010999999999967258,0.0,0.010999999999967258,0.0,0.0,1.0
5,36,41,0.0,0.010999999999967258,0.0,0.010999999999967258,0.0,0.0,1.0
5,36,44,0.0,0.009000000000014552,0.0,0.009000000000014552,0.0,0.0,1.0
5,36,46,0.0,0.018000000000029104,0.0,0.018000000000029104,0.0,0.0,1.0
5,36,48,0.0,0.010999999999967258,0.0,0.010999999999967258,0.0,0.0,1.0
5,36,51,0.0,0.012000000000170985,0.0,0.012000000000170985,0.0,0.0,1.0
5,36,54,0.0,0.007999999999810825,0.0,0.007999999999810825,0.0,0.0,1.0
5,36,56,0.0,0.010999999999967258,0.0,0.010999999999967258,0.0,0.0,1.0
5,36,57,0.0,0.009999999999763531,0.0,0.009999999999763531,0.0,0.0,1.0
5,36,59,0.0,0.010000000000218279,0.0,0.010000000000218279,0.0,0.0,1.0
5,36,62,0.0,0.010000000000218279,0.0,0.010000000000218279,0.0,0.0,1.0
5,36,64,0.0,0.009000000000014552,0.0,0.009000000000014552,0.0,0.0,1.0
5,36,65,0.0,0.009000000000014552,0.0,0.009000000000014552,0.0,0.0,1.0
5,36,66,0.0,0.010999999999967258,0.0,0.010999999999967258,0.0,0.0,1.0
5,36,67,0.0,0.010999999999967258,0.0,0.010999999999967258,0.0,0.0,1.0
5,36,68,0.0,0.018999999999778083,0.0,0.018999999999778083,0.0,0.0,1.0
5,36,69,0.0,0.03999999999996362,0.0,0.03999999999996362,0.0,0.0,1.0
5,36,70,0.0,0.010000000000218279,0.0,0.010000000000218279,0.0,0.0,1.0
5,36,71,0.0,0.018999999999778083,0.0,0.018999999999778083,0.0,0.0,1.0
5,36,72,0.0,0.010000000000218279,0.0,0.010000000000218279,0.0,0.0,1.0
5,36,73,0.0,0.012999999999919964,0.0,0.012999999999919964,0.0,0.0,1.0
5,36,74,0.0,0.028000000000247383,0.0,0.028000000000247383,0.0,0.0,1.0
5,37,0,0.0,34.27200000000096,0.0,34.27200000000096,0.0,0.0,1.0
5,37,1,0.0,0.11099999999987631,0.0,0.11099999999987631,0.0,0.0,1.0
5,37,2,0.0,0.9499999999993634,0.0,0.9499999999993634,0.0,0.0,1.0
5,37,3,0.0,0.8930000000004839,0.0,0.8930000000004839,0.0,0.0,1.0
5,37,4,0.0,3.276999999999475,0.0,3.276999999999475,0.0,0.0,1.0
5,37,5,0.0,0.7190000000006194,0.0,0.7190000000006194,0.0,0.0,1.0
5,37,6,0.0,0.5469999999993433,0.0,0.5469999999993433,0.0,0.0,1.0
5,37,7,0.5899999999996908,3.228999999999246,0.0,3.818999999998937,0.15449070437283452,0.0,0.8455092956271655
5,37,8,0.06900000000041473,2.8959999999991624,0.0,2.964999999999577,0.023271500843313513,0.0,0.9767284991566865
5,37,9,0.12099999999963984,3.41399999999976,0.0,3.5349999999993997,0.03422913719933816,0.0,0.9657708628006618
5,37,10,0.04100000000016735,7.988000000001762,1.1679999999998927,9.197000000001822,0.004457975426786912,0.12699793410891175,0.8685440904643014
5,37,11,0.0,7.735000000000241,0.10999999999967258,7.844999999999914,0.0,0.014021669853368234,0.9859783301466317
5,37,12,0.0,5.443999999999733,0.06100000000014916,5.504999999999882,0.0,0.0110808356040237,0.9889191643959763
5,37,13,0.0,4.571999999999434,0.44000000000005457,5.011999999999489,0.0,0.08778930566642047,0.9122106943335795
5,37,14,0.0,15.228000000001543,0.10999999999967258,15.338000000001216,0.0,0.00717173034291719,0.9928282696570828
5,37,15,0.0,1.0210000000002992,0.0,1.0210000000002992,0.0,0.0,1.0
5,37,16,0.0,9.727999999998701,0.0,9.727999999998701,0.0,0.0,1.0
5,37,17,0.0,0.6839999999999691,0.21000000000003638,0.8940000000000055,0.0,0.23489932885909967,0.7651006711409003
5,37,18,0.0,9.91200000000049,0.0,9.91200000000049,0.0,0.0,1.0
5,37,19,0.0,2.6730000000004566,0.0,2.6730000000004566,0.0,0.0,1.0
5,37,20,0.0,0.158999999999196,0.0,0.158999999999196,0.0,0.0,1.0
5,38,0,0.0,20.77399999999966,0.0,20.77399999999966,0.0,0.0,1.0
5,38,1,0.0,2.4939999999992324,0.0,2.4939999999992324,0.0,0.0,1.0
5,38,2,0.0,5.728000000000975,0.0,5.728000000000975,0.0,0.0,1.0
5,38,3,0.0,1.2720000000010714,0.0,1.2720000000010714,0.0,0.0,1.0
5,38,4,0.0,1.0750000000005002,0.0,1.0750000000005002,0.0,0.0,1.0
5,38,5,0.0,0.07000000000016371,0.0,0.07000000000016371,0.0,0.0,1.0
5,38,6,0.0,0.07300000000009277,0.0,0.07300000000009277,0.0,0.0,1.0
5,38,7,0.0,0.4409999999993488,0.0,0.4409999999993488,0.0,0.0,1.0
5,38,8,0.0,0.5519999999996799,0.0,0.5519999999996799,0.0,0.0,1.0
5,38,9,0.0,0.2849999999998545,0.0,0.2849999999998545,0.0,0.0,1.0
5,38,10,0.0,0.7300000000016098,0.0,0.7300000000016098,0.0,0.0,1.0
5,38,11,0.0,3.232999999999265,0.40099999999983993,3.633999999999105,0.0,0.1103467253714746,0.8896532746285254
5,38,12,0.0,2.2899999999999636,0.0,2.2899999999999636,0.0,0.0,1.0
5,38,13,0.0,0.0590000000006512,0.0,0.0590000000006512,0.0,0.0,1.0
5,38,14,0.0,2.5489999999995234,0.0,2.5489999999995234,0.0,0.0,1.0
5,38,15,0.0,2.604000000000724,0.0,2.604000000000724,0.0,0.0,1.0
5,38,16,0.0,5.371000000000095,0.66800000000012,6.039000000000215,0.0,0.11061434012255279,0.8893856598774472
5,38,17,0.0,4.527999999999679,0.6400000000003274,5.168000000000006,0.0,0.1238390092879889,0.8761609907120111
5,38,18,0.0,3.643000000000029,0.0,3.643000000000029,0.0,0.0,1.0
5,38,19,0.0,3.2620000000000573,0.20800000000144792,3.470000000001505,0.0,0.0599423631127832,0.9400576368872168
5,38,20,0.0,0.22100000000045839,0.0,0.22100000000045839,0.0,0.0,1.0
5,38,21,0.0,0.6610000000000582,0.0,0.6610000000000582,0.0,0.0,1.0
5,38,22,0.0,0.10899999999946886,0.0,0.10899999999946886,0.0,0.0,1.0
5,38,23,0.0,0.6400000000007822,0.0,0.6400000000007822,0.0,0.0,1.0
5,38,24,0.0,0.0999999999994543,0.0,0.0999999999994543,0.0,0.0,1.0
5,38,25,0.0,0.05200000000058935,0.0,0.05200000000058935,0.0,0.0,1.0
5,39,0,0.11999999999989086,24.55299999999761,0.46900000000005093,25.14199999999755,0.004772889984881973,0.018654045024266035,0.976573064990852
5,39,1,0.0,0.39599999999995816,0.0,0.39599999999995816,0.0,0.0,1.0
5,39,2,0.0,0.2080000000007658,0.0,0.2080000000007658,0.0,0.0,1.0
5,39,3,0.0,2.186999999999216,0.0,2.186999999999216,0.0,0.0,1.0
5,39,4,0.0,2.7380000000000564,0.0,2.7380000000000564,0.0,0.0,1.0
5,39,5,0.0,2.126999999999498,0.0,2.126999999999498,0.0,0.0,1.0
5,39,6,0.0,1.595000000000482,0.0,1.595000000000482,0.0,0.0,1.0
5,39,7,0.0,0.9080000000001291,0.0,0.9080000000001291,0.0,0.0,1.0
5,39,8,0.0,5.099000000000615,0.0,5.099000000000615,0.0,0.0,1.0
5,39,9,0.0,5.318999999999505,0.0,5.318999999999505,0.0,0.0,1.0
5,39,10,0.0,9.226999999999862,0.0,9.226999999999862,0.0,0.0,1.0
5,39,11,0.0,7.719000000000278,0.0,7.719000000000278,0.0,0.0,1.0
5,39,12,0.0,7.925999999999249,0.0,7.925999999999249,0.0,0.0,1.0
5,39,13,0.0,8.596000000000004,0.0,8.596000000000004,0.0,0.0,1.0
5,39,14,0.0,5.578000000000884,0.0,5.578000000000884,0.0,0.0,1.0
5,39,15,0.0,10.132999999999697,0.0,10.132999999999697,0.0,0.0,1.0
5,39,16,0.0,19.871000000000663,0.0,19.871000000000663,0.0,0.0,1.0
5,39,17,0.0,13.752000000000066,0.0,13.752000000000066,0.0,0.0,1.0
5,39,18,0.0,7.73599999999999,0.0,7.73599999999999,0.0,0.0,1.0
5,39,19,0.0,9.726999999998498,1.003999999998996,10.730999999997493,0.0,0.09356071195594357,0.9064392880440564
5,39,20,0.0,0.5899999999996908,0.0,0.5899999999996908,0.0,0.0,1.0
5,39,21,0.0,1.231000000000222,0.0,1.231000000000222,0.0,0.0,1.0
5,39,22,0.0,0.24099999999998545,0.0,0.24099999999998545,0.0,0.0,1.0
5,39,23,0.0,0.10799999999971988,0.0,0.10799999999971988,0.0,0.0,1.0
5,39,24,0.0,0.06700000000000728,0.0,0.06700000000000728,0.0,0.0,1.0
5,39,25,0.0,0.09200000000009823,0.0,0.09200000000009823,0.0,0.0,1.0
5,39,26,0.0,0.14100000000053114,0.0,0.14100000000053114,0.0,0.0,1.0
5,39,27,0.0,0.569999999999709,0.0,0.569999999999709,0.0,0.0,1.0
5,39,28,0.0,0.04899999999997817,0.0,0.04899999999997817,0.0,0.0,1.0
5,39,29,0.0,0.08100000000013097,0.0,0.08100000000013097,0.0,0.0,1.0
5,39,30,0.0,0.028999999999996362,0.0,0.028999999999996362,0.0,0.0,1.0
5,39,31,0.0,0.009999999999763531,0.0,0.009999999999763531,0.0,0.0,1.0
5,40,0,0.0,6.557999999999879,0.02099999999973079,6.57899999999961,0.0,0.003191974464163556,0.9968080255358365
5,40,1,0.0,0.07600000000047658,0.0,0.07600000000047658,0.0,0.0,1.0
5,40,2,0.0,0.06299999999987449,0.0,0.06299999999987449,0.0,0.0,1.0
5,40,3,0.0,0.11200000000030741,0.0,0.11200000000030741,0.0,0.0,1.0
5,40,4,0.0,2.7490000000011605,0.0,2.7490000000011605,0.0,0.0,1.0
5,40,5,0.0,0.6469999999999345,0.0,0.6469999999999345,0.0,0.0,1.0
5,40,6,0.0,1.2879999999986467,0.0,1.2879999999986467,0.0,0.0,1.0
5,40,7,0.0,0.3299999999994725,0.0,0.3299999999994725,0.0,0.0,1.0
5,40,8,0.0,3.0410000000008495,0.0,3.0410000000008495,0.0,0.0,1.0
5,40,9,0.0,3.1530000000004748,0.0,3.1530000000004748,0.0,0.0,1.0
5,40,10,0.0,1.4019999999991342,0.0,1.4019999999991342,0.0,0.0,1.0
5,40,11,0.0,0.38400000000001455,0.0,0.38400000000001455,0.0,0.0,1.0
5,40,12,0.0,9.3700000000008,0.0,9.3700000000008,0.0,0.0,1.0
5,40,13,0.0,0.5579999999990832,0.0,0.5579999999990832,0.0,0.0,1.0
5,40,14,0.0,3.034999999999968,0.0,3.034999999999968,0.0,0.0,1.0
5,40,15,0.0,5.19099999999969,0.0,5.19099999999969,0.0,0.0,1.0
5,40,16,0.0,7.188000000000443,0.0,7.188000000000443,0.0,0.0,1.0
5,40,17,0.0,4.2420000000004165,0.0,4.2420000000004165,0.0,0.0,1.0
5,40,18,0.0,3.4609999999997854,0.0,3.4609999999997854,0.0,0.0,1.0
5,40,19,0.0,6.569000000000187,0.0,6.569000000000187,0.0,0.0,1.0
5,40,20,0.0,0.8710000000000946,0.0,0.8710000000000946,0.0,0.0,1.0
5,40,21,0.0,0.5299999999997453,0.0,0.5299999999997453,0.0,0.0,1.0
5,41,0,0.18099999999958527,7.708999999999378,0.019999999999527063,7.90999999999849,0.022882427307158004,0.002528445006261805,0.9745891276865802
5,41,1,0.010000000000218279,0.6690000000000964,0.0,0.6790000000003147,0.014727540501051023,0.0,0.9852724594989489
5,41,2,0.009000000000014552,0.06299999999919237,0.0,0.07199999999920692,0.125000000001579,0.0,0.874999999998421
5,41,3,0.010000000000218279,0.314000000000874,0.0,0.3240000000010923,0.030864197531433844,0.0,0.9691358024685661
5,41,4,0.016999999999825377,4.35199999999918,0.0,4.368999999999005,0.003891050583618505,0.0,0.9961089494163815
5,41,5,0.0,0.4760000000001128,0.0,0.4760000000001128,0.0,0.0,1.0
5,41,6,0.0,1.430999999999358,0.0,1.430999999999358,0.0,0.0,1.0
5,41,7,0.007000000000061846,2.0620000000005803,0.375,2.444000000000642,0.002864157119500821,0.1534369885433312,0.843698854337168
5,41,8,0.5570000000000164,4.223999999999705,0.11300000000005639,4.893999999999778,0.11381283203924022,0.023089497343698716,0.8630976706170611
5,41,9,0.0,4.7879999999979646,0.0,4.7879999999979646,0.0,0.0,1.0
5,41,10,0.0,7.876000000002932,0.0,7.876000000002932,0.0,0.0,1.0
5,41,11,0.0,1.661000000000854,0.0,1.661000000000854,0.0,0.0,1.0
5,41,12,0.0,5.286000000000172,0.0,5.286000000000172,0.0,0.0,1.0
5,41,13,0.0,0.8459999999978436,0.0,0.8459999999978436,0.0,0.0,1.0
5,41,14,0.0,10.595000000002983,0.0,10.595000000002983,0.0,0.0,1.0
5,41,15,0.0,10.17900000000077,0.0,10.17900000000077,0.0,0.0,1.0
5,41,16,0.0,9.145999999999503,0.3089999999999691,9.454999999999472,0.0,0.03268112109994567,0.9673188789000543
5,41,17,0.0,4.529999999999404,0.5629999999998745,5.092999999999279,0.0,0.11054388376201732,0.8894561162379827
5,41,18,0.0,10.879999999998063,0.0,10.879999999998063,0.0,0.0,1.0
5,41,19,0.0,6.922999999999888,0.0,6.922999999999888,0.0,0.0,1.0
5,41,20,0.0,4.505000000000109,0.0,4.505000000000109,0.0,0.0,1.0
5,41,21,0.0,1.204000000000292,2.21100000000024,3.415000000000532,0.0,0.6474377745241275,0.35256222547587246
5,41,22,0.0,0.05300000000011096,0.0,0.05300000000011096,0.0,0.0,1.0
5,41,23,0.0,0.05999999999994543,0.0,0.05999999999994543,0.0,0.0,1.0
5,41,24,0.0,0.038000000000010914,0.0,0.038000000000010914,0.0,0.0,1.0
5,41,25,0.0,0.06099999999992178,0.0,0.06099999999992178,0.0,0.0,1.0
5,41,26,0.0,0.07100000000014006,0.0,0.07100000000014006,0.0,0.0,1.0
5,41,27,0.0,0.09799999999995634,0.0,0.09799999999995634,0.0,0.0,1.0
5,41,28,0.0,0.07600000000002183,0.0,0.07600000000002183,0.0,0.0,1.0
5,41,29,0.0,0.09500000000002728,0.0,0.09500000000002728,0.0,0.0,1.0
5,41,30,0.0,0.21699999999987085,0.0,0.21699999999987085,0.0,0.0,1.0
5,41,31,0.0,0.18100000000004002,0.0,0.18100000000004002,0.0,0.0,1.0
5,42,0,0.0,2.3069999999993342,0.0,2.3069999999993342,0.0,0.0,1.0
5,42,1,0.0,0.010000000000218279,0.0,0.010000000000218279,0.0,0.0,1.0
5,42,3,1.1979999999994106,1.5630000000010114,0.06999999999970896,2.831000000000131,0.42317202401955323,0.02472624514295504,0.5521017308374917
5,42,4,2.2899999999981446,3.157000000000153,0.14099999999962165,5.587999999997919,0.4098067287041871,0.025232641374315346,0.5649606299214975
5,42,5,0.031000000000858563,2.956999999999425,0.0,2.9880000000002838,0.010374832664275642,0.0,0.9896251673357244
5,42,6,0.019999999999527063,1.9260000000012951,0.0,1.9460000000008222,0.010277492291633408,0.0,0.9897225077083666
5,42,7,0.02900000000045111,0.6370000000006257,0.0,0.6660000000010768,0.04354354354415048,0.0,0.9564564564558495
5,42,8,0.40999999999917236,4.789999999998713,0.0,5.199999999997885,0.07884615384602675,0.0,0.9211538461539732
5,42,9,0.03700000000048931,1.1000000000003638,0.0,1.137000000000853,0.032541776605507076,0.0,0.9674582233944929
5,42,10,0.04399999999986903,8.547999999998979,0.03999999999996362,8.631999999998811,0.0050973123262135185,0.0046339202965673225,0.9902687673772191
5,42,11,0.1700000000005275,1.5129999999994652,0.09000000000014552,1.7730000000001382,0.09588268471546207,0.05076142131987507,0.8533558939646628
5,42,12,0.9399999999991451,13.92499999999984,0.11999999999989086,14.984999999998877,0.06272939606267705,0.008008008008001326,0.9292625959293216
5,42,13,1.6410000000003038,4.067000000000462,0.46900000000005093,6.177000000000817,0.2656629431763132,0.0759268253197327,0.6584102315039541
5,42,14,2.04300000000012,2.526999999999248,0.4099999999998545,4.979999999999222,0.41024096385550984,0.08232931726905994,0.5074297188754302
5,42,15,0.0,7.777999999998883,1.1080000000006294,8.885999999999513,0.0,0.12469052442051431,0.8753094755794857
5,42,16,0.0,27.616000000000213,0.2300000000000182,27.84600000000023,0.0,0.008259714142067668,0.9917402858579323
5,42,17,0.0,5.361000000000104,0.4559999999992215,5.816999999999325,0.0,0.07839092315614138,0.9216090768438586
5,42,18,0.0,18.295000000000073,0.0,18.295000000000073,0.0,0.0,1.0
5,42,19,0.0,4.016999999999371,0.0,4.016999999999371,0.0,0.0,1.0
5,42,20,0.0,6.618000000001302,0.0,6.618000000001302,0.0,0.0,1.0
5,42,21,0.0,3.1959999999995716,0.9820000000004256,4.177999999999997,0.0,0.23504068932513794,0.7649593106748621
5,42,22,0.0,0.0809999999999036,0.0,0.0809999999999036,0.0,0.0,1.0
5,42,23,0.0,0.566999999998643,0.0,0.566999999998643,0.0,0.0,1.0
5,42,24,0.0,0.2010000000011587,0.0,0.2010000000011587,0.0,0.0,1.0
5,42,25,0.0,0.040999999999485226,0.0,0.040999999999485226,0.0,0.0,1.0
5,42,26,0.0,0.020000000000209184,0.0,0.020000000000209184,0.0,0.0,1.0
5,42,27,0.0,0.06100000000037653,0.0,0.06100000000037653,0.0,0.0,1.0
5,42,28,0.0,0.018000000000029104,0.0,0.018000000000029104,0.0,0.0,1.0
5,42,29,0.0,0.04899999999929605,0.0,0.04899999999929605,0.0,0.0,1.0
5,42,30,0.0,0.04100000000016735,0.0,0.04100000000016735,0.0,0.0,1.0
5,42,31,0.0,0.10100000000056752,0.0,0.10100000000056752,0.0,0.0,1.0
5,42,32,0.0,0.1299999999996544,0.0,0.1299999999996544,0.0,0.0,1.0
5,42,33,0.0,0.056999999999789,0.0,0.056999999999789,0.0,0.0,1.0
5,42,34,0.0,0.21100000000046748,0.0,0.21100000000046748,0.0,0.0,1.0
5,42,35,0.0,0.07400000000006912,0.0,0.07400000000006912,0.0,0.0,1.0
5,42,36,0.0,0.06899999999973261,0.0,0.06899999999973261,0.0,0.0,1.0
5,42,37,0.0,0.04099999999993997,0.0,0.04099999999993997,0.0,0.0,1.0
5,42,38,0.0,0.03800000000023829,0.0,0.03800000000023829,0.0,0.0,1.0
5,42,39,0.0,0.0500000000001819,0.0,0.0500000000001819,0.0,0.0,1.0
5,42,40,0.0,0.06099999999969441,0.0,0.06099999999969441,0.0,0.0,1.0
5,42,41,0.0,0.0829999999998563,0.0,0.0829999999998563,0.0,0.0,1.0
5,42,42,0.0,0.020000000000436557,0.0,0.020000000000436557,0.0,0.0,1.0
5,42,43,0.0,0.018999999999323336,0.0,0.018999999999323336,0.0,0.0,1.0
5,42,44,0.0,0.019999999999527063,0.0,0.019999999999527063,0.0,0.0,1.0
5,42,45,0.0,0.021000000000640284,0.0,0.021000000000640284,0.0,0.0,1.0
5,42,46,0.0,0.03099999999994907,0.0,0.03099999999994907,0.0,0.0,1.0
5,42,47,0.0,0.009000000000014552,0.0,0.009000000000014552,0.0,0.0,1.0
5,43,0,0.0,0.6320000000005166,0.0,0.6320000000005166,0.0,0.0,1.0
5,43,2,0.0,0.010999999999967258,0.0,0.010999999999967258,0.0,0.0,1.0
5,43,3,0.8440000000000509,0.0,0.2830000000003565,1.1270000000004075,0.7488908606918774,0.2511091393081226,0.0
5,43,4,0.9840000000012878,0.012000000000170985,0.0,0.9960000000014588,0.9879518072287616,0.0,0.012048192771238362
5,43,5,1.1590000000005602,0.02999999999974534,0.0,1.1890000000003056,0.9747687132045941,0.0,0.025231286795405913
5,43,6,0.0,0.5949999999997999,0.0,0.5949999999997999,0.0,0.0,1.0
5,43,7,0.18000000000029104,0.2849999999998545,0.0,0.4650000000001455,0.38709677419405314,0.0,0.6129032258059469
5,43,8,0.027999999999792635,0.3000000000001819,0.0,0.32799999999997453,0.08536585365791101,0.0,0.914634146342089
5,43,9,0.04100000000016735,0.7990000000013424,0.0,0.8400000000015098,0.048809523809635304,0.0,0.9511904761903647
5,43,10,0.5159999999996217,4.556999999999334,0.0,5.072999999998956,0.10171496156115274,0.0,0.8982850384388472
5,43,11,2.3420000000000982,4.540000000000077,0.10100000000011278,6.983000000000288,0.3353859372762425,0.014463697551211314,0.6501503651725462
5,43,12,0.33599999999978536,6.020999999998708,0.13999999999987267,6.496999999998366,0.05171617669691702,0.021548406957042927,0.9267354163460401
5,43,13,0.8619999999998527,1.1750000000006366,0.21900000000050568,2.256000000000995,0.3820921985813265,0.09707446808528772,0.5208333333333858
5,43,14,1.8350000000000364,1.0729999999997517,0.8289999999997235,3.7369999999995116,0.49103559004556496,0.22183569708317685,0.28712871287125824
5,43,15,0.0,1.3320000000003347,0.0,1.3320000000003347,0.0,0.0,1.0
5,43,16,0.0,14.783000000000698,0.0,14.783000000000698,0.0,0.0,1.0
5,43,17,2.844000000000051,4.130999999999176,0.8030000000007931,7.77800000000002,0.3656466958086968,0.10323990743131795,0.5311133967599853
5,43,18,0.0,3.5510000000008404,0.0,3.5510000000008404,0.0,0.0,1.0
5,43,19,0.0,0.1410000000000764,0.0,0.1410000000000764,0.0,0.0,1.0
5,43,20,0.0,6.2290000000001555,0.0,6.2290000000001555,0.0,0.0,1.0
5,43,21,0.0,0.49500000000080036,0.0,0.49500000000080036,0.0,0.0,1.0
5,43,23,0.0,0.7110000000002401,0.0,0.7110000000002401,0.0,0.0,1.0
5,43,24,0.0,0.68100000000004,0.0,0.68100000000004,0.0,0.0,1.0
5,43,47,0.0,0.26900000000023283,0.0,0.26900000000023283,0.0,0.0,1.0
5,44,0,0.5039999999999054,0.0,0.007999999999810825,0.5119999999997162,0.9843750000003608,0.015624999999639178,0.0
5,44,1,0.01900000000023283,0.0,0.0,0.01900000000023283,1.0,0.0,0.0
5,44,2,0.010999999999967258,0.0,0.0,0.010999999999967258,1.0,0.0,0.0
5,44,3,0.3579999999988104,0.0,0.04100000000016735,0.39899999999897773,0.8972431077687408,0.10275689223125913,0.0
5,44,4,0.2090000000002874,0.0,0.0,0.2090000000002874,1.0,0.0,0.0
5,44,5,1.1109999999994216,0.0,0.04300000000012005,1.1539999999995416,0.9627383015596732,0.037261698440326806,0.0
5,44,6,0.9100000000003092,0.0,0.02900000000045111,0.9390000000007603,0.9691160809367118,0.030883919063288207,0.0
5,44,7,1.8569999999990614,0.4810000000002219,0.15200000000004366,2.489999999999327,0.7457831325299451,0.06104417670686134,0.19317269076319354
5,44,8,2.5149999999998727,0.18099999999958527,0.31600000000071304,3.012000000000171,0.8349933598936686,0.10491367861908868,0.06009296148724269
5,44,9,0.7730000000003656,2.4879999999993743,0.0680000000011205,3.3290000000008604,0.2322018624211973,0.020426554521208447,0.7473715830575942
5,44,10,1.8239999999982501,1.9010000000007494,2.2549999999998818,5.979999999998881,0.3050167224077912,0.37709030100339525,0.31789297658881355
5,44,11,1.6660000000001673,3.561000000000604,1.2189999999995962,6.446000000000367,0.2584548557244915,0.18910952528692626,0.5524356189885822
5,44,12,0.5569999999991069,4.00899999999956,1.0180000000004839,5.5839999999991505,0.09974928366747701,0.18230659025799403,0.717944126074529
5,44,13,2.7160000000012587,1.0299999999997453,2.4179999999992106,6.164000000000215,0.4406229720962304,0.3922777417260101,0.1670992861777595
5,44,14,6.42699999999968,3.60100000000034,1.5340000000005602,11.56200000000058,0.5558726863863828,0.13267600761118173,0.31145130600243554
5,44,15,1.7199999999998,3.719999999999345,1.3380000000004202,6.777999999999565,0.2537621717320611,0.19740336382421156,0.5488344644437273
5,44,16,13.038000000000011,7.103000000000634,0.14200000000005275,20.283000000000698,0.6428043188877169,0.007000936745059797,0.35019474436722325
5,44,17,8.32600000000025,4.8760000000006585,0.049999999999954525,13.252000000000862,0.6282825233926733,0.00377301539389913,0.3679444612134275
5,44,18,0.0,2.949999999998454,0.05899999999996908,3.008999999998423,0.0,0.0196078431372549,0.9803921568627451
5,44,19,0.0,1.7440000000021882,0.4010000000000673,2.1450000000022555,0.0,0.18694638694622173,0.8130536130537782
5,44,20,0.0,10.449999999998681,0.0,10.449999999998681,0.0,0.0,1.0
5,44,21,0.0,1.2549999999991996,0.0,1.2549999999991996,0.0,0.0,1.0
5,44,22,0.0,0.32000000000061846,0.0,0.32000000000061846,0.0,0.0,1.0
5,44,23,0.0,1.3289999999997235,0.0,1.3289999999997235,0.0,0.0,1.0
5,44,24,0.0,0.9789999999998145,0.0,0.9789999999998145,0.0,0.0,1.0
5,44,25,0.0,0.0,0.8379999999997381,0.8379999999997381,0.0,1.0,0.0
5,45,0,1.5410000000003947,0.8409999999998945,0.09799999999995634,2.4800000000002456,0.6213709677420332,0.03951612903223655,0.33911290322573034
5,45,1,0.02400000000034197,0.0,0.0,0.02400000000034197,1.0,0.0,0.0
5,45,2,0.016999999999825377,0.0,0.15800000000035652,0.1750000000001819,0.09714285714175833,0.9028571428582417,0.0
5,45,3,0.13000000000010914,0.0,0.09199999999964348,0.22199999999975262,0.5855855855867298,0.41441441441327026,0.0
5,45,4,0.1820000000006985,0.0,0.0,0.1820000000006985,1.0,0.0,0.0
5,45,5,0.2669999999998254,0.0,0.11799999999948341,0.3849999999993088,0.693506493507285,0.30649350649271495,0.0
5,45,6,0.44200000000091677,0.0,0.03900000000021464,0.4810000000011314,0.9189189189186634,0.0810810810813366,0.0
5,45,7,0.2749999999987267,0.0,0.010999999999967258,0.28599999999869397,0.9615384615384004,0.038461538461599616,0.0
5,45,8,3.2199999999988904,0.0,2.758999999999787,5.978999999998678,0.538551597257,0.4614484027430001,0.0
5,45,9,2.1879999999994197,0.3680000000003929,1.3109999999996944,3.866999999999507,0.565813291957512,0.33902249806047624,0.09516420998201185
5,45,10,1.6690000000014606,0.0,2.7390000000009422,4.408000000002403,0.3786297640654607,0.6213702359345393,0.0
5,45,11,1.4950000000010277,0.24099999999998545,0.26799999999980173,2.004000000000815,0.7460079840321456,0.1337325349299864,0.12025948103786799
5,45,12,3.1789999999984957,0.047000000000025466,2.4829999999990378,5.708999999997559,0.5568400770712656,0.4349273077596951,0.008232615169039335
5,45,13,22.723999999999705,0.03300000000035652,4.20400000000086,26.961000000000922,0.8428470754051752,0.1559289343867333,0.0012239902080915172
5,45,14,12.084000000000287,0.19499999999925421,7.427999999998974,19.706999999998516,0.613183132897001,0.37692190592173,0.009894961181269037
5,45,15,21.94400000000155,0.15399999999999636,2.9620000000008986,25.060000000002447,0.8756584197924744,0.11819632881087827,0.006145251396647299
5,45,16,9.838999999998805,1.2339999999994689,3.9479999999994106,15.020999999997684,0.6550163104986566,0.2628320351507902,0.08215165435055316
5,45,17,7.187000000000353,5.302999999999884,4.776000000000067,17.266000000000304,0.41625159272560097,0.27661299664079597,0.30713541063360306
5,45,18,5.9520000000002256,7.581000000000586,0.7220000000004347,14.255000000001246,0.41753770606802565,0.050648895124543784,0.5318133988074306
5,45,19,0.6109999999998763,4.694999999999254,0.2279999999998381,5.533999999998969,0.11040838453198232,0.041199855439082146,0.8483917600289356
5,45,20,0.40800000000012915,6.588999999998691,0.010999999999967258,7.007999999998788,0.05821917808222028,0.0015696347031919466,0.9402111872145877
5,45,21,0.0,1.0740000000002965,0.029999999999972715,1.1040000000002692,0.0,0.02717391304344692,0.972826086956553
5,45,22,0.0,0.15800000000035652,0.0,0.15800000000035652,0.0,0.0,1.0
5,45,23,0.0,0.652000000000271,0.0,0.652000000000271,0.0,0.0,1.0
5,45,24,0.0,0.5790000000001783,0.0,0.5790000000001783,0.0,0.0,1.0
5,45,25,0.0,0.5519999999996799,0.14800000000013824,0.6999999999998181,0.0,0.21142857142882385,0.7885714285711761
5,45,26,0.0,0.3289999999997235,0.0,0.3289999999997235,0.0,0.0,1.0
5,46,0,0.31999999999970896,1.193000000000211,0.03899999999998727,1.5519999999999072,0.20618556701013407,0.02512886597937474,0.7686855670104912
5,46,1,0.0,0.4299999999998363,0.0,0.4299999999998363,0.0,0.0,1.0
5,46,2,0.0,0.012000000000170985,0.0,0.012000000000170985,0.0,0.0,1.0
5,46,3,0.0,0.0,0.009999999999990905,0.009999999999990905,0.0,1.0,0.0
5,46,5,0.0,0.0,0.008000000000038199,0.008000000000038199,0.0,1.0,0.0
5,46,6,0.0,0.31799999999998363,0.02299999999991087,0.3409999999998945,0.0,0.06744868035166565,0.9325513196483344
5,46,7,0.25,0.03999999999996362,0.34400000000005093,0.6340000000000146,0.39432176656150514,0.5425867507887114,0.06309148264978344
5,46,8,1.8770000000015443,0.08100000000013097,0.8099999999999454,2.7680000000016207,0.6781069364163459,0.29263005780327717,0.029263005780377
5,46,9,0.5769999999988613,0.10999999999989996,0.21200000000044383,0.8989999999992051,0.6418242491650406,0.23581757508412823,0.12235817575083116
5,46,10,0.5720000000005712,0.011999999999943611,0.19600000000014006,0.7800000000006548,0.73333333333345,0.2512820512820199,0.015384615384530176
5,46,11,0.8029999999992015,0.007000000000061846,0.11000000000012733,0.9199999999993906,0.8728260869562319,0.11956521739152194,0.007608695652246176
5,46,12,3.6980000000012296,0.06099999999992178,0.8859999999999673,4.645000000001119,0.7961248654467898,0.1907427341226596,0.013132400430550504
5,46,13,7.018999999999096,0.0,0.6280000000003838,7.64699999999948,0.9178762913560315,0.08212370864396842,0.0
5,46,14,24.297999999999547,0.0,2.44600000000014,26.743999999999687,0.908540233323356,0.09145976667664406,0.0
5,46,15,9.068999999998823,0.09000000000014552,2.5790000000008604,11.737999999999829,0.7726188447775563,0.21971375021305997,0.0076674050093837815
5,46,16,16.451999999999316,0.3679999999997108,7.583000000001903,24.40300000000093,0.6741794041715645,0.31074048272759963,0.01508011310083583
5,46,17,1.6499999999994088,0.011000000000422006,2.0189999999995507,3.6799999999993815,0.44836956521730603,0.5486413043477962,0.0029891304348977866
5,46,18,2.2980000000009113,0.9700000000002547,1.2619999999997162,4.530000000000882,0.507284768212023,0.2785871964678743,0.21412803532010283
5,46,19,0.047999999999774445,1.6079999999992651,0.028999999999996362,1.684999999999036,0.028486646884155434,0.01721068249258929,0.9543026706232552
5,46,20,0.7459999999994125,3.6850000000002865,0.23499999999989996,4.665999999999599,0.15987998285458135,0.050364337762520396,0.7897556793828983
5,46,21,0.02099999999973079,0.7590000000000146,0.1640000000006694,0.9440000000004147,0.02224576271156945,0.17372881355995481,0.8040254237284757
5,46,22,0.06900000000041473,0.0,0.08899999999994179,0.15800000000035652,0.43670886076113313,0.5632911392388669,0.0
5,46,23,0.13899999999966894,0.01999999999998181,0.010999999999967258,0.169999999999618,0.8176470588234193,0.06470588235289397,0.11764705882368677
5,46,24,0.01900000000023283,1.4820000000004256,0.0,1.5010000000006585,0.01265822784825083,0.0,0.9873417721517491
5,46,25,0.011999999999716238,0.0,0.0,0.011999999999716238,1.0,0.0,0.0
5,46,26,0.020000000000436557,0.5799999999999272,0.0,0.6000000000003638,0.03333333333404072,0.0,0.9666666666659592
5,46,27,0.028000000000247383,0.0,0.0,0.028000000000247383,1.0,0.0,0.0
5,46,28,0.02099999999973079,0.0,0.0,0.02099999999973079,1.0,0.0,0.0
5,46,29,0.030000000000654836,0.0,0.0,0.030000000000654836,1.0,0.0,0.0
5,46,30,0.010000000000218279,0.0,0.0500000000001819,0.06000000000040018,0.16666666666919305,0.833333333330807,0.0
5,46,31,0.0,0.0,0.028999999999541615,0.028999999999541615,0.0,1.0,0.0
5,47,0,0.8479999999999563,0.0,0.0,0.8479999999999563,1.0,0.0,0.0
5,47,1,0.01999999999998181,0.047999999999774445,0.0,0.06799999999975626,0.2941176470596103,0.0,0.7058823529403897
5,47,2,0.25700000000006185,0.3510000000005675,0.42099999999982174,1.029000000000451,0.24975704567536364,0.40913508260411774,0.3411078717205186
5,47,3,0.0,0.34999999999990905,0.0,0.34999999999990905,0.0,0.0,1.0
5,47,4,0.18200000000001637,0.021000000000185537,0.24999999999977263,0.45299999999997453,0.40176600441506977,0.5518763796904783,0.04635761589445191
5,47,5,0.9660000000001219,0.0,0.7219999999990705,1.6879999999991924,0.5722748815169337,0.4277251184830663,0.0
5,47,6,0.18000000000006366,0.3389999999999418,0.4780000000007476,0.9970000000007531,0.18054162487455136,0.4794383149452222,0.3400200601802264
5,47,7,1.6450000000008913,0.7630000000006021,0.6219999999989341,3.0300000000004275,0.5429042904292605,0.20528052805242453,0.251815181518315
5,47,8,0.8440000000002783,0.04800000000000182,0.351999999999407,1.2439999999996871,0.6784565916402657,0.2829581993565077,0.0385852090032266
5,47,9,0.3109999999990123,0.019000000000005457,0.1240000000004784,0.45399999999949614,0.6850220264303027,0.27312775330532163,0.04185022026437565
5,47,10,5.479999999999563,0.009999999999990905,0.22799999999938336,5.717999999998938,0.9583770549144074,0.03987408184669915,0.0017488632388934528
5,47,11,8.234999999999673,0.0,0.1790000000009968,8.41400000000067,0.9787259329687447,0.021274067031255357,0.0
5,47,12,18.763999999999214,0.0,1.6519999999986794,20.415999999997894,0.9190830721003698,0.08091692789963019,0.0
5,47,13,1.7110000000009222,0.0,0.7429999999997108,2.454000000000633,0.6972290138551267,0.3027709861448733,0.0
5,47,14,36.66000000000008,0.0,3.713000000000875,40.37300000000096,0.9080325960418897,0.09196740395811029,0.0
5,47,15,17.49799999999982,0.0,3.6259999999995216,21.12399999999934,0.8283469039954727,0.1716530960045273,0.0
5,47,16,19.400000000001228,0.02800000000002001,0.7980000000002292,20.226000000001477,0.9591614753287754,0.03945416790270795,0.00138435676851666
5,47,17,4.580999999998994,0.021999999999934516,0.3719999999996162,4.974999999998545,0.9208040201005696,0.07477386934667839,0.00442211055275195
5,47,18,8.262999999999465,0.19200000000000728,3.2110000000000127,11.665999999999485,0.7082976170066715,0.2752442996742803,0.016458083319048154
5,47,19,1.4700000000000273,0.8890000000002374,0.06299999999987449,2.422000000000139,0.6069364161849475,0.026011560693588304,0.3670520231214642
5,47,20,0.5040000000003602,3.1280000000004975,0.049999999999954525,3.682000000000812,0.13688212927763416,0.013579576317203556,0.8495382944051623
5,47,21,0.009000000000014552,0.019999999999527063,0.049999999999954525,0.07899999999949614,0.1139240506338222,0.6329113924085243,0.25316455695765344
5,47,22,0.009999999999763531,0.01900000000023283,0.0580000000002201,0.08700000000021646,0.11494252873262817,0.6666666666675378,0.218390804599834
5,47,23,0.06899999999995998,0.03999999999996362,0.04299999999989268,0.15199999999981628,0.45394736842133804,0.28289473684174116,0.26315789473692086
5,47,24,0.0,2.5289999999999964,0.0,2.5289999999999964,0.0,0.0,1.0
5,47,26,0.0,1.0300000000002,0.0,1.0300000000002,0.0,0.0,1.0
5,47,28,0.009999999999308784,0.0,0.0,0.009999999999308784,1.0,0.0,0.0
5,47,29,0.03099999999994907,0.0,0.0,0.03099999999994907,1.0,0.0,0.0
5,47,31,0.0,0.0,0.06099999999969441,0.06099999999969441,0.0,1.0,0.0
5,47,32,0.0,0.20199999999931606,0.29800000000068394,0.5,0.0,0.5960000000013679,0.4039999999986321
5,47,34,0.0,0.08900000000016917,0.0,0.08900000000016917,0.0,0.0,1.0
5,47,35,0.0,0.19899999999984175,0.0,0.19899999999984175,0.0,0.0,1.0
5,48,4,0.4669999999996435,0.0,0.0,0.4669999999996435,1.0,0.0,0.0
5,48,5,0.04100000000016735,0.0,0.0,0.04100000000016735,1.0,0.0,0.0
5,48,6,0.019999999999527063,0.0,0.0,0.019999999999527063,1.0,0.0,0.0
5,48,7,0.03999999999996362,0.02900000000045111,0.0,0.06900000000041473,0.5797101449235246,0.0,0.4202898550764754
5,48,8,0.31100000000014916,0.0,0.0,0.31100000000014916,1.0,0.0,0.0
5,48,9,0.8769999999997253,0.0,0.65300000000002,1.5299999999997453,0.5732026143790009,0.42679738562099917,0.0
5,48,10,1.269000000000915,0.0,0.2579999999999245,1.5270000000008395,0.8310412573675293,0.16895874263247065,0.0
5,48,11,2.4680000000005293,0.0,0.4169999999992342,2.8849999999997635,0.8554592720973073,0.14454072790269268,0.0
5,48,12,0.9439999999995052,0.0,0.9510000000017271,1.8950000000012324,0.4981530343002065,0.5018469656997935,0.0
5,48,13,1.2539999999985412,0.0,0.6809999999999263,1.9349999999984675,0.6480620155036353,0.3519379844963647,0.0
5,48,14,17.037000000000944,0.0,1.665999999998121,18.702999999999065,0.9109233812758272,0.08907661872417282,0.0
5,48,15,3.3080000000004475,0.0,0.12100000000100408,3.4290000000014516,0.9647127442400254,0.03528725575997459,0.0
5,48,16,3.76299999999992,0.021000000000640284,0.2599999999993088,4.043999999999869,0.9305143422354208,0.06429277942614174,0.00519287833843743
5,48,17,2.2820000000010623,0.009000000000014552,0.10099999999999909,2.392000000001076,0.9540133779264364,0.042224080267539155,0.003762541806024458
5,48,18,2.907000000001517,0.018999999999323336,1.0109999999998536,3.937000000000694,0.7383794767592087,0.25679451358894473,0.00482600965184658
5,48,19,0.057999999999992724,0.0,0.0,0.057999999999992724,1.0,0.0,0.0
5,48,20,0.512000000000171,0.021999999999934516,0.24899999999979627,0.7829999999999018,0.6538952745852301,0.31800766283502874,0.028097062579741094
5,48,21,0.0,0.02900000000045111,0.0,0.02900000000045111,0.0,0.0,1.0
5,48,24,0.0,0.5809999999999036,0.0,0.5809999999999036,0.0,0.0,1.0
5,48,26,0.0,0.581000000000131,0.0,0.581000000000131,0.0,0.0,1.0
5,48,30,0.0,0.04899999999997817,0.0,0.04899999999997817,0.0,0.0,1.0
5,48,34,0.0,0.35999999999989996,0.0,0.35999999999989996,0.0,0.0,1.0
5,49,0,0.04100000000016735,0.7490000000000236,0.0,0.790000000000191,0.051898734177414474,0.0,0.9481012658225855
5,49,1,0.0,0.02400000000034197,0.0,0.02400000000034197,0.0,0.0,1.0
5,49,2,0.0,0.01799999999980173,0.0,0.01799999999980173,0.0,0.0,1.0
5,49,3,0.0,0.020999999999958163,0.0,0.020999999999958163,0.0,0.0,1.0
5,49,4,0.0,0.009000000000014552,0.0,0.009000000000014552,0.0,0.0,1.0
5,49,5,0.0,0.010999999999967258,0.009999999999990905,0.020999999999958163,0.0,0.47619047619099175,0.5238095238090082
5,49,6,0.0,0.0,0.63799999999992,0.63799999999992,0.0,1.0,0.0
5,49,7,0.0,0.7909999999983484,0.15000000000122782,0.9409999999995762,0.0,0.1594048884179547,0.8405951115820453
5,49,8,0.0,0.0,0.04300000000012005,0.04300000000012005,0.0,1.0,0.0
5,49,9,0.2720000000001619,0.0,0.35699999999951615,0.628999999999678,0.43243243243291113,0.5675675675670888,0.0
5,49,10,0.6999999999998181,0.0,0.08899999999994179,0.7889999999997599,0.8871989860583411,0.11280101394165891,0.0
5,49,11,1.3650000000009186,0.0,0.15099999999983993,1.5160000000007585,0.9003957783642715,0.09960422163572848,0.0
5,49,12,1.0019999999992706,0.0,0.4860000000001037,1.4879999999993743,0.6733870967739866,0.3266129032260135,0.0
5,49,13,2.2180000000007567,0.0,0.8589999999999236,3.0770000000006803,0.7208319792006065,0.27916802079939346,0.0
5,49,14,1.2049999999981083,0.0,0.6970000000000027,1.901999999998111,0.633543638275134,0.3664563617248659,0.0
5,49,15,0.398000000000593,0.0,0.14100000000030377,0.5390000000008968,0.7384044526900386,0.2615955473099614,0.0
5,49,16,3.1579999999996744,0.0,0.05099999999993088,3.2089999999996053,0.9841071985042265,0.015892801495773497,0.0
5,49,17,0.10100000000011278,0.0,0.021999999999934516,0.1230000000000473,0.821138211382715,0.17886178861728502,0.0
5,49,18,2.207999999999174,0.0,0.02700000000027103,2.234999999999445,0.9879194630871241,0.012080536912875943,0.0
5,49,19,0.9110000000000582,0.010999999999967258,0.010999999999967258,0.9329999999999927,0.9764201500536606,0.011789924973169715,0.011789924973169715
5,49,20,0.0,0.29799999999977445,0.0,0.29799999999977445,0.0,0.0,1.0
5,49,21,0.0,0.10199999999986176,0.0,0.10199999999986176,0.0,0.0,1.0
5,49,22,0.0,0.06899999999995998,0.0,0.06899999999995998,0.0,0.0,1.0
5,49,23,0.0,0.22900000000004184,0.0,0.22900000000004184,0.0,0.0,1.0
5,49,24,0.0,0.5610000000001492,0.0,0.5610000000001492,0.0,0.0,1.0
5,49,25,0.0,0.057999999999992724,0.0,0.057999999999992724,0.0,0.0,1.0
5,49,26,0.0,0.05099999999993088,0.0,0.05099999999993088,0.0,0.0,1.0
5,49,30,0.0,0.2199999999997999,0.0,0.2199999999997999,0.0,0.0,1.0
5,49,31,0.0,0.011000000000422006,0.0,0.011000000000422006,0.0,0.0,1.0
5,49,32,0.0,0.018999999999778083,0.0,0.018999999999778083,0.0,0.0,1.0
5,49,34,0.0,0.010999999999967258,0.0,0.010999999999967258,0.0,0.0,1.0
5,49,36,0.0,0.010000000000218279,0.0,0.010000000000218279,0.0,0.0,1.0
5,49,38,0.0,0.018000000000029104,0.0,0.018000000000029104,0.0,0.0,1.0
5,49,39,0.0,0.010999999999967258,0.0,0.010999999999967258,0.0,0.0,1.0
5,49,41,0.0,0.011999999999716238,0.0,0.011999999999716238,0.0,0.0,1.0
5,49,42,0.0,0.008000000000265572,0.0,0.008000000000265572,0.0,0.0,1.0
5,49,44,0.0,0.009999999999763531,0.0,0.009999999999763531,0.0,0.0,1.0
5,49,45,0.0,0.009999999999763531,0.0,0.009999999999763531,0.0,0.0,1.0
5,49,46,0.0,0.010000000000218279,0.0,0.010000000000218279,0.0,0.0,1.0
5,49,49,0.0,0.010000000000218279,0.0,0.010000000000218279,0.0,0.0,1.0
5,49,50,0.0,0.010999999999967258,0.0,0.010999999999967258,0.0,0.0,1.0
5,49,52,0.0,0.01999999999998181,0.0,0.01999999999998181,0.0,0.0,1.0
5,49,53,0.0,0.009000000000014552,0.0,0.009000000000014552,0.0,0.0,1.0
5,49,54,0.0,0.010999999999967258,0.0,0.010999999999967258,0.0,0.0,1.0
5,49,56,0.0,0.009000000000014552,0.0,0.009000000000014552,0.0,0.0,1.0
5,49,57,0.0,0.021999999999934516,0.0,0.021999999999934516,0.0,0.0,1.0
5,49,58,0.0,0.009000000000014552,0.0,0.009000000000014552,0.0,0.0,1.0
5,49,59,0.0,0.009000000000014552,0.0,0.009000000000014552,0.0,0.0,1.0
5,49,60,0.0,0.009999999999763531,0.0,0.009999999999763531,0.0,0.0,1.0
5,49,61,0.0,0.010000000000218279,0.0,0.010000000000218279,0.0,0.0,1.0
5,49,62,0.0,0.009000000000014552,0.0,0.009000000000014552,0.0,0.0,1.0
5,49,63,0.0,0.021999999999934516,0.0,0.021999999999934516,0.0,0.0,1.0
5,49,64,0.0,0.009000000000014552,0.0,0.009000000000014552,0.0,0.0,1.0
5,49,65,0.0,0.0500000000001819,0.0,0.0500000000001819,0.0,0.0,1.0
5,49,66,0.0,0.10999999999967258,0.0,0.10999999999967258,0.0,0.0,1.0
5,50,0,0.19099999999980355,0.0,0.09900000000016007,0.2899999999999636,0.6586206896545777,0.3413793103454224,0.0
5,50,1,0.0,0.555000000000291,0.0,0.555000000000291,0.0,0.0,1.0
5,50,4,0.0,0.028999999999996362,0.0,0.028999999999996362,0.0,0.0,1.0
5,50,5,0.0,0.020999999999958163,0.0,0.020999999999958163,0.0,0.0,1.0
5,50,6,0.07400000000006912,0.0,0.21000000000003638,0.2840000000001055,0.26056338028183673,0.7394366197181633,0.0
5,50,9,0.08899999999994179,0.0,0.2510000000002037,0.3400000000001455,0.2617647058820697,0.7382352941179303,0.0
5,50,10,0.40099999999983993,0.0,0.0500000000001819,0.45100000000002183,0.8891352549885155,0.11086474501148444,0.0
5,50,11,0.04100000000016735,0.0,0.0,0.04100000000016735,1.0,0.0,0.0
5,50,12,0.02999999999974534,0.0,0.0,0.02999999999974534,1.0,0.0,0.0
5,50,13,0.01900000000023283,0.0,0.0,0.01900000000023283,1.0,0.0,0.0
5,50,14,0.020000000000436557,0.0,0.0,0.020000000000436557,1.0,0.0,0.0
5,50,15,0.019999999999527063,0.0,0.0,0.019999999999527063,1.0,0.0,0.0
5,50,16,0.04100000000016735,0.0,0.0,0.04100000000016735,1.0,0.0,0.0
5,50,17,0.028999999999541615,0.0,0.0,0.028999999999541615,1.0,0.0,0.0
5,50,18,0.5,0.0,0.0,0.5,1.0,0.0,0.0
5,50,23,0.0,0.07799999999997453,0.0,0.07799999999997453,0.0,0.0,1.0
5,50,24,0.0,0.041999999999916326,0.0,0.041999999999916326,0.0,0.0,1.0
5,50,25,0.0,0.07000000000016371,0.0,0.07000000000016371,0.0,0.0,1.0
5,50,26,0.0,0.18100000000004002,0.0,0.18100000000004002,0.0,0.0,1.0
5,50,27,0.0,0.15999999999985448,0.0,0.15999999999985448,0.0,0.0,1.0
5,50,66,0.0,0.27100000000018554,0.0,0.27100000000018554,0.0,0.0,1.0
5,51,0,0.0,0.13999999999987267,0.22100000000000364,0.3609999999998763,0.0,0.6121883656511894,0.38781163434881066
5,51,1,0.039999999999054126,0.26599999999962165,0.0,0.3059999999986758,0.13071895424584062,0.0,0.8692810457541594
5,51,2,0.040000000000873115,0.0,0.02999999999974534,0.07000000000061846,0.5714285714359959,0.4285714285640041,0.0
5,51,3,0.0,0.03900000000066939,0.0,0.03900000000066939,0.0,0.0,1.0
5,51,6,0.2999999999999545,0.05899999999996908,0.20899999999983265,0.5679999999997563,0.5281690140846537,0.3679577464787365,0.10387323943660985
5,51,27,0.0,0.4780000000000655,0.0,0.4780000000000655,0.0,0.0,1.0
5,52,0,0.08000000000038199,0.61200000000008,0.29999999999972715,0.9920000000001892,0.08064516129069227,0.30241935483837695,0.6169354838709308
5,52,1,0.0,0.07699999999999818,0.0,0.07699999999999818,0.0,0.0,1.0
5,52,2,0.0,0.009000000000014552,0.0,0.009000000000014552,0.0,0.0,1.0
5,52,3,0.0,0.08399999999960528,0.0,0.08399999999960528,0.0,0.0,1.0
5,52,4,0.0,0.019000000000005457,0.0,0.019000000000005457,0.0,0.0,1.0
5,52,5,0.0,0.08200000000010732,0.0,0.08200000000010732,0.0,0.0,1.0
5,52,6,0.0,0.01700000000005275,0.0,0.01700000000005275,0.0,0.0,1.0
5,52,7,0.0,0.020999999999958163,0.0,0.020999999999958163,0.0,0.0,1.0
5,52,8,0.0,0.011999999999943611,0.0,0.011999999999943611,0.0,0.0,1.0
5,52,10,0.0,0.009000000000014552,0.0,0.009000000000014552,0.0,0.0,1.0
5,52,11,0.0,0.009999999999990905,0.0,0.009999999999990905,0.0,0.0,1.0
5,52,14,0.0,0.009000000000014552,0.0,0.009000000000014552,0.0,0.0,1.0
5,52,15,0.0,0.010999999999967258,0.0,0.010999999999967258,0.0,0.0,1.0
5,52,16,0.0,0.009999999999990905,0.0,0.009999999999990905,0.0,0.0,1.0
5,52,18,0.0,0.009999999999990905,0.0,0.009999999999990905,0.0,0.0,1.0
5,52,21,0.0,0.009999999999990905,0.0,0.009999999999990905,0.0,0.0,1.0
5,52,23,0.0,0.010999999999967258,0.0,0.010999999999967258,0.0,0.0,1.0
5,52,24,0.0,0.24200000000018917,0.0,0.24200000000018917,0.0,0.0,1.0
5,52,25,0.0,0.1879999999998745,0.0,0.1879999999998745,0.0,0.0,1.0
5,52,26,0.0,0.05799999999976535,0.0,0.05799999999976535,0.0,0.0,1.0
5,52,27,0.0,0.7800000000002001,0.0,0.7800000000002001,0.0,0.0,1.0
5,53,0,0.04899999999997817,0.0,0.0,0.04899999999997817,1.0,0.0,0.0
5,53,23,0.0,0.028999999999996362,0.0,0.028999999999996362,0.0,0.0,1.0
5,53,24,0.0,0.4499999999998181,0.0,0.4499999999998181,0.0,0.0,1.0
5,53,25,0.0,0.6909999999998035,0.0,0.6909999999998035,0.0,0.0,1.0
5,54,0,0.030000000000654836,0.0,0.009999999999308784,0.03999999999996362,0.750000000017053,0.24999999998294697,0.0
5,54,13,0.0,0.0,0.45200000000022555,0.45200000000022555,0.0,1.0,0.0
5,54,14,0.0,0.0,0.3009999999999309,0.3009999999999309,0.0,1.0,0.0
5,54,15,0.0,0.0,0.057999999999992724,0.057999999999992724,0.0,1.0,0.0
5,54,16,0.0,0.0,0.04899999999997817,0.04899999999997817,0.0,1.0,0.0
5,54,17,0.0,0.0,0.032000000000152795,0.032000000000152795,0.0,1.0,0.0
5,54,18,0.0,0.0,0.419999999999618,0.419999999999618,0.0,1.0,0.0
5,54,19,0.0,0.0,0.04100000000016735,0.04100000000016735,0.0,1.0,0.0
5,54,20,0.0,0.0,0.07899999999972351,0.07899999999972351,0.0,1.0,0.0
5,54,21,0.0,0.052000000000134605,0.03800000000046566,0.09000000000060027,0.0,0.42222222222458017,0.5777777777754198
5,54,22,0.0,0.07999999999992724,0.0,0.07999999999992724,0.0,0.0,1.0
5,54,23,0.0,0.34999999999990905,0.0,0.34999999999990905,0.0,0.0,1.0
5,54,24,0.0,0.03000000000020009,0.0,0.03000000000020009,0.0,0.0,1.0
5,54,25,0.0,1.0,0.0,1.0,0.0,0.0,1.0
5,55,0,0.6230000000000473,0.0,0.8989999999994325,1.5219999999994798,0.4093298291723129,0.5906701708276871,0.0
5,55,1,0.0,0.0,0.011000000000422006,0.011000000000422006,0.0,1.0,0.0
5,55,2,0.0,0.0,0.009999999999308784,0.009999999999308784,0.0,1.0,0.0
5,55,3,0.0,0.0,0.010000000000218279,0.010000000000218279,0.0,1.0,0.0
5,55,5,0.0,0.0,0.2090000000002874,0.2090000000002874,0.0,1.0,0.0
5,55,6,0.010000000000218279,0.0,0.16899999999986903,0.1790000000000873,0.05586592178890168,0.9441340782110983,0.0
5,55,7,0.12000000000034561,0.0,0.01999999999998181,0.14000000000032742,0.8571428571433212,0.14285714285667883,0.0
5,55,8,0.010000000000218279,0.0,0.027000000000043656,0.037000000000261934,0.2702702702742564,0.7297297297257437,0.0
5,55,9,0.018999999999323336,0.0,0.04399999999986903,0.06299999999919237,0.3015873015804271,0.6984126984195729,0.0
5,55,10,0.032000000000152795,0.0,0.028999999999996362,0.06100000000014916,0.5245901639356484,0.47540983606435167,0.0
5,55,11,0.01900000000023283,0.0,0.010000000000218279,0.02900000000045111,0.6551724137909406,0.34482758620905946,0.0
5,55,12,0.02099999999973079,0.0,0.03099999999994907,0.05199999999967986,0.403846153843463,0.596153846156537,0.0
5,55,13,0.020000000000436557,0.0,0.028999999999996362,0.04900000000043292,0.4081632653114256,0.5918367346885743,0.0
5,55,14,0.009000000000014552,0.0,0.07899999999972351,0.08799999999973807,0.10227272727319706,0.897727272726803,0.0
5,55,15,0.01099999999951251,0.0,0.05300000000079308,0.06400000000030559,0.1718749999915623,0.8281250000084377,0.0
5,55,16,0.0,0.0,0.027999999999792635,0.027999999999792635,0.0,1.0,0.0
5,55,17,0.0,0.0,0.027000000000043656,0.027000000000043656,0.0,1.0,0.0
5,55,18,0.0,0.0,0.041999999999916326,0.041999999999916326,0.0,1.0,0.0
5,55,19,0.0,0.0,0.01900000000023283,0.01900000000023283,0.0,1.0,0.0
5,55,20,0.0,0.0,0.020999999999276042,0.020999999999276042,0.0,1.0,0.0
5,55,21,0.0,0.018000000000029104,0.010999999999967258,0.028999999999996362,0.0,0.3793103448265048,0.6206896551734953
5,55,22,0.0,0.010999999999967258,0.0,0.010999999999967258,0.0,0.0,1.0
5,56,0,0.3390000000008513,0.007999999999810825,0.09999999999990905,0.44700000000057116,0.7583892617459018,0.22371364653194917,0.017897091722149
5,56,1,0.018000000000029104,0.0,0.0,0.018000000000029104,1.0,0.0,0.0
5,56,2,0.011999999999716238,0.0,0.0,0.011999999999716238,1.0,0.0,0.0
5,56,3,0.01099999999951251,0.0,0.0,0.01099999999951251,1.0,0.0,0.0
5,56,4,0.00800000000072032,0.0,0.0,0.00800000000072032,1.0,0.0,0.0
5,56,6,0.01099999999951251,0.0,0.0,0.01099999999951251,1.0,0.0,0.0
5,56,7,0.0180000000009386,0.0,0.0,0.0180000000009386,1.0,0.0,0.0
5,56,8,0.011999999999716238,0.0,0.0,0.011999999999716238,1.0,0.0,0.0
5,56,9,0.01099999999951251,0.0,0.0,0.01099999999951251,1.0,0.0,0.0
5,56,10,0.03999999999996362,0.0,0.0,0.03999999999996362,1.0,0.0,0.0
5,56,11,0.07900000000063301,0.0,0.0,0.07900000000063301,1.0,0.0,0.0
5,56,12,0.08999999999923602,0.0,0.0,0.08999999999923602,1.0,0.0,0.0
5,56,13,0.0,0.0,0.06900000000041473,0.06900000000041473,0.0,1.0,0.0
5,56,14,0.0,0.0,0.01099999999951251,0.01099999999951251,0.0,1.0,0.0
5,57,0,0.7919999999994616,0.2530000000006112,0.009000000000014552,1.0540000000000873,0.7514231499045503,0.008538899430753137,0.2400379506646966
5,58,0,0.22800000000006548,0.0500000000001819,0.0,0.2780000000002474,0.8201438848915921,0.0,0.17985611510840793
5,59,0,0.6989999999996144,0.1069999999999709,0.0,0.8059999999995853,0.867245657568206,0.0,0.132754342431794
5,59,7,0.03799999999978354,0.05099999999993088,0.10000000000013642,0.18899999999985084,0.20105820105721445,0.5291005291016685,0.26984126984111706
5,59,8,0.09100000000012187,0.0,0.5620000000001255,0.6530000000002474,0.1393568147015121,0.8606431852984879,0.0
5,59,9,0.08899999999994179,0.0,0.0,0.08899999999994179,1.0,0.0,0.0
5,60,0,0.19099999999980355,0.0,0.04100000000016735,0.2319999999999709,0.823275862068222,0.17672413793177796,0.0
5,61,0,0.0,0.0,0.1289999999999054,0.1289999999999054,0.0,1.0,0.0
5,62,0,0.0,0.0,0.32999999999992724,0.32999999999992724,0.0,1.0,0.0
5,63,0,0.058999999999741704,0.0,0.1390000000001237,0.1979999999998654,0.297979797978696,0.702020202021304,0.0
5,64,0,0.0500000000001819,0.0,0.11200000000008004,0.16200000000026193,0.3086419753092658,0.6913580246907343,0.0
5,65,0,0.0,0.0,0.0409999999997126,0.0409999999997126,0.0,1.0,0.0
5,65,1,0.0,0.0,0.028000000000247383,0.028000000000247383,0.0,1.0,0.0
5,65,2,0.01999999999998181,0.0,0.262000000000171,0.2820000000001528,0.07092198581549991,0.9290780141845001,0.0
5,65,3,0.09000000000014552,0.0,0.0,0.09000000000014552,1.0,0.0,0.0
5,66,2,0.32899999999926877,0.0,0.03999999999996362,0.3689999999992324,0.891598915989033,0.10840108401096701,0.0
5,66,3,0.34100000000034925,0.0,0.0,0.34100000000034925,1.0,0.0,0.0
5,67,0,0.3599999999996726,0.0,0.07799999999951979,0.43799999999919237,0.8219178082199461,0.1780821917800539,0.0
5,67,1,0.021000000000185537,0.0,0.0,0.021000000000185537,1.0,0.0,0.0
5,67,2,0.010000000000218279,0.0,0.0,0.010000000000218279,1.0,0.0,0.0
5,67,3,0.1089999999999236,0.0,0.0,0.1089999999999236,1.0,0.0,0.0
5,67,4,0.14800000000013824,0.0,0.05999999999994543,0.20800000000008367,0.7115384615388399,0.28846153846116007,0.0
5,67,10,0.0,0.0,0.3680000000003929,0.3680000000003929,0.0,1.0,0.0
5,67,11,0.0,0.0,0.20200000000022555,0.20200000000022555,0.0,1.0,0.0
5,68,0,0.38000000000010914,0.0,0.07300000000077489,0.45300000000088403,0.8388520971288468,0.16114790287115327,0.0
5,68,4,0.06199999999989814,0.0,0.0,0.06199999999989814,1.0,0.0,0.0
5,68,11,0.0,0.2889999999997599,0.2689999999997781,0.557999999999538,0.0,0.4820788530465964,0.5179211469534035
5,69,0,0.17000000000007276,0.0,0.0,0.17000000000007276,1.0,0.0,0.0
5,70,0,0.38000000000010914,0.0,0.0,0.38000000000010914,1.0,0.0,0.0
5,71,0,0.19899999999961437,0.0,0.08100000000013097,0.27999999999974534,0.7107142857135549,0.2892857142864451,0.0
5,72,0,0.08100000000013097,0.0,0.03999999999996362,0.12100000000009459,0.6694214876038649,0.3305785123961351,0.0
6,38,0,0.0,0.0820000000003347,0.0,0.0820000000003347,0.0,0.0,1.0
6,39,0,0.0,2.4540000000004056,0.0,2.4540000000004056,0.0,0.0,1.0
6,40,0,0.0,3.9750000000019554,0.0,3.9750000000019554,0.0,0.0,1.0
6,40,4,0.0,0.028999999999541615,0.0,0.028999999999541615,0.0,0.0,1.0
6,41,0,0.0,11.024999999999636,0.0,11.024999999999636,0.0,0.0,1.0
6,41,1,0.0,0.021000000000185537,0.0,0.021000000000185537,0.0,0.0,1.0
6,41,2,0.0,0.009000000000014552,0.0,0.009000000000014552,0.0,0.0,1.0
6,41,3,0.0,0.009999999999763531,0.0,0.009999999999763531,0.0,0.0,1.0
6,41,4,0.0,1.7500000000004547,0.0,1.7500000000004547,0.0,0.0,1.0
6,41,5,0.0,0.07999999999992724,0.0,0.07999999999992724,0.0,0.0,1.0
6,42,0,0.0,12.280000000000655,0.0,12.280000000000655,0.0,0.0,1.0
6,42,1,0.0,0.14100000000053114,0.0,0.14100000000053114,0.0,0.0,1.0
6,42,2,0.0,0.047000000000025466,0.0,0.047000000000025466,0.0,0.0,1.0
6,42,3,0.0,0.08900000000039654,0.0,0.08900000000039654,0.0,0.0,1.0
6,42,4,0.0,2.7909999999997126,0.0,2.7909999999997126,0.0,0.0,1.0
6,42,5,0.0,0.02099999999973079,0.0,0.02099999999973079,0.0,0.0,1.0
6,42,6,0.0,0.028000000000247383,0.0,0.028000000000247383,0.0,0.0,1.0
6,42,7,0.0,0.010999999999967258,0.0,0.010999999999967258,0.0,0.0,1.0
6,42,8,0.0,0.4619999999999891,0.0,0.4619999999999891,0.0,0.0,1.0
6,42,9,0.0,0.11800000000005184,0.0,0.11800000000005184,0.0,0.0,1.0
6,42,10,0.0,1.0649999999997135,0.0,1.0649999999997135,0.0,0.0,1.0
6,42,11,0.0,0.09800000000007003,0.0,0.09800000000007003,0.0,0.0,1.0
6,42,12,0.0,0.14999999999997726,0.0,0.14999999999997726,0.0,0.0,1.0
6,42,13,0.0,0.13999999999998636,0.0,0.13999999999998636,0.0,0.0,1.0
6,42,14,0.0,0.13900000000023738,0.0,0.13900000000023738,0.0,0.0,1.0
6,42,15,0.0,0.021999999999934516,0.0,0.021999999999934516,0.0,0.0,1.0
6,42,16,0.0,0.01999999999998181,0.0,0.01999999999998181,0.0,0.0,1.0
6,42,17,0.0,0.6109999999998763,0.0,0.6109999999998763,0.0,0.0,1.0
6,43,0,0.0,7.80199999999877,0.23600000000033106,8.037999999999101,0.0,0.02936053744717062,0.9706394625528294
6,43,2,0.0,0.009000000000014552,0.0,0.009000000000014552,0.0,0.0,1.0
6,43,3,0.0,0.46999999999934516,0.0,0.46999999999934516,0.0,0.0,1.0
6,43,4,0.0,1.3690000000005966,0.0,1.3690000000005966,0.0,0.0,1.0
6,43,5,0.0,0.01999999999998181,0.0,0.01999999999998181,0.0,0.0,1.0
6,43,6,0.0,0.01999999999998181,0.0,0.01999999999998181,0.0,0.0,1.0
6,43,7,0.0,0.04100000000016735,0.0,0.04100000000016735,0.0,0.0,1.0
6,43,8,0.0,1.1709999999999354,0.0,1.1709999999999354,0.0,0.0,1.0
6,43,10,0.0,0.818000000000211,0.0,0.818000000000211,0.0,0.0,1.0
6,43,12,0.0,0.008000000000038199,0.0,0.008000000000038199,0.0,0.0,1.0
6,43,13,0.0,0.31599999999980355,0.0,0.31599999999980355,0.0,0.0,1.0
6,43,14,0.0,0.05300000000011096,0.0,0.05300000000011096,0.0,0.0,1.0
6,44,0,0.6010000000001128,16.22499999999968,0.42700000000058935,17.253000000000384,0.03483452153249286,0.024749318959055227,0.9404161595084519
6,44,1,0.0,0.009999999999763531,0.21900000000005093,0.22899999999981446,0.0,0.9563318777302549,0.043668122269745126
6,44,2,0.24200000000109867,1.4790000000002692,0.05799999999908323,1.779000000000451,0.13603147835921153,0.03260258572179231,0.8313659359189962
6,44,3,0.0999999999994543,0.36999999999989086,0.06099999999969441,0.5309999999990396,0.1883239171367894,0.11487758945349293,0.6967984934097177
6,44,4,0.03999999999996362,2.8499999999994543,0.0,2.889999999999418,0.013840830449817189,0.0,0.9861591695501828
6,44,5,0.0,1.73700000000008,0.0,1.73700000000008,0.0,0.0,1.0
6,44,6,0.0,0.03099999999994907,0.0,0.03099999999994907,0.0,0.0,1.0
6,44,7,0.0,1.821999999999889,0.0,1.821999999999889,0.0,0.0,1.0
6,44,8,0.0,0.04600000000004911,0.0,0.04600000000004911,0.0,0.0,1.0
6,44,9,0.0,2.259999999999991,0.0,2.259999999999991,0.0,0.0,1.0
6,44,10,0.0,1.8319999999996526,0.0,1.8319999999996526,0.0,0.0,1.0
6,44,11,0.0,0.05900000000019645,0.0,0.05900000000019645,0.0,0.0,1.0
6,44,12,0.0,0.0809999999999036,0.0,0.0809999999999036,0.0,0.0,1.0
6,44,13,0.0,2.7850000000012187,0.0,2.7850000000012187,0.0,0.0,1.0
6,45,0,0.21500000000014552,14.374000000001388,0.6609999999996035,15.250000000001137,0.014098360655746196,0.043344262295052734,0.9425573770492011
6,45,1,0.0,1.5189999999993233,0.0,1.5189999999993233,0.0,0.0,1.0
6,45,2,0.0,1.1620000000000346,0.08100000000013097,1.2430000000001655,0.0,0.06516492357209991,0.9348350764279001
6,45,3,0.0,0.19999999999936335,0.010000000000218279,0.20999999999958163,0.0,0.04761904762018191,0.9523809523798181
6,45,4,0.011000000000422006,3.3259999999997945,0.0,3.3370000000002165,0.003296373988738775,0.0,0.9967036260112613
6,45,5,0.0,3.5709999999996853,0.0,3.5709999999996853,0.0,0.0,1.0
6,45,6,0.0,0.0489999999997508,0.0,0.0489999999997508,0.0,0.0,1.0
6,45,7,0.0,2.7380000000000564,0.0,2.7380000000000564,0.0,0.0,1.0
6,45,8,0.0,0.12100000000009459,0.0,0.12100000000009459,0.0,0.0,1.0
6,45,9,0.0,5.831000000000472,0.0,5.831000000000472,0.0,0.0,1.0
6,45,10,0.0,2.0839999999998327,0.0,2.0839999999998327,0.0,0.0,1.0
6,45,11,0.0,0.3640000000002601,0.0,0.3640000000002601,0.0,0.0,1.0
6,45,12,0.0,0.40099999999983993,0.0,0.40099999999983993,0.0,0.0,1.0
6,45,13,0.0,5.333999999998014,0.0,5.333999999998014,0.0,0.0,1.0
6,45,14,0.0,1.9900000000002365,0.0,1.9900000000002365,0.0,0.0,1.0
6,45,15,0.0,6.448000000000775,0.0,6.448000000000775,0.0,0.0,1.0
6,45,16,0.0,4.757999999998901,0.0,4.757999999998901,0.0,0.0,1.0
6,45,17,0.0,0.2570000000002892,0.0,0.2570000000002892,0.0,0.0,1.0
6,45,18,0.0,0.8040000000000873,0.0,0.8040000000000873,0.0,0.0,1.0
6,45,19,0.0,0.2889999999997599,0.0,0.2889999999997599,0.0,0.0,1.0
6,45,20,0.0,0.1020000000003165,0.0,0.1020000000003165,0.0,0.0,1.0
6,45,21,0.0,0.06799999999975626,0.0,0.06799999999975626,0.0,0.0,1.0
6,45,22,0.0,0.03999999999996362,0.0,0.03999999999996362,0.0,0.0,1.0
6,45,23,0.0,0.11900000000014188,0.0,0.11900000000014188,0.0,0.0,1.0
6,45,24,0.0,0.02999999999974534,0.0,0.02999999999974534,0.0,0.0,1.0
6,45,25,0.0,0.06000000000040018,0.0,0.06000000000040018,0.0,0.0,1.0
6,46,0,0.18999999999959982,4.01099999999974,0.07900000000017826,4.279999999999518,0.04439252336439748,0.018457943925277373,0.9371495327103252
6,46,1,0.0,1.4640000000003965,0.0,1.4640000000003965,0.0,0.0,1.0
6,46,2,0.0,0.7699999999999818,0.0,0.7699999999999818,0.0,0.0,1.0
6,46,3,0.0,0.79099999999994,0.0,0.79099999999994,0.0,0.0,1.0
6,46,4,0.0,1.2649999999998727,0.0,1.2649999999998727,0.0,0.0,1.0
6,46,5,0.11700000000018917,2.6090000000003783,0.052000000000134605,2.778000000000702,0.04211663066960389,0.01871850251984214,0.939164866810554
6,46,6,0.0,0.30600000000004,0.0,0.30600000000004,0.0,0.0,1.0
6,46,7,0.0,1.344000000000051,0.9119999999998072,2.255999999999858,0.0,0.40425531914887614,0.5957446808511239
6,46,8,0.0,2.050999999999476,0.39500000000043656,2.4459999999999127,0.0,0.16148814390860616,0.8385118560913939
6,46,9,0.0,3.805000000000632,0.0,3.805000000000632,0.0,0.0,1.0
6,46,10,0.0,2.5090000000000146,0.0,2.5090000000000146,0.0,0.0,1.0
6,46,11,0.0,0.757000000000744,0.0,0.757000000000744,0.0,0.0,1.0
6,46,12,0.0,1.4940000000010514,0.0,1.4940000000010514,0.0,0.0,1.0
6,46,13,0.0,1.5480000000000018,0.0,1.5480000000000018,0.0,0.0,1.0
6,46,14,0.0,10.806000000001177,0.0,10.806000000001177,0.0,0.0,1.0
6,46,15,0.0,9.07400000000007,0.0,9.07400000000007,0.0,0.0,1.0
6,46,16,0.0,11.307000000002517,0.0,11.307000000002517,0.0,0.0,1.0
6,46,17,0.0,0.2310000000004493,0.0,0.2310000000004493,0.0,0.0,1.0
6,46,18,0.0,0.084999999999809,0.0,0.084999999999809,0.0,0.0,1.0
6,46,19,0.0,0.1690000000000964,0.0,0.1690000000000964,0.0,0.0,1.0
6,46,20,0.0,0.12400000000002365,0.0,0.12400000000002365,0.0,0.0,1.0
6,46,21,0.0,0.06899999999995998,0.0,0.06899999999995998,0.0,0.0,1.0
6,46,22,0.0,0.019000000000005457,0.0,0.019000000000005457,0.0,0.0,1.0
6,47,0,0.5360000000002856,8.098000000000184,0.48099999999976717,9.115000000000236,0.05880416895230627,0.052770159078415216,0.8884256719692785
6,47,1,0.03099999999994907,0.5470000000000255,0.0,0.5779999999999745,0.05363321799299383,0.0,0.9463667820070062
6,47,2,0.007000000000061846,1.4389999999998508,0.0,1.4459999999999127,0.0048409405256308905,0.0,0.9951590594743691
6,47,3,0.024000000000114596,0.04100000000016735,0.0,0.06500000000028194,0.3692307692309307,0.0,0.6307692307690693
6,47,4,0.40600000000017644,1.3979999999996835,0.18999999999959982,1.9939999999994598,0.20361083249763612,0.09528585757254328,0.7011033099298206
6,47,5,1.549000000000433,0.36499999999955435,0.6730000000000018,2.586999999999989,0.5987630459993968,0.2601468882875936,0.1410900657130096
6,47,6,0.2579999999998108,2.7450000000003456,0.4010000000007494,3.404000000000906,0.07579318448876092,0.11780258519407835,0.8064042303171607
6,47,7,0.0,4.156000000000631,0.47499999999990905,4.63100000000054,0.0,0.10256963938670992,0.8974303606132901
6,47,8,0.0,0.9139999999999873,0.09599999999954889,1.0099999999995362,0.0,0.09504950495009205,0.904950495049908
6,47,9,0.0,8.013999999999442,0.01999999999998181,8.033999999999423,0.0,0.0024894199651460352,0.9975105800348539
6,47,10,0.0,5.118999999998778,0.0,5.118999999998778,0.0,0.0,1.0
6,47,11,0.0,0.591000000000804,0.0,0.591000000000804,0.0,0.0,1.0
6,47,12,0.0,1.014999999999418,0.0,1.014999999999418,0.0,0.0,1.0
6,47,13,0.0,1.7649999999987358,0.0,1.7649999999987358,0.0,0.0,1.0
6,47,14,0.0,9.84299999999962,0.0,9.84299999999962,0.0,0.0,1.0
6,47,15,0.0,1.9269999999994525,0.0,1.9269999999994525,0.0,0.0,1.0
6,47,16,0.0,3.3399999999983265,0.0,3.3399999999983265,0.0,0.0,1.0
6,47,17,0.0,0.5649999999995998,0.0,0.5649999999995998,0.0,0.0,1.0
6,47,18,0.0,2.951999999999771,0.0,2.951999999999771,0.0,0.0,1.0
6,47,19,0.0,0.009999999999990905,0.0,0.009999999999990905,0.0,0.0,1.0
6,47,20,0.0,0.018000000000029104,0.0,0.018000000000029104,0.0,0.0,1.0
6,47,21,0.0,0.009000000000014552,0.0,0.009000000000014552,0.0,0.0,1.0
6,47,22,0.0,0.010999999999967258,0.0,0.010999999999967258,0.0,0.0,1.0
6,47,23,0.0,0.01999999999998181,0.0,0.01999999999998181,0.0,0.0,1.0
6,47,24,0.0,0.009999999999990905,0.0,0.009999999999990905,0.0,0.0,1.0
6,47,25,0.0,0.009999999999990905,0.0,0.009999999999990905,0.0,0.0,1.0
6,47,26,0.0,0.010999999999967258,0.0,0.010999999999967258,0.0,0.0,1.0
6,47,27,0.0,0.019000000000005457,0.0,0.019000000000005457,0.0,0.0,1.0
6,47,28,0.0,0.009999999999990905,0.0,0.009999999999990905,0.0,0.0,1.0
6,47,29,0.0,0.029999999999972715,0.0,0.029999999999972715,0.0,0.0,1.0
6,47,30,0.0,0.019000000000005457,0.0,0.019000000000005457,0.0,0.0,1.0
6,47,31,0.0,0.010999999999967258,0.0,0.010999999999967258,0.0,0.0,1.0
6,47,32,0.0,0.029999999999972715,0.0,0.029999999999972715,0.0,0.0,1.0
6,47,33,0.0,0.019000000000005457,0.0,0.019000000000005457,0.0,0.0,1.0
6,47,34,0.0,0.032000000000152795,0.0,0.032000000000152795,0.0,0.0,1.0
6,47,35,0.0,0.20100000000002183,0.0,0.20100000000002183,0.0,0.0,1.0
6,48,0,0.0,3.994999999999436,0.5790000000001783,4.573999999999614,0.0,0.12658504591172431,0.8734149540882756
6,48,2,0.0,0.7109999999997854,0.0,0.7109999999997854,0.0,0.0,1.0
6,48,3,0.0,0.45899999999983265,0.0,0.45899999999983265,0.0,0.0,1.0
6,48,4,0.09900000000016007,0.028999999999996362,0.020000000000436557,0.148000000000593,0.6689189189173204,0.1351351351375434,0.19594594594513626
6,48,5,0.0,1.2439999999996871,0.0,1.2439999999996871,0.0,0.0,1.0
6,48,6,0.0,0.7909999999997126,0.0,0.7909999999997126,0.0,0.0,1.0
6,48,7,0.0,4.237999999999374,0.14899999999988722,4.3869999999992615,0.0,0.03396398449963809,0.9660360155003619
6,48,8,0.0,0.4190000000003238,0.060000000000172804,0.4790000000004966,0.0,0.12526096033426012,0.8747390396657398
6,48,9,0.019000000000005457,5.749000000000706,0.8770000000000664,6.645000000000778,0.002859292701279644,0.1319789315274588,0.8651617757712615
6,48,11,0.0,0.8909999999996217,0.0,0.8909999999996217,0.0,0.0,1.0
6,48,12,0.0,0.6190000000005966,0.0,0.6190000000005966,0.0,0.0,1.0
6,48,13,0.0,0.2669999999998254,0.0,0.2669999999998254,0.0,0.0,1.0
6,48,14,0.0,0.33100000000013097,0.0,0.33100000000013097,0.0,0.0,1.0
6,48,15,0.0,0.052000000000134605,0.0,0.052000000000134605,0.0,0.0,1.0
6,48,16,0.0,0.0409999999997126,0.0,0.0409999999997126,0.0,0.0,1.0
6,48,17,0.0,0.07800000000042928,0.0,0.07800000000042928,0.0,0.0,1.0
6,48,18,0.0,1.8200000000001637,0.0,1.8200000000001637,0.0,0.0,1.0
6,48,19,0.0,0.018000000000029104,0.0,0.018000000000029104,0.0,0.0,1.0
6,48,20,0.0,0.023000000000138243,0.0,0.023000000000138243,0.0,0.0,1.0
6,48,21,0.0,0.018000000000029104,0.0,0.018000000000029104,0.0,0.0,1.0
6,48,22,0.0,0.01999999999998181,0.0,0.01999999999998181,0.0,0.0,1.0
6,48,23,0.0,0.02999999999974534,0.0,0.02999999999974534,0.0,0.0,1.0
6,48,24,0.0,0.01999999999998181,0.0,0.01999999999998181,0.0,0.0,1.0
6,48,25,0.0,0.01999999999998181,0.0,0.01999999999998181,0.0,0.0,1.0
6,48,26,0.0,0.010999999999967258,0.0,0.010999999999967258,0.0,0.0,1.0
6,48,27,0.0,0.028999999999996362,0.0,0.028999999999996362,0.0,0.0,1.0
6,48,28,0.0,0.010000000000218279,0.0,0.010000000000218279,0.0,0.0,1.0
6,48,29,0.0,0.0409999999997126,0.0,0.0409999999997126,0.0,0.0,1.0
6,48,30,0.0,0.24000000000023647,0.0,0.24000000000023647,0.0,0.0,1.0
6,49,0,0.18899999999985084,10.548999999999978,0.9380000000003292,11.676000000000158,0.016187050359699237,0.08033573141489521,0.9034772182254055
6,49,1,0.0,1.5850000000007185,0.0,1.5850000000007185,0.0,0.0,1.0
6,49,2,0.0,0.9809999999999945,0.0,0.9809999999999945,0.0,0.0,1.0
6,49,3,0.0,0.010999999999967258,0.0,0.010999999999967258,0.0,0.0,1.0
6,49,4,0.0,0.010999999999967258,0.0,0.010999999999967258,0.0,0.0,1.0
6,49,5,0.0,0.16200000000026193,0.0,0.16200000000026193,0.0,0.0,1.0
6,49,6,0.15200000000004366,1.201999999999316,0.007999999999810825,1.3619999999991705,0.1116005873716125,0.005873715124681129,0.8825256975037064
6,49,7,0.009000000000014552,3.2850000000003092,0.041999999999916326,3.33600000000024,0.002697841726622873,0.012589928057527969,0.9847122302158492
6,49,8,0.0,0.6140000000004875,0.03099999999994907,0.6450000000004366,0.0,0.048062015503764474,0.9519379844962356
6,49,9,0.0,3.5209999999988213,1.750999999999749,5.27199999999857,0.0,0.33213201820945065,0.6678679817905494
6,49,10,0.0,0.7800000000002001,0.0,0.7800000000002001,0.0,0.0,1.0
6,49,11,0.0,2.633000000001175,0.0,2.633000000001175,0.0,0.0,1.0
6,49,12,0.0,1.1750000000006366,0.0,1.1750000000006366,0.0,0.0,1.0
6,49,13,0.0,2.8149999999982356,0.0,2.8149999999982356,0.0,0.0,1.0
6,49,14,0.0,6.877000000000862,0.0,6.877000000000862,0.0,0.0,1.0
6,49,15,0.0,7.2850000000016735,0.0,7.2850000000016735,0.0,0.0,1.0
6,49,16,0.0,7.878999999999451,0.0,7.878999999999451,0.0,0.0,1.0
6,49,17,0.0,0.42000000000007276,0.0,0.42000000000007276,0.0,0.0,1.0
6,49,18,0.0,0.432999999999538,0.0,0.432999999999538,0.0,0.0,1.0
6,49,19,0.0,0.03899999999975989,0.0,0.03899999999975989,0.0,0.0,1.0
6,49,20,0.0,0.04499999999961801,0.0,0.04499999999961801,0.0,0.0,1.0
6,49,21,0.0,0.030000000000654836,0.0,0.030000000000654836,0.0,0.0,1.0
6,49,22,0.0,0.018000000000029104,0.0,0.018000000000029104,0.0,0.0,1.0
6,49,23,0.0,0.02199999999947977,0.0,0.02199999999947977,0.0,0.0,1.0
6,49,24,0.0,0.018000000000029104,0.0,0.018000000000029104,0.0,0.0,1.0
6,49,25,0.0,0.0430000000005748,0.0,0.0430000000005748,0.0,0.0,1.0
6,49,26,0.0,0.020999999999276042,0.0,0.020999999999276042,0.0,0.0,1.0
6,49,27,0.0,0.047000000000025466,0.0,0.047000000000025466,0.0,0.0,1.0
6,49,28,0.0,0.020000000000436557,0.0,0.020000000000436557,0.0,0.0,1.0
6,49,29,0.0,0.042000000000371074,0.0,0.042000000000371074,0.0,0.0,1.0
6,49,30,0.0,0.06699999999955253,0.0,0.06699999999955253,0.0,0.0,1.0
6,49,31,0.0,0.11000000000058208,0.0,0.11000000000058208,0.0,0.0,1.0
6,49,32,0.0,0.07099999999945794,0.0,0.07099999999945794,0.0,0.0,1.0
6,49,33,0.0,0.06899999999995998,0.0,0.06899999999995998,0.0,0.0,1.0
6,49,34,0.0,0.08100000000058571,0.0,0.08100000000058571,0.0,0.0,1.0
6,49,35,0.0,0.023999999999887223,0.0,0.023999999999887223,0.0,0.0,1.0
6,49,36,0.0,0.036000000000512955,0.0,0.036000000000512955,0.0,0.0,1.0
6,49,37,0.0,0.041999999999916326,0.0,0.041999999999916326,0.0,0.0,1.0
6,49,38,0.0,0.12899999999945067,0.0,0.12899999999945067,0.0,0.0,1.0
6,49,39,0.0,0.02099999999973079,0.0,0.02099999999973079,0.0,0.0,1.0
6,49,40,0.0,0.028000000000247383,0.0,0.028000000000247383,0.0,0.0,1.0
6,49,41,0.0,0.3029999999998836,0.0,0.3029999999998836,0.0,0.0,1.0
6,50,0,1.1510000000002947,4.2150000000001455,1.1069999999995161,6.472999999999956,0.17781554148004056,0.17101807508103253,0.651166383438927
6,50,1,0.08899999999994179,0.27300000000013824,0.1230000000000473,0.48500000000012733,0.18350515463900707,0.2536082474227113,0.5628865979382816
6,50,2,0.42000000000007276,0.0500000000001819,0.1289999999999054,0.5990000000001601,0.7011686143571962,0.21535893155237218,0.08347245409043161
6,50,3,0.0,0.07999999999992724,0.03999999999996362,0.11999999999989086,0.0,0.3333333333333333,0.6666666666666666
6,50,4,0.0,0.019999999999527063,0.011000000000194632,0.030999999999721695,0.0,0.3548387096868834,0.6451612903131166
6,50,5,0.0,0.04100000000016735,0.04899999999997817,0.09000000000014552,0.0,0.5444444444433216,0.45555555555667837
6,50,6,0.40800000000012915,0.06700000000000728,0.35999999999989996,0.8350000000000364,0.48862275449115133,0.4311377245507596,0.08023952095808905
6,50,7,0.0,0.0909999999998945,0.0,0.0909999999998945,0.0,0.0,1.0
6,50,8,0.0,0.09200000000055297,0.0,0.09200000000055297,0.0,0.0,1.0
6,50,9,0.0,0.15999999999939973,0.11000000000058208,0.2699999999999818,0.0,0.4074074074095907,0.5925925925904093
6,50,10,0.0,1.0010000000002037,0.0,1.0010000000002037,0.0,0.0,1.0
6,50,11,0.0,0.8669999999997344,0.0,0.8669999999997344,0.0,0.0,1.0
6,50,12,0.0,0.07200000000011642,0.0,0.07200000000011642,0.0,0.0,1.0
6,50,13,0.0,0.4459999999999127,0.0,0.4459999999999127,0.0,0.0,1.0
6,50,14,0.0,0.5540000000005421,0.0,0.5540000000005421,0.0,0.0,1.0
6,50,15,0.0,1.126999999997679,0.0,1.126999999997679,0.0,0.0,1.0
6,50,16,0.0,0.13000000000010914,0.0,0.13000000000010914,0.0,0.0,1.0
6,50,17,0.0,0.05999999999994543,0.0,0.05999999999994543,0.0,0.0,1.0
6,50,18,0.0,0.07099999999991269,0.0,0.07099999999991269,0.0,0.0,1.0
6,50,19,0.0,0.06899999999995998,0.0,0.06899999999995998,0.0,0.0,1.0
6,50,20,0.0,0.07100000000036744,0.0,0.07100000000036744,0.0,0.0,1.0
6,50,21,0.0,0.09999999999990905,0.0,0.09999999999990905,0.0,0.0,1.0
6,50,22,0.0,0.3409999999998945,0.0,0.3409999999998945,0.0,0.0,1.0
6,50,23,0.0,0.057999999999992724,0.0,0.057999999999992724,0.0,0.0,1.0
6,50,42,0.0,0.01900000000023283,0.0,0.01900000000023283,0.0,0.0,1.0
6,51,0,1.6349999999990814,1.9770000000009986,0.3000000000001819,3.912000000000262,0.4179447852758108,0.07668711656445854,0.5053680981597306
6,51,1,0.032999999999901775,0.018000000000029104,0.0,0.05099999999993088,0.6470588235283627,0.0,0.35294117647163725
6,51,2,0.007999999999810825,0.5010000000002037,0.0,0.5090000000000146,0.015717092337545376,0.0,0.9842829076624546
6,51,3,0.017999999999574356,0.0,0.0,0.017999999999574356,1.0,0.0,0.0
6,51,4,0.05200000000058935,0.0,0.0,0.05200000000058935,1.0,0.0,0.0
6,51,5,0.2699999999999818,0.0,0.0,0.2699999999999818,1.0,0.0,0.0
6,51,6,0.10899999999969623,0.0,0.0,0.10899999999969623,1.0,0.0,0.0
6,51,7,0.03199999999969805,0.7289999999998145,0.0,0.7609999999995125,0.04204993429660781,0.0,0.9579500657033921
6,51,8,0.028999999999996362,0.3029999999998836,0.0,0.33199999999987995,0.08734939759038207,0.0,0.9126506024096179
6,51,9,0.19700000000057116,0.07600000000047658,0.0,0.27300000000104774,0.7216117216110444,0.0,0.2783882783889557
6,51,10,0.06100000000014916,0.041999999999916326,0.0,0.10300000000006548,0.5922330097098095,0.0,0.40776699029019053
6,51,11,0.028999999999996362,0.010999999999967258,0.0,0.03999999999996362,0.7250000000005684,0.0,0.2749999999994316
6,51,12,0.1610000000000582,0.02900000000045111,0.0,0.19000000000050932,0.8473684210506665,0.0,0.15263157894933355
6,51,13,0.010000000000218279,0.02099999999973079,0.06899999999995998,0.09999999999990905,0.10000000000227374,0.6900000000002273,0.20999999999749888
6,51,14,0.012000000000170985,0.0,0.17000000000007276,0.18200000000024374,0.06593406593491712,0.9340659340650829,0.0
6,51,15,0.038000000000010914,0.0,0.03000000000020009,0.068000000000211,0.5588235294101912,0.4411764705898088,0.0
6,51,16,0.009000000000014552,0.0,0.1499999999996362,0.15899999999965075,0.05660377358512151,0.9433962264148785,0.0
6,52,0,5.257000000001199,0.6739999999983866,0.2300000000000182,6.1609999999996035,0.8532705729591847,0.03733160201266564,0.10939782502814964
6,52,1,0.018999999999778083,0.06300000000010186,0.0,0.08199999999987995,0.23170731707080366,0.0,0.7682926829291963
6,52,2,0.19000000000005457,0.0,0.0,0.19000000000005457,1.0,0.0,0.0
6,52,3,0.09999999999990905,0.0,0.0,0.09999999999990905,1.0,0.0,0.0
6,52,4,0.48199999999951615,0.0,0.0,0.48199999999951615,1.0,0.0,0.0
6,52,5,1.3099999999999454,0.0,0.01900000000023283,1.3290000000001783,0.9857035364934309,0.014296463506569062,0.0
6,52,8,0.03099999999994907,0.0,0.0,0.03099999999994907,1.0,0.0,0.0
6,52,9,0.03099999999994907,0.0,0.0500000000001819,0.08100000000013097,0.38271604938146847,0.6172839506185316,0.0
6,52,10,0.0,0.0,0.14899999999988722,0.14899999999988722,0.0,1.0,0.0
6,52,11,0.0,0.0,0.08100000000013097,0.08100000000013097,0.0,1.0,0.0
6,52,12,2.1289999999999054,0.0,0.11099999999987631,2.2399999999997817,0.950446428571479,0.049553571428521036,0.0
6,52,13,0.01999999999998181,0.0,0.007999999999810825,0.027999999999792635,0.7142857142903546,0.2857142857096454,0.0
6,52,14,0.20800000000008367,0.0,0.03000000000020009,0.23800000000028376,0.8739495798312423,0.12605042016875764,0.0
6,52,15,0.0,0.0,0.02099999999973079,0.02099999999973079,0.0,1.0,0.0
6,52,16,0.0,0.0,0.05999999999994543,0.05999999999994543,0.0,1.0,0.0
6,52,17,0.0,0.0,0.013000000000374712,0.013000000000374712,0.0,1.0,0.0
6,52,18,0.0,0.0,0.03799999999955617,0.03799999999955617,0.0,1.0,0.0
6,52,19,0.0,0.0,0.010000000000218279,0.010000000000218279,0.0,1.0,0.0
6,52,20,0.0,0.0,0.03900000000021464,0.03900000000021464,0.0,1.0,0.0
6,52,21,0.0,0.0,0.02099999999973079,0.02099999999973079,0.0,1.0,0.0
6,52,22,0.0,0.0,0.028999999999996362,0.028999999999996362,0.0,1.0,0.0
6,52,23,0.021000000000185537,0.0,0.04100000000016735,0.062000000000352884,0.3387096774204195,0.6612903225795804,0.0
6,52,24,0.08799999999973807,0.0,0.0,0.08799999999973807,1.0,0.0,0.0
6,52,25,0.08100000000013097,0.2070000000003347,0.14399999999977808,0.43200000000024374,0.18750000000019737,0.33333333333263154,0.47916666666717106
6,53,0,2.675000000000182,0.0,0.34999999999990905,3.025000000000091,0.8842975206611906,0.11570247933880944,0.0
6,53,1,0.03999999999996362,0.0,0.010000000000218279,0.0500000000001819,0.7999999999963621,0.200000000003638,0.0
6,53,2,0.06599999999980355,0.0,0.01999999999998181,0.08599999999978536,0.7674418604647474,0.23255813953525264,0.0
6,53,3,0.0,0.0,0.09999999999990905,0.09999999999990905,0.0,1.0,0.0
6,53,4,1.110000000000582,0.0,0.01999999999998181,1.1300000000005639,0.9823008849557772,0.01769911504422286,0.0
6,53,5,0.20100000000002183,0.0,0.0,0.20100000000002183,1.0,0.0,0.0
6,53,6,0.10999999999967258,0.0,0.0,0.10999999999967258,1.0,0.0,0.0
6,53,7,0.18299999999999272,0.0,0.027000000000043656,0.21000000000003638,0.8714285714283858,0.1285714285716142,0.0
6,53,8,0.09900000000016007,0.0,0.06199999999989814,0.1610000000000582,0.6149068322989085,0.3850931677010914,0.0
6,53,9,0.7600000000002183,0.0,0.08999999999969077,0.849999999999909,0.894117647059176,0.105882352940824,0.0
6,53,10,1.0730000000012296,0.0,0.2790000000004511,1.3520000000016807,0.7936390532543608,0.20636094674563926,0.0
6,53,11,0.09000000000014552,0.0,1.0399999999995089,1.1299999999996544,0.07964601769926818,0.9203539823007318,0.0
6,53,12,3.6499999999987267,0.0,0.5709999999994579,4.220999999998185,0.8647239990524275,0.1352760009475725,0.0
6,53,13,0.12099999999963984,0.0,0.02999999999974534,0.15099999999938518,0.8013245033121358,0.1986754966878642,0.0
6,53,14,2.311000000000149,0.0,0.16900000000032378,2.480000000000473,0.9318548387095599,0.06814516129044014,0.0
6,53,15,0.03999999999996362,0.0,0.15200000000004366,0.19200000000000728,0.20833333333313597,0.791666666666864,0.0
6,53,16,0.7000000000002728,0.0,0.09999999999990905,0.8000000000001819,0.8750000000001421,0.12499999999985789,0.0
6,53,17,0.010000000000218279,0.0,0.0,0.010000000000218279,1.0,0.0,0.0
6,53,18,0.03899999999975989,0.0,0.0,0.03899999999975989,1.0,0.0,0.0
6,53,19,0.012000000000170985,0.0,0.0,0.012000000000170985,1.0,0.0,0.0
6,53,20,0.03000000000020009,0.0,0.0,0.03000000000020009,1.0,0.0,0.0
6,53,21,0.007999999999810825,0.0,0.0,0.007999999999810825,1.0,0.0,0.0
6,53,22,0.009999999999763531,0.0,0.0,0.009999999999763531,1.0,0.0,0.0
6,53,23,0.010000000000218279,0.0,0.0,0.010000000000218279,1.0,0.0,0.0
6,53,24,0.018999999999778083,0.0,0.0,0.018999999999778083,1.0,0.0,0.0
6,53,25,0.010999999999967258,0.0,0.0,0.010999999999967258,1.0,0.0,0.0
6,53,27,0.010999999999967258,0.0,0.0,0.010999999999967258,1.0,0.0,0.0
6,53,28,0.009000000000014552,0.0,0.0,0.009000000000014552,1.0,0.0,0.0
6,53,29,0.011000000000422006,0.0,0.0,0.011000000000422006,1.0,0.0,0.0
6,53,30,0.01999999999998181,0.0,0.0,0.01999999999998181,1.0,0.0,0.0
6,53,31,0.009999999999763531,0.0,0.0,0.009999999999763531,1.0,0.0,0.0
6,53,32,0.009000000000014552,0.0,0.0,0.009000000000014552,1.0,0.0,0.0
6,53,33,0.020000000000436557,0.0,0.0,0.020000000000436557,1.0,0.0,0.0
6,53,34,0.009999999999763531,0.0,0.0,0.009999999999763531,1.0,0.0,0.0
6,53,36,0.0,0.0,0.021999999999934516,0.021999999999934516,0.0,1.0,0.0
6,53,37,0.0,0.0,0.021999999999934516,0.021999999999934516,0.0,1.0,0.0
6,53,38,0.0,0.0,0.04899999999997817,0.04899999999997817,0.0,1.0,0.0
6,53,39,0.0,0.0,0.028000000000247383,0.028000000000247383,0.0,1.0,0.0
6,53,40,0.0,0.0,0.02099999999973079,0.02099999999973079,0.0,1.0,0.0
6,53,41,0.0,0.0,0.028000000000247383,0.028000000000247383,0.0,1.0,0.0
6,53,42,0.0,0.0,0.010999999999967258,0.010999999999967258,0.0,1.0,0.0
6,53,43,0.0,0.008000000000265572,0.010999999999967258,0.01900000000023283,0.0,0.5789473684122348,0.4210526315877652
6,53,44,0.0,0.009999999999763531,0.010999999999967258,0.02099999999973079,0.0,0.5238095238146797,0.47619047618532034
6,53,45,0.0,0.010999999999967258,0.0,0.010999999999967258,0.0,0.0,1.0
6,53,46,0.0,0.01900000000023283,0.0,0.01900000000023283,0.0,0.0,1.0
6,53,47,0.0,0.24299999999993815,0.0,0.24299999999993815,0.0,0.0,1.0
6,54,0,6.7059999999992215,0.0,0.5180000000004839,7.223999999999705,0.928294573643341,0.07170542635665905,0.0
6,54,1,0.011000000000422006,0.0,0.8299999999999272,0.8410000000003492,0.013079667063516572,0.9869203329364834,0.0
6,54,2,0.018000000000029104,0.0,0.009999999999763531,0.027999999999792635,0.6428571428629432,0.3571428571370568,0.0
6,54,3,0.07099999999945794,0.0,0.1380000000003747,0.20899999999983265,0.3397129186579655,0.6602870813420345,0.0
6,54,4,0.6339999999995598,0.0,0.0,0.6339999999995598,1.0,0.0,0.0
6,54,5,0.056999999999789,0.0,0.0,0.056999999999789,1.0,0.0,0.0
6,54,6,0.04900000000043292,0.0,0.0,0.04900000000043292,1.0,0.0,0.0
6,54,7,0.09000000000014552,0.0,0.03199999999969805,0.12199999999984357,0.7377049180349255,0.2622950819650744,0.0
6,54,8,0.08900000000039654,0.0,0.012000000000170985,0.10100000000056752,0.8811881188108559,0.11881188118914413,0.0
6,54,9,0.14000000000032742,0.0,1.40099999999984,1.5410000000001673,0.09085009733959261,0.9091499026604074,0.0
6,54,10,4.101999999999407,0.0,1.36200000000008,5.463999999999487,0.7507320644216311,0.24926793557836893,0.0
6,54,11,0.9489999999996144,0.0,0.9630000000001928,1.9119999999998072,0.4963389121337396,0.5036610878662604,0.0
6,54,12,12.031000000000859,0.0,1.8270000000002256,13.858000000001084,0.8681627940539701,0.1318372059460299,0.0
6,54,13,0.11099999999942156,0.0,0.7880000000000109,0.8989999999994325,0.1234705228025491,0.8765294771974509,0.0
6,54,14,0.6889999999998508,0.0,0.032000000000152795,0.7210000000000036,0.9556171983354332,0.04438280166456676,0.0
6,54,15,0.15100000000029468,0.0,0.06899999999950523,0.2199999999997999,0.6863636363656,0.31363636363439995,0.0
6,54,16,2.326999999999771,0.0,0.32100000000036744,2.6480000000001382,0.8787764350451848,0.1212235649548152,0.0
6,54,21,0.0,0.0,0.011000000000422006,0.011000000000422006,0.0,1.0,0.0
6,54,22,0.0,0.0,0.009999999999308784,0.009999999999308784,0.0,1.0,0.0
6,54,23,0.0,0.0,0.010000000000218279,0.010000000000218279,0.0,1.0,0.0
6,54,24,0.0,0.0,0.010000000000218279,0.010000000000218279,0.0,1.0,0.0
6,54,25,0.0,0.0,0.009000000000014552,0.009000000000014552,0.0,1.0,0.0
6,54,26,0.0,0.0,0.012999999999919964,0.012999999999919964,0.0,1.0,0.0
6,54,27,0.0,0.0,0.02900000000045111,0.02900000000045111,0.0,1.0,0.0
6,54,29,0.0,0.0,0.006999999999607098,0.006999999999607098,0.0,1.0,0.0
6,54,32,0.0,0.0,0.03099999999994907,0.03099999999994907,0.0,1.0,0.0
6,54,33,0.0,0.0,0.010000000000218279,0.010000000000218279,0.0,1.0,0.0
6,54,34,0.0,0.0,0.018999999999323336,0.018999999999323336,0.0,1.0,0.0
6,54,35,0.010999999999967258,0.0,0.04100000000016735,0.052000000000134605,0.2115384615372843,0.7884615384627157,0.0
6,54,36,0.030000000000654836,0.0,0.016999999999825377,0.04700000000048021,0.6382978723478365,0.3617021276521635,0.0
6,54,37,0.04100000000016735,0.0,0.0,0.04100000000016735,1.0,0.0,0.0
6,54,38,0.018999999999323336,0.0,0.030000000000654836,0.04899999999997817,0.3877551020271796,0.6122448979728204,0.0
6,54,39,0.0,0.0,0.018999999999323336,0.018999999999323336,0.0,1.0,0.0
6,54,47,0.0,0.018000000000029104,0.0,0.018000000000029104,0.0,0.0,1.0
6,55,0,6.223999999998114,0.0,0.4930000000003929,6.716999999998507,0.9266041387523444,0.07339586124765558,0.0
6,55,1,0.010999999999967258,0.0,1.530999999999949,1.5419999999999163,0.007133592736684731,0.9928664072633153,0.0
6,55,7,0.03099999999994907,0.0,0.009999999999763531,0.0409999999997126,0.7560975609796676,0.24390243902033243,0.0
6,55,8,0.21000000000003638,0.0,0.11999999999989086,0.32999999999992724,0.6363636363638869,0.36363636363611307,0.0
6,55,9,0.5099999999997635,0.0,1.1849999999994907,1.6949999999992542,0.30088495575220525,0.6991150442477947,0.0
6,55,10,4.233000000000175,0.0,0.31200000000080763,4.545000000000982,0.9313531353133685,0.0686468646866315,0.0
6,55,11,0.3400000000001455,0.0,0.018000000000029104,0.3580000000001746,0.9497206703910047,0.05027932960899532,0.0
6,55,12,3.049000000000433,0.0,0.8219999999996617,3.8710000000000946,0.7876517695686795,0.21234823043132048,0.0
6,55,13,0.0,0.0,1.1359999999999673,1.1359999999999673,0.0,1.0,0.0
6,55,14,0.009999999999763531,0.0,0.9119999999998072,0.9219999999995707,0.010845986984564194,0.9891540130154358,0.0
6,55,15,0.03000000000020009,0.0,0.03099999999994907,0.06100000000014916,0.4918032786906022,0.5081967213093979,0.0
6,55,16,2.6399999999998727,0.0,0.01900000000023283,2.6590000000001055,0.9928544565625302,0.007145543437469755,0.0
6,55,17,0.6019999999998618,0.0,0.3409999999998945,0.9429999999997563,0.6383881230116834,0.3616118769883167,0.0
6,55,18,0.12800000000015643,0.0,0.1590000000001055,0.28700000000026193,0.445993031359023,0.554006968640977,0.0
6,55,19,0.02999999999974534,0.0,0.0,0.02999999999974534,1.0,0.0,0.0
6,55,20,0.07000000000016371,0.0,0.0,0.07000000000016371,1.0,0.0,0.0
6,55,21,0.04899999999997817,0.0,0.0,0.04899999999997817,1.0,0.0,0.0
6,55,22,0.04100000000016735,0.0,0.0,0.04100000000016735,1.0,0.0,0.0
6,55,29,0.0,0.0,0.011999999999716238,0.011999999999716238,0.0,1.0,0.0
6,55,30,0.0,0.0,0.020000000000436557,0.020000000000436557,0.0,1.0,0.0
6,55,31,0.0,0.0,0.009000000000014552,0.009000000000014552,0.0,1.0,0.0
6,55,38,0.02999999999974534,0.0,0.021999999999934516,0.05199999999967986,0.5769230769217315,0.4230769230782685,0.0
6,55,39,0.0,0.2709999999997308,0.1680000000005748,0.4390000000003056,0.0,0.38268792710810445,0.6173120728918955
6,55,55,0.0,0.01999999999998181,0.0,0.01999999999998181,0.0,0.0,1.0
6,55,58,0.01900000000023283,0.01900000000023283,0.0,0.03800000000046566,0.5,0.0,0.5
6,56,0,2.1530000000004748,0.0,1.2280000000000655,3.3810000000005402,0.6367938479740108,0.36320615202598916,0.0
6,56,1,0.5910000000003492,0.0,0.3589999999999236,0.9500000000002728,0.6221052631580837,0.3778947368419163,0.0
6,56,3,0.4830000000001746,0.0,0.0,0.4830000000001746,1.0,0.0,0.0
6,56,4,0.01999999999998181,0.0,0.0,0.01999999999998181,1.0,0.0,0.0
6,56,5,0.04100000000016735,0.0,0.0,0.04100000000016735,1.0,0.0,0.0
6,56,6,0.03099999999994907,0.0,0.0,0.03099999999994907,1.0,0.0,0.0
6,56,7,0.04800000000022919,0.0,0.0,0.04800000000022919,1.0,0.0,0.0
6,56,8,0.29999999999972715,0.0,0.0,0.29999999999972715,1.0,0.0,0.0
6,56,9,0.10300000000006548,0.0,0.6220000000002983,0.7250000000003638,0.14206896551726042,0.8579310344827396,0.0
6,56,10,2.486000000000331,0.0,0.569999999999709,3.05600000000004,0.8134816753927678,0.18651832460723217,0.0
6,56,14,0.0,0.0,0.13100000000031287,0.13100000000031287,0.0,1.0,0.0
6,56,17,0.9700000000002547,0.0,0.0,0.9700000000002547,1.0,0.0,0.0
6,56,18,0.010999999999967258,0.0,0.0,0.010999999999967258,1.0,0.0,0.0
6,56,19,0.007999999999810825,0.0,0.0,0.007999999999810825,1.0,0.0,0.0
6,56,20,0.010999999999967258,0.0,0.0,0.010999999999967258,1.0,0.0,0.0
6,56,22,0.047999999999774445,0.0,0.01999999999998181,0.06799999999975626,0.7058823529403897,0.2941176470596103,0.0
6,56,23,0.1890000000003056,0.0,0.4389999999993961,0.6279999999997017,0.30095541401336845,0.6990445859866316,0.0
6,56,24,0.012000000000170985,0.0,0.0,0.012000000000170985,1.0,0.0,0.0
6,56,26,0.012999999999919964,0.0,0.0,0.012999999999919964,1.0,0.0,0.0
6,56,29,0.007000000000061846,0.0,0.0,0.007000000000061846,1.0,0.0,0.0
6,56,30,0.009000000000014552,0.0,0.0,0.009000000000014552,1.0,0.0,0.0
6,56,32,0.012000000000170985,0.0,0.0,0.012000000000170985,1.0,0.0,0.0
6,56,36,0.010999999999967258,0.0,0.0,0.010999999999967258,1.0,0.0,0.0
6,56,40,0.009000000000014552,0.0,0.0,0.009000000000014552,1.0,0.0,0.0
6,56,43,0.009999999999763531,0.0,0.0,0.009999999999763531,1.0,0.0,0.0
6,56,46,0.009000000000014552,0.0,0.0,0.009000000000014552,1.0,0.0,0.0
6,56,47,0.009000000000014552,0.0,0.0,0.009000000000014552,1.0,0.0,0.0
6,56,49,0.012000000000170985,0.0,0.0,0.012000000000170985,1.0,0.0,0.0
6,56,51,0.010999999999967258,0.0,0.0,0.010999999999967258,1.0,0.0,0.0
6,56,53,0.008000000000265572,0.0,0.0,0.008000000000265572,1.0,0.0,0.0
6,56,54,0.019999999999527063,0.17000000000007276,0.0,0.18999999999959982,0.1052631578924694,0.0,0.8947368421075306
6,56,55,0.012000000000170985,0.03899999999975989,0.0,0.05099999999993088,0.23529411765073038,0.0,0.7647058823492696
6,56,56,0.0,0.03000000000020009,0.0,0.03000000000020009,0.0,0.0,1.0
6,56,57,0.011999999999716238,0.0,0.0,0.011999999999716238,1.0,0.0,0.0
6,56,58,0.11099999999987631,0.09199999999964348,0.01900000000023283,0.22199999999975262,0.5,0.08558558558672974,0.41441441441327026
6,57,0,3.2900000000011005,0.0,1.0450000000000728,4.335000000001173,0.7589388696655617,0.24106113033443827,0.0
6,57,1,0.12199999999938882,0.0,0.05999999999994543,0.18199999999933425,0.6703296703287642,0.3296703296712358,0.0
6,57,2,0.07600000000047658,0.0,0.010000000000218279,0.08600000000069485,0.8837209302309595,0.11627906976904048,0.0
6,57,3,1.45699999999988,0.0,0.018999999999778083,1.475999999999658,0.9871273712738601,0.012872628726139895,0.0
6,57,4,0.010999999999967258,0.0,0.0,0.010999999999967258,1.0,0.0,0.0
6,57,5,0.03900000000021464,0.0,0.0,0.03900000000021464,1.0,0.0,0.0
6,57,6,0.05299999999942884,0.0,0.0,0.05299999999942884,1.0,0.0,0.0
6,57,7,0.05999999999994543,0.0,0.0,0.05999999999994543,1.0,0.0,0.0
6,57,8,0.04800000000022919,0.0,0.0,0.04800000000022919,1.0,0.0,0.0
6,57,9,0.3589999999999236,0.0,0.0,0.3589999999999236,1.0,0.0,0.0
6,57,10,8.692000000000007,0.0,0.09000000000014552,8.782000000000153,0.9897517649737937,0.010248235026206327,0.0
6,57,11,0.8709999999996398,0.0,0.0,0.8709999999996398,1.0,0.0,0.0
6,57,12,2.6860000000010587,0.0,0.0,2.6860000000010587,1.0,0.0,0.0
6,57,13,0.8229999999994106,0.0,0.06999999999970896,0.8929999999991196,0.9216125419935297,0.07838745800647029,0.0
6,57,14,1.4190000000003238,0.0,0.5799999999999272,1.999000000000251,0.7098549274638047,0.2901450725361953,0.0
6,57,23,0.0,0.0,1.6219999999998436,1.6219999999998436,0.0,1.0,0.0
6,57,56,0.009000000000014552,0.010999999999967258,0.0,0.01999999999998181,0.4500000000011369,0.0,0.5499999999988632
6,57,57,0.009000000000014552,0.007999999999810825,0.0,0.016999999999825377,0.5294117647121764,0.0,0.47058823528782356
6,57,58,0.010000000000218279,0.0,0.0,0.010000000000218279,1.0,0.0,0.0
6,58,0,0.6450000000004366,0.0,0.8249999999998181,1.4700000000002547,0.4387755102043026,0.5612244897956974,0.0
6,58,1,0.02999999999974534,0.0,0.011999999999943611,0.04199999999968895,0.7142857142849409,0.2857142857150591,0.0
6,58,2,0.01900000000023283,0.0,0.0,0.01900000000023283,1.0,0.0,0.0
6,58,3,0.009000000000014552,0.0,0.009999999999990905,0.019000000000005457,0.47368421052694565,0.5263157894730544,0.0
6,58,4,0.01900000000023283,0.0,0.0,0.01900000000023283,1.0,0.0,0.0
6,58,5,0.021999999999934516,0.0,0.008000000000038199,0.029999999999972715,0.7333333333318175,0.2666666666681825,0.0
6,58,6,0.02099999999973079,0.0,0.0,0.02099999999973079,1.0,0.0,0.0
6,58,7,0.012000000000170985,0.0,0.02299999999991087,0.035000000000081855,0.3428571428612263,0.6571428571387737,0.0
6,58,8,0.009999999999763531,0.0,1.2639999999998963,1.2739999999996598,0.007849293563395763,0.9921507064366042,0.0
6,58,9,0.03000000000020009,0.0,0.0,0.03000000000020009,1.0,0.0,0.0
6,58,10,3.0189999999993233,0.0,0.08900000000039654,3.10799999999972,0.9713642213640912,0.028635778635908802,0.0
6,58,11,4.5210000000001855,0.0,0.0409999999997126,4.561999999999898,0.9910127137221145,0.00898728627788547,0.0
6,58,12,1.0199999999999818,0.0,0.03099999999994907,1.0509999999999309,0.9705042816365832,0.02949571836341685,0.0
6,58,13,0.009999999999763531,0.0,0.028999999999996362,0.03899999999975989,0.2564102564057717,0.7435897435942282,0.0
6,58,14,0.09999999999990905,0.0,0.1790000000000873,0.27899999999999636,0.35842293906777906,0.641577060932221,0.0
6,58,15,0.0,0.0,0.17000000000007276,0.17000000000007276,0.0,1.0,0.0
6,58,20,0.0,0.0,0.2270000000003165,0.2270000000003165,0.0,1.0,0.0
6,58,23,0.0,0.0,1.029000000000451,1.029000000000451,0.0,1.0,0.0
6,59,0,1.0579999999999927,0.0,0.38400000000001455,1.4420000000000073,0.7337031900138609,0.26629680998613914,0.0
6,59,6,0.7120000000004438,0.0,0.13200000000006185,0.8440000000005057,0.8436018957346176,0.15639810426538242,0.0
6,59,7,0.028000000000247383,0.0,0.38000000000010914,0.4080000000003565,0.06862745098093852,0.9313725490190615,0.0
6,59,8,0.02099999999973079,0.0,0.2300000000000182,0.250999999999749,0.08366533864442945,0.9163346613555705,0.0
6,59,9,0.028000000000247383,0.0,0.6610000000000582,0.6890000000003056,0.04063860667668355,0.9593613933233165,0.0
6,59,10,1.3659999999995307,0.0,0.03899999999975989,1.4049999999992906,0.9722419928827192,0.027758007117280842,0.0
6,59,11,7.832000000000789,0.0,0.5520000000001346,8.384000000000924,0.9341603053435027,0.06583969465649735,0.0
6,59,12,0.03899999999975989,0.0,0.011999999999716238,0.05099999999947613,0.7647058823560882,0.23529411764391178,0.0
6,59,13,0.021999999999934516,0.0,0.03000000000020009,0.052000000000134605,0.4230769230745686,0.5769230769254314,0.0
6,59,14,0.05999999999994543,0.0,0.06899999999995998,0.1289999999999054,0.46511627906968545,0.5348837209303146,0.0
6,59,15,0.009000000000014552,0.0,0.12000000000034561,0.12900000000036016,0.06976744186038314,0.9302325581396169,0.0
6,59,20,0.022999999999683496,0.0,1.2390000000004875,1.262000000000171,0.018225039619398083,0.981774960380602,0.0
6,59,21,0.0,0.0,0.02099999999973079,0.02099999999973079,0.0,1.0,0.0
6,59,23,0.0,0.0,0.02999999999974534,0.02999999999974534,0.0,1.0,0.0
6,60,0,1.668999999999869,0.0,0.058999999999741704,1.7279999999996107,0.9658564814816233,0.034143518518376735,0.0
6,60,1,0.01999999999998181,0.0,0.0,0.01999999999998181,1.0,0.0,0.0
6,60,2,0.03099999999994907,0.0,0.0,0.03099999999994907,1.0,0.0,0.0
6,60,3,0.021000000000185537,0.0,0.0,0.021000000000185537,1.0,0.0,0.0
6,60,4,0.6179999999999382,0.0,0.0,0.6179999999999382,1.0,0.0,0.0
6,60,5,0.41000000000030923,0.0,0.05099999999993088,0.4610000000002401,0.8893709327550883,0.11062906724491174,0.0
6,60,6,1.007999999999356,0.0,0.05999999999994543,1.0679999999993015,0.9438202247191155,0.056179775280884525,0.0
6,60,7,0.0,0.0,0.03000000000020009,0.03000000000020009,0.0,1.0,0.0
6,60,8,0.0,0.0,0.009999999999763531,0.009999999999763531,0.0,1.0,0.0
6,60,9,0.0,0.0,0.18899999999985084,0.18899999999985084,0.0,1.0,0.0
6,60,10,0.010000000000218279,0.0,0.032000000000152795,0.042000000000371074,0.2380952380983316,0.7619047619016683,0.0
6,60,11,4.0809999999992215,0.0,0.009000000000014552,4.089999999999236,0.997799511002441,0.002200488997558981,0.0
6,60,12,0.08800000000019281,0.0,0.0,0.08800000000019281,1.0,0.0,0.0
6,60,13,0.041999999999916326,0.0,0.0,0.041999999999916326,1.0,0.0,0.0
6,60,14,0.018000000000029104,0.0,0.023000000000138243,0.04100000000016735,0.43902439024282036,0.5609756097571796,0.0
6,60,15,0.0,0.0,0.016999999999825377,0.016999999999825377,0.0,1.0,0.0
6,60,16,0.0,0.0,0.021000000000185537,0.021000000000185537,0.0,1.0,0.0
6,60,17,0.0,0.0,0.010999999999967258,0.010999999999967258,0.0,1.0,0.0
6,60,18,0.0,0.0,0.2889999999997599,0.2889999999997599,0.0,1.0,0.0
6,60,19,0.0,0.0,0.03900000000021464,0.03900000000021464,0.0,1.0,0.0
6,60,20,0.0,0.0,0.48099999999976717,0.48099999999976717,0.0,1.0,0.0
6,61,0,1.5049999999996544,0.0,0.0,1.5049999999996544,1.0,0.0,0.0
6,61,1,0.009000000000014552,0.0,0.0,0.009000000000014552,1.0,0.0,0.0
6,61,3,0.010999999999967258,0.0,0.0,0.010999999999967258,1.0,0.0,0.0
6,61,4,0.012999999999919964,0.0,0.0,0.012999999999919964,1.0,0.0,0.0
6,61,5,0.008000000000265572,0.0,0.0,0.008000000000265572,1.0,0.0,0.0
6,61,7,0.007000000000061846,0.0,0.0,0.007000000000061846,1.0,0.0,0.0
6,61,9,0.01999999999998181,0.0,0.0,0.01999999999998181,1.0,0.0,0.0
6,61,10,0.009999999999763531,0.0,0.0,0.009999999999763531,1.0,0.0,0.0
6,61,11,2.8640000000004875,0.0,0.15300000000024738,3.017000000000735,0.9492873715610838,0.05071262843891618,0.0
6,61,12,1.2390000000004875,0.0,0.038000000000010914,1.2770000000004984,0.9702427564604572,0.029757243539542743,0.0
6,61,13,0.03899999999975989,0.0,0.13099999999985812,0.169999999999618,0.22941176470498545,0.7705882352950145,0.0
6,62,0,2.5060000000012224,0.0,0.0,2.5060000000012224,1.0,0.0,0.0
6,62,11,0.01999999999998181,0.0,0.0,0.01999999999998181,1.0,0.0,0.0
6,62,12,0.009999999999763531,0.0,0.0,0.009999999999763531,1.0,0.0,0.0
6,63,0,1.3809999999989486,0.0,0.0,1.3809999999989486,1.0,0.0,0.0
6,64,0,1.674000000000433,0.0,0.9810000000006767,2.6550000000011096,0.6305084745761708,0.36949152542382924,0.0
6,65,0,0.6169999999997344,0.0,1.5769999999997708,2.1939999999995052,0.2812215132178093,0.7187784867821907,0.0
6,66,0,0.7450000000003456,0.0,0.6059999999997672,1.3510000000001128,0.551443375277782,0.448556624722218,0.0
6,66,1,0.0,0.0,0.010000000000218279,0.010000000000218279,0.0,1.0,0.0
6,66,3,0.0,0.0,0.009000000000014552,0.009000000000014552,0.0,1.0,0.0
6,66,5,0.0,0.0,0.03199999999969805,0.03199999999969805,0.0,1.0,0.0
6,66,6,0.0,0.0,0.018000000000029104,0.018000000000029104,0.0,1.0,0.0
6,66,7,0.0,0.0,0.4010000000002947,0.4010000000002947,0.0,1.0,0.0
6,67,0,0.04999999999972715,0.0,0.5399999999995089,0.589999999999236,0.08474576271151169,0.9152542372884883,0.0
6,67,1,0.0,0.0,0.020000000000436557,0.020000000000436557,0.0,1.0,0.0
6,67,3,0.7279999999996107,0.0,0.20100000000002183,0.9289999999996326,0.7836383207749178,0.21636167922508215,0.0
6,67,4,0.007999999999810825,0.0,0.1730000000002292,0.18100000000004002,0.044198895026569374,0.9558011049734306,0.0
6,67,5,0.0,0.0,0.03900000000021464,0.03900000000021464,0.0,1.0,0.0
6,67,6,0.06199999999989814,0.0,0.009000000000014552,0.07099999999991269,0.8732394366193574,0.12676056338064254,0.0
6,67,7,0.13000000000010914,0.0,0.181999999999789,0.31199999999989814,0.4166666666671525,0.5833333333328475,0.0
6,67,9,0.0,0.0,0.4450000000001637,0.4450000000001637,0.0,1.0,0.0
6,67,10,0.0,0.0,0.3239999999996144,0.3239999999996144,0.0,1.0,0.0
6,68,0,0.14199999999982538,0.0,0.03900000000021464,0.18100000000004002,0.7845303867391933,0.21546961326080674,0.0
6,69,0,0.06899999999995998,0.0,0.0,0.06899999999995998,1.0,0.0,0.0
