gear,old_tcc_state,new_tcc_state,time_s,speed_mph,slip_rpm,abs_slip_rpm,tcc_line_psi,tcc_desired_slip,brake_pressure,pedal_pct,throttle_pct,delivered_engine_torque,trans_engine_torque,driver_axle_tq_req,tcs_request,tcs_system,tcs_desired_torque,tcs_engine_torque_req,trans_fluid_temp,reason,pre_mean_speed_mph,pre_mean_pedal_pct,pre_mean_pedal_rate,pre_mean_throttle_pct,pre_mean_slip_rpm,pre_mean_tcc_line_psi,pre_mean_brake_pressure,pre_max_brake_pressure,pre_mean_delivered_engine_torque,pre_mean_trans_engine_torque,pre_mean_driver_axle_tq_req,pre_mean_tcs_desired_torque,pre_mean_tcs_engine_torque_req,pre_any_tcs_request,post_mean_speed_mph,post_mean_pedal_pct,post_mean_pedal_rate,post_mean_throttle_pct,post_mean_slip_rpm,post_mean_tcc_line_psi,post_mean_brake_pressure,post_max_brake_pressure,post_mean_delivered_engine_torque,post_mean_trans_engine_torque,post_mean_driver_axle_tq_req,post_mean_tcs_desired_torque,post_mean_tcs_engine_torque_req,post_any_tcs_request
4,OPEN,PARTIAL,710.548,39.3492818268,368.5524193548,368.5524193548,0.7029651942,12.0,0.0,21.1764705882,28.6274509804,168.3662026615,164.4763592888,504.6633307766,No,On,27.40234375,23.6019887769,73.4,TRACTION,38.89952102492098,21.176470588200004,0.0,28.62745098039999,375.9424273679721,0.0,0.0,0.0,167.03443367501998,164.769162685387,509.58748550626194,27.40234375,23.60198877689999,1.0,40.03210894335857,21.176470588200004,0.0,29.070136548206065,318.0418107473929,22.79873219871818,0.0,0.0,172.140828105399,173.25402459439493,476.38845247201215,27.40234375,23.60198877689999,1.0
4,OPEN,PARTIAL,1209.858,41.0104986877,401.305,401.305,1.3977427738,12.0,0.0,22.7450980392,30.1960784314,188.5371668199,186.0500521552,582.6221569326,No,On,27.40234375,23.6019887769,95.0,TRACTION,40.546582955531,22.7450980392,0.0,30.196078431400007,414.20330276780396,0.0,0.0,0.0,185.50258139841,185.736295674746,597.71738335579,27.40234375,23.60198877689999,1.0,41.126413481982,21.633290239178997,-6.5514550809418,29.583936246226,331.723522363762,21.637335245964003,0.0,0.0,178.86018347406704,185.037770410618,537.49670798027,27.40234375,23.60198877689999,1.0
4,OPEN,PARTIAL,1303.585,38.5250139187,417.875,417.875,2.4399091433,12.0,0.0,18.8235294118,27.262745098,115.3828691123,172.9464278418,346.8267997032,No,On,27.40234375,23.6019887769,100.4,TRACTION,38.44590730916177,21.160817268091176,72.2565912895006,28.799762467570588,419.1058002900853,0.0,0.0,0.0,130.88942115568824,176.04718272339704,427.13033213710884,27.40234375,23.601988776900004,1.0,38.52501391869999,13.707342040657576,-5.842570756460135,16.59400229188384,213.5605818328182,0.47847037250808083,0.0,0.0,86.13700830037676,83.24110360475757,179.411128688503,27.40234375,23.60198877689999,1.0
4,PARTIAL,OPEN,1303.658,38.5250139187,411.625,411.625,0.0,12.0,0.0,17.6470588235,24.8941176471,109.1135643116,163.0012349903,314.3600514542,No,On,27.40234375,23.6019887769,100.4,TRACTION,38.45941331566829,20.691871495324392,57.25206299251857,28.356761414997564,418.4863187741927,1.1934090128975607,0.0,0.0,127.78532608695367,174.87220105512685,411.05520477593416,27.40234375,23.6019887769,1.0,38.52501391869999,13.275957049467001,-5.020937667969176,15.558415210144997,193.33611386731198,0.008787064928,0.0,0.0,83.12265351580099,75.946355424585,163.82824021984203,27.40234375,23.60198877689999,1.0
4,OPEN,PARTIAL,1303.666,38.5250139187,410.51171875,410.51171875,0.8787064928,12.0,0.0,17.8991596639,24.4862745098,108.4265172101,157.4695188707,310.8020516461,No,On,27.40234375,23.6019887769,100.4,TRACTION,38.4609752347881,20.61937595551905,55.11082962205813,28.274317515761908,418.3229540414738,1.1649945125904762,0.0,0.0,127.34076033039764,174.5895590059643,408.7529392206548,27.40234375,23.601988776900004,1.0,38.52501391869999,13.229258033159597,-5.389963351987548,15.468234813178785,191.14242088869898,0.0,0.0,0.0,82.86705893303031,75.12288912714949,162.34365626604142,27.40234375,23.60198877689999,1.0
4,PARTIAL,OPEN,1303.677,38.5250139187,403.125,403.125,0.0,12.0,0.0,17.6470588235,23.9254901961,107.4818274457,158.7971307394,305.9098019099,No,On,27.40234375,23.6019887769,100.4,TRACTION,38.46246450650698,20.55611511152791,54.56203370177421,28.186223492367446,418.1412974067884,1.1583366516651161,0.0,0.0,126.90089421132096,174.19141853770233,406.4750116026419,27.40234375,23.601988776900004,1.0,38.52501391869999,13.163632119495,-5.106881136285171,15.308101484655001,187.778965429812,0.0,0.0,0.0,82.360348692333,74.081060749063,159.925031898489,27.40234375,23.60198877689999,1.0
4,OPEN,LOCKED,1362.215,41.0104986877,-8.875,8.875,1.3062774391,11.625,0.0,7.0588235294,5.0980392157,33.512478073,19.5691892832,282.3711058395,No,On,27.40234375,23.6019887769,105.8,TRACTION,41.15471070203539,15.446416831023079,-8.238887937848933,19.28515257546308,366.2564294386169,0.0,0.0,0.0,110.38394633076155,134.0919007880754,600.5906322066754,27.40234375,23.6019887769,1.0,41.59119831095455,7.44437842481313,0.47114039991539375,11.367072987751515,51.67122427531818,0.4603817629414142,0.0,0.0,25.173926903733324,22.806280307533335,76.07944797173941,27.40234375,23.60198877689999,1.0
4,LOCKED,OPEN,1362.286,41.3087568599,18.4112903226,18.4112903226,0.0,11.625,0.0,7.4509803922,9.8633392751,16.9107734537,17.4802229379,213.6461718611,No,On,27.40234375,23.6019887769,105.8,TRACTION,41.1439695486,14.654558404552777,-6.790066894007732,18.147613933394446,331.69436842240833,0.6327357863,0.0,0.0,102.15688936758335,123.24127351546251,566.748752248968,27.40234375,23.6019887769,1.0,41.62453769983101,7.450980392199999,0.0,11.379600713010998,52.440893080951,0.013270953567,0.0,0.0,26.16253810976,23.715399910559,62.73832142526399,27.40234375,23.60198877689999,1.0
4,OPEN,LOCKED,1362.295,41.4206036745,20.734375,20.734375,1.3270953567,11.625,0.0,7.4509803922,10.2911467617,15.5718368902,13.6448997616,204.9345605118,No,On,27.40234375,23.6019887769,105.8,TRACTION,41.14622690902876,14.555879253698631,-6.6970522790213245,18.034130718897263,327.40281940734246,0.6240681727890411,0.0,0.0,100.9891343550644,121.79249200070137,561.9117305998192,27.40234375,23.6019887769,1.0,41.622549312016005,7.450980392199999,0.0,11.366885323824997,52.371533201919,0.0,0.0,0.0,26.375952743907,23.925605123103,61.24598333319399,27.40234375,23.60198877689999,1.0
4,LOCKED,OPEN,1362.307,41.6318698799,24.25,24.25,0.0,11.625,0.0,7.4509803922,10.8615567439,15.8279344512,14.3824619109,193.3190787126,No,On,27.40234375,23.6019887769,105.8,TRACTION,41.14993470315675,14.459867106921623,-6.606551572548064,17.929495800556758,323.2586512396757,0.6335685401391893,0.0,0.0,99.83484655148514,120.33103805152435,557.0877147878189,27.40234375,23.6019887769,1.0,41.61633560009402,7.450980392199999,0.0,11.348465834816999,52.206533201919,0.0,0.0,0.0,26.591501524395003,24.127720944331994,59.871447112690994,27.40234375,23.60198877689999,1.0
4,PARTIAL,LOCKED,1400.746,45.9814682256,10.875,10.875,7.7668844964,10.3515625,0.0,10.5882352941,14.9019607843,34.2700297463,49.4548137679,104.3639023857,No,On,27.40234375,23.6019887769,109.0681362725,TRACTION,45.71303587053,10.5882352941,88.23529411791462,16.23343236284,86.80038061884,8.463959359899999,0.0,0.0,35.76542069821,52.92439563768001,106.70835107466,27.40234375,23.601988776899997,1.0,45.98184540192901,6.114253393663001,-10.816650669564059,13.070896946912999,64.230568560989,9.590235805987998,0.0,0.0,21.034647797254003,39.537315093557005,50.76828355474199,27.40234375,23.60198877689999,1.0
4,LOCKED,PARTIAL,1401.025,46.4661377555,50.0967741935,50.0967741935,10.7149557452,10.0322580645,0.0,10.5882352941,16.862745098,26.7118037395,49.5468220279,74.6330689999,No,On,27.40234375,23.6019887769,109.4,TRACTION,45.884022516534216,10.5882352941,23.21981424155648,16.239778266684212,37.02563937630789,9.58029529561579,0.0,0.0,31.97162183782368,48.20224232902631,94.39195227981054,27.40234375,23.601988776900008,1.0,45.956670336933,3.149547511315,-10.816650669564059,10.570605268373997,77.69783256043101,7.615854740615999,0.0,0.0,15.140620408355998,30.731685585224,25.151982247593,27.40234375,23.60198877689999,1.0
4,PARTIAL,LOCKED,1401.316,45.9814682256,48.875,48.875,11.4579817679,9.875,0.0,7.0588235294,15.9930110658,18.8284927432,55.340210013,43.6234900922,No,On,27.40234375,23.6019887769,109.4,TRACTION,45.94196664473731,10.377524143980597,9.592560075434642,16.42075504354627,45.77498271592985,10.186419116150747,0.0,0.0,28.043277459125378,49.85994947591195,79.34249103772986,27.40234375,23.601988776900004,1.0,45.950953721965,0.255429864253,-7.350617791765165,8.191480979475,77.80966000842001,4.4240358849020005,0.0,0.0,10.364637466098,18.594609636073,4.263710801221,27.40234375,23.60198877689999,1.0
4,LOCKED,PARTIAL,1401.346,45.9814682256,52.875,52.875,8.9651455447,10.375,0.0,4.7058823529,15.2941176471,18.0157802694,55.6859422704,40.4266262873,No,On,27.40234375,23.6019887769,109.374749499,TRACTION,45.943659569631436,10.220642102989999,7.184318949134963,16.396210772841428,45.92684981612286,10.23962020068143,0.0,0.0,27.637521947838575,50.10123852656715,77.76905186076287,27.40234375,23.601988776900004,1.0,45.950645494655554,0.07823331352727272,-5.154035902642323,7.956396134764648,77.32216316499596,4.147606984321212,0.0,0.0,10.004551146772727,17.189310598155554,2.655364524002021,27.40234375,23.60198877689999,1.0
4,OPEN,PARTIAL,1430.807,39.7677563032,549.8467741935,549.8467741935,0.4878542295,12.0,0.0,20.3921568627,28.9158016148,199.6975310983,194.7164074092,431.6520406583,No,On,27.40234375,23.6019887769,111.2,TRACTION,38.954298466060635,25.368296120473765,39.270187293230734,32.23425592430164,620.4380193184852,0.0,0.0,0.0,219.98345267865406,237.03227273443937,617.2993067837459,27.40234375,23.601988776900008,1.0,39.754484734326,4.682905329965,-18.95737531155657,11.325169602794995,193.43430057652301,0.16686712945700002,0.0,0.0,99.440693543921,64.209484865168,222.94905991201904,27.40234375,23.60198877689999,1.0
4,PARTIAL,OPEN,1430.856,39.3105208976,529.2217741935,529.2217741935,0.0,12.0,0.0,18.431372549,28.2352941176,189.9255916262,188.9943526705,402.4175599434,No,On,27.40234375,23.6019887769,111.2,TRACTION,39.00633170861515,24.954044766886366,33.999488990474056,31.96660538024848,614.296759301688,0.25497497037272726,0.0,0.0,218.16562919130303,233.7021563772,602.3944252416272,27.40234375,23.6019887769,1.0,39.73431948054301,3.7075042604459996,-17.056008704337504,10.249852417097,167.901719763351,0.003462191306,0.0,0.0,90.23829605118597,55.063829210377996,203.256801884423,27.40234375,23.60198877689999,1.0
4,OPEN,PARTIAL,1430.866,39.146385111,521.6491935484,521.6491935484,0.3462191306,12.0,0.0,17.6470588235,28.2352941176,187.9313182646,184.0217562447,388.6952526691,No,On,27.40234375,23.6019887769,111.2,TRACTION,39.01087184576417,24.85669145020149,32.427836202960414,31.91091416737313,613.0269834045508,0.2511693738,0.0,0.0,217.7441360933164,233.03487572486117,599.4096959088179,27.40234375,23.601988776900004,1.0,39.73431948054301,3.5310336722110005,-16.271694978836795,10.038087711215,162.75353427948002,0.0,0.0,0.0,88.45563095326497,53.315806916591,199.46078957545097,27.40234375,23.60198877689999,1.0
4,PARTIAL,OPEN,1430.875,39.2111112768,496.75,496.75,0.0,12.0,0.0,18.1900452489,27.3984232868,186.1364722391,184.6998375755,391.0817408907,No,On,27.40234375,23.6019887769,111.2,TRACTION,39.0128646879,24.750667440985293,30.797553721298186,31.856860931347054,611.6831923772545,0.2525671643411765,0.0,0.0,217.30571230171765,232.31409455603526,596.3109540964691,27.40234375,23.601988776900004,1.0,39.73367221888501,3.3491332197220003,-16.875013229280256,9.834691713641,157.91228427948002,0.0,0.0,0.0,86.69007500468601,51.560527962948,195.61014430070503,27.40234375,23.60198877689999,1.0
4,OPEN,PARTIAL,1469.846,40.3891274954,601.25,601.25,1.3825372039,12.0,0.0,21.568627451,30.9685086156,186.365655257,219.1831242232,675.4202428828,No,On,27.40234375,23.6019887769,113.0,TRACTION,39.62922967316412,27.365674251866302,22.684099951549307,33.73156920291414,654.3519225809358,0.0,0.0,0.0,232.24039354617392,249.86449649729238,899.5080512184934,27.40234375,23.60198877689999,1.0,40.95464424677172,18.144038242080807,-4.509220121321164,25.501875443825252,341.4026484487526,0.3211955120232323,0.0,0.0,146.60271502261918,136.1666264303586,419.3420079349121,27.40234375,23.60198877689999,1.0
4,PARTIAL,OPEN,1469.917,40.3891274954,568.0,568.0,0.0,12.0,0.0,20.7843137255,29.8509803922,178.2615441907,201.9306871818,628.5942276752,No,On,27.40234375,23.6019887769,113.0,TRACTION,39.6829598222111,26.922442118523232,19.787538487057084,33.50080033311515,649.7243953032505,0.3264323953707071,0.0,0.0,228.7580637808505,247.08946708509896,882.2844595424637,27.40234375,23.60198877689999,1.0,41.027751806659,17.874035768158002,-3.540925305688337,24.749876591378,319.62395410625,0.008640857525,0.0,0.0,142.878807902494,129.839669471814,398.38938241560504,27.40234375,23.60198877689999,1.0
4,OPEN,PARTIAL,1469.926,40.4622299886,568.0,568.0,0.8640857525,12.0,0.0,20.3921568627,29.7098039216,177.2342625062,195.0851884838,622.6585356067,No,On,27.40234375,23.6019887769,113.0,TRACTION,39.69002149894299,26.861060834593,19.589663102186513,33.464302133706,648.9071513502181,0.32316807141700005,0.0,0.0,228.25309858494902,246.63787928606598,879.7475572237911,27.40234375,23.60198877689999,1.0,41.033234493650006,17.842663219139,-3.1051954581334855,24.661876591378,316.89145410624997,0.0,0.0,0.0,142.409009027432,129.05047797208803,395.798978455475,27.40234375,23.60198877689999,1.0
4,PARTIAL,OPEN,1469.935,40.5718837284,563.425,563.425,0.0,12.0,0.0,20.3921568627,29.568627451,176.2069808217,197.3670213832,616.7228435381,No,On,27.40234375,23.6019887769,113.0,TRACTION,39.70939365964199,26.778707893415998,-9.473517725794379,33.416302133706,647.628401350218,0.3318089289420001,0.0,0.0,227.509702397774,245.985136783955,876.044702841957,27.40234375,23.60198877689999,1.0,41.037620643243,17.81129067012,-3.1051954581334855,24.576543258044,314.229370772917,0.0,0.0,0.0,141.948382969215,128.24510620271099,393.27678216182204,27.40234375,23.60198877689999,1.0
4,OPEN,LOCKED,1541.534,47.8455818023,16.9166666667,16.9166666667,0.6854203058,12.0,0.0,0.0,10.5532906232,70.4995205609,23.1380383926,350.5059236065,No,On,27.40234375,23.6019887769,120.2,TRACTION,48.30739725074615,0.0,0.0,8.5247465018,35.10673852357692,0.0,0.0,0.0,92.28853287997691,30.755844861976925,421.8918533366077,27.40234375,23.601988776899994,1.0,47.81494393820301,0.6881598793320001,4.402414034697922,10.831330415639,24.760973720797,13.676058024804002,0.0,0.0,20.090139714832,13.088500407701003,53.725148633844,27.40234375,23.60198877689999,1.0
4,LOCKED,PARTIAL,1541.665,47.3704155964,-50.125,50.125,9.8316210319,12.0,0.0,0.0,11.7647058824,28.9931581678,18.0940649847,214.5213169731,No,On,27.40234375,23.6019887769,120.2,TRACTION,48.04977900015385,0.0,0.0,10.056319161346153,24.100073989353845,4.0280713505153845,0.0,0.0,71.71814541093846,24.40216347509231,354.4984252692962,27.40234375,23.601988776900004,1.0,47.82664033711801,1.2999245852090002,4.402414034697922,10.317108805236998,24.852188571463003,14.284805704518003,0.0,0.0,16.151702316256003,12.689183074454002,19.077790488907002,27.40234375,23.60198877689999,1.0
4,PARTIAL,LOCKED,1541.675,47.22421061,-45.73046875,45.73046875,9.7265937001,12.0,0.0,0.0,11.7647058824,25.8247335576,17.6364125695,204.14081265,No,On,27.40234375,23.6019887769,120.2,TRACTION,48.02461739260742,0.0,0.0,10.119592743607406,25.063960137896295,4.243017635011111,0.0,0.0,70.1357384760074,24.168530197670375,349.31408792499263,27.40234375,23.601988776900004,1.0,47.832854049041,1.3469834087380002,4.402414034697922,10.285580946568,24.553842217296,14.320158654593001,0.0,0.0,16.072826765058,12.661164110073,17.163999843040003,27.40234375,23.60198877689999,1.0
4,LOCKED,PARTIAL,1541.685,47.4230493916,-51.7983870968,51.7983870968,9.7315950016,12.0,0.0,0.0,11.7647058824,22.6563089474,16.2263672841,193.7603083268,No,On,27.40234375,23.6019887769,120.2,TRACTION,47.99603143608572,0.0,0.0,10.17834678427857,25.802049731185715,4.438859637335715,0.0,0.0,68.55320258606429,23.935240282378572,344.12932809374286,27.40234375,23.601988776900008,1.0,47.83707937314801,1.394042232267,4.402414034697923,10.253664813778,24.198438991489002,14.355467634892001,0.0,0.0,16.026033758606,12.650100677834,15.357791327762005,27.40234375,23.60198877689999,1.0
4,PARTIAL,LOCKED,1541.785,47.8455818023,-49.3970588235,49.3970588235,18.6709777935,8.5201612903,0.0,0.0,11.8185313341,14.3923205098,18.0226880025,89.9552650952,No,On,27.40234375,23.6019887769,120.2,TRACTION,48.00737551307895,0.0,0.0,10.596214407481579,33.3530183677921,7.769513375423683,0.0,0.0,54.523293459905254,21.85465474411579,292.18387958035527,27.40234375,23.601988776900008,1.0,47.81250414249701,1.8646304675570002,4.402414034697922,9.910476169649,22.126517979626996,13.920227659658998,0.0,0.0,16.406352904334,12.579692702123,3.244620287776,27.40234375,23.60198877689999,1.0
4,OPEN,PARTIAL,1870.464,45.9814682256,368.125,368.125,0.882312942,12.0,0.0,22.7450980392,31.1176470588,214.7723599138,209.8364314694,611.7051756763,No,On,27.40234375,23.6019887769,122.0,TRACTION,45.9814682256,22.7450980392,473.8562091477374,31.25816993463333,377.1403645833334,0.0,0.0,0.0,219.0871266544667,211.0664598070333,638.2691919904668,27.40234375,23.6019887769,1.0,46.350438439527004,19.640170940178,-2.4605947513832716,28.964522197299992,261.421509616454,21.548696485294002,0.0,0.0,215.56486048374197,162.572566999619,512.3981337395569,27.40234375,23.60198877689999,1.0
4,OPEN,LOCKED,2085.072,48.4669529945,48.25,48.25,0.8509270862,0.0,0.0,3.9215686275,9.9647058824,60.3452561716,30.9776102696,98.1085342414,No,On,27.40234375,23.6019887769,125.6,TRACTION,48.4669529945,5.5867269985,85.3636726932434,8.455686274520001,90.44947916666,0.0,0.0,0.0,65.13155123432,35.68878849814,103.5553781381,27.40234375,23.6019887769,1.0,48.38258196284701,2.689215686271001,-1.254703901823993,10.917406169480996,27.039516923531,14.499492531452,0.0,0.0,19.554266151735998,16.053544948632,31.285479192838,27.40234375,23.60198877689999,1.0
4,LOCKED,PARTIAL,2085.081,48.4669529945,55.6538461538,55.6538461538,5.2757479343,0.0,0.0,3.9215686275,10.4235294118,58.8899637539,29.704720754,96.4523992728,No,On,27.40234375,23.6019887769,125.6,TRACTION,48.4669529945,5.309200603333333,54.79652463241194,8.707189542500002,83.41623263888333,0.14182118103333333,0.0,0.0,64.33383539053334,34.90359212671667,102.64757082198332,27.40234375,23.6019887769,1.0,48.38172973020404,2.676767676763637,-1.267377678610094,10.922394823598989,26.750483294942427,14.592661668796971,0.0,0.0,19.15693587292626,15.915654283931312,30.62722747485859,27.40234375,23.60198877689999,1.0
4,PARTIAL,LOCKED,2085.092,48.4669529945,48.25,48.25,4.2546354309,0.0,0.0,3.5294117647,10.9843137255,57.1112730212,24.7083320008,94.4282343112,No,On,27.40234375,23.6019887769,125.6,TRACTION,48.4669529945,5.110967463928572,46.968449684924515,8.952380952400002,79.45017742672857,0.8752392886428572,0.0,0.0,63.55613944244286,34.160896216328574,101.76254631495713,27.40234375,23.601988776900004,1.0,48.37545325351516,2.6688453159000005,-0.9072703665796371,10.910471670498985,26.69366511312424,14.693349833746469,0.0,0.0,18.690293683713133,15.818802688571715,29.75976418607576,27.40234375,23.60198877689999,1.0
4,LOCKED,PARTIAL,2086.163,47.8455818023,50.3602941176,50.3602941176,14.3446357541,12.0,0.0,2.7450980392,9.8039215686,10.4872894287,15.1200240602,7.7489902746,No,On,27.40234375,23.6019887769,125.6,TRACTION,48.332872267471004,2.662745098033001,0.3267973855786771,10.763175922923997,27.990747279197002,15.003946086148,0.0,0.0,16.163621140718,15.332985391322998,24.751358174888004,27.40234375,23.60198877689999,1.0,47.742239480950516,2.7450980392000006,0.0,6.781819862660607,50.45302106667678,9.73681822268687,0.0,0.0,12.836473397075757,14.256633994411112,4.2629472835676765,27.40234375,23.60198877689999,1.0
4,OPEN,PARTIAL,2238.891,38.5250139187,550.9032258065,550.9032258065,0.3004353266,12.0,0.0,19.6078431373,28.5204991087,158.9799298212,191.0285966628,554.9612522481,No,On,27.40234375,23.6019887769,127.4,TRACTION,38.47384217345999,21.906485671205,112.25288872331888,30.19603007359,563.952901712685,0.0,0.0,0.0,167.688866990805,208.39548867684002,605.9019898680351,27.40234375,23.601988776899997,1.0,39.018699422855995,17.636134453786,-2.5553857907542024,23.621683803679,304.550051177583,0.648552647068,0.0,0.0,132.32438491204698,123.24830943816501,365.179666023135,27.40234375,23.60198877689999,1.0
4,PARTIAL,OPEN,2239.031,38.5250139187,490.62890625,490.62890625,0.0,12.0,0.0,18.8235294118,26.559714795,147.3347416289,168.8095369158,486.8456527563,No,On,27.40234375,23.6019887769,127.4,TRACTION,38.49491289208824,20.844645550538235,62.95537091359867,29.171296991285296,547.0790501456677,1.8963911083205882,0.0,0.0,161.8594227839294,196.95634997414413,571.8041221224294,27.40234375,23.601988776900004,1.0,39.105939938254,17.353781512611,-1.5096341566961378,22.536060606065995,272.84822217652703,0.006784023504999999,0.0,0.0,127.880251948948,115.100679782375,333.383470705524,27.40234375,23.60198877689999,1.0
4,OPEN,PARTIAL,2239.042,38.5250139187,484.6180555556,484.6180555556,0.6784023505,12.0,0.0,18.8235294118,26.1675579323,146.4197625566,165.5827025127,481.4937127962,No,On,27.40234375,23.6019887769,127.4,TRACTION,38.495772921420006,20.786899375145715,60.03619785118364,29.096680357105715,545.4661888915057,1.8422085052257142,0.0,0.0,161.4444318937857,196.1521553153343,569.3767372833971,27.40234375,23.601988776900004,1.0,39.113644941038,17.338095238101,-1.5096341566961378,22.474934046351,271.097593091559,0.0,0.0,0.0,127.615990124338,114.602825331613,331.4590169800971,27.40234375,23.60198877689999,1.0
4,PARTIAL,OPEN,2239.052,38.5250139187,475.8333333333,475.8333333333,0.0,12.0,0.0,18.0392156863,25.8110516934,145.5879634001,166.3894111135,476.6283128325,No,On,27.40234375,23.6019887769,127.4,TRACTION,38.49658517134445,20.732361320608334,58.368525688650756,29.015315845305558,543.7759629655083,1.8098805564833331,0.0,0.0,161.02707996775277,195.30300384859447,566.9355421587528,27.40234375,23.601988776900004,1.0,39.12259268620599,17.330252100846,-0.7253204312132588,22.417764705887997,269.465325934697,0.0,0.0,0.0,127.35875067312001,114.09862477319197,329.580439517769,27.40234375,23.60198877689999,1.0
4,PARTIAL,LOCKED,2405.511,48.4669529945,48.5,48.5,7.9589461964,8.25,0.0,3.9215686275,12.0448179272,18.0388077446,23.2657472088,50.6585727224,No,On,27.40234375,23.6019887769,137.8256,TRACTION,48.4669529945,3.9215686275,122.5490196122729,11.942777110849999,68.425852272725,8.067782987249998,0.0,0.0,18.17759155755,23.0369210012,50.89572291877501,27.40234375,23.6019887769,1.0,48.25005876362001,4.577516339895001,3.1075932056045463,12.009139621605001,28.605717586568,9.680236748989,0.0,0.0,17.686839190868,18.461311746735,46.570098576172,27.40234375,23.60198877689999,1.0
4,LOCKED,PARTIAL,2406.35,48.8933842049,52.875,52.875,9.6654790056,11.8306451613,0.0,5.2026143791,11.8470588235,20.4916294643,17.5349452909,44.397105524,No,On,27.40234375,23.6019887769,136.4,TRACTION,48.275709753221584,4.139928698785227,7.383325231079849,11.513730907995456,23.11515385708182,9.494183208948863,0.0,0.0,16.78849877464432,17.524026861992045,47.039514977018186,27.40234375,23.601988776899997,1.0,47.86260539533132,7.00732818378788,1.8502656648374982,11.042755933349497,51.24198805313636,5.018445125655556,0.0,0.0,32.821368817780815,40.77712352256565,50.61280557382929,27.40234375,23.60198877689999,1.0
4,OPEN,PARTIAL,2522.7,41.6318698799,455.75,455.75,2.3976552038,12.0,0.0,23.5294117647,30.9803921569,189.9740767045,200.8627586532,527.2803068996,No,On,27.40234375,23.6019887769,138.2,TRACTION,40.86024972231101,24.243137254905996,-1.6013071895493132,31.728321273615002,500.54253997928396,0.0,0.0,0.0,206.400219450695,210.60914527671903,689.4520057436048,27.40234375,23.60198877689999,1.0,42.11442017592223,17.21457917536364,-12.386639936666693,22.123342659212128,314.81796130583945,15.818834082791918,0.0,0.0,160.2611312178101,146.83403746956566,284.4566769776091,27.40234375,23.60198877689999,1.0
4,PARTIAL,LOCKED,2615.019,38.5250139187,47.125,47.125,13.0284685885,12.0,0.0,11.3725490196,14.6509803922,23.8439594834,13.1452608863,131.4954552154,No,On,27.40234375,23.6019887769,136.4,TRACTION,38.46971188259499,11.3725490196,63.18082788656451,14.894430207710002,82.83102318548501,13.825703838659999,0.0,0.0,25.410482633485003,42.38140910078501,156.01314615221003,27.40234375,23.601988776899997,1.0,38.50607782431836,11.3725490196,0.0,11.405367467522447,88.13833833937244,5.5968303384234686,0.0,0.0,45.71140129071122,50.876547036833664,107.70209093629387,27.40234375,23.601988776899994,1.0
4,LOCKED,PARTIAL,2615.029,38.5250139187,52.0362903226,52.0362903226,12.7905160399,12.0,0.0,11.3725490196,14.6117647059,24.2795618099,12.4909718829,129.1515077071,No,On,27.40234375,23.6019887769,136.4,TRACTION,38.47234531288571,11.3725490196,60.17221703482334,14.882837359352383,81.13073636712858,13.787740255319047,0.0,0.0,25.335886293004766,40.98921156676191,154.84563705998096,27.40234375,23.601988776899997,1.0,38.50607782431835,11.3725490196,0.0,11.36239027664592,88.59290000274693,5.4663148686285705,0.0,0.0,46.081258380169395,51.360188257258166,107.43035247754287,27.40234375,23.601988776899994,1.0
4,PARTIAL,LOCKED,2615.041,38.5250139187,45.1491935484,45.1491935484,12.810345419,12.0,0.0,11.3725490196,14.5098039216,24.8022846017,10.3258700899,126.3387706972,No,On,27.40234375,23.6019887769,136.4,TRACTION,38.47473934042272,11.3725490196,57.43711626051319,14.870515875104546,79.80826154692274,13.74241188189091,0.0,0.0,25.287871543772727,39.69383703567728,153.67772208939547,27.40234375,23.601988776899997,1.0,38.50607782431836,11.3725490196,0.0,11.318372669603065,89.12054977233164,5.335597058230611,0.0,0.0,46.444451387421424,51.85315071417244,107.18731541685204,27.40234375,23.601988776899994,1.0
4,LOCKED,PARTIAL,2615.119,38.5250139187,50.125,50.125,11.6755383837,12.0,0.0,11.3725490196,12.7351950881,28.1999827484,6.9146451495,110.5385659323,No,On,27.40234375,23.6019887769,136.4,TRACTION,38.488145894630016,11.3725490196,42.120551924376336,14.612307139206667,68.98774781586332,13.347217845769999,0.0,0.0,25.54897177865667,31.36511954089,144.14466843077665,27.40234375,23.601988776900008,1.0,38.50607782431836,11.3725490196,0.0,11.07245289155102,93.68293136215611,4.346324946636735,0.0,0.0,49.15294917489898,55.87694858573265,106.0319625301347,27.40234375,23.601988776899994,1.0
4,PARTIAL,LOCKED,2615.129,38.5250139187,49.7903225806,49.7903225806,11.7389923967,12.0,0.0,11.3725490196,12.4579124579,28.6355850749,5.5317161196,110.4515146057,No,On,27.40234375,23.6019887769,136.4,TRACTION,38.48933518572905,11.3725490196,40.76182444294484,14.551755137558064,68.37927207986773,13.293292701832256,0.0,0.0,25.634488261551617,30.576394560522576,143.06060060824515,27.40234375,23.60198877690001,1.0,38.50607782431835,11.3725490196,0.0,11.061100415767346,94.1372972727439,4.226539309935714,0.0,0.0,49.46626453675204,56.4113048367398,105.93625386284388,27.40234375,23.601988776899994,1.0
4,LOCKED,PARTIAL,2615.14,38.5250139187,53.9140625,53.9140625,11.6404120551,12.0,0.0,11.3725490196,11.7647058824,29.1147476341,5.9465948285,110.3557581464,No,On,27.40234375,23.6019887769,136.4,TRACTION,38.49045014613437,11.3725490196,39.48801742910282,14.486322553818749,67.79836740801562,13.244720817296876,0.0,0.0,25.728272536968753,29.79374835924375,142.04156667066562,27.40234375,23.6019887769,1.0,38.505882606850506,11.3725490196,0.0,11.053846751162887,94.55196979617422,4.150107632150516,0.0,0.0,49.67607398935669,56.93155957909279,105.8906919630134,27.40234375,23.601988776899994,1.0
4,LOCKED,PARTIAL,2741.279,41.7561441183,-68.875,68.875,9.8149760753,12.0,849.4900082909,0.0,8.8651218063,3.4190848214,-31.4831972268,-12.9319230173,No,On,27.40234375,23.6019887769,140.0,BRAKE,42.11121337102857,0.0,0.0,9.242848654614287,24.505148329485714,5.1850993443,825.6561830904787,834.1838820154,2.5298487784642867,-27.05947067524286,-11.09328594520714,27.40234375,23.601988776899994,1.0,40.930024922702984,0.0,0.0,9.341434623031,59.630856290560004,19.247694265829,735.0895715274922,900.0002250001,6.414563994637,-1.27930675249,-23.026707201251998,27.40234375,23.60198877689999,1.0
4,PARTIAL,LOCKED,2741.6,41.2484706336,-47.25,47.25,21.0939268781,12.0,900.0002250001,0.0,9.8039215686,7.1231092088,7.2804521832,-20.8238380146,No,On,27.40234375,23.6019887769,139.3975951904,BRAKE,41.83809498871087,0.0,0.0,9.055770583819564,71.21831403533477,17.071345440852173,875.344052021504,900.0002250001,4.43184125657174,-15.01815453811304,-15.019544578978264,27.40234375,23.601988776900004,1.0,40.180400524879005,0.0,0.0,8.62116498316,65.232879666966,15.785215942578997,639.5181190631749,900.0002250001,6.7756486066359995,1.29702014024,-27.335085258260996,27.40234375,23.60198877689999,1.0
4,LOCKED,PARTIAL,2742.029,40.8862244492,53.125,53.125,16.8243782921,12.0,600.00015,0.0,9.8039215686,6.8467835771,6.2692782689,-26.8318930546,No,On,27.40234375,23.6019887769,138.2,BRAKE,41.33657949758427,0.0,0.0,9.41723678994944,54.41043495220674,18.068998791889886,790.0857283629979,900.0002250001,5.667097285474157,-4.2214377856550565,-19.606066610638198,27.40234375,23.601988776899994,1.0,39.35487599987199,0.0,0.0,7.433999207767001,97.51333476991199,9.121146443545001,600.28515007125,621.00015525,5.446963290689,-1.407885694313,-30.772835704098,27.40234375,23.60198877689999,1.0
4,PARTIAL,LOCKED,2742.04,40.7495227869,47.546875,47.546875,16.6158865352,12.0,600.00015,0.0,9.8039215686,6.8396983045,5.4625696681,-26.9277523673,No,On,27.40234375,23.6019887769,138.2,BRAKE,41.331575552602224,0.0,0.0,9.421533287490002,54.39615234162667,18.055169675225553,787.973666381187,900.0002250001,5.680204910936666,-4.104874273937778,-19.686353571126663,27.40234375,23.601988776899994,1.0,39.33263091119,0.0,0.0,7.406548227375001,98.032382148944,8.954987578193,600.6601501649999,637.500159375,5.397346289826,-1.4665449339980003,-30.833944289643004,27.40234375,23.60198877689999,1.0
4,LOCKED,PARTIAL,2742.05,40.6252485485,54.9416666667,54.9416666667,16.6340162532,12.0,600.00015,0.0,9.8039215686,6.8332571476,2.5814675225,-27.0148971969,No,On,27.40234375,23.6019887769,138.2,BRAKE,41.32517936836374,0.0,0.0,9.425735356513188,54.32088555765275,18.039353376983513,785.9080233440311,900.0002250001,5.692946596580219,-3.9997375273219786,-19.765929382073622,27.40234375,23.60198877689999,1.0,39.311628564892,0.0,0.0,7.379097246983001,98.48522354679301,8.788647415661,601.4101503525,675.00016875,5.346879243979999,-1.473920555491,-30.894341940962004,27.40234375,23.60198877689999,1.0
4,OPEN,LOCKED,2934.107,38.5250139187,13.0,13.0,1.4532102074,12.0,0.0,0.0,10.7843137255,19.168900698,32.5716962052,51.5323621545,No,On,266.640625,265.5223737398,143.6,TRACTION,38.52501391869999,0.0,0.0,11.148114630476922,73.24194823153846,0.0,0.0,0.0,19.610044599276925,28.52990595708462,53.387600385230776,266.640625,265.5223737398,1.0,38.46727441140121,0.0,0.0,8.936608446903659,19.066391907618293,0.5328690764158537,0.0,0.0,16.68760066629756,19.15694550197805,45.970269572417074,266.640625,265.52237373980006,1.0
4,LOCKED,OPEN,2934.179,38.5250139187,4.185483871,4.185483871,0.0,12.0,0.0,0.0,10.2196078431,18.7106202411,34.510770888,50.6121011243,No,On,266.640625,265.5223737398,143.6,TRACTION,38.5250139187,0.0,0.0,10.929803921575,51.15290647147001,2.18270945619,0.0,0.0,19.38658391498,30.397776380815003,52.599588779784995,266.640625,265.5223737398,1.0,38.46188539071999,0.0,0.0,8.795946803909333,20.017944668457332,0.019923804662666664,0.0,0.0,16.480539154457336,17.758182750736,45.50039193840933,266.640625,265.52237373980006,1.0
4,OPEN,LOCKED,2934.187,38.5250139187,3.0282258065,3.0282258065,1.4942853497,12.0,0.0,0.0,10.1568627451,18.6597001904,35.4029831653,50.5098498987,No,On,266.640625,265.5223737398,143.6,TRACTION,38.5250139187,0.0,0.0,10.895985060695237,48.9163625381143,2.078770910657143,0.0,0.0,19.354395168604764,30.593633262109527,52.50494651047618,266.640625,265.5223737398,1.0,38.461032302504044,0.0,0.0,8.777556047947296,20.247535463889186,0.0,0.0,0.0,16.451091032350003,17.51973950189054,45.43269656056757,266.640625,265.52237373980006,1.0
4,LOCKED,OPEN,2934.198,38.5250139187,3.875,3.875,0.0,12.0,0.0,0.0,10.0705882353,18.5896851206,35.1888522187,50.3692544635,No,On,266.640625,265.5223737398,143.6,TRACTION,38.52501391869999,0.0,0.0,10.862388591804544,46.83053814122274,2.052203385159091,0.0,0.0,19.32281812414091,30.812240075890916,52.41426030084999,266.640625,265.5223737398,1.0,38.46015584200821,0.0,0.0,8.759843278257533,20.471816771613696,0.0,0.0,0.0,16.42179522292192,17.277696861934245,45.36507247970548,266.640625,265.5223737398,1.0
4,OPEN,PARTIAL,2943.538,42.2532410721,702.1875,702.1875,0.5994503528,12.0,0.0,22.3529411765,33.1935546496,207.4140711231,271.0540898594,1054.3149960038,No,On,266.640625,265.5223737398,145.4,TRACTION,41.07213353805702,30.144042232262,-7.735195088097753,35.568454280720005,714.8201513354768,0.0,0.0,0.0,267.826275912759,278.1931453674031,1057.9399377298118,266.640625,265.52237373980006,1.0,42.75486902759596,15.846524901786868,11.371850349970446,32.69090577809595,313.43603643966566,27.049586366573735,0.0,0.0,142.3093252813293,175.45048532115152,1089.0748797166314,266.640625,265.52237373980006,1.0
4,PARTIAL,LOCKED,2943.979,42.8746122644,47.5,47.5,16.2003650956,12.0,0.0,10.1960784314,15.9725490196,108.1807050221,58.2674097929,1064.579068177,No,On,266.640625,265.5223737398,145.4,TRACTION,41.94840833029395,18.888888888881816,-24.72067445337505,28.471518132188887,603.9482054609081,5.53476837889293,0.0,0.0,214.92611723877476,219.93421175999597,1056.185209469086,266.640625,265.52237373980006,1.0,43.371336246277004,31.203523600586003,37.40951067169627,47.60540215843901,178.576909274192,43.43241014043299,0.0,0.0,197.17488801847,263.9373977422449,1256.824370893416,266.640625,265.52237373980006,1.0
4,LOCKED,PARTIAL,2943.988,42.8746122644,61.0282258065,61.0282258065,15.2652225452,12.0,0.0,11.7647058824,16.5725490196,106.1555342853,58.2674097929,1064.7885390376,No,On,266.640625,265.5223737398,145.4,TRACTION,41.957670369635004,18.801960784307,-21.205493852514024,28.346528441063,598.3837234062989,5.641424346060001,0.0,0.0,213.858663116608,218.31754374032502,1056.2691480561652,266.640625,265.52237373980006,1.0,43.383763670122,31.564307914310998,36.15678736005782,48.10051922308701,180.40787701612703,43.331246314065,0.0,0.0,199.61374287441902,266.86753100800996,1262.253299409155,266.640625,265.52237373980006,1.0
4,PARTIAL,LOCKED,2943.999,42.8746122644,47.5,47.5,15.4810246722,12.0,0.0,13.3333333333,17.4784313725,103.6803256071,57.8986287183,1065.0445589785,No,On,266.640625,265.5223737398,145.4,TRACTION,41.976311505402,18.61372549019,-19.46257446251684,28.155391186161,591.844005664364,5.794076571512001,0.0,0.0,212.12313801801503,216.1267536688,1056.334351705874,266.640625,265.52237373980006,1.0,43.39619109396701,31.913327522154006,35.05755979028099,48.592634540502004,182.339830141127,43.22792446642699,0.0,0.0,202.114844710941,269.825490482134,1267.771161936759,266.640625,265.52237373980006,1.0
4,LOCKED,PARTIAL,2944.048,42.8746122644,50.875,50.875,14.2114326872,12.0,0.0,15.6862745098,21.5137254902,92.6543960403,58.2674097929,1066.1850114421,No,On,266.640625,265.5223737398,145.4,TRACTION,42.069517184237,17.801659125184,-15.707603942850465,27.323234323416003,558.5347808659769,6.531177904685999,0.0,0.0,203.09619265475,205.14093447997402,1056.727031128578,266.640625,265.52237373980006,1.0,43.460399450497995,33.613302383892,33.407213948828954,51.00730780782701,195.171951908368,42.742690971428004,0.0,0.0,215.37836236276905,284.91816021511903,1296.424889772355,266.640625,265.52237373980006,1.0
4,PARTIAL,LOCKED,2944.767,43.8980471692,42.125,42.125,57.1086116596,5.125,0.0,39.299719888,56.4705882353,281.3003812636,328.8259500833,1439.9420032764,No,On,266.640625,265.5223737398,145.4,TRACTION,43.035683496474995,22.114825044239,38.93483719707869,37.227526725906,225.729770329301,39.563590674768996,0.0,0.0,157.075493386054,204.988917639833,1155.950489437487,266.640625,265.52237373980006,1.0,44.284727574626075,48.05598777465652,41.44311097635506,68.57087874576739,254.87402293686742,15.195266405147827,0.0,0.0,340.74435525930215,358.5290232126631,1621.6645170851239,266.640625,265.5223737397999,1.0
4,LOCKED,PARTIAL,2944.887,44.1173546489,65.5,65.5,30.3633926889,5.125,0.0,43.137254902,60.9882352941,318.7952750545,339.2555398504,1531.4362145501,No,On,266.640625,265.5223737398,145.4,TRACTION,43.21944885918587,27.28078088149596,42.36190156911512,43.00775421034545,181.82583487767374,43.54463486924545,0.0,0.0,176.19508994320097,236.50686912768685,1207.9946673863062,266.640625,265.52237373980006,1.0,44.34380037194118,50.51244411105883,44.787736612958795,72.08484246348529,331.82945667265005,5.268586766317647,0.0,0.0,354.46454066592355,366.80522224215883,1668.0860839915795,266.640625,265.52237373979995,1.0
4,PARTIAL,OPEN,2945.058,44.4097646217,355.9267241379,355.9267241379,0.0,5.125,0.0,49.8039215686,69.6680256261,363.9588945761,365.339117942,1661.8154656151,No,On,266.640625,265.5223737398,145.4,TRACTION,43.460399450497995,33.613302383892,33.407213948828954,51.00730780782701,195.171951908368,42.742690971428004,0.0,0.0,215.37836236276905,284.91816021511903,1296.424889772355,266.640625,265.52237373980006,1.0,44.54086175948822,53.93649026867059,51.256317692549544,78.51272054541765,468.61451761148237,0.0,0.0,0.0,362.3170771002235,382.3723731440588,1735.4425434243235,266.640625,265.5223737398,1.0
4,OPEN,PARTIAL,3844.394,42.4359973051,473.54296875,473.54296875,1.6886955061,12.0,0.0,23.9215686275,31.8646674356,194.7519364316,214.261804365,450.5654607088,No,On,266.640625,265.5223737398,150.8,TRACTION,41.886394485604015,24.670588235257,-0.8278867101530138,32.152787389468,489.93056689514395,0.0,0.0,0.0,206.07345981726098,212.23416078680302,653.139379451776,266.640625,265.52237373980006,1.0,42.884744944063634,17.231069584008086,-5.025221827761397,22.883791593237376,299.5653829832768,0.4702077158757575,0.0,0.0,156.94923955623634,131.4752430182162,293.27891124023836,266.640625,265.52237373980006,1.0
4,PARTIAL,OPEN,3844.464,42.8746122644,473.125,473.125,0.0,12.0,0.0,22.7450980392,31.2284913966,193.0984575321,212.8327777008,417.2295407281,No,On,266.640625,265.5223737398,150.8,TRACTION,41.991540238326,24.594771241798004,-1.3943355118931253,32.114801999235,487.91263095069206,0.467549618213,0.0,0.0,204.689503958761,212.27383882835397,631.67797300055,266.640625,265.52237373980006,1.0,42.905599665320985,16.671830783591005,-3.68230439518929,21.766918177899,279.661730798962,0.014842975565000001,0.0,0.0,149.980935729049,122.909528869928,277.50091927638204,266.640625,265.52237373980006,1.0
4,OPEN,PARTIAL,3844.474,42.8746122644,473.1491935484,473.1491935484,1.4842975565,12.0,0.0,22.3529411765,30.9883953581,192.8622462607,212.0122398098,412.4672664452,No,On,266.640625,265.5223737398,150.8,TRACTION,42.009560002901004,24.575163398661,-2.120551924447507,32.10551828575,487.65638095069204,0.467549618213,0.0,0.0,204.485384325277,212.27407630101501,628.432615534936,266.640625,265.52237373980006,1.0,42.905599665320985,16.605164116924,-3.290147532497852,21.623879144104002,276.878915334066,0.0,0.0,0.0,149.026475121062,121.74395464695901,275.49740089902804,266.640625,265.52237373980006,1.0
4,PARTIAL,OPEN,3844.484,42.8746122644,473.2661290323,473.2661290323,0.0,12.0,0.0,22.3529411765,30.7482993197,192.6260349893,210.205212544,407.7049921622,No,On,266.640625,265.5223737398,150.8,TRACTION,42.026337025092005,24.551633986897006,-2.512708787138945,32.09383361188,487.40025569867606,0.482392593778,0.0,0.0,204.27962736332904,212.270138670831,625.1415678037399,266.640625,265.52237373980006,1.0,42.905599665321,16.538497450257005,-3.2901475324978513,21.484429424823,274.076536301808,0.0,0.0,0.0,148.063833996712,120.58598207259399,273.531112695839,266.640625,265.52237373980006,1.0
4,OPEN,PARTIAL,3953.874,40.3891274954,404.375,404.375,1.8020314517,12.0,0.0,21.9607843137,29.4117647059,181.7991294161,176.7056155704,576.474719341,No,On,266.640625,265.5223737398,154.4,TRACTION,39.555737473197986,21.9607843137,0.0,29.41176470590001,414.1334664600849,0.0,0.0,0.0,178.38296154843735,176.48613826736064,593.086940844709,266.640625,265.52237373980006,1.0,40.73583815893334,21.9607843137,0.0,29.367129517220196,322.5740849433555,21.18340503621818,0.0,0.0,186.7089009719071,178.6715761788323,548.0334921054616,266.640625,265.52237373980006,1.0
4,OPEN,PARTIAL,4061.723,38.5250139187,338.8107142857,338.8107142857,0.720187418,12.0,0.0,19.6078431373,26.2901960784,137.6451309302,150.4626784526,457.4574399143,No,On,266.640625,265.5223737398,156.2,TRACTION,38.473232986011105,19.93464052288333,121.03606874856973,26.975163398677783,340.6328071506389,0.0,0.0,0.0,143.8675275963889,151.49426545995553,475.8433866909166,266.640625,265.5223737398,1.0,38.52501391869999,16.2948558670606,-4.357207538754101,20.760725884965655,236.33345735287074,0.6380546071898989,0.0,0.0,107.61941209001012,104.87888197248384,314.1791222619162,266.640625,265.52237373980006,1.0
4,PARTIAL,OPEN,4061.793,38.5250139187,335.75,335.75,0.0,12.0,0.0,18.8235294118,25.4156862745,133.0494569563,148.6901500616,436.9633466062,No,On,266.640625,265.5223737398,156.2,TRACTION,38.487731647164,19.670588235308,83.97702515355464,26.642039215668,339.105771686096,2.420758998476,0.0,0.0,141.568523454156,151.018740549052,468.21260857556393,266.640625,265.5223737398,1.0,38.52501391869999,16.033868092704996,-3.521399377012665,19.979022016455996,227.32388308802598,0.033686185679,0.0,0.0,104.419580569416,100.54469244876599,296.419021666888,266.640625,265.52237373980006,1.0
4,OPEN,PARTIAL,4061.803,38.5250139187,335.4274193548,335.4274193548,3.3686185679,12.0,0.0,18.8235294118,25.3764705882,132.3929321029,148.0656014674,434.0356189907,No,On,266.640625,265.5223737398,156.2,TRACTION,38.48916558068461,19.638009049788458,80.74713957072562,26.594871794853848,338.9767035443231,2.32765288315,0.0,0.0,141.24086705039232,150.9291793764577,467.01071388443455,266.640625,265.5223737398,1.0,38.52501391869999,15.998573975057996,-3.5213993770126644,19.882635009128,226.040536313833,0.0,0.0,0.0,104.01165568250899,99.933745135115,294.142379736537,266.640625,265.52237373980006,1.0
4,PARTIAL,OPEN,4061.813,38.5250139187,335.6666666667,335.6666666667,0.0,12.0,0.0,18.431372549,25.337254902,131.7364072495,146.4060866315,431.1078913753,No,On,266.640625,265.5223737398,156.2,TRACTION,38.49049329690741,19.607843137270372,77.75650477180986,26.54974582423704,338.84524857434076,2.36620716777037,0.0,0.0,140.91316575604074,150.8231209353815,465.7894140735555,266.640625,265.5223737398,1.0,38.52501391869999,15.967201426038995,-3.1292425142212243,19.788066183618,224.752539002005,0.0,0.0,0.0,103.61033785156798,99.325256361962,291.893286421053,266.640625,265.52237373980006,1.0
4,OPEN,PARTIAL,4220.303,42.8746122644,485.375,485.375,2.6995734912,12.0,0.0,24.7058823529,32.4929971989,199.6486889753,217.7235880012,722.8608165123,No,On,266.640625,265.5223737398,152.6,TRACTION,42.233485993611005,25.368627450960002,-0.7486631015868529,32.642045332955,514.660453183425,0.0,0.0,0.0,222.00259007600098,221.640820946586,749.7951243947421,266.640625,265.52237373980006,1.0,43.646789026606,22.169984917029005,-3.8412785470421533,30.290096884431996,391.2918881088411,0.770499581649,0.0,0.0,133.372130567381,178.34946931502404,568.085511212022,266.640625,265.52237373980006,1.0
4,PARTIAL,OPEN,4220.402,43.0330009997,473.375,473.375,0.0,12.0,0.0,24.3137254902,32.0980392157,185.3355309482,216.8432718875,692.272981299,No,On,266.640625,265.5223737398,152.6,TRACTION,42.35824758201499,25.282352941155995,-1.140819964278295,32.578544732714,509.00199224047105,0.7879262247859999,0.0,0.0,218.86945725399,220.91221140400202,743.5646022474649,266.640625,265.52237373980006,1.0,43.76899202774899,21.828808446440007,-3.449121684350712,29.848519691178,388.003157150059,0.009569091775,0.0,0.0,125.849694670622,174.300004039567,542.592235481015,266.640625,265.52237373980006,1.0
4,OPEN,PARTIAL,4220.414,43.1792059861,473.375,473.375,0.9569091775,12.0,0.0,24.3137254902,32.0509803922,183.6006027025,216.8432718875,688.5653649095,No,On,266.640625,265.5223737398,152.6,TRACTION,42.37973757011515,25.268369974232318,-1.152343398260904,32.566365247938386,508.05331240152327,0.7958850755414141,0.0,0.0,218.42028720009796,220.81620551245655,742.5232772607625,266.640625,265.52237373980006,1.0,43.778373514377,21.79743589742001,-3.449121684350712,29.807450772521,388.09565715005897,0.0,0.0,0.0,125.231170986348,173.89434485746494,540.271401325447,266.640625,265.52237373980006,1.0
4,PARTIAL,OPEN,4220.424,43.3010434747,471.7217741935,471.7217741935,0.0,12.0,0.0,24.3137254902,32.0117647059,182.1548291644,216.8432718875,685.475684585,No,On,266.640625,265.5223737398,152.6,TRACTION,42.39536722775354,25.256486432937372,-1.152343398260904,32.55737336835858,507.39808828536155,0.8055508248090908,0.0,0.0,218.00901689270202,220.74963506105556,741.7136982228343,266.640625,265.52237373980006,1.0,43.786536626118995,21.766063348400003,-3.449121684350712,29.767162284849004,388.24492378312397,0.0,0.0,0.0,124.63679362021001,173.48868567536297,537.991736873571,266.640625,265.52237373980006,1.0
4,OPEN,PARTIAL,4311.273,39.146385111,357.7463235294,357.7463235294,0.983253924,12.0,0.0,20.7843137255,28.2352941176,141.4645653004,157.1007377961,510.351258499,No,On,266.640625,265.5223737398,149.0,TRACTION,38.672069281065,20.784313725499995,0.0,28.009189938581002,365.234837651575,0.0,0.0,0.0,156.92461018089398,156.829192063359,517.3594109797051,266.640625,265.52237373980006,1.0,39.175029054856,11.235168099867003,-11.78170891618589,14.403832530711,194.35166336720403,1.8122012857060001,0.0,0.0,66.632948900279,76.374063393559,300.20765948671794,266.640625,265.52237373980006,1.0
4,PARTIAL,OPEN,4311.473,39.146385111,363.375,363.375,0.0,12.0,0.0,14.9019607843,22.440087146,111.2686959012,155.9824984084,440.7191652409,No,On,266.640625,265.5223737398,149.0,TRACTION,38.80425308571918,20.484370056567677,-5.464004896749445,27.896233077429297,362.2534283888899,1.8274818681515153,0.0,0.0,150.56237481824243,156.9554061678889,509.8298362149767,266.640625,265.52237373980006,1.0,39.213459284176004,9.081131939942003,-6.015837829479047,10.641860655100997,132.13405553872,0.012826775476,0.0,0.0,44.705107855973004,47.44069402405799,215.14814769467904,266.640625,265.52237373980006,1.0
4,OPEN,PARTIAL,4311.482,39.146385111,363.3870967742,363.3870967742,1.2826775476,12.0,0.0,15.1633986928,20.7843137255,109.9098817783,150.4626784526,436.5829884464,No,On,266.640625,265.5223737398,149.0,TRACTION,38.807674405971994,20.428545963845,-5.765871086706841,27.841671618115004,362.26464410500097,1.80920704947,0.0,0.0,150.169438029072,156.945677090294,509.138729505236,266.640625,265.52237373980006,1.0,39.217723596279,9.011850894190001,-6.306324394478576,10.520292027649997,129.205400088219,0.0,0.0,0.0,43.802653232556004,46.302462083688006,211.34539972278003,266.640625,265.52237373980006,1.0
4,PARTIAL,OPEN,4311.493,39.146385111,361.439516129,361.439516129,0.0,12.0,0.0,14.1176470588,20.9348385819,108.2491089613,152.1757260251,431.527661253,No,On,266.640625,265.5223737398,149.0,TRACTION,38.813888117895,20.372336813518,-5.475384521707311,27.771083382821004,362.1640795888719,1.8220338249460002,0.0,0.0,149.685393552787,156.874379415864,508.29096913299696,266.640625,265.52237373980006,1.0,39.218444187039395,8.960277195557577,-5.409738475635035,10.415094587708081,126.85960093629191,0.0,0.0,0.0,43.151678932265646,45.23303517518888,209.121336475,266.640625,265.52237373980006,1.0
4,OPEN,PARTIAL,4341.901,40.3891274954,92.3214285714,92.3214285714,0.4947658522,12.0,0.0,9.8039215686,14.1176470588,111.5850745398,36.6369813766,106.9146170658,No,On,266.640625,265.5223737398,149.5724,TRACTION,40.3891274954,9.803921568600002,181.55410312192865,11.104509143733331,117.93504224269999,0.0,0.0,0.0,115.27662670090001,37.35656498798333,107.49935102196666,266.640625,265.5223737398,1.0,40.51352675404199,9.997385620914999,0.36838978017334223,12.884403644284996,52.056722114897994,0.149872822718,0.0,0.0,64.92361162751301,35.08798359430501,99.815472754961,266.640625,265.52237373980006,1.0
4,PARTIAL,OPEN,4341.942,40.3891274954,52.375,52.375,0.0,12.0,0.0,9.8039215686,14.1176470588,107.0444653815,38.4761587873,106.1953942997,No,On,266.640625,265.5223737398,149.4248,TRACTION,40.38912749539999,9.8039215686,108.9324618731572,12.30976430976,101.93066820276002,1.4203903005899998,0.0,0.0,113.06907850853,37.3500453119,107.14968011616,266.640625,265.5223737398,1.0,40.52357037957575,10.011223344558585,0.37211088906398204,12.741987912397978,51.72510825491818,0.012910556748484849,0.0,0.0,62.63008978259595,35.46898648720606,99.67785603166263,266.640625,265.52237373980006,1.0
4,OPEN,PARTIAL,4341.953,40.3891274954,53.125,53.125,1.2781451181,12.0,0.0,9.8039215686,14.1176470588,105.8262531684,42.0410425088,106.0024320941,No,On,266.640625,265.5223737398,149.3852,TRACTION,40.38912749539999,9.803921568600002,99.02951079377927,12.474117286945454,97.42560745705455,1.2912639096272727,0.0,0.0,112.52138640607272,37.45241926420909,107.06292686011817,266.640625,265.5223737398,1.0,40.53440482610301,10.016993464054998,0.36838978017334223,12.677788472965998,51.818190505702006,0.0,0.0,0.0,61.899171089928,35.709483209115994,99.72260523371,266.640625,265.52237373980006,1.0
4,PARTIAL,OPEN,4341.962,40.3891274954,46.5,46.5,0.0,12.0,0.0,9.8039215686,14.1176470588,104.8295340848,40.6888452351,105.844553926,No,On,266.640625,265.5223737398,149.3528,TRACTION,40.38912749539999,9.803921568600002,90.77705156096432,12.611078101266665,93.73389016896668,1.2901706769999999,0.0,0.0,111.96345863626665,37.83480453459166,106.97455229628332,266.640625,265.5223737398,1.0,40.539127247164,10.020915032683,0.36838978017334223,12.641028718558998,51.919440505702,0.0,0.0,0.0,61.328717031974996,35.796761396781,99.720404946955,266.640625,265.52237373980006,1.0
4,OPEN,PARTIAL,4478.733,38.5250139187,505.375,505.375,1.8109248951,12.0,0.0,19.6078431373,28.0432172869,187.6742290977,178.692274908,518.1476424165,No,On,266.640625,265.5223737398,152.0119521912,TRACTION,38.44807526871875,20.289661319075,123.14319666979091,28.98158678411875,534.363037109375,0.0,0.0,0.0,194.7852209230125,191.8141152219875,539.5824067439437,266.640625,265.5223737398,1.0,39.026933200327996,17.783107088991002,-2.795243971709437,24.354993893135003,320.765924251154,0.45283411723,0.0,0.0,149.013966895919,127.21566653660098,391.90949326440204,266.640625,265.52237373980006,1.0
4,PARTIAL,OPEN,4478.833,38.5250139187,475.6975806452,475.6975806452,0.0,12.0,0.0,18.8235294118,26.9462240342,179.3572795944,163.4651853745,492.4434787236,No,On,266.640625,265.5223737398,151.6533864542,TRACTION,38.47766705717307,19.876593994249998,72.25454284119833,28.47065655868077,518.0470591656347,1.7806504732115385,0.0,0.0,190.63314382482307,183.90832803960774,526.9586725734115,266.640625,265.5223737398,1.0,39.14747921162399,17.555656108593,-1.878513643254459,23.600647005864,306.807793958814,0.007974243146,0.0,0.0,143.095322421317,121.981376814779,371.153528898866,266.640625,265.52237373980006,1.0
4,OPEN,PARTIAL,4478.842,38.5250139187,472.3709677419,472.3709677419,0.7974243146,12.0,0.0,18.8235294118,26.7715006795,178.6087541391,158.20708102,490.1301039913,No,On,266.640625,265.5223737398,151.6211155378,TRACTION,38.47942064463704,19.837591602307405,69.57844866189468,28.41419609481111,516.478559961174,1.7147004556851853,0.0,0.0,190.2155192236963,183.1511746075667,525.6803320604556,266.640625,265.5223737398,1.0,39.159906635468985,17.536048265455,-1.878513643254459,23.532931999068996,305.66448750720104,0.0,0.0,0.0,142.53887642404402,121.53146390372,369.19571682054,266.640625,265.52237373980006,1.0
4,PARTIAL,OPEN,4478.852,38.5250139187,452.375,452.375,0.0,12.0,0.0,18.8235294118,26.5773636187,177.7770591887,159.6227245,487.559687622,No,On,266.640625,265.5223737398,151.5852589641,TRACTION,38.481048975853575,19.80137509550357,67.09350406682702,28.355528401407145,514.9032888104856,1.6819405935035714,0.0,0.0,189.8009918992464,182.26031412229648,524.4106810579857,266.640625,265.5223737398,1.0,39.17233405931399,17.516440422317,-1.878513643254459,23.467158362882,304.763237507201,0.0,0.0,0.0,141.98892214736202,121.071428100864,367.25947531584,266.640625,265.52237373980006,1.0
4,OPEN,PARTIAL,4544.113,41.6318698799,472.25,472.25,3.9296163737,12.0,0.0,23.137254902,31.7647058824,203.1148803971,209.0988693201,691.7885706437,No,On,266.640625,265.5223737398,149.0,TRACTION,41.285496785509096,24.446882093929293,-0.35549055156564574,31.902546959023233,491.97891122888996,0.0,0.0,0.0,210.33493964621712,209.5042714028798,725.331642668098,266.640625,265.52237373980006,1.0,42.471332801049996,23.13725490200001,0.0,30.546353451103002,419.261725554434,0.4461438492209999,0.0,0.0,194.29812191179602,181.71761718924898,612.514029707278,266.640625,265.52237373980006,1.0
4,PARTIAL,OPEN,4544.181,41.81111157,473.9153225806,473.9153225806,0.0,12.0,0.0,23.137254902,31.0034602076,201.7329507596,206.8742867086,680.4527201906,No,On,266.640625,265.5223737398,149.0,TRACTION,41.34283726332001,24.339668174956014,-1.2066365006720903,31.85595516878799,489.43017806418203,0.47883143833700004,0.0,0.0,209.53424147678,209.20557319958,721.642273082271,266.640625,265.52237373980006,1.0,42.55593487876399,23.13725490200001,0.0,30.465845953988005,425.58585861895,0.0066085746209999996,0.0,0.0,193.457186375378,180.92201217026798,604.1767510212669,266.640625,265.52237373980006,1.0
4,OPEN,PARTIAL,4544.191,41.93060603,473.5120967742,473.5120967742,0.6608574621,12.0,0.0,23.137254902,30.8881199539,201.5297258129,204.3047153498,678.7856833593,No,On,266.640625,265.5223737398,149.0,TRACTION,41.35084339214301,24.323981900447006,-1.2066365006720903,31.844421143412998,489.047456289988,0.47883143833700004,0.0,0.0,209.40847557976403,209.139073644508,721.037044918376,266.640625,265.52237373980006,1.0,42.562251331781816,23.137254902000006,0.0,30.461580560049498,425.10175520324043,0.0,0.0,0.0,193.3756455729788,180.6858232492626,603.4231254420949,266.640625,265.52237373980006,1.0
4,PARTIAL,OPEN,4544.201,42.0501004901,471.875,471.875,0.0,12.0,0.0,23.137254902,30.5882352941,201.3265008662,204.9709005169,677.1186465279,No,On,266.640625,265.5223737398,149.0,TRACTION,41.360044465566006,24.30829562593801,-1.2066365006720903,31.831733715500995,488.66350467708503,0.48544001295799993,0.0,0.0,209.28154525192102,209.04687837584802,720.4188656494589,266.640625,265.52237373980006,1.0,42.57362005885099,23.13725490200001,0.0,30.455003970136005,427.88682098454103,0.0,0.0,0.0,193.235074654541,180.81566046680797,601.955604390807,266.640625,265.52237373980006,1.0
4,OPEN,PARTIAL,4568.731,43.0237413505,82.2620967742,82.2620967742,0.4956430966,12.0,0.0,15.6862745098,19.2156862745,62.2722299663,85.9378865545,240.2004267559,No,On,266.640625,265.5223737398,149.0,TRACTION,43.41865726379259,15.381263616588889,58.460421209214886,19.67725768946296,99.37956021384815,0.0,0.0,0.0,51.01769008375555,81.10392783354817,228.9123367359074,266.640625,265.5223737398,1.0,43.092033699678005,16.534841628958,1.4807197160242551,22.632937682010006,140.38031002310402,18.492301667676,0.0,0.0,100.55083854767099,95.42725952451299,279.692933624837,266.640625,265.52237373980006,1.0
4,OPEN,PARTIAL,4679.092,45.9814682256,89.375,89.375,5.1125804724,12.0,0.0,14.9019607843,19.3399339934,177.1070646434,74.493777077,244.9347693991,No,On,266.640625,265.5223737398,150.8,TRACTION,45.9814682256,14.9019607843,236.53906006787153,18.549524535742858,109.06264837312857,0.0,0.0,0.0,181.8213570141714,76.73407961912858,245.2600297258143,266.640625,265.5223737398,1.0,46.193532903154,15.243137254935995,0.4357298475548514,21.343342651919002,111.016361895558,17.674836426032,0.0,0.0,126.007799097928,84.564224086073,241.17116995489,266.640625,265.52237373980006,1.0
4,OPEN,PARTIAL,4887.042,39.7677563032,382.7578125,382.7578125,2.2962420938,12.0,0.0,21.1764705882,29.0196078431,175.9065387577,165.1425444559,537.7148100244,No,On,266.640625,265.5223737398,147.2,TRACTION,39.26744234745757,21.176470588200004,0.0,28.803287779746466,386.153479309396,0.0,0.0,0.0,171.14115019140806,167.64378768286264,554.0609927355313,266.640625,265.52237373980006,1.0,40.359355286686,21.176470588200004,0.0,29.134928896796,306.38069770948596,23.829681424438995,0.0,0.0,181.20923705947502,176.214654618477,512.128616430672,266.640625,265.52237373980006,1.0
4,OPEN,PARTIAL,4983.67,41.0104986877,106.7291666667,106.7291666667,0.3206693869,12.0,0.0,15.2941176471,20.7647058824,129.1579042191,73.7562149277,221.6108920787,No,On,266.640625,265.5223737398,149.0,TRACTION,41.0104986877,15.2941176471,382.35294118654144,21.031852741079998,122.99989583333999,0.0,0.0,0.0,133.13662866876,66.94461154912001,222.62609753965998,266.640625,265.5223737398,1.0,41.01049868770001,15.496078431372,1.8565203858404962,19.946237647769998,107.54879668044902,0.321485395889,0.0,0.0,97.776650779181,74.094905713898,228.810468388387,266.640625,265.52237373980006,1.0
4,PARTIAL,OPEN,4983.752,41.0104986877,99.8875,99.8875,0.0,12.0,0.0,14.5098039216,19.1568627451,118.2827240566,81.2240316892,218.8359971521,No,On,266.640625,265.5223737398,149.0,TRACTION,41.01049868770001,15.113122171976924,141.299876597705,20.416474282007695,110.76959134616153,2.460357773746154,0.0,0.0,127.83166273585387,73.17352831461538,221.2724902583923,266.640625,265.5223737398,1.0,41.01049868770001,15.652941176465001,2.6051834874659177,19.959927123562,117.162585994965,0.004845579171,0.0,0.0,97.31924486393102,77.104249318495,235.501854218735,266.640625,265.52237373980006,1.0
4,OPEN,PARTIAL,4983.76,41.0104986877,99.953125,99.953125,0.4845579171,12.0,0.0,14.5098039216,19.0,117.22173087,82.2381796444,218.5652756959,No,On,266.640625,265.5223737398,149.0,TRACTION,41.01049868770001,15.070028011235715,131.20702826929752,20.32650202937143,109.99229910714999,2.2846179327642857,0.0,0.0,127.14959568733573,73.74856426994286,221.09845503651428,266.640625,265.5223737398,1.0,41.01049868770001,15.680392156857,3.0953795659775096,19.971367699791998,118.57755474496501,0.0,0.0,0.0,97.35108504186202,77.428776664177,236.44607717399,266.640625,265.52237373980006,1.0
4,PARTIAL,OPEN,4983.77,41.0104986877,100.375,100.375,0.0,12.0,0.0,14.5098039216,18.8039215686,115.8954893868,82.0537891071,218.2268738756,No,On,266.640625,265.5223737398,149.0,TRACTION,41.0104986877,15.032679738593334,122.45989305134435,20.23806856074667,109.32302083334,2.16461393172,0.0,0.0,126.48773803284669,74.31453862823999,220.92957641380664,266.640625,265.5223737398,1.0,41.01049868770001,15.711764705876,3.4875364286689488,19.986369700593,120.098804744965,0.0,0.0,0.0,97.40278021483903,77.756099608328,237.414274424116,266.640625,265.52237373980006,1.0
4,OPEN,PARTIAL,5179.719,42.8746122644,471.1838235294,471.1838235294,1.0896585673,12.0,0.0,25.0980392157,32.1568627451,217.8665736006,214.4461949024,726.4255898741,No,On,266.640625,265.5223737398,141.8,TRACTION,42.342331361758994,25.09803921569999,0.0,32.15686274510001,484.7005778642111,0.0,0.0,0.0,215.98256617031896,215.53411388143198,735.7308761935019,266.640625,265.52237373980006,1.0,43.65813745915499,25.09803921569999,0.0,32.117859341761005,374.016173818856,20.942942443309004,0.0,0.0,222.79130127040196,219.04115895820303,701.7726238342901,266.640625,265.52237373980006,1.0
5,PARTIAL,OPEN,713.059,41.6318698799,548.625,548.625,0.0,12.0,0.0,21.1764705882,28.6274509804,173.7555322018,172.6565940354,453.3056969458,No,On,27.40234375,23.6019887769,75.2,TRACTION,41.175821747686,21.176470588200004,0.0,27.88976924342699,445.23038746303695,10.349247434401,0.0,0.0,173.30098613030404,172.43286093930303,441.59197613855997,27.40234375,23.60198877689999,1.0,41.833318209066,21.176470588200004,0.0,28.903075740077,581.9715062558221,0.012506581263000001,0.0,0.0,174.46300041938397,174.73056569359204,461.47588846844207,27.40234375,23.60198877689999,1.0
5,OPEN,PARTIAL,713.071,41.6318698799,548.2265625,548.2265625,1.2506581263,12.0,0.0,21.1764705882,28.6274509804,173.7679052982,172.7167088187,453.6688044655,No,On,27.40234375,23.6019887769,75.2,TRACTION,41.18376815427374,21.176470588200004,0.0,27.9025991565606,451.1724751174374,10.122909349861617,0.0,0.0,173.30561483194955,173.33868872698991,441.71306729590094,27.40234375,23.60198877689999,1.0,41.839531920988,21.176470588200004,0.0,28.906997308704,582.35786966308,0.0,0.0,0.0,174.47796746341396,174.761694086271,461.55852568812094,27.40234375,23.60198877689999,1.0
5,PARTIAL,OPEN,713.079,41.6318698799,550.7833333333,550.7833333333,0.0,12.0,0.0,21.1764705882,28.6274509804,173.7761540292,172.9583240055,453.9108761452,No,On,27.40234375,23.6019887769,75.2,TRACTION,41.18824917153,21.176470588200004,0.0,27.909847674798993,452.14301599126304,10.034186837626,0.0,0.0,173.31023773661204,173.33246892790703,441.832624667597,27.40234375,23.60198877689999,1.0,41.84574563291,21.176470588200004,0.0,28.910918877330996,582.7185128922471,0.0,0.0,0.0,174.49301308158996,174.78750876149604,461.638439601403,27.40234375,23.60198877689999,1.0
5,OPEN,PARTIAL,722.798,47.8455818023,450.7943548387,450.7943548387,0.3327680495,12.0,0.0,19.2156862745,27.4509803922,156.1668397533,165.5827025127,397.1933180148,No,On,27.40234375,23.6019887769,77.0,TRACTION,47.662401574811014,20.164705882331003,-1.307189542452089,28.432498543961007,467.554348206086,0.0,0.0,0.0,166.04052625881502,170.258314070986,412.950401537389,27.40234375,23.60198877689999,1.0,48.16272847734446,18.827490592231314,-0.4951475539117797,28.17679838096768,376.8445326655273,25.781455055015154,0.0,0.0,162.63897828955353,167.23244005344748,377.42072706580905,27.40234375,23.60198877689999,1.0
5,PARTIAL,LOCKED,725.369,48.4669529945,48.625,48.625,19.3953598515,12.0,0.0,9.8039215686,12.1568627451,65.8501233553,63.3827601831,100.6337818298,No,On,27.40234375,23.6019887769,77.0,TRACTION,48.74674088464301,13.015792812838995,-7.401017646112414,17.515752918443,80.605792953366,27.041587785227,0.0,0.0,108.029110788867,110.26266936067799,184.03038297360595,27.40234375,23.60198877689999,1.0,48.51489994732272,9.60784313725,-0.5401609679079443,14.284073232645454,58.59906676758182,16.364189360684854,0.0,0.0,42.56896196166819,48.43900802147425,83.70602262967424,27.40234375,23.6019887769,1.0
5,LOCKED,PARTIAL,725.709,48.4669529945,52.75,52.75,15.8657694535,12.0,0.0,9.4117647059,13.7254901961,42.0836759868,55.8643847259,83.4611364206,No,On,27.40234375,23.6019887769,77.0,TRACTION,48.62204724407701,11.103266776779996,-4.05129547285807,14.925809559401003,63.762516288110994,22.626999483915,0.0,0.0,78.969070732111,80.007196572981,128.328068548952,27.40234375,23.60198877689999,1.0,48.56584358469688,9.4117647059,0.0,15.430066966275,92.37856100362188,14.845131387978125,0.0,0.0,30.845294798409377,37.071229629162495,75.12261751469688,27.40234375,23.6019887769,1.0
5,PARTIAL,LOCKED,725.718,48.4669529945,49.7661290323,49.7661290323,15.8363086618,12.0,0.0,9.4117647059,13.8419724325,41.4545641447,54.6152875376,83.0065663951,No,On,27.40234375,23.6019887769,77.0,TRACTION,48.622047244077024,11.064051090505998,-4.1609897001311245,14.893272188017,63.48751628811099,22.521383575664,0.0,0.0,78.170288191262,79.32114481251601,127.00087390651599,27.40234375,23.60198877689999,1.0,48.56903360373547,9.4117647059,0.0,15.481295822203224,93.75315558334195,14.813157927532256,0.0,0.0,30.503060303367747,36.50529227727742,74.86829658307096,27.40234375,23.60198877690001,1.0
5,LOCKED,PARTIAL,725.73,48.4669529945,53.3676470588,53.3676470588,15.8419741987,12.0,0.0,9.4117647059,14.1215298,40.6157483553,49.7854450762,82.4004730277,No,On,27.40234375,23.6019887769,77.0,TRACTION,48.62204724407701,11.024835404231998,-4.1609897001311245,14.863064461362,63.18025822359499,22.421851423915,0.0,0.0,77.374383613383,78.642587635181,125.68969452712501,27.40234375,23.60198877689999,1.0,48.572436290709994,9.4117647059,0.0,15.526621356276667,95.09933920082669,14.778864051826666,0.0,0.0,30.16597070163667,36.062620517313334,74.61722403491667,27.40234375,23.601988776900008,1.0
5,PARTIAL,LOCKED,725.999,48.4669529945,45.5,45.5,13.4885101824,12.0,0.0,9.4117647059,13.7254901961,22.7799677052,25.1693083441,68.8138800422,No,On,27.40234375,23.6019887769,77.0,TRACTION,48.53004895409395,10.065062025840406,-3.179150683618226,14.482707646892932,66.5366373701192,19.385016271652525,0.0,0.0,56.73676750195152,60.08279277558991,96.52908160743029,27.40234375,23.60198877689999,1.0,48.4669529945,9.4117647059,0.0,13.660196751966666,45.269853709500005,13.4107473383,0.0,0.0,23.5448658076,60.383381596133326,67.78688850306666,27.40234375,23.6019887769,1.0
5,LOCKED,OPEN,738.238,42.2532410721,75.6325757576,75.6325757576,0.0,12.0,0.0,15.2941176471,16.5490196078,70.2818619233,82.5831683917,118.900105099,No,On,27.40234375,23.6019887769,77.0,TRACTION,,,,,,,,,,,,,,,42.222912090921,16.399999999987,2.2974846503462696,19.624544476369,161.392961668831,0.0,0.0,0.0,91.87480745245101,93.68039399081297,187.07944689017998,27.40234375,23.60198877689999,1.0
5,PARTIAL,OPEN,1212.116,41.0104986877,325.75,325.75,0.0,12.0,0.0,17.2549019608,21.1764705882,116.5489216998,117.9753706586,257.9304629248,No,On,27.40234375,23.6019887769,96.8,TRACTION,41.080885704439005,16.917647058832998,0.7189542483852276,20.526555683646,249.41451273800504,10.943261836710002,0.0,0.0,107.04494265727298,99.764408764858,257.131407252608,27.40234375,23.60198877689999,1.0,40.70217345667399,17.2549019608,0.0,21.386068748035996,340.17443019995795,0.017428702225,0.0,0.0,118.34013556899401,116.72599341480299,271.103253062748,27.40234375,23.60198877689999,1.0
5,OPEN,PARTIAL,1212.127,41.0104986877,325.5344827586,325.5344827586,1.7428702225,12.0,0.0,17.2549019608,21.1764705882,116.7924550841,118.2478671583,258.4610719815,No,On,27.40234375,23.6019887769,96.8,TRACTION,41.074671992517004,16.925490196088,0.7189542483852276,20.563169933306,251.61951273800503,10.781544752264999,0.0,0.0,107.06637356407299,100.57169358605901,256.28714974624205,27.40234375,23.60198877689999,1.0,40.699059060401,17.2549019608,0.0,21.388185901165656,340.3223084569414,0.0,0.0,0.0,118.35576870520504,116.71062095274746,271.2309518615485,27.40234375,23.60198877689999,1.0
5,PARTIAL,OPEN,1212.136,41.0104986877,325.814516129,325.814516129,0.0,12.0,0.0,17.2549019608,21.1764705882,116.9917096713,118.7475060336,258.8952066643,No,On,27.40234375,23.6019887769,96.8,TRACTION,41.068458280595,16.933333333342997,0.7189542483852276,20.590465604049,253.82094627526803,10.636484394955998,0.0,0.0,107.102674630014,101.396454615243,255.488287540956,27.40234375,23.60198877689999,1.0,40.68974603282799,17.2549019608,0.0,21.392343257841002,340.81050203903897,0.0,0.0,0.0,118.34322811705901,116.64724081112297,271.426832235079,27.40234375,23.60198877689999,1.0
5,OPEN,PARTIAL,1369.836,47.22421061,95.4475806452,95.4475806452,1.2655712814,11.625,0.0,6.2745098039,9.9115724721,63.3739801416,41.9488472401,54.2817644262,No,On,27.40234375,23.6019887769,105.8,TRACTION,47.09625352887101,10.152617970249,-23.81025292789085,16.664926502175998,254.75993975701402,0.0,0.0,0.0,106.927532584965,109.26563737299101,202.51567653545902,27.40234375,23.60198877689999,1.0,46.82494888106952,7.271314290693903,3.0663052168154845,10.28211816512561,43.44730906513902,0.6648810293329268,0.0,0.0,45.301780544285364,30.049471496374387,58.48470558379756,27.40234375,23.6019887769,1.0
5,PARTIAL,OPEN,1369.912,46.6028394178,62.5,62.5,0.0,11.625,0.0,6.6666666667,9.4117647059,58.252520782,36.1405453146,54.9757752867,No,On,27.40234375,23.6019887769,105.8,TRACTION,47.13422239792222,8.285142598851515,-20.189609910351454,14.622572073082827,216.6215585685061,0.5358101681919192,0.0,0.0,98.38930337054444,90.13429446174948,163.2414963235687,27.40234375,23.60198877689999,1.0,46.81042399453734,7.359120617957333,3.044919693680002,10.361813284604,40.185670814444,0.03654145380933333,0.0,0.0,43.872911886465324,29.23726844651733,58.84203603623066,27.40234375,23.6019887769,1.0
5,OPEN,PARTIAL,1369.916,46.6515744133,63.5625,63.5625,2.7406090357,11.625,0.0,6.6666666667,9.4117647059,57.9829702894,35.686660915,55.0123021741,No,On,27.40234375,23.6019887769,105.8,TRACTION,47.128908568121005,8.26895783953,-19.757033303719243,14.570463999410997,215.080342982821,0.53045206651,0.0,0.0,97.987935544659,89.59435697027799,162.1588391132,27.40234375,23.60198877689999,1.0,46.8125706105,7.368478103785134,3.0860672571081103,10.37465177891081,39.869767717341894,0.0,0.0,0.0,43.68223542156081,29.150114494240537,58.89378919652974,27.40234375,23.6019887769,1.0
5,PARTIAL,OPEN,1369.927,46.7855956508,60.1774193548,60.1774193548,0.0,11.625,0.0,6.6666666667,9.4117647059,57.2417064347,33.1902967175,55.1127511144,No,On,27.40234375,23.6019887769,105.8,TRACTION,47.12939591807601,8.088565682668001,-17.578384066167214,14.318493312145996,209.96217766024,0.557858156867,0.0,0.0,96.92809832621998,87.09685806172497,157.56241735998404,27.40234375,23.60198877689999,1.0,46.81294013049589,7.378091959087671,3.128342151041098,10.38784201278767,39.591580708609584,0.0,0.0,0.0,43.496489243298626,29.094769532278075,58.94558423875068,27.40234375,23.6019887769,1.0
5,OPEN,PARTIAL,1373.526,45.9814682256,374.75,374.75,2.2228733913,11.625,0.0,17.6470588235,24.1960784314,146.9424387708,141.2312554229,312.5580022155,No,On,27.40234375,23.6019887769,105.8,TRACTION,45.981468225600004,18.783753501393335,13.308764583299832,25.641195366588,319.28631695857865,0.0,0.0,0.0,137.336436695024,141.201600549676,297.4694080018507,27.40234375,23.6019887769,1.0,45.981468225600004,17.537254901944,-0.3921568627003552,25.653130073802007,334.179539681893,23.005062380133005,0.0,0.0,153.533436511307,143.19739645401603,321.271964380942,27.40234375,23.60198877689999,1.0
5,PARTIAL,LOCKED,1376.845,45.3600970333,48.75,48.75,31.3372175408,12.0,0.0,13.7254901961,17.6470588235,100.826664126,99.5597149684,192.9739086799,No,On,27.40234375,23.6019887769,105.8,TRACTION,45.70174587191201,13.729411764727,-0.3921568627003552,18.101853832443997,84.33524593907701,29.140488805643994,0.0,0.0,117.93405759933098,103.77924166885498,207.84863425589398,27.40234375,23.60198877689999,1.0,44.948769482510095,13.7254901961,0.0,17.726202408299997,22.902271047483836,31.783678368165656,0.0,0.0,96.82404559132017,96.72258402115655,191.34008556913938,27.40234375,23.60198877689999,1.0
5,LOCKED,PARTIAL,1380.936,41.6318698799,51.625,51.625,15.7479262866,12.0,0.0,8.2352941176,8.9811610919,43.6795454545,40.1462707805,47.6819656253,No,On,27.40234375,23.6019887769,105.8,TRACTION,41.946210600661,8.565438483042001,-3.8624494086208387,8.043058981330999,18.988026089066,21.238971995389,0.0,0.0,61.89719034091,50.663797685013016,56.970743226018996,27.40234375,23.60198877689999,1.0,40.79195222143938,6.518122400467677,-7.808827030455069,8.11744090490202,50.01931286683031,6.803126027383838,0.0,0.0,32.38705776196263,36.115388446760605,33.64591502048585,27.40234375,23.60198877689999,1.0
5,PARTIAL,LOCKED,1380.967,41.5938267457,49.375,49.375,15.4501456687,12.0,0.0,8.2352941176,9.4117647059,42.5610795455,40.1971371356,47.1674645761,No,On,27.40234375,23.6019887769,105.8,TRACTION,41.92427985270102,8.40240369647677,-3.505346005980284,7.9453779343899,20.207848472238382,20.862079573739393,0.0,0.0,60.63401629935758,49.18239263236971,55.95589875991717,27.40234375,23.60198877689999,1.0,40.750895323538984,6.205882352935,-7.730738760150518,7.925656730377,49.28115658568,6.269381593075,0.0,0.0,31.651936111111,35.469374495881,32.495108411158,27.40234375,23.60198877689999,1.0
5,LOCKED,PARTIAL,1381.025,41.0104986877,51.0,51.0,14.6669418516,12.0,0.0,8.2352941176,9.4117647059,40.6743402778,40.9346992849,46.2048497098,No,On,27.40234375,23.6019887769,105.8,TRACTION,41.86910984864901,8.253393665112004,-1.4397367338767,7.949688860930003,22.262058270452,20.264307128890003,0.0,0.0,58.64437282196901,47.29262721323899,54.689274442224004,27.40234375,23.60198877689999,1.0,40.68550830044241,5.769459298867677,-7.808827030455069,7.680104837573737,48.191470507822224,5.433044888094949,0.0,0.0,30.53134259259192,34.40384393374141,30.680429328419187,27.40234375,23.60198877689999,1.0
5,PARTIAL,LOCKED,1381.315,41.0104986877,50.0,50.0,11.4035926139,12.0,0.0,7.8431372549,8.6039215686,34.8038541667,38.0074995049,38.7660810158,No,On,27.40234375,23.6019887769,105.8,TRACTION,41.508714557173015,8.152941176433004,-0.35650623881924326,8.734555171095998,34.523264780949,17.051512868327,0.0,0.0,48.887954987372986,42.705818878617,49.595168538336985,27.40234375,23.60198877689999,1.0,40.315935488964996,3.4098039215690004,-7.374232521331276,6.933673367327,41.62925936093699,1.614189675508,0.0,0.0,24.622852973068998,28.162040718933003,19.981044673516998,27.40234375,23.60198877689999,1.0
5,LOCKED,PARTIAL,1381.326,41.0104986877,50.109375,50.109375,11.4579817679,12.0,0.0,7.8431372549,8.5176470588,34.5811805556,38.3532317624,38.3578705181,No,On,27.40234375,23.6019887769,105.8,TRACTION,41.49628713332901,8.149019607806004,-0.35650623881924326,8.738241445606,34.998264780949,16.938655373857,0.0,0.0,48.575144097222,42.61062726372501,49.402943514316995,27.40234375,23.60198877689999,1.0,40.30350806511999,3.33137254902,-7.374232521331276,6.9190851320330005,41.60746248593699,1.499609857829,0.0,0.0,24.428007567111003,27.929708641911006,19.612003325197996,27.40234375,23.60198877689999,1.0
5,PARTIAL,OPEN,1381.475,41.0104986877,51.71875,51.71875,0.0,12.0,0.0,7.8431372549,8.3882352941,31.5649652778,36.5093263892,32.8284737763,No,On,27.40234375,23.6019887769,105.8,BRAKE,41.33107549869601,8.090196078401002,-0.35650623881924326,8.696123798543,42.221458166855,15.270611078846999,0.0,0.0,44.076476483587,41.614564961763996,46.270830226183996,27.40234375,23.60198877689999,1.0,40.11544817162901,2.154901960785,-7.374232521331276,6.710226657955001,40.873041770574,0.007179368323,35.2500088125,525.00013125,21.54996353493,24.345136649061995,14.152786053064997,27.40234375,23.60198877689999,1.0
5,OPEN,PARTIAL,1381.487,41.0104986877,51.6693548387,51.6693548387,0.7179368323,12.0,0.0,7.8431372549,8.5294117647,31.3220486111,36.5093263892,32.3831532334,No,On,27.40234375,23.6019887769,105.8,BRAKE,41.32486178677401,8.086274509774002,-0.35650623881924326,8.689300269131001,42.694583166855,15.064204239563,0.0,0.0,43.78900397727401,41.55984260875301,46.045784022631985,27.40234375,23.60198877689999,1.0,40.10010410749401,2.076470588236,-7.374232521331276,6.691599206975001,40.833565964122,0.0,40.500010124999996,525.00013125,21.361277403124003,24.098053329053997,13.794311868237996,27.40234375,23.60198877689999,1.0
5,PARTIAL,OPEN,1381.496,41.0104986877,54.5,54.5,0.0,12.0,0.0,7.8431372549,8.6352941176,31.1398611111,36.5093263892,32.0491628261,No,On,27.40234375,23.6019887769,105.8,BRAKE,41.31548421823536,8.08080808077879,-0.36010731193862955,8.67867525699495,43.49224078980707,14.80702414162525,0.0,0.0,43.341299389093955,41.50583522640303,45.72568749392827,27.40234375,23.60198877689999,1.0,40.08374555978001,1.998039215687,-7.374232521331276,6.671912932466003,40.809815964122,0.0,45.7500114375,525.00013125,21.17310786013,23.850970009046,13.436748945046997,27.40234375,23.60198877689999,1.0
5,PARTIAL,LOCKED,1401.716,45.9814682256,34.75,34.75,7.9952056323,12.0,0.0,0.0,6.6666666667,11.2224394591,17.7629550951,4.1384597174,No,On,27.40234375,23.6019887769,108.0400801603,TRACTION,45.98184540192901,6.537782805427001,-10.816650669564059,13.420504790049,65.001145941942,9.589979029237,0.0,0.0,21.979688683394006,40.925918419506004,54.86528725636199,27.40234375,23.60198877689999,1.0,45.9418390001,0.0,0.0,7.685671251114289,48.87217550659609,1.4144021263870128,0.0,0.0,6.924847036796105,10.938478028168829,-10.793091628062337,27.40234375,23.6019887769,1.0
5,LOCKED,OPEN,1401.846,45.7577745964,-58.5,58.5,0.0,12.0,0.0,0.0,6.6666666667,9.7898132387,17.332710508,-0.8412114126,No,On,27.40234375,23.6019887769,107.6,TRACTION,45.957595240462986,5.161312217193999,-10.816650669564059,12.279092263877997,65.50508783204,9.637233637476,0.0,0.0,19.002113377802,36.60025321366,41.948529251255,27.40234375,23.60198877689999,1.0,45.9814682256,0.0,0.0,7.892656557323439,53.69065229151562,0.0457208825484375,0.0,0.0,6.208592068867187,10.102670552134375,-13.281411465267187,27.40234375,23.6019887769,1.0
5,OPEN,PARTIAL,1401.855,45.9814682256,-56.2016129032,56.2016129032,2.9261364831,12.0,0.0,0.0,6.6666666667,9.6906314234,16.917831799,-1.1859578755,No,On,27.40234375,23.6019887769,107.6,TRACTION,45.95915557256799,5.055429864253,-10.816650669564059,12.181053048191998,65.98383783204,9.530087004172001,0.0,0.0,18.784672532679,36.319979596934004,41.004105861371,27.40234375,23.60198877689999,1.0,45.98146822560001,0.0,0.0,7.9121167143174596,53.65079577386984,0.0,0.0,0.0,6.153321602922222,9.994493389485712,-13.473402792088887,27.40234375,23.601988776900008,1.0
5,PARTIAL,OPEN,1401.867,45.9814682256,-65.77734375,65.77734375,0.0,12.0,0.0,0.0,6.7753834207,9.5583890031,15.8575862095,-1.6456198259,No,On,27.40234375,23.6019887769,107.6,TRACTION,45.963873390879996,4.949547511312,-10.816650669564059,12.084232183923998,66.447103961072,9.453032681107,0.0,0.0,18.568407102666,36.041457690313,40.06475997700499,27.40234375,23.60198877689999,1.0,45.98146822560001,0.0,0.0,7.930451122279033,53.455206290383856,0.0,0.0,0.0,6.0984011609838715,9.899927376259674,-13.664173485091933,27.40234375,23.601988776900008,1.0
5,OPEN,PARTIAL,1407.805,46.6028394178,483.810483871,483.810483871,0.8717804392,12.0,0.0,16.0784313725,25.4235294118,162.2421303354,173.1962472795,148.4819128268,No,On,27.40234375,23.6019887769,107.6,TRACTION,46.602839417800006,20.191855203590002,-3.1288754819019244,28.408969021708,469.15897463927,0.0,0.0,0.0,169.17214013501797,166.79608816638,278.29192398796505,27.40234375,23.60198877689999,1.0,46.571455075310006,1.0292932557630001,-15.006772178610522,9.623244655564,172.79169502115002,1.092846126723,0.0,0.0,87.30297058245601,54.150337650335004,85.47481690352099,27.40234375,23.60198877689999,1.0
5,PARTIAL,OPEN,1407.946,46.6028394178,469.9153225806,469.9153225806,0.0,12.0,0.0,0.0,12.1568627451,141.2533346037,133.8675300938,118.2899649622,No,On,27.40234375,23.6019887769,107.6,TRACTION,46.602839417800006,18.617226890721003,-19.245202593583464,27.350934093415002,473.130372009454,1.0931364450189998,0.0,0.0,167.491305858014,166.90880501664503,242.316911492076,27.40234375,23.60198877689999,1.0,46.5711380617495,0.0,0.0,8.111699644634344,109.56963000815657,0.008512612218181817,0.0,0.0,69.98369550904141,35.446292906625246,72.32789127140404,27.40234375,23.60198877689999,1.0
5,OPEN,PARTIAL,1407.954,46.6028394178,467.390625,467.390625,0.8427486096,12.0,0.0,0.0,12.8784313725,140.0624809451,124.6480032279,117.5531455744,No,On,27.40234375,23.6019887769,107.6,TRACTION,46.602839417800006,18.413305322094,-19.853809672702937,27.190149779690003,473.3672596102601,1.093136445019,0.0,0.0,167.249672909408,166.67766255599201,239.805298962255,27.40234375,23.60198877689999,1.0,46.5711380617495,0.0,0.0,8.072721629185857,105.03143047247677,0.0,0.0,0.0,68.82154174123231,34.41221587309292,71.44526960984344,27.40234375,23.60198877689999,1.0
5,PARTIAL,OPEN,1407.966,46.6028394178,456.375,456.375,0.0,12.0,0.0,0.0,11.8207282913,138.2762004573,126.4919086011,116.4479164927,No,On,27.40234375,23.6019887769,107.6,TRACTION,46.602839417800006,18.209383753467,-19.853809672702937,27.037056493890006,473.58910940864706,1.1015639311149998,0.0,0.0,166.995167138502,166.345759588818,237.30692143716897,27.40234375,23.60198877689999,1.0,46.571455075310006,0.0,0.0,8.053708698607998,99.773947050105,0.0,0.0,0.0,67.254566134997,33.259233890653995,70.169411088173,27.40234375,23.60198877689999,1.0
5,PARTIAL,LOCKED,1542.855,47.22421061,48.5,48.5,14.2622397598,12.0,0.0,4.7058823529,7.0588235294,21.8851011528,23.6466895132,19.5605053053,No,On,27.40234375,23.6019887769,120.2,TRACTION,47.781311308644,2.146983408731,4.402414034697923,9.653356859102999,23.216191226512006,13.675763043784002,0.0,0.0,16.749367048631,12.973352927919,1.133413113024,27.40234375,23.60198877689999,1.0,47.16195462493903,6.34390637257805,9.404566967238809,8.301013912960975,49.11589605649024,6.643529391240244,0.0,0.0,41.67111840418414,22.071480047090244,46.47072102722073,27.40234375,23.6019887769,1.0
5,LOCKED,PARTIAL,1542.865,47.22421061,50.4285714286,50.4285714286,14.3587366458,12.0,0.0,4.7058823529,7.1520093186,22.3615506329,23.3985233564,19.9382140409,No,On,27.40234375,23.6019887769,120.2,TRACTION,47.775097596721004,2.19404223226,4.402414034697922,9.602376466946,23.359941226512,13.646334417683999,0.0,0.0,16.821506764556,13.054714841659,1.156100817746,27.40234375,23.60198877689999,1.0,47.161186032530864,6.364128891339506,9.52067273226645,8.315199154866667,49.09969018769877,6.548279918961728,0.0,0.0,41.90950812975556,22.055096796358026,46.79828284186667,27.40234375,23.601988776899997,1.0
5,PARTIAL,LOCKED,1542.875,47.22421061,45.4821428571,45.4821428571,14.3499642016,12.0,0.0,4.7058823529,6.9954446425,22.838000113,22.8644266276,20.3159227766,No,On,27.40234375,23.6019887769,120.2,TRACTION,47.76888388479801,2.241101055789,4.402414034697922,9.552635506690999,23.516334083655007,13.615671801101,0.0,0.0,16.898012676638,13.129742715465,1.286370653056,27.40234375,23.60198877689999,1.0,47.1603982253125,6.384856973070001,9.63968114141978,8.33169608627125,49.14490952933125,6.45075886542875,0.0,0.0,42.147901979965,22.0449801734675,47.129312342682496,27.40234375,23.601988776899997,1.0
5,LOCKED,PARTIAL,1543.007,47.22421061,-70.875,70.875,11.5234826845,12.0,0.0,4.7058823529,4.8823529412,29.1271332505,24.2473556575,26.9062672056,No,On,27.40234375,23.6019887769,120.2,TRACTION,47.686514961389896,2.8816825875414143,4.446882863331235,8.785050745125252,22.872496258216167,13.171415680795963,0.0,0.0,18.322196047719192,14.020840096922225,6.380727350731314,27.40234375,23.60198877689999,1.0,47.14801671783583,6.710628168028358,11.51006703453108,8.965581135222386,54.9996404965403,5.177727196011941,0.0,0.0,45.243214694776114,22.079777300914923,51.74370071509552,27.40234375,23.601988776900004,1.0
5,PARTIAL,LOCKED,1543.295,47.22421061,-45.125,45.125,8.6025511849,12.0,0.0,6.2745098039,7.916909338,42.8488782776,31.4891453087,48.0536491497,No,On,27.40234375,23.6019887769,120.2,TRACTION,47.50790798403201,4.310144430701999,5.567001081634673,7.697877513243001,42.86253712276801,12.397908703869001,0.0,0.0,24.05937469901299,19.142686724866,19.042112619241,27.40234375,23.60198877689999,1.0,47.08986874749999,7.955673497455263,16.54705421463668,10.249620410950001,32.9282426594579,1.2902554516421052,0.0,0.0,52.153435098326305,18.575077620213158,62.39344459991315,27.40234375,23.601988776900008,1.0
5,LOCKED,OPEN,1543.365,47.22421061,-23.7683823529,23.7683823529,0.0,12.0,0.0,6.2745098039,9.2758687633,46.1840246383,33.1267137736,53.1936378167,No,On,27.40234375,23.6019887769,120.2,TRACTION,47.46441200057101,4.6983797248179995,4.606234773327354,7.613104847741002,43.590529838975996,12.104276769728001,0.0,0.0,26.00218093501201,20.720735941069,22.593579192484004,27.40234375,23.60198877689999,1.0,47.05953348822579,8.335291105677419,20.283485811490127,10.588487046038711,32.82849258319678,0.0,0.0,0.0,53.819511790529035,15.36210980099355,64.96113260814194,27.40234375,23.60198877690001,1.0
5,OPEN,PARTIAL,1545.105,46.6028394178,209.125,209.125,7.8139084525,12.0,0.0,15.6862745098,20.0,117.375635569,112.8715942444,208.113483508,No,On,27.40234375,23.6019887769,120.2,TRACTION,46.672626605186665,16.284229931286667,9.299294266702598,20.637556461520003,199.58646945404664,0.0,0.0,0.0,113.29762350860888,118.27631052653776,185.08319229154222,27.40234375,23.601988776900004,1.0,46.665604184688895,15.432758962195955,-0.3961180431316737,20.918204329827276,195.77525004292224,20.883190886351514,0.0,0.0,114.60970526084446,108.55819643285355,223.66900983409795,27.40234375,23.60198877689999,1.0
5,PARTIAL,LOCKED,1548.134,47.22421061,46.5,46.5,31.6723426309,12.0,0.0,15.2941176471,20.7843137255,120.7405570354,115.3267436516,242.7305367086,No,On,27.40234375,23.6019887769,120.2,TRACTION,47.22421061000001,15.294117647099995,0.0,20.630626674425997,79.379931507918,30.169054567699,0.0,0.0,120.092157663157,116.20483137773597,241.75035808039195,27.40234375,23.60198877689999,1.0,47.22421061000001,15.215686274539996,-0.32679738566820254,20.368113289740002,37.616949089755,33.114231055675006,0.0,0.0,119.92643786708499,119.54887692485099,241.96976896908703,27.40234375,23.60198877689999,1.0
5,LOCKED,PARTIAL,1548.287,47.22421061,51.375,51.375,32.6788166719,12.0,0.0,15.2941176471,20.7254901961,120.9375,120.9601924815,243.0280244297,No,On,27.40234375,23.6019887769,120.2,TRACTION,47.22421061000001,15.294117647099995,0.0,20.69170054260505,69.87219090602828,30.713490084131315,0.0,0.0,120.29169818378283,116.4044468133909,242.05250107923126,27.40234375,23.60198877689999,1.0,47.22421061000001,15.156862745119998,-0.32679738566820254,20.193694989091004,33.097381501211004,33.241907558655,0.0,0.0,119.55850251165798,119.752382327922,241.383778517899,27.40234375,23.60198877689999,1.0
5,PARTIAL,LOCKED,1548.475,47.22421061,47.0,47.0,32.8372954136,12.0,0.0,15.2941176471,20.3921568627,120.4222635435,117.7958129378,243.3935648973,No,On,27.40234375,23.6019887769,120.654509018,TRACTION,47.22421061000001,15.294117647099995,0.0,20.646665890115,62.85376667373099,31.405766240614003,0.0,0.0,120.462331207814,117.11285716289701,242.41236095263602,27.40234375,23.60198877689999,1.0,47.22421061000001,15.084175084186867,-0.33009836936182074,20.03653088620101,25.853804840966667,33.35364277076869,0.0,0.0,119.05145956650505,119.43311614323737,240.41613684832527,27.40234375,23.60198877689999,1.0
5,LOCKED,PARTIAL,1581.726,44.7387258411,53.6008064516,53.6008064516,23.0304073806,12.0,0.0,13.3333333333,16.862745098,88.3432655635,90.2086093221,157.9444972568,No,On,27.40234375,23.6019887769,122.0,TRACTION,44.73872584109999,11.382271917032323,4.395309802330347,14.666135577715151,10.835129038758586,24.129768100417174,0.0,0.0,71.49116191595354,67.79431950877475,129.5174200409273,27.40234375,23.60198877689999,1.0,44.73872584109999,13.777896613179998,1.5844721727481876,17.565193843953,80.819194877214,24.564701153887,0.0,0.0,95.936469649669,93.164009158058,192.700400089596,27.40234375,23.60198877689999,1.0
5,PARTIAL,LOCKED,1583.825,45.3600970333,48.25,48.25,45.8091187167,12.0,0.0,19.2156862745,30.0059417706,216.547721161,215.7369286636,438.1640891871,No,On,27.40234375,23.6019887769,122.0,TRACTION,44.842287706467,18.211588738078,4.203751948843854,26.922292409396004,64.586134912291,38.91456764804,0.0,0.0,159.77812036349803,165.11974175231302,327.17138880291697,27.40234375,23.60198877689999,1.0,45.532092579327,19.027450980404,-0.3565062388192448,29.806330829166008,24.148025823359003,49.497326922694,0.0,0.0,214.27868616892596,214.634132983654,467.5120194211629,27.40234375,23.60198877689999,1.0
5,LOCKED,PARTIAL,1583.854,45.3600970333,51.875,51.875,45.9387224416,12.0,0.0,19.2156862745,29.8910675381,216.5278050883,215.7369286636,444.6513485175,No,On,27.40234375,23.6019887769,122.0,TRACTION,44.86092884223301,18.337078934156,3.876954563175651,27.214319119068,63.878433299388,39.38657158767101,0.0,0.0,163.11391756229102,168.491138336659,333.22006360255307,27.40234375,23.60198877689999,1.0,45.550733715096,19.015686274523002,-0.3565062388192448,29.790803001875005,23.22310646852,49.602311879542015,0.0,0.0,214.136172328776,214.51243522902405,467.94852397808097,27.40234375,23.60198877689999,1.0
5,PARTIAL,LOCKED,1583.886,45.3600970333,45.375,45.375,47.3024811321,12.0,0.0,19.2156862745,29.8039215686,216.3765466179,216.4053443614,451.8097036407,No,On,27.40234375,23.6019887769,122.0,TRACTION,44.879569977999,18.454725992978002,3.876954563175651,27.498543111694993,63.313957492936,39.884479201953,0.0,0.0,166.34998532747701,171.84892570973497,339.40184765598906,27.40234375,23.60198877689999,1.0,45.569374850865,19.003921568642003,-0.3565062388192448,29.778959072385007,22.274195178198003,49.661578421092,0.0,0.0,213.989754573487,214.35056561660497,468.15274554511706,27.40234375,23.60198877689999,1.0
5,LOCKED,PARTIAL,1586.186,47.22421061,50.5887096774,50.5887096774,25.3682911704,12.0,0.0,10.9803921569,11.1395845467,152.7313350394,124.6480032279,176.2788377057,No,On,27.40234375,23.6019887769,122.0,TRACTION,46.62063408122324,17.127153891868687,-7.756811529916195,25.926223539372728,12.857004622477778,44.14742643265758,0.0,0.0,194.63306159617372,194.64589993311006,288.9648340946545,27.40234375,23.60198877689999,1.0,46.78227387832199,8.083470074416484,-3.1210619445678827,9.336216037873626,61.04678399569342,18.83754177662967,0.0,0.0,85.11642234196923,49.995653562329686,115.1070374101165,27.40234375,23.60198877689999,1.0
5,PARTIAL,LOCKED,1586.514,46.7840726822,47.0,47.0,19.8611060549,12.0,0.0,7.8431372549,8.4050939964,101.4552668807,45.3600721806,132.4703172899,No,On,27.40234375,23.6019887769,122.0,TRACTION,46.78726936031,13.770663650071004,-10.846207169758673,18.725632592571,36.38220986988,35.511581623773004,0.0,0.0,169.328079272291,154.431746691259,217.87322511042206,27.40234375,23.60198877689999,1.0,46.709675033341384,7.8431372549,0.0,10.439663005037932,47.7046216119431,16.980488284806896,0.0,0.0,61.664279613996555,31.851254047681035,93.1336096008845,27.40234375,23.601988776900004,1.0
5,LOCKED,PARTIAL,1586.855,46.6028394178,56.5,56.5,16.1059882168,12.0,0.0,7.8431372549,9.4117647059,48.1469155328,47.3023191736,86.9254835649,No,On,27.40234375,23.6019887769,122.0,TRACTION,46.85355349069697,10.071377424315154,-9.635371340611346,12.269156345996967,42.288245980783834,25.203202411339397,0.0,0.0,126.21463182006262,99.87385735146565,156.10313036679395,27.40234375,23.60198877689999,1.0,46.6028394178,7.8431372549,0.0,10.906094285904166,78.13228272034166,15.303133058725,0.0,0.0,44.21324013859999,11.755454386783333,70.65811993326251,27.40234375,23.6019887769,1.0
5,PARTIAL,OPEN,1590.866,44.9179675312,179.10546875,179.10546875,0.0,12.0,0.0,19.2156862745,23.5294117647,118.0233021152,135.8185009403,352.2697401605,No,On,27.40234375,23.6019887769,122.0,TRACTION,,,,,,,,,,,,,,,45.15186105062301,20.161358902550003,-0.0759081150859457,27.396574634878007,359.86960551279697,0.0,0.0,0.0,133.99782361282098,156.517741307585,396.7174048122781,27.40234375,23.60198877689999,1.0
5,OPEN,PARTIAL,1595.725,46.6028394178,399.2701612903,399.2701612903,1.5272913941,12.0,0.0,18.8235294118,25.9058823529,125.2394306117,153.044145975,201.7648726219,No,On,27.40234375,23.6019887769,122.0,TRACTION,46.520894506696,18.823529411800003,0.0,26.427450980392006,409.302772149644,0.0,0.0,0.0,140.90079704400497,152.577033772415,324.09259932563697,27.40234375,23.60198877689999,1.0,46.602839417800006,10.456094377631315,-8.317568716825471,13.960382249353533,214.8311914394849,18.482371990353535,0.0,0.0,99.26896141173837,77.57368343677271,101.6159832620697,27.40234375,23.60198877689999,1.0
5,PARTIAL,LOCKED,1596.445,46.6028394178,49.875,49.875,20.3976872244,12.0,0.0,8.2352941176,11.6339869281,85.6035485973,45.4522674492,74.2970938372,No,On,27.40234375,23.6019887769,122.0,TRACTION,46.602839417800006,13.450746784071718,-8.317568716825471,18.275334449655553,313.82331135760506,13.143734376382827,0.0,0.0,114.3071422525808,108.4280683714586,149.20056619413634,27.40234375,23.60198877689999,1.0,46.263819295335,8.307282913129002,0.3692386045917189,10.965866704328999,52.712139229361995,18.731446214039003,0.0,0.0,58.62734370468899,45.28368211091801,70.61881783055499,27.40234375,23.60198877689999,1.0
5,LOCKED,PARTIAL,1596.455,46.6028394178,50.5732758621,50.5732758621,20.1239869657,12.0,0.0,8.2352941176,11.5547633195,84.9344044811,45.7288532552,74.2151424873,No,On,27.40234375,23.6019887769,122.0,TRACTION,46.602839417800006,13.398592257407001,-8.234393029657218,18.208920974439998,311.183828244029,13.216273904862998,0.0,0.0,114.02010631602799,107.79831036223601,148.45153147056698,27.40234375,23.60198877689999,1.0,46.257605583413,8.311204481757002,0.3692386045917189,10.971887698584997,52.64640647074099,18.718664762859003,0.0,0.0,58.255901281945,45.249190233937,70.567118121873,27.40234375,23.60198877689999,1.0
5,PARTIAL,LOCKED,1596.464,46.6028394178,49.875,49.875,20.1976754969,12.0,0.0,8.2352941176,11.3725490196,84.3321747766,45.7288532552,74.1413862723,No,On,27.40234375,23.6019887769,122.0,TRACTION,46.602839417800006,13.292709904465001,-8.234393029657218,18.061723509596,307.60206100265003,13.417513774519998,0.0,0.0,113.52683708353901,106.73275656021198,146.38341044959202,27.40234375,23.60198877689999,1.0,46.251391871491,8.315126050385002,0.3692386045917189,10.979730835839998,52.587698137408,18.705265402641004,0.0,0.0,57.890183891766995,45.210793616166,70.51628549845,27.40234375,23.60198877689999,1.0
5,LOCKED,PARTIAL,1596.545,46.6028394178,51.625,51.625,18.8367769887,12.0,0.0,8.2352941176,10.5763517528,78.9121074355,46.0861099212,73.477580338,No,On,27.40234375,23.6019887769,122.0,TRACTION,46.602839417800006,12.445651080929002,-8.234393029657218,16.847106753805,278.74093437600004,14.973981025285,0.0,0.0,109.46108744727196,98.18173580970999,130.862999681282,27.40234375,23.60198877689999,1.0,46.201682176115,8.346498599409001,0.3692386045917189,11.093416714231003,52.637031470743004,18.651782476565003,0.0,0.0,55.197865846713995,44.68331348747901,70.14499671250601,27.40234375,23.60198877689999,1.0
5,PARTIAL,LOCKED,1597.235,45.9814682256,49.875,49.875,18.8549067066,12.0,0.0,8.2352941176,10.3149138443,48.5168087121,46.1193273342,68.7285595746,No,On,27.40234375,23.6019887769,122.0,TRACTION,46.39847733680909,8.235294117600002,0.0,11.042955101620203,65.43179857264647,19.178089986945455,0.0,0.0,68.0941295181606,45.32318073277171,71.95917829675656,27.40234375,23.60198877689999,1.0,45.981468225600004,8.617086834741,0.3692386045917189,11.961249386003999,52.676430179598,19.349782950264004,0.0,0.0,46.850803932789006,43.618403751233984,69.453646764834,27.40234375,23.60198877689999,1.0
5,LOCKED,PARTIAL,1597.244,45.9814682256,50.0362903226,50.0362903226,18.8845735179,12.0,0.0,8.2352941176,10.4575163399,48.4870822642,45.9959016196,68.7415118855,No,On,27.40234375,23.6019887769,122.0,TRACTION,46.394307245697,8.235294117600002,0.0,11.035674689047001,65.27623058692001,19.174858154142,0.0,0.0,67.8983563101,45.33114219878599,71.926872109535,27.40234375,23.60198877689999,1.0,45.9814682256,8.620943326833332,0.3729682874663827,11.976438608691918,52.70309825896161,19.354482035439396,0.0,0.0,46.83427586883535,43.594388621250495,69.46084004644344,27.40234375,23.60198877689999,1.0
5,PARTIAL,LOCKED,1597.255,45.9814682256,49.4453125,49.4453125,18.8565548628,12.0,0.0,8.2352941176,10.6318082789,48.4507499389,45.7288532552,68.7573424877,No,On,27.40234375,23.6019887769,122.0,TRACTION,46.388093533775006,8.235294117600002,0.0,11.029034166170998,63.773624740146,19.152787282688,0.0,0.0,67.39269367941499,45.316848752997,71.854844068684,27.40234375,23.60198877689999,1.0,45.981468225600004,8.624929971997,0.3692386045917189,11.977807120207999,52.897463445727,19.381130880821,0.0,0.0,46.785215358565004,43.620650348584995,69.481241112975,27.40234375,23.60198877689999,1.0
5,LOCKED,PARTIAL,1597.514,45.9814682256,50.75,50.75,18.6010906548,12.0,0.0,8.6274509804,12.4420677362,47.5952888258,38.4422478839,69.1300812129,No,On,27.40234375,23.6019887769,122.0,TRACTION,46.2227359895202,8.33177715527374,0.3729682874663827,11.02181669940707,52.62782869710707,18.66686130729495,0.0,0.0,56.24603302180808,44.97858884834343,70.28855833622525,27.40234375,23.60198877689999,1.0,45.90949272915799,8.6274509804,0.0,11.697400255988,56.305642099694005,19.909071244439,0.0,0.0,45.93762886853499,44.580164466698996,69.813399669596,27.40234375,23.60198877689999,1.0
5,PARTIAL,LOCKED,1597.575,45.9814682256,50.0,50.0,18.5758790158,12.0,0.0,8.6274509804,12.9253317489,47.3938095674,41.1131417404,69.217869098,No,On,27.40234375,23.6019887769,122.0,TRACTION,46.18925475227101,8.354341736665,0.3692386045917189,11.143961376540004,52.607252740903995,18.64458600689,0.0,0.0,54.58859812382399,44.585527021881006,70.06181489304899,27.40234375,23.60198877689999,1.0,45.87221045762001,8.6274509804,0.0,11.603203385320999,56.699753605375,20.063489155303998,0.0,0.0,45.74288027304699,44.92974513312901,69.883250649909,27.40234375,23.60198877689999,1.0
5,LOCKED,PARTIAL,1597.585,45.9814682256,50.01953125,50.01953125,18.7008041038,12.0,0.0,8.6274509804,12.8790526111,47.3607801808,41.874496217,69.2322605545,No,On,27.40234375,23.6019887769,122.0,TRACTION,46.183041040348996,8.358263305293,0.3692386045917189,11.171016238889,52.574752740904,18.642622231830998,0.0,0.0,54.293489468629,44.549481645876014,70.021676321147,27.40234375,23.60198877689999,1.0,45.865996745697,8.6274509804,0.0,11.588138349406,56.749597355375,20.086513897147,0.0,0.0,45.710453712102,44.95999112933201,69.894641875791,27.40234375,23.60198877689999,1.0
5,PARTIAL,LOCKED,1598.855,45.3600970333,48.0,48.0,21.5233745729,12.0,0.0,8.6274509804,11.3725490196,43.2546372442,43.6232322806,70.5666201822,No,On,27.40234375,23.6019887769,122.0,TRACTION,45.704440235699,8.6274509804,0.0,11.393198726029,56.09655333319799,20.645873459834,0.0,0.0,44.870940751692004,45.574707567895004,70.16574520700499,27.40234375,23.60198877689999,1.0,45.3600970333,8.714596949895961,1.0863237244415138,11.128885301936366,45.44560388860909,22.541004844742424,0.0,0.0,47.79562851132121,46.512859020465655,82.08935702056363,27.40234375,23.60198877689999,1.0
5,LOCKED,PARTIAL,1598.885,45.3600970333,50.75,50.75,21.3705512848,12.0,0.0,8.6274509804,11.4823529412,43.1586942617,41.9603716487,70.5883131866,No,On,27.40234375,23.6019887769,122.0,TRACTION,45.68579909993,8.6274509804,0.0,11.370717654393001,55.79715071833999,20.718327178107998,0.0,0.0,44.774574747904,45.69801502217599,70.193889710902,27.40234375,23.60198877689999,1.0,45.3600970333,8.755340520051515,1.2435134241936308,11.204669673914143,45.03530370322626,22.599295447260605,0.0,0.0,48.16091420244748,46.75702127152323,83.1432992849707,27.40234375,23.60198877689999,1.0
5,PARTIAL,LOCKED,1598.894,45.3600970333,49.925,49.925,21.2933537759,12.0,0.0,8.6274509804,11.6235294118,43.129911367,41.5295074698,70.5948210879,No,On,27.40234375,23.6019887769,122.0,TRACTION,45.679585388007,8.6274509804,0.0,11.363972556354,55.72590071834,20.742199435531997,0.0,0.0,44.74246270469499,45.72786324040399,70.203132800251,27.40234375,23.60198877689999,1.0,45.3600970333,8.785434173675,1.4857256034069988,11.262262032797,44.77527097869401,22.634864612825996,0.0,0.0,48.360384935780004,46.946000333302,83.73823568798,27.40234375,23.60198877689999,1.0
5,LOCKED,PARTIAL,1598.906,45.3600970333,50.9545454545,50.9545454545,21.3030034645,12.0,0.0,8.6274509804,11.8117647059,43.091534174,40.5659182102,70.6034982896,No,On,27.40234375,23.6019887769,122.0,TRACTION,45.67025958972525,8.6274509804,0.0,11.350576359161614,55.62315786517374,20.78264324668283,0.0,0.0,44.69426434234746,45.78589209950908,70.2175591655111,27.40234375,23.60198877689999,1.0,45.3600970333,8.805042016812,1.812522988991868,11.289642585018,44.61243006960401,22.660474301556995,0.0,0.0,48.48808403809901,47.09720057390399,84.10649812527299,27.40234375,23.60198877689999,1.0
5,PARTIAL,LOCKED,1598.986,45.3600970333,47.625,47.625,21.2752240579,12.0,0.0,8.6274509804,12.9098039216,42.8356862208,39.4595749863,70.6613463013,No,On,27.40234375,23.6019887769,122.0,TRACTION,45.620047776206064,8.6274509804,0.0,11.368477757146467,55.465950234206055,20.909767722316165,0.0,0.0,44.437810106552526,45.3079815707202,70.28793457104344,27.40234375,23.60198877689999,1.0,45.3600970333,8.977591036420003,2.018921337833914,11.508415176404998,43.639914353488,22.741882459560994,0.0,0.0,49.572831425127006,48.263021117439,87.224000783613,27.40234375,23.60198877689999,1.0
5,LOCKED,PARTIAL,1599.014,45.3600970333,50.5,50.5,21.3904010899,12.0,0.0,8.6274509804,12.8,42.7461394371,42.6641553591,70.6815931054,No,On,27.40234375,23.6019887769,122.0,TRACTION,45.605020844931005,8.6274509804,0.0,11.399638252337002,55.323199754041,20.937569728362,0.0,0.0,44.358333333335004,45.15374159135801,70.30851512282399,27.40234375,23.60198877689999,1.0,45.3600970333,9.048179271715004,2.018921337833914,11.5970187904,43.406747770827,22.771232696601,0.0,0.0,50.012043404119,48.636507329927,88.47671069767098,27.40234375,23.60198877689999,1.0
5,PARTIAL,LOCKED,1599.044,45.3600970333,49.625,49.625,21.619063537,12.0,0.0,8.6274509804,12.6823529412,42.7970287273,42.7786046581,70.7032861098,No,On,27.40234375,23.6019887769,122.0,TRACTION,45.586379709162,8.6274509804,0.0,11.423307442786,55.16061280847599,20.981198361471,0.0,0.0,44.262102521932,45.073233278001005,70.333215377266,27.40234375,23.60198877689999,1.0,45.35937282445151,9.099963217617173,2.039314482660519,11.649748493715151,43.240151045394946,22.79941598500606,0.0,0.0,50.391019300106066,48.975509188573746,89.52581614494846,27.40234375,23.60198877689999,1.0
5,LOCKED,PARTIAL,1599.065,45.3600970333,50.0120967742,50.0120967742,21.6650129947,12.0,0.0,8.6274509804,12.5490196078,43.1153033552,43.1473857327,70.7184712129,No,On,27.40234375,23.6019887769,122.0,TRACTION,45.57395228531601,8.6274509804,0.0,11.439015460646,55.05049184073499,21.015047795279003,0.0,0.0,44.203279663169006,45.033819800649006,70.34933860577799,27.40234375,23.60198877689999,1.0,45.35005949865799,9.165826330540003,2.018921337833914,11.761569347878998,43.26530245832801,22.811135546341006,0.0,0.0,50.78832133105902,49.428301250646,90.66651850621798,27.40234375,23.60198877689999,1.0
5,PARTIAL,LOCKED,1599.419,45.3600970333,48.7462121212,48.7462121212,22.9270752984,12.0,0.0,8.6274509804,9.8039215686,48.4805042255,48.9765059448,82.6578270742,No,On,27.40234375,23.6019887769,121.7520958084,TRACTION,45.3600970333,8.6274509804,0.0,11.236762155118178,53.33340314979696,21.769403561130297,0.0,0.0,44.357859566379794,45.72441975360808,71.87723378236868,27.40234375,23.60198877689999,1.0,45.194119945561,10.161904761919997,2.731933815555939,13.154865749029,46.399534146136006,22.883326632807997,0.0,0.0,57.775254630674,56.759253100123,109.62598894757899,27.40234375,23.60198877689999,1.0
5,LOCKED,PARTIAL,1600.134,44.7767689753,52.125,52.125,22.5080448811,12.0,0.0,10.9803921569,15.2069716776,61.6816843659,66.6898936911,119.0272709868,No,On,27.40234375,23.6019887769,120.2,TRACTION,45.312777227126,9.307002801130002,2.018921337833914,11.968546081768,43.100060522844,22.846588191588,0.0,0.0,51.793881315885,50.66420931094701,93.458750521793,27.40234375,23.60198877689999,1.0,44.799885773931,12.742584213175,4.579200755622297,16.374867929769003,70.892802947481,24.292663389149,0.0,0.0,80.47738087911199,80.117106681663,172.24565137744602,27.40234375,23.60198877689999,1.0
5,PARTIAL,LOCKED,1602.045,44.7387258411,49.0,49.0,33.101239101,12.0,0.0,15.2941176471,19.6078431373,118.59375,118.3668287953,237.8353700152,No,On,27.40234375,23.6019887769,122.0,TRACTION,44.73872584109999,15.257616892948995,0.6913021618576717,19.976572305802,80.944969274155,29.800398941637,0.0,0.0,106.94571607190099,112.666315243381,235.27147137628398,27.40234375,23.60198877689999,1.0,44.73872584109999,15.294117647099995,0.0,19.040495963107006,23.821727145315,33.647627147863,0.0,0.0,119.10958806818104,118.31586980710699,239.677697467966,27.40234375,23.60198877689999,1.0
5,LOCKED,PARTIAL,1607.206,45.3600970333,52.0,52.0,37.1931164507,12.0,0.0,17.6470588235,25.8823529412,163.4906431686,162.3070588498,341.3036993288,No,On,27.40234375,23.6019887769,120.2,TRACTION,44.766563270511,16.492056309668,1.3988201621015242,22.117494988602008,21.388546918956,35.888179793987,0.0,0.0,146.934829215119,133.258638472102,298.411844803743,27.40234375,23.60198877689999,1.0,45.393967855154,17.631372548992,-0.32679738558486776,25.57567835213,50.30972360677399,41.206872035249006,0.0,0.0,168.666402644974,168.844657233125,359.13625658492697,27.40234375,23.60198877689999,1.0
5,PARTIAL,LOCKED,1607.826,45.3600970333,47.75,47.75,43.25637401,12.0,0.0,17.6470588235,25.4901960784,169.6673517707,167.0455341088,361.4293588781,No,On,27.40234375,23.6019887769,121.9098196393,TRACTION,45.15181340967501,17.464605329288002,1.3988201621015242,25.124545889758,52.303159590968,38.173426400939995,0.0,0.0,163.187373626862,157.10445628599,344.275722628258,27.40234375,23.60198877689999,1.0,45.779217994380005,17.300653594759,-0.5446623093806546,25.09808451292301,13.439432251512999,43.757297175256,0.0,0.0,170.74251643583503,172.5479376067161,361.58422286818,27.40234375,23.60198877689999,1.0
5,LOCKED,PARTIAL,1621.134,47.8455818023,55.75,55.75,34.3201813124,12.0,0.0,16.4705882353,23.8274509804,134.9027884843,150.9504211642,293.369609226,No,On,27.40234375,23.6019887769,120.2,TRACTION,47.75175576923801,15.824509803934001,0.8439409174226369,22.084941572586,13.686664383091,34.449412937422,0.0,0.0,131.355746926484,127.319234514306,276.107835994172,27.40234375,23.60198877689999,1.0,47.84558180230001,16.078431372500006,-0.392156862800357,22.332503140512998,48.168447029180996,34.668742295724,0.0,0.0,135.67953695705498,137.56031587656898,289.22801694936095,27.40234375,23.60198877689999,1.0
5,PARTIAL,LOCKED,1621.594,47.8455818023,49.94921875,49.94921875,34.5567045576,12.0,0.0,16.0784313725,22.3529411765,135.6443830052,133.4987490192,289.6033344212,No,On,27.40234375,23.6019887769,120.2,TRACTION,47.75175576923802,16.185294117619005,0.05962719192192281,22.725054862338,37.145537526702,34.069167469894005,0.0,0.0,134.302489539738,135.67896199537302,287.69059970653603,27.40234375,23.60198877689999,1.0,47.84558180230001,16.078431372500006,0.0,22.230780819268002,33.244231958237,36.309657828374,0.0,0.0,135.692645143096,136.52331192315998,285.116868866862,27.40234375,23.60198877689999,1.0
5,LOCKED,PARTIAL,1628.675,47.22421061,58.25,58.25,40.6830871632,12.0,0.0,17.6470588235,27.9843137255,178.7323048675,187.5409813569,225.7533920916,No,On,27.40234375,23.6019887769,119.0444,TRACTION,47.22421061000001,14.152201393378999,5.464173237328583,19.585909077183004,7.101600463907001,29.385983492007995,0.0,0.0,142.829628854183,96.208424413426,189.43286973767698,27.40234375,23.60198877689999,1.0,47.22421061000001,13.741679235802003,-3.5070239519131103,18.369345732726,92.117613772445,27.883466838158,0.0,0.0,140.34585325460702,118.24999797508197,222.247456130894,27.40234375,23.60198877689999,1.0
5,PARTIAL,LOCKED,1629.794,47.22421061,46.25,46.25,30.5050050022,12.0,0.0,13.7254901961,18.8235294118,100.3759189089,100.1656983373,205.627929829,No,On,27.40234375,23.6019887769,119.984,TRACTION,47.22421061000001,13.466693074544448,-0.5724526421579663,17.80785566189899,89.09128713631615,27.145158590450503,0.0,0.0,131.867148390402,107.93759192551514,219.59474959525457,27.40234375,23.60198877689999,1.0,46.980289365404005,13.725490196100003,0.0,18.100686856917,20.005130044389,31.432321089005,0.0,0.0,99.31651623524202,103.340515077982,203.22558996812498,27.40234375,23.60198877689999,1.0
5,LOCKED,PARTIAL,1633.175,46.6028394178,53.75,53.75,28.5361761118,12.0,0.0,16.0784313725,22.0078431373,122.1943851169,129.6880112479,267.5692718815,No,On,27.40234375,23.6019887769,118.4,TRACTION,46.602839417800006,14.714328808423007,1.863184578106268,19.498704694007,11.645452063546998,30.856485926973996,0.0,0.0,115.844130170507,109.308406377112,242.185633198539,27.40234375,23.60198877689999,1.0,46.602839417800006,16.078431372500006,0.0,21.372077654819005,68.97300356172501,31.704559349156003,0.0,0.0,125.45841280311701,128.687197989168,272.681526122067,27.40234375,23.60198877689999,1.0
5,PARTIAL,LOCKED,1634.045,46.6028394178,46.875,46.875,33.9897122483,12.0,0.0,16.0784313725,21.1764705882,127.8176989658,129.1090646146,274.4537383388,No,On,27.40234375,23.6019887769,118.4,TRACTION,46.602839417800006,16.078431372500006,0.0,21.536224210656567,67.25776857951011,30.995846361582824,0.0,0.0,124.58597468616365,128.4449663873889,271.3228344113616,27.40234375,23.60198877689999,1.0,46.602839417800006,16.078431372500006,0.0,21.333563968149004,34.03099242531,34.339792853244006,0.0,0.0,130.294620041837,129.501127793538,276.14874989612207,27.40234375,23.60198877689999,1.0
5,LOCKED,PARTIAL,1644.265,46.6028394178,52.375,52.375,25.9390940101,12.0,0.0,14.5098039216,19.6078431373,111.9730864537,111.7049771244,218.2201396368,No,On,27.40234375,23.6019887769,118.4,TRACTION,46.634032251649,14.178104575159999,0.45865898812466255,18.607123786884998,11.295603837828,29.825265844614,0.0,0.0,111.84267276982298,107.57880830115101,215.509699860049,27.40234375,23.60198877689999,1.0,46.695536586738996,14.509803921599998,0.0,19.435305099153002,63.018533451520995,29.017606071169002,0.0,0.0,113.26419471340901,110.34596341758498,224.60299399123198,27.40234375,23.60198877689999,1.0
5,PARTIAL,LOCKED,1644.274,46.6028394178,47.5625,47.5625,25.8892372857,12.0,0.0,14.5098039216,19.6632996633,111.975409554,111.8120425977,218.2718200296,No,On,27.40234375,23.6019887769,118.4,TRACTION,46.634347330778795,14.182676437575756,0.46329190719662894,18.636627314937375,11.6713801392202,29.765805002138382,0.0,0.0,111.84654919236363,107.53710729757577,215.53896845473332,27.40234375,23.60198877689999,1.0,46.69553658673901,14.509803921599998,0.0,19.43110075715,62.934978764021,29.076074411677,0.0,0.0,113.29183587505901,110.349770189968,224.756327729469,27.40234375,23.60198877689999,1.0
5,LOCKED,PARTIAL,1644.285,46.6028394178,53.025,53.025,25.8937697152,12.0,0.0,14.5098039216,19.5921568627,111.9782488987,112.1094466901,218.3349849541,No,On,27.40234375,23.6019887769,118.4,TRACTION,46.634032251649,14.185947712415999,0.4586589881246626,18.646894038421,12.030291337827999,29.727039324973997,0.0,0.0,111.84783779597997,107.579856650577,215.566296970482,27.40234375,23.60198877689999,1.0,46.69553658673901,14.509803921599998,0.0,19.427492914013,62.787562097354005,29.134491762353004,0.0,0.0,113.31977185952303,110.33870675772901,224.91109687161799,27.40234375,23.60198877689999,1.0
5,PARTIAL,LOCKED,1645.015,46.6028394178,45.75,45.75,30.7942637452,12.0,0.0,14.5098039216,19.6078431373,113.9784983407,111.1577535943,228.7382232376,No,On,27.40234375,23.6019887769,118.4,TRACTION,46.69594745258801,14.587581699368998,-0.28109145752378906,19.613524254393,56.083380920668,27.910834265098007,0.0,0.0,112.639175129621,109.00368507963901,221.072811856588,27.40234375,23.60198877689999,1.0,46.665239350356565,14.662639466560607,-0.9202742417437163,19.400291793915148,27.729824342204036,32.08754017787879,0.0,0.0,112.55706226124646,114.86791438589191,234.06157952275964,27.40234375,23.60198877689999,1.0
5,LOCKED,PARTIAL,1646.425,46.6028394178,53.0,53.0,25.7532644008,12.0,0.0,13.3333333333,18.124635993,99.4152917395,105.3765579275,209.3401547769,No,On,27.40234375,23.6019887769,118.4,TRACTION,46.69738591179293,14.4213375585899,-1.0394764306077415,18.94070140230606,18.171667576257576,30.525124243942425,0.0,0.0,107.87668957159897,111.02047041090103,228.10873152703437,27.40234375,23.60198877689999,1.0,46.602839417800006,13.333333333300004,0.0,18.017581005143,51.437358558428,27.882585957116998,0.0,0.0,97.37665276126701,98.85192326606301,198.00324155868603,27.40234375,23.60198877689999,1.0
5,PARTIAL,LOCKED,1646.894,46.6028394178,49.25,49.25,27.8472468283,12.0,0.0,13.3333333333,18.431372549,96.9726735038,96.6206415553,195.0377923246,No,On,27.40234375,23.6019887769,118.4,TRACTION,46.665446481622006,13.688888888877004,-0.18237934901885183,18.199319190736997,38.290644690311,27.709406913897006,0.0,0.0,100.72736401531898,102.668617110134,210.919504150477,27.40234375,23.60198877689999,1.0,46.602839417800006,13.458823529396005,0.3565062389101523,17.960153756540997,32.418957391428,29.142082405944,0.0,0.0,98.28116274568602,99.03483053171301,196.67964722168398,27.40234375,23.60198877689999,1.0
5,LOCKED,PARTIAL,1648.634,46.6028394178,53.40625,53.40625,25.8643820271,12.0,0.0,14.5098039216,19.2156862745,106.9852598222,110.4268830371,216.5974178378,No,On,27.40234375,23.6019887769,118.4,TRACTION,46.541163888609006,14.007189542505998,0.8229352347329224,18.388075325184005,18.717080960548,28.856918774864003,0.0,0.0,102.52360758823698,103.54252147027098,204.57528647952,27.40234375,23.60198877689999,1.0,46.569787159968,14.509803921599998,0.0,19.446510525592004,60.88244867867801,29.050030697379,0.0,0.0,107.88323750455498,111.51699487567299,229.264548740898,27.40234375,23.60198877689999,1.0
5,PARTIAL,LOCKED,1649.326,45.9814682256,47.625,47.625,30.212167819,12.0,0.0,14.5098039216,19.6078431373,107.5636743362,113.4001804514,233.8317645968,No,On,27.40234375,23.6019887769,118.4,TRACTION,46.59267152556364,14.509803921599998,0.0,19.47058823531717,54.46467277298788,27.731128336853534,0.0,0.0,107.47412844619394,109.75568377119396,221.45685476278484,27.40234375,23.60198877689999,1.0,46.554957100846,14.805555555575001,1.3562091502807925,19.44080919858,32.095333061211996,30.151758906321003,0.0,0.0,106.13724206957403,110.74185756378202,244.90543419523502,27.40234375,23.60198877689999,1.0
5,LOCKED,PARTIAL,1650.385,46.6028394178,50.0833333333,50.0833333333,26.579921058,12.0,0.0,15.6862745098,20.3333333333,106.8081244479,120.2226303322,246.540956367,No,On,27.40234375,23.6019887769,118.4,TRACTION,46.57160515920401,14.864379084985003,1.3562091502807925,19.489135599845,32.040943162611995,29.972963605871005,0.0,0.0,106.09797830414101,111.094182278638,245.561795797897,27.40234375,23.60198877689999,1.0,46.46265462490101,14.37908496732323,-1.7715279153248567,19.02451774589495,72.24969755069797,28.533601873691925,0.0,0.0,108.47253832627273,110.00754898141514,228.92315649865353,27.40234375,23.60198877689999,1.0
5,PARTIAL,LOCKED,1651.206,46.6028394178,47.375,47.375,30.2313047436,12.0,0.0,14.1176470588,18.431372549,109.07936871,108.8015922025,217.5009205535,No,On,27.40234375,23.6019887769,118.4,TRACTION,46.508639423499005,14.664289958414141,-1.7715279153248569,19.515186765259593,70.62398531778585,27.99424324802324,0.0,0.0,108.19385411082526,111.71200615460808,235.24207113754142,27.40234375,23.60198877689999,1.0,46.133804769281994,13.994570135737003,-0.5572314395101674,18.096346140499,24.049632774581998,31.054030947650993,0.0,0.0,102.337758391469,103.69358198654099,208.66799097327504,27.40234375,23.60198877689999,1.0
5,LOCKED,PARTIAL,1651.266,46.6028394178,52.25,52.25,30.5404164353,12.0,0.0,14.1176470588,18.431372549,108.2763180467,108.4692205986,215.3786280458,No,On,27.40234375,23.6019887769,118.4,TRACTION,46.50863942349899,14.569221628050503,-1.7715279153248567,19.348817187126258,71.84500600856465,28.105501219182834,0.0,0.0,108.35186666905152,111.4044309696414,233.11799218834747,27.40234375,23.60198877689999,1.0,46.09652249775,13.971040723975001,-0.5572314395101674,18.063731114292,21.31474853399,31.043709918953997,0.0,0.0,101.55978063496799,102.902467273683,207.781912221235,27.40234375,23.60198877689999,1.0
5,PARTIAL,LOCKED,1651.295,46.4633479257,44.125,44.125,30.5848342443,12.0,0.0,14.1176470588,18.3215686275,107.8881768927,108.7428323636,213.8930232904,No,On,27.40234375,23.6019887769,118.4,TRACTION,46.50851133213839,14.521687462868686,-1.7715279153248567,19.266675909025253,72.29478606721516,28.194459218331314,0.0,0.0,108.40643695966564,111.13742818441916,232.055774069599,27.40234375,23.60198877689999,1.0,46.079403087352006,13.959276018094004,-0.5572314395101674,18.053106381230997,20.034506598507,31.033818707903002,0.0,0.0,101.19724333536499,102.56663857248799,207.37333641847601,27.40234375,23.60198877689999,1.0
5,LOCKED,PARTIAL,1653.545,45.9814682256,56.875,56.875,25.6009162867,12.0,0.0,14.5098039216,19.6078431373,104.9240432116,109.2168201359,222.9075262197,No,On,27.40234375,23.6019887769,118.4,TRACTION,45.981468225600004,14.113725490199002,0.8467023172754407,18.451294117633,11.327400066924,29.83430346805701,0.0,0.0,101.11588300046598,101.877244083833,212.735970321289,27.40234375,23.60198877689999,1.0,45.981468225600004,14.509803921599998,0.0,19.804196078448005,76.60908799207701,28.513355117163,0.0,0.0,109.37124866381498,107.28497346733998,224.56062177574205,27.40234375,23.60198877689999,1.0
5,PARTIAL,LOCKED,1654.574,45.9814682256,46.875,46.875,31.8199212822,12.0,0.0,14.5098039216,19.6078431373,115.2934411337,113.0135551312,226.2776481185,No,On,27.40234375,23.6019887769,118.4,TRACTION,45.981468225600004,14.509803921599998,0.0,19.804196078448,76.50522710498001,28.638663634084,0.0,0.0,109.570672733247,107.36919830632199,224.626157382345,27.40234375,23.60198877689999,1.0,45.981468225600004,16.005555555564,2.434909861418346,21.489692486906,51.994388761082,31.216041134195,0.0,0.0,125.304915957785,125.30271532380799,252.12172828072798,27.40234375,23.60198877689999,1.0
5,LOCKED,PARTIAL,1655.166,45.9814682256,50.625,50.625,30.0581951783,12.0,0.0,16.4705882353,22.3529411765,127.0387899709,134.2363111685,256.9006426798,No,On,27.40234375,23.6019887769,118.4,TRACTION,45.9814682256,15.188816267266665,2.4595049105235827,20.466672941810103,48.015714072939396,31.466248749838382,0.0,0.0,117.5231354429121,115.55078971873839,234.28635429864343,27.40234375,23.60198877689999,1.0,46.012536785208994,16.470588235300003,0.0,22.313960784336995,71.872044362478,32.66761935186,0.0,0.0,133.948025716424,136.45541283805298,279.939459639616,27.40234375,23.60198877689999,1.0
5,PARTIAL,LOCKED,1656.166,45.9814682256,49.7625,49.7625,36.590449535,12.0,0.0,16.4705882353,22.3529411765,137.4127065535,140.5055894373,290.3847022333,No,On,27.40234375,23.6019887769,118.4,TRACTION,46.012536785209,16.470588235300003,0.0,22.31396078433699,71.880669362478,32.602296808293,0.0,0.0,133.844286550598,136.39272005536498,279.60461904408106,27.40234375,23.60198877689999,1.0,46.48601645557001,16.470588235300003,0.0,22.352941176499993,20.884263723424002,37.001101176801996,0.0,0.0,139.371035085042,140.538236475896,293.485163884114,27.40234375,23.60198877689999,1.0
5,LOCKED,PARTIAL,1678.084,45.3600970333,50.125,50.125,43.1396639504,12.0,0.0,18.8235294118,28.6274509804,204.23828125,203.2098965345,425.860688692,No,On,27.40234375,23.6019887769,116.6,TRACTION,45.3600970333,18.100891265595006,1.2771977478310315,26.44596777325699,16.01798571573,43.064517981233,0.0,0.0,192.827664944739,179.71394837129,398.08019659584505,27.40234375,23.60198877689999,1.0,45.3600970333,18.823529411800003,0.0,28.627450980399992,33.2245437150505,47.638751940508094,0.0,0.0,205.38884943181822,204.34175507497474,439.39693357013635,27.40234375,23.60198877689999,1.0
5,PARTIAL,LOCKED,1678.093,45.3600970333,49.5625,49.5625,43.0881989445,12.0,0.0,18.8235294118,28.6274509804,204.2589613971,203.3136162117,426.3571000864,No,On,27.40234375,23.6019887769,116.6,TRACTION,45.3600970333,18.112655971478002,1.2771977478310315,26.481261890903987,16.379397006053,43.06043879468501,0.0,0.0,193.057230848068,179.97992124463795,398.613917010707,27.40234375,23.60198877689999,1.0,45.3600970333,18.823529411800003,0.0,28.627450980399992,32.821134624141415,47.70080295313029,0.0,0.0,205.41187379307777,204.35688813674952,439.60112173553233,27.40234375,23.60198877689999,1.0
5,LOCKED,PARTIAL,1678.107,45.3600970333,51.6733870968,51.6733870968,43.1532612389,12.0,0.0,18.8235294118,28.6274509804,204.2911305147,203.5671532005,427.1292955888,No,On,27.40234375,23.6019887769,116.6,TRACTION,45.3600970333,18.12924251426869,1.2900987351828601,26.530884461004028,16.753321348570708,43.051261428663636,0.0,0.0,193.40096160225656,180.28815686504345,399.42219841764853,27.40234375,23.60198877689999,1.0,45.3600970333,18.823529411800003,0.0,28.62745098039999,32.173891019835,47.77767681507001,0.0,0.0,205.446323529412,204.397393303434,439.86929178285,27.40234375,23.60198877689999,1.0
5,PARTIAL,LOCKED,1678.456,45.3600970333,46.875,46.875,47.888825985,12.0,0.0,18.8235294118,28.6274509804,205.0930606618,203.9024087229,438.375145565,No,On,27.40234375,23.6019887769,116.6,TRACTION,45.3600970333,18.536185383266,1.2771977478310315,27.751850126195997,34.890229028461,43.73280342872401,0.0,0.0,199.92347058904502,190.702862782328,417.7467494255219,27.40234375,23.60198877689999,1.0,45.3600970333,18.823529411800003,0.0,28.62745098039999,13.453434809546,49.461649420819,0.0,0.0,206.158813779368,206.11195297098598,444.9178756182301,27.40234375,23.60198877689999,1.0
5,LOCKED,PARTIAL,1687.707,48.4669529945,55.125,55.125,25.9220973995,12.0,0.0,11.3725490196,12.6850740296,135.2825453368,91.4577065104,169.2162713082,No,On,27.40234375,23.6019887769,116.6,TRACTION,48.46695299450002,16.280542986421,-6.515435293588129,23.371429755926997,17.115936159099,40.465899726955,0.0,0.0,175.95119495807202,177.477431734329,259.163194440597,27.40234375,23.60198877689999,1.0,48.22011755271102,9.158371040726001,-4.27922839682207,12.305350393141998,28.915364243761,22.539494765994995,0.0,0.0,79.389324045392,62.552749796462,107.70835107405499,27.40234375,23.60198877689999,1.0
5,PARTIAL,LOCKED,1687.894,48.4669529945,45.625,45.625,25.7736603335,12.0,0.0,10.9803921569,16.1560861969,113.5104132934,68.8074108294,146.2889368559,No,On,27.40234375,23.6019887769,116.6,TRACTION,48.46695299450002,14.868778280549002,-7.169030064770247,20.764375869031007,26.104236184851,36.439757984876,0.0,0.0,163.49815959868002,154.42905356043,224.14019568484895,27.40234375,23.60198877689999,1.0,48.10205702619301,8.209879336343,-4.9538478950505445,11.195493789313998,30.670565638943,20.767857432792002,0.0,0.0,63.071953066042,49.25178107467201,86.52705316978101,27.40234375,23.60198877689999,1.0
5,LOCKED,PARTIAL,1688.674,47.8455818023,57.5,57.5,17.7957802784,12.0,0.0,7.0588235294,9.2137449039,41.386328125,46.799507988,52.8320475371,No,On,27.40234375,23.6019887769,116.6,TRACTION,48.24497240039902,9.330920060334002,-4.27922839682207,12.435231876928999,28.500624127427002,22.865420820761994,0.0,0.0,83.240288246754,64.591359680902,112.48040485082998,27.40234375,23.60198877689999,1.0,47.8455818023,6.10630205258261,-5.774844649611275,8.903140083826086,66.69115592153479,16.80445844153478,0.0,0.0,38.23273275047827,12.270036201395651,46.243113517121735,27.40234375,23.601988776899997,1.0
5,PARTIAL,LOCKED,1688.865,47.8455818023,42.25,42.25,16.2292055502,12.0,0.0,5.4901960784,8.2352941176,36.3939877717,-4.4657083257,42.4013494651,No,On,27.40234375,23.6019887769,116.6,TRACTION,48.126911873881006,8.429487179482999,-4.9538478950505445,11.509442925404999,31.118014750553005,21.163611694223,0.0,0.0,66.23749279908901,51.872970631239994,90.78398265350398,27.40234375,23.60198877689999,1.0,47.8455818023,5.4901960784,0.0,8.14816540475,41.93500948765,15.800599592250002,0.0,0.0,35.72747112775,11.067846831175,41.00876935605,27.40234375,23.6019887769,1.0
5,LOCKED,OPEN,1693.594,39.146385111,-200.5443548387,200.5443548387,0.0,12.0,1161.0002902501,0.0,5.3098039216,5.8912669362,15.7940032656,-20.1524673403,No,On,27.40234375,23.6019887769,116.6,BRAKE,,,,,,,,,,,,,,,38.79872114006667,0.0,0.0,7.431966726087879,136.60514799445454,0.0,1191.0920981295517,1208.8238316177,5.908746349536364,12.636924222148483,-19.507057478157577,27.40234375,23.6019887769,1.0
5,PARTIAL,OPEN,1748.905,38.5250139187,261.96875,261.96875,0.0,12.0,0.0,16.0784313725,18.8235294118,94.5536607359,95.5737791499,212.5931476223,No,On,27.40234375,23.6019887769,118.4,TRACTION,38.52501391869999,16.078431372500006,0.0,18.612134099139396,208.7415118884414,10.153865484282829,0.0,0.0,97.2423884318808,84.73690374064243,231.7584356000172,27.40234375,23.60198877689999,1.0,38.925153518570994,16.078431372500006,0.0,18.666183590930004,271.08177477593597,0.0076015317559999995,0.0,0.0,97.282958610236,98.80449724570198,217.00614012785297,27.40234375,23.60198877689999,1.0
5,OPEN,PARTIAL,1748.914,38.5250139187,261.8,261.8,0.7601531756,12.0,0.0,16.0784313725,18.8235294118,94.6128228055,95.883079406,212.6862915794,No,On,27.40234375,23.6019887769,118.4,TRACTION,38.52501391869999,16.078431372500006,0.0,18.614248052266003,209.273784269557,10.05232682944,0.0,0.0,97.215501154921,84.845272494735,231.56678272024004,27.40234375,23.60198877689999,1.0,38.931367230494,16.078431372500006,0.0,18.666183590930004,271.081568893583,0.0,0.0,0.0,97.321146185502,98.83768754241999,217.04027773708097,27.40234375,23.60198877689999,1.0
5,PARTIAL,OPEN,1748.924,38.5250139187,263.25,263.25,0.0,12.0,0.0,16.0784313725,18.8235294118,94.6785584384,95.7998062602,212.7897848651,No,On,27.40234375,23.6019887769,118.4,TRACTION,38.52501391869999,16.078431372500006,0.0,18.579865006119004,210.477799894557,9.89903382877,0.0,0.0,97.06276422846902,84.81945781950999,230.97947312190507,27.40234375,23.60198877689999,1.0,38.93758094241699,16.078431372500006,0.0,18.666183590930004,271.105318893583,0.0,0.0,0.0,97.35870454113201,98.869290444794,217.07135795156594,27.40234375,23.60198877689999,1.0
5,PARTIAL,LOCKED,1871.774,46.6028394178,48.8455882353,48.8455882353,58.1010675119,12.0,0.0,23.137254902,37.3529411765,217.3103215144,255.2797767958,694.5104223206,No,On,27.40234375,23.6019887769,122.0,TRACTION,46.536849797187,19.959814695115,2.7682540353183294,30.004639730620006,215.651589872136,33.238742789625,0.0,0.0,222.68254135424795,171.61521166449901,558.464167943044,27.40234375,23.60198877689999,1.0,47.383692335351014,15.49914170797,-16.41812791700824,29.443450980394005,51.105542390885006,45.35756157524499,0.0,0.0,140.08674504206903,236.58520054962398,456.52267194442703,27.40234375,23.60198877689999,1.0
5,LOCKED,PARTIAL,1871.963,47.22421061,55.875,55.875,61.4234845405,8.314516129,0.0,23.5294117647,58.368627451,188.3824744591,313.7991689652,646.7338465091,No,On,27.40234375,23.6019887769,122.0,TRACTION,46.65505849683801,20.830402930404,3.5525677607190467,34.049764705868,171.47428566039002,40.799365250115,0.0,0.0,221.127626560686,195.64747817646702,604.476363285538,27.40234375,23.60198877689999,1.0,47.526748421571725,12.221355260579797,-16.980085636069287,20.61247771836061,47.20480239811111,38.641722768343435,0.0,0.0,113.46449694589596,190.61081963132526,348.3214844437989,27.40234375,23.60198877689999,1.0
5,PARTIAL,LOCKED,1872.283,47.6185423282,48.0,48.0,46.1220025593,12.0,0.0,17.2549019608,26.6666666667,139.4041090745,266.2599358891,455.9580538339,No,On,27.40234375,23.6019887769,122.0,TRACTION,46.858677056745,21.382299073471998,-2.9668096691919175,39.481568627453,126.055464472567,51.947991456916014,0.0,0.0,203.589552040702,249.43382927853096,615.962644881423,27.40234375,23.60198877689999,1.0,47.58873182063188,7.640440791715383,-11.745344243753571,9.28325791855165,30.102542835225275,27.741870093698893,0.0,0.0,80.72559935682527,102.61245971243741,196.65273430589448,27.40234375,23.60198877689999,1.0
5,LOCKED,PARTIAL,1872.532,47.617322997,62.625,62.625,27.4393281736,12.0,0.0,6.6666666667,10.7450980392,101.2928185096,171.8750295988,307.5106401584,No,On,27.40234375,23.6019887769,121.4204,TRACTION,47.075289327278995,19.50644257703,-14.65157935736593,36.943647058825995,70.208328921295,51.584663137654,0.0,0.0,176.86450774349902,265.174390547868,563.286984800361,27.40234375,23.60198877689999,1.0,47.63399397742879,5.894236482493938,-1.0512363453450113,5.39732620320909,31.535942382745457,24.90429228639091,0.0,0.0,66.06131771751211,58.715355821477274,127.8874551245667,27.40234375,23.6019887769,1.0
5,PARTIAL,LOCKED,1872.773,47.8455818023,41.4810606061,41.4810606061,24.6809793063,12.0,0.0,5.8823529412,0.4941176471,64.4059870793,67.1181555842,163.8326212999,No,On,27.40234375,23.6019887769,120.5528,TRACTION,47.37126491150602,15.671690727578,-16.41812791700824,29.812039215687996,51.179187667177004,45.691762457300996,0.0,0.0,141.61578838642,238.46681676174,461.82944995463413,27.40234375,23.60198877689999,1.0,47.51308664893095,5.8823529412,0.0,6.535107376285714,6.18223926987619,24.102666773171432,0.0,0.0,57.01111556358571,25.65811727120952,68.41149712347381,27.40234375,23.601988776900004,1.0
5,LOCKED,OPEN,1880.583,43.4959834566,61.3911290323,61.3911290323,0.0,12.0,0.0,14.1176470588,16.4705882353,71.8098609249,82.2381796444,144.120715812,No,On,27.40234375,23.6019887769,122.0,TRACTION,,,,,,,,,,,,,,,43.52711478098081,15.361457714418183,2.312403381875149,17.90182008891919,124.91781763505051,0.0,0.0,0.0,84.7030314693,88.25621405195857,183.93505670302528,27.40234375,23.60198877689999,1.0
5,OPEN,PARTIAL,1889.743,45.3600970333,489.3333333333,489.3333333333,0.5754890481,12.0,0.0,14.5098039216,20.2823529412,146.5923723983,144.2724246997,350.6253819929,No,On,27.40234375,23.6019887769,122.0,TRACTION,45.217659439870715,19.715302852524243,-6.727717313884106,27.624446084896967,501.1949786765394,0.0,0.0,0.0,164.56018019233838,166.09126311338684,394.09159525552633,27.40234375,23.60198877689999,1.0,45.3600970333,13.905882352942,-0.3565062389118743,18.094154540946004,249.570559709017,20.272478334724997,0.0,0.0,113.71713624747701,97.77760047262201,267.16073597935,27.40234375,23.60198877689999,1.0
5,PARTIAL,LOCKED,1892.533,45.9814682256,41.0,41.0,28.7108257284,12.0,0.0,14.1176470588,16.7294117647,107.6560501453,118.8166524851,216.3569671737,No,On,27.40234375,23.6019887769,122.5663326653,TRACTION,45.39306774962801,14.788235294119998,0.5134680134384043,19.933757179654,92.202229958522,28.843105779164997,0.0,0.0,106.21162490731102,113.73300439454302,220.493239927844,27.40234375,23.60198877689999,1.0,45.444272316402,16.297593582894997,5.469324859065851,22.26772841990301,50.817516402871,33.472015901378,0.0,0.0,131.87624894201,128.43012737724,272.20400370150895,27.40234375,23.60198877689999,1.0
5,LOCKED,PARTIAL,1892.712,45.3600970333,51.5234375,51.5234375,26.9138496288,12.0,0.0,14.5098039216,17.4925727867,111.0271710981,105.102606272,214.5434558451,No,On,27.40234375,23.6019887769,123.2120240481,TRACTION,45.451978811075996,14.7294117647,2.03852247992992,19.427050677623,76.77138842727,28.872186895217002,0.0,0.0,106.798540518667,114.70078496287701,219.60810295845604,27.40234375,23.60198877689999,1.0,45.39157496687701,16.987789661332997,3.508540545019483,23.924365734616995,51.09629581554199,36.102373052050005,0.0,0.0,142.646601274748,139.754962022923,306.40070146646997,27.40234375,23.60198877689999,1.0
5,PARTIAL,LOCKED,1893.092,45.3600970333,43.5,43.5,44.1458632987,12.0,0.0,16.0784313725,27.7401465637,134.7758042703,119.2315311941,273.1152408111,No,On,27.40234375,23.6019887769,123.8,TRACTION,45.451978811076,14.945751633990001,3.2087211990890165,19.217338259315,64.86342070953,29.966908205722998,0.0,0.0,113.180217809953,112.32624096360598,223.141595221182,27.40234375,23.60198877689999,1.0,45.58838507360607,18.281057755228282,3.9522925018176687,27.28493985146566,32.44092577407576,41.82330420521515,0.0,0.0,165.73641534276567,170.05146281540803,394.7741773669474,27.40234375,23.60198877689999,1.0
5,LOCKED,PARTIAL,1893.404,45.3600970333,50.3714285714,50.3714285714,39.5386487152,12.0,0.0,18.0392156863,27.0117647059,154.2746820327,172.5434452966,350.1006369306,No,On,27.40234375,23.6019887769,123.6956,TRACTION,45.483456744653004,15.693672014263996,8.293646506892841,21.314622854443996,52.312060526872,32.003392694766,0.0,0.0,124.76388055498103,122.295655061988,251.36122254641703,27.40234375,23.60198877689999,1.0,45.75370671613901,18.997385620929,2.010157598382844,28.704011245039002,25.936870152300997,46.036744770933,0.0,0.0,184.43014577970698,193.20097890924097,452.852521108936,27.40234375,23.60198877689999,1.0
5,PARTIAL,LOCKED,1893.503,45.3600970333,47.75,47.75,39.5524520233,12.0,0.0,18.0392156863,25.8823529412,160.4618259381,174.0646672294,374.5286953146,No,On,27.40234375,23.6019887769,123.3392,TRACTION,45.469127164094004,16.152495543678995,4.677088772691756,21.90396371402,51.134916856499004,33.02976027176899,0.0,0.0,129.725444451085,126.287268368683,265.737632026748,27.40234375,23.60198877689999,1.0,45.846845210305,19.193464052299,2.010157598382844,29.24436418622,24.767005808984,47.25592118729901,0.0,0.0,190.23755140319,199.17083173749702,467.06065407375587,27.40234375,23.60198877689999,1.0
5,LOCKED,PARTIAL,1894.533,46.3667183647,53.0,53.0,53.3811416414,12.0,0.0,20.0,31.7647058824,219.9236505682,231.9863447649,508.5759160369,No,On,27.40234375,23.6019887769,122.0,TRACTION,45.86845728655151,19.244734931020204,2.0304622205887313,29.39715930871919,24.426986612610097,47.6121392173303,0.0,0.0,191.68584962032523,200.55602257249396,470.5442561298333,27.40234375,23.60198877689999,1.0,46.858600238875006,19.984313725492,-0.3565062388192416,31.996276490413006,14.765220421248,55.072012261891,0.0,0.0,234.922893674054,236.26067992377398,520.981920206583,27.40234375,23.60198877689999,1.0
5,PARTIAL,LOCKED,1894.563,46.6028394178,46.625,46.625,53.9286006416,12.0,0.0,20.0,31.7647058824,221.6104403409,231.9632959477,509.8086686377,No,On,27.40234375,23.6019887769,122.0,TRACTION,45.898294745023,19.291503267984,2.010157598382844,29.538481833280002,24.779977331161,47.954118327707,0.0,0.0,193.11808525735694,201.99596856123998,473.395771411321,27.40234375,23.60198877689999,1.0,46.87724137464102,19.972549019611,-0.3565062388192416,32.00804119629401,13.614025864797002,55.117950530481004,0.0,0.0,235.433924624136,236.451851274402,521.241717323318,27.40234375,23.60198877689999,1.0
5,LOCKED,PARTIAL,1898.532,49.0883241867,53.75,53.75,27.1048661348,12.0,0.0,11.7647058824,14.5058823529,117.0093545337,91.2565531969,160.235879357,No,On,27.40234375,23.6019887769,122.5652,TRACTION,48.90355882865102,15.228359222453001,-5.411868450969066,21.33456522123,10.22468555739,36.012662782575,0.0,0.0,150.45116485500398,146.56277199362202,223.042196556618,27.40234375,23.60198877689999,1.0,48.80485800481315,9.994058229366667,-2.472352145530955,13.400311031310105,26.788531021019192,21.920181368470708,0.0,0.0,79.27183441026364,69.42194485364747,122.46657406500708,27.40234375,23.60198877689999,1.0
5,PARTIAL,LOCKED,1898.653,49.0883241867,49.9044117647,49.9044117647,26.8664290852,12.0,0.0,10.9803921569,15.2941176471,106.823975271,83.6211086743,150.9952505767,No,On,27.40234375,23.6019887769,123.0008,TRACTION,48.97812337171502,14.573457261674001,-6.239755161204246,20.144197219725996,15.631656027029,34.369921326678,0.0,0.0,143.81134613499,137.054083995181,206.586986301116,27.40234375,23.60198877689999,1.0,48.726914411646014,9.756862745114,-1.619741913840467,13.173624484022998,32.389066607394,20.36274690192,0.0,0.0,72.749134632874,60.475969548059,114.03906295908901,27.40234375,23.60198877689999,1.0
5,LOCKED,PARTIAL,1899.443,48.4669529945,56.375,56.375,16.4527190733,12.0,0.0,9.4117647059,13.0549019608,59.8556557896,57.8769357139,93.620457369,No,On,27.40234375,23.6019887769,123.8,TRACTION,48.86134629501314,10.20796197268485,-2.4723521455309547,13.462913686899999,23.551132328513127,22.900885948412117,0.0,0.0,84.78818432078181,73.16272261318585,128.93084390989495,27.40234375,23.60198877689999,1.0,48.4669529945,9.4117647059,0.0,13.157776682646157,81.98584065217308,14.910672429442306,0.0,0.0,58.91335529112692,29.894779163696153,88.4263515118154,27.40234375,23.601988776900004,1.0
5,PARTIAL,OPEN,1904.032,47.5846059015,791.875,791.875,0.0,12.0,0.0,35.6862745098,42.1238594448,233.1919247087,312.2100577891,789.9352274948,No,On,27.40234375,23.6019887769,123.8,TRACTION,,,,,,,,,,,,,,,48.44287022011517,34.55964877533534,-1.4301761925622019,38.54852056804849,735.1136938589123,0.0,0.0,0.0,298.11799610988584,318.99686803864745,998.3480784915293,27.40234375,23.60198877689999,1.0
5,OPEN,PARTIAL,1924.344,45.9814682256,317.125,317.125,1.8401663757,12.0,0.0,17.6470588235,23.9215686275,131.8124176055,126.2420891634,303.8651584463,No,On,27.40234375,23.6019887769,123.8,TRACTION,45.981468225600004,17.6470588235,0.0,23.803028603001003,327.31145242568596,0.0,0.0,0.0,132.91474990039,130.40231901619998,300.66878273410805,27.40234375,23.60198877689999,1.0,46.179747549244006,17.6470588235,0.0,24.467697146215006,298.054919962876,21.197400881604004,0.0,0.0,133.897578483768,131.613988996143,310.87438502688497,27.40234375,23.60198877689999,1.0
5,PARTIAL,LOCKED,1926.875,47.22421061,48.375,48.375,40.8692000494,12.0,0.0,17.6470588235,26.2745098039,173.8657407407,173.4698590445,370.4937303887,No,On,27.40234375,23.6019887769,123.8,TRACTION,46.75099380401801,17.6470588235,0.0,26.541882352955998,95.180047491853,38.367445214694996,0.0,0.0,171.148600776255,171.957870206294,365.11088950178805,27.40234375,23.60198877689999,1.0,47.22421061000001,17.6470588235,0.0,26.274509803899996,26.256126926456005,42.382486212273996,0.0,0.0,175.88672584265,174.86998197879998,373.646214648767,27.40234375,23.60198877689999,1.0
5,LOCKED,PARTIAL,1929.913,48.4669529945,52.0,52.0,30.9746231811,12.0,0.0,14.5098039216,18.8235294118,140.52751568,121.6739623034,309.5161688993,No,On,27.40234375,23.6019887769,123.8,TRACTION,48.23658755738902,16.553660130705,-3.14379084962702,23.801962514292992,11.878011805651,39.53305223592801,0.0,0.0,164.33178499619703,165.05088097083,358.26384884187496,27.40234375,23.60198877689999,1.0,48.46695299450002,14.308898944195999,-0.23081493674646716,19.556024461277,24.61861792712,32.104167502019,0.0,0.0,121.20570173455398,114.656893797429,247.15313952545398,27.40234375,23.60198877689999,1.0
5,PARTIAL,LOCKED,1930.025,48.4669529945,49.6477272727,49.6477272727,31.3345514058,12.0,0.0,14.5098039216,19.0914385556,134.6235764195,116.1660385112,295.105439188,No,On,27.40234375,23.6019887769,123.8,TRACTION,48.304938388531006,16.208562091496,-3.14379084962702,22.983868940235997,16.689417551618998,38.163730095744,0.0,0.0,160.072826261902,158.786919220656,350.340670539885,27.40234375,23.60198877689999,1.0,48.46695299450002,14.265761689288002,-0.23081493674646716,19.594968355662004,19.561716391723,32.212095886957,0.0,0.0,118.69584883162399,113.953467815769,234.85970705675302,27.40234375,23.60198877689999,1.0
5,LOCKED,PARTIAL,1933.812,47.8455818023,58.0,58.0,17.0600646259,12.0,0.0,5.4901960784,9.0549019608,30.4477896341,29.3835243341,46.8983439234,No,On,27.40234375,23.6019887769,123.8,TRACTION,47.81436360635802,8.265761689287,-4.9602366797138915,10.465960089436999,5.576029053876,21.663148166956,0.0,0.0,46.959155672131004,56.45757571185901,86.019852751993,27.40234375,23.60198877689999,1.0,47.46331668155,5.4901960784,0.0,8.911519607837498,50.791465619187505,16.17206066916875,0.0,0.0,31.5183760480125,4.42256013084375,40.18387292456251,27.40234375,23.6019887769,1.0
5,PARTIAL,LOCKED,1933.912,47.22421061,40.5,40.5,15.7365952129,12.0,0.0,5.4901960784,9.2,31.6863567073,-10.2567236384,39.131208276,No,On,27.40234375,23.6019887769,123.8,TRACTION,47.79669717049901,7.755957767717,-4.960236679713892,9.860626756100002,11.74272266873,20.820887010900996,0.0,0.0,43.75076281006801,50.500678535181,78.25271710463801,27.40234375,23.60198877689999,1.0,47.22421061,5.4901960784,0.0,8.341176470583333,33.22708333333333,15.563203101733334,0.0,0.0,32.13843368901667,8.193045388033333,36.29419543503334,27.40234375,23.6019887769,1.0
5,LOCKED,OPEN,1939.983,39.7677563032,-224.3225806452,224.3225806452,0.0,12.0,550.0001375,0.0,5.8823529412,11.7345674427,16.1736842734,-13.182633974,No,On,27.40234375,23.6019887769,123.8,BRAKE,,,,,,,,,,,,,,,38.825907212093995,0.0,0.0,7.915122994654002,119.079788666477,0.0,247.50363930686996,600.00015,12.787376576823004,14.538264782816,-8.603301426905999,27.40234375,23.60198877689999,1.0
5,OPEN,PARTIAL,1974.624,51.5738089557,80.8830645161,80.8830645161,0.2153590743,12.0,0.0,6.6666666667,13.0798177857,89.2511841635,48.3103207777,97.3298359296,No,On,27.40234375,23.6019887769,123.8,TRACTION,51.44514118357675,11.079295219719189,-28.17360127076049,20.2865343571798,270.8139523554384,0.0,0.0,0.0,199.1153851576404,130.60038817703636,192.89733681099293,27.40234375,23.60198877689999,1.0,51.31543858397947,6.585146879285898,-0.3772552792831185,11.96976015349872,56.52024277871667,16.601862484878207,0.0,0.0,49.022074798891026,33.9551774367641,70.40767947351283,27.40234375,23.601988776900004,1.0
5,PARTIAL,LOCKED,1974.755,51.5738089557,46.375,46.375,10.0529286239,12.0,0.0,6.6666666667,11.7647058824,60.0212628098,45.5028261449,86.1813003656,No,On,27.40234375,23.6019887769,123.8,TRACTION,51.52673538053231,8.455497943520204,-18.98188004299283,17.145845773158584,195.30585474628282,0.8031190618565657,0.0,0.0,171.93003883542934,94.80304155347979,146.67377062508285,27.40234375,23.60198877689999,1.0,51.26376450963539,6.568842921803078,-0.45270633513974223,11.93788528778,55.48310414463385,18.54767564841692,0.0,0.0,44.045137211370765,31.24357583990769,66.19374622037384,27.40234375,23.6019887769,1.0
5,LOCKED,PARTIAL,1975.064,50.9524377635,52.25,52.25,18.6586963717,12.0,0.0,6.6666666667,13.5546495826,43.06922039,38.9064033744,62.2851251854,No,On,27.40234375,23.6019887769,123.8,TRACTION,51.558248523909064,6.535947712433336,0.044013115913630704,12.613507927297983,73.66203845560304,6.426955681797979,0.0,0.0,108.59178293590203,46.03134702892021,102.52880624984543,27.40234375,23.60198877689999,1.0,51.04466086585588,6.479650683808823,-0.8654679936495072,11.557259716735295,68.11870728496766,18.830391883091174,0.0,0.0,43.40954003335882,22.112430708811765,60.13674834365882,27.40234375,23.601988776900004,1.0
5,PARTIAL,LOCKED,1975.354,50.9524377635,44.25,44.25,18.7098689627,12.0,0.0,6.2745098039,9.2039215686,43.636707568,-4.9469347012,58.7026804603,No,On,27.40234375,23.6019887769,123.8,TRACTION,51.40956233728999,6.583473389376998,0.14147072971401897,12.749231472176,64.69513699090902,11.908836939959,0.0,0.0,69.0965358247,32.583183807954995,81.90452402387099,27.40234375,23.60198877689999,1.0,50.9524377635,6.2745098039,0.0,9.330980392139999,40.31733870968,17.11341398724,0.0,0.0,43.694239026720005,16.45334325506,58.339494684739996,27.40234375,23.6019887769,1.0
5,LOCKED,OPEN,1982.443,45.9814682256,206.25,206.25,0.0,12.0,0.0,23.6928104575,31.2341407151,139.7409520349,145.7607197509,363.8457145319,No,On,27.40234375,23.6019887769,123.8,TRACTION,,,,,,,,,,,,,,,46.49684783174201,24.29934640523399,0.5315345511602948,31.407432712363008,454.5307522043219,0.0,0.0,0.0,197.84294025697,196.431704095709,532.8724310448561,27.40234375,23.60198877689999,1.0
5,OPEN,PARTIAL,1986.504,49.709695379,520.875,520.875,1.9474826096,12.0,0.0,19.2156862745,29.431178412,120.4146325797,185.5706367582,324.9392120703,No,On,27.40234375,23.6019887769,123.8,TRACTION,49.47022848104598,22.813079077796004,-4.078731725763984,31.455578136020005,613.966788414814,0.0,0.0,0.0,192.907051961922,214.97709429889198,540.9785043616,27.40234375,23.60198877689999,1.0,49.7093850771505,2.576660811952525,-19.930109502333877,9.511848175125252,190.56961795867983,1.4475443249979798,0.0,0.0,64.26920188450202,59.977305284898996,95.54601572747272,27.40234375,23.60198877689999,1.0
5,PARTIAL,OPEN,1986.673,49.871251889,471.75,471.75,0.0,12.0,0.0,5.8823529412,16.0667831489,92.3902195208,140.9933321489,227.0720174568,No,On,27.40234375,23.6019887769,123.8,TRACTION,49.576110132213984,20.849493643620004,-18.617765676612233,29.961047350409004,591.908468981192,1.450511087539,0.0,0.0,172.838412300488,206.468900534932,484.410297157288,27.40234375,23.60198877689999,1.0,49.707227978536366,0.5846359522818182,-6.585332621498447,6.836640370806818,118.88100066891819,0.0023097958011363637,0.0,0.0,54.21547186435682,35.56871424540114,54.76146294727614,27.40234375,23.601988776899997,1.0
5,OPEN,PARTIAL,1986.683,49.9955261274,464.9140625,464.9140625,0.2032620305,12.0,0.0,5.4901960784,15.1737526694,90.7319702274,131.2860625714,221.2810591956,No,On,27.40234375,23.6019887769,123.8,TRACTION,49.58393940923698,20.66517991813,-18.974271915431476,29.79874876761,590.318146400547,1.450511087539,0.0,0.0,171.50564080839203,205.65715836989497,480.576364463344,27.40234375,23.60198877689999,1.0,49.70391420671033,0.5282502037057472,-6.210271085193423,6.740811493811496,114.90360915361839,0.0,0.0,0.0,53.795741998114934,34.46851483935517,52.84744459959427,27.40234375,23.601988776899997,1.0
5,PARTIAL,OPEN,1986.692,50.107372942,448.25,448.25,0.0,12.0,0.0,5.7616892911,12.9411764706,89.2395458633,133.3084104,216.0691967606,No,On,27.40234375,23.6019887769,123.8,TRACTION,49.593011428643976,20.476944624012,-19.366428778231832,29.627908154137003,588.67112035888,1.452543707844,0.0,0.0,170.156005181512,204.74258130479197,476.6863565382469,27.40234375,23.60198877689999,1.0,49.69922282606743,0.46739626082906977,-6.633249964348852,6.668714226639535,111.02748832982326,0.0,0.0,0.0,53.383604743868595,33.319213728184884,50.94951724888489,27.40234375,23.6019887769,1.0
5,PARTIAL,LOCKED,2086.302,47.8455818023,31.875,31.875,14.9660821984,12.0,0.0,2.7450980392,7.4509803922,9.7555541992,13.8709268719,6.3755013344,No,On,27.40234375,23.6019887769,125.6,TRACTION,48.251119312575014,2.717647058811001,0.3267973855786771,10.418388503005001,36.10608648511,15.118707460409,0.0,0.0,12.646668609329998,14.846745678923,16.007155467344,27.40234375,23.60198877689999,1.0,47.692184912548356,2.7450980392000006,0.0,6.25905789581978,46.32657582761538,8.340873235417583,0.0,0.0,13.613797922637362,14.581116043059337,3.7425931317285723,27.40234375,23.60198877689999,1.0
5,LOCKED,PARTIAL,2086.423,47.2889367759,-51.5,51.5,13.7151316573,0.0,0.0,2.7450980392,4.737254902,9.8491126264,9.9570890152,5.1798742713,No,On,27.40234375,23.6019887769,125.6,TRACTION,48.18352075005959,2.7450980392000006,0.0,9.911873618121213,33.77783551033636,14.675211907658584,0.0,0.0,11.766317039434343,14.341129322526262,11.00749343277677,27.40234375,23.60198877689999,1.0,47.69613369041141,2.7450980392000006,0.0,6.29348756171519,50.58182810660633,7.35089875266962,0.0,0.0,14.228171216484808,15.129903857765825,3.4405943117810134,27.40234375,23.601988776900004,1.0
5,PARTIAL,LOCKED,2086.431,47.3924986413,-43.5909090909,43.5909090909,13.925242139,0.0,0.0,2.7450980392,4.768627451,9.9368715378,10.7184434919,5.1008245482,No,On,27.40234375,23.6019887769,125.6,TRACTION,48.174574910318,2.7450980392000006,0.0,9.86012743096,33.955057155233,14.665611105154996,0.0,0.0,11.747144995304,14.297288919452999,10.949217241162,27.40234375,23.60198877689999,1.0,47.70002644745129,2.7450980392000006,0.0,6.313037050314102,50.67145527347436,7.2666122989987185,0.0,0.0,14.283187879032049,15.18646104194359,3.4193093087499995,27.40234375,23.601988776900004,1.0
5,LOCKED,PARTIAL,2086.442,47.5348962062,-54.5208333333,54.5208333333,13.7151316573,0.0,0.0,2.7450980392,4.8117647059,10.0575400409,12.9073376124,4.9921311788,No,On,27.40234375,23.6019887769,125.6,TRACTION,48.163830366785994,2.7450980392000006,0.0,9.813107823117,33.936680531856,14.626007143890996,0.0,0.0,11.703106270496,14.256960924516997,10.679753981701001,27.40234375,23.60198877689999,1.0,47.70217099603897,2.7450980392000006,0.0,6.332534093748051,50.62146335061948,7.182865294345456,0.0,0.0,14.338066422384413,15.216060047522076,3.3988830506974024,27.40234375,23.6019887769,1.0
5,PARTIAL,LOCKED,2086.802,47.8455818023,-43.375,43.375,10.4427175606,0.0,0.0,2.7450980392,7.0588235294,14.0066910525,13.9660961815,3.3561259929,No,On,27.40234375,23.6019887769,125.6,TRACTION,47.91068772623001,2.7450980392000006,0.0,7.980671644752002,57.11835909724199,13.674286170815002,0.0,0.0,11.205724652240999,14.135219156805999,6.631168970701001,27.40234375,23.60198877689999,1.0,47.58066963601463,2.7450980392,0.0,6.369013859778049,17.467935640448783,2.806074000507317,0.0,0.0,16.313038052487805,16.07586837454634,3.0502720588341465,27.40234375,23.6019887769,1.0
5,LOCKED,OPEN,2086.924,47.8455818023,21.125,21.125,0.0,0.0,0.0,2.7450980392,7.7876807289,15.3450144509,14.3824619109,3.1786455546,No,On,27.40234375,23.6019887769,125.6,TRACTION,47.85533987752525,2.7450980392000006,0.0,7.587786040576768,56.139659107470706,13.150283998367678,0.0,0.0,11.50555784961717,13.98116756449192,5.687993044430304,27.40234375,23.60198877689999,1.0,47.471050808586206,2.7450980392000006,0.0,5.9178819978,16.764328418003448,0.13957335891034484,0.0,0.0,16.970067395862067,16.978509497472412,2.963140760096551,27.40234375,23.601988776900008,1.0
5,OPEN,LOCKED,2086.932,47.8455818023,17.625,17.625,4.0476274084,0.0,0.0,2.7450980392,7.7243018419,15.4327733622,14.3824619109,3.1670074931,No,On,27.40234375,23.6019887769,125.6,TRACTION,47.849063400836364,2.7450980392000006,0.0,7.570780973066667,55.96352274383433,13.004997722982829,0.0,0.0,11.542289279370706,13.978373768471718,5.618671966732324,27.40234375,23.60198877689999,1.0,47.45767470166786,2.7450980392000006,0.0,5.8533670033678575,16.733590147217857,0.0,0.0,0.0,17.024970754207143,17.071225482707142,2.9558598053464284,27.40234375,23.601988776900008,1.0
5,LOCKED,OPEN,2086.943,47.8455818023,21.3571428571,21.3571428571,0.0,0.0,0.0,2.7450980392,7.6371558724,15.5534418654,14.3824619109,3.1510051585,No,On,27.40234375,23.6019887769,125.6,TRACTION,47.849028584851006,2.7450980392000006,0.0,7.572316181755001,55.580137516395986,12.915424019837001,0.0,0.0,11.581194120198997,13.982414649896,5.594155321996001,27.40234375,23.60198877689999,1.0,47.44330777201482,2.7450980392,0.0,5.787300748959258,16.562347454259257,0.0,0.0,0.0,17.07947182416296,17.170809318699998,2.948632199674074,27.40234375,23.601988776900004,1.0
5,OPEN,PARTIAL,2091.351,45.9814682256,367.0454545455,367.0454545455,0.6093924562,0.0,0.0,17.5163398693,24.6745098039,127.4528825701,136.0802165417,279.2970844397,No,On,27.40234375,23.6019887769,123.8,TRACTION,45.981468225600004,18.019607843160998,-0.7486631016015909,24.51976760421899,272.33801253557505,0.0,0.0,0.0,114.59813950661999,129.431483279126,288.520778166977,27.40234375,23.60198877689999,1.0,46.14606813657501,16.379084967302006,-1.2845651081507037,22.928027955736,303.630712838713,20.181801207717,0.0,0.0,128.504313113913,125.14021850359302,271.630479112417,27.40234375,23.60198877689999,1.0
5,PARTIAL,LOCKED,2094.422,46.6028394178,49.25,49.25,32.8079909125,12.0,0.0,15.6862745098,21.1764705882,127.65625,127.2056784229,264.372732333,No,On,27.40234375,23.6019887769,123.9401197605,TRACTION,46.602839417800006,15.847058823507005,-0.3921568627092718,21.271156177763004,71.492677952885,31.781136798139997,0.0,0.0,129.676768451987,128.281645443118,271.53434257807703,27.40234375,23.60198877689999,1.0,46.602839417800006,15.686274509800006,0.0,21.230503387374007,38.435664434798994,33.589505647641,0.0,0.0,130.03041627809,126.42212275990897,263.570354107106,27.40234375,23.60198877689999,1.0
5,LOCKED,PARTIAL,2094.431,46.6028394178,50.2575757576,50.2575757576,32.8419841337,12.0,0.0,15.6862745098,21.1764705882,127.6910237389,127.0629244586,264.2383586621,No,On,27.40234375,23.6019887769,123.9724550898,TRACTION,46.602839417800006,15.843137254880002,-0.3921568627092718,21.259687439324008,70.977677952885,31.80425297002699,0.0,0.0,129.63804401582502,128.240726357548,271.42447193081296,27.40234375,23.60198877689999,1.0,46.602839417800006,15.686274509800004,0.0,21.231049173224246,38.31625118911414,33.59705637000405,0.0,0.0,130.05404650575858,126.41565001547777,263.5636065863485,27.40234375,23.60198877689999,1.0
5,PARTIAL,LOCKED,2094.442,46.6028394178,49.5775862069,49.5775862069,32.8403654089,12.0,0.0,15.6862745098,21.1764705882,127.6659956544,126.4919086011,264.0741241754,No,On,27.40234375,23.6019887769,124.0119760479,TRACTION,46.602839417800006,15.839215686253006,-0.3921568627092718,21.248514668328006,70.466467996175,31.82745900905,0.0,0.0,129.599406528189,128.199327707879,271.31271566444497,27.40234375,23.60198877689999,1.0,46.602839417800006,15.686274509800006,0.0,21.221068326221,37.948013335987,33.635923840870994,0.0,0.0,130.124938777994,126.51312841219799,263.59821929427306,27.40234375,23.60198877689999,1.0
5,LOCKED,PARTIAL,2094.451,46.6028394178,51.625,51.625,32.8302875415,12.0,0.0,15.6862745098,21.1764705882,127.7098510992,126.5870779106,263.9397505045,No,On,27.40234375,23.6019887769,124.0443113772,TRACTION,46.602839417800006,15.835294117626004,-0.3921568627092718,21.237748852567005,69.952868858244,31.850661364079002,0.0,0.0,129.56094377207202,128.155073978923,271.19857196491597,27.40234375,23.60198877689999,1.0,46.602839417800006,15.686274509800006,0.0,21.215787798169,37.675513335987006,33.658904720494,0.0,0.0,130.17175148718098,126.55785798770299,263.61495464895705,27.40234375,23.60198877689999,1.0
5,PARTIAL,LOCKED,2094.482,46.6028394178,49.0,49.0,32.8087463174,12.0,0.0,15.6862745098,21.1764705882,127.8609087423,125.5283193415,263.4769078602,No,On,27.40234375,23.6019887769,124.1556886228,TRACTION,46.602839417800006,15.820954644464651,-0.39611804314067856,21.198569172480813,68.11831385019394,31.930845048125246,0.0,0.0,129.431496564299,127.97145586062729,270.7935271572485,27.40234375,23.60198877689999,1.0,46.602839417800006,15.686274509800006,0.0,21.197422432221998,36.894837420039,33.72619506340799,0.0,0.0,130.30846526478,126.69139783256101,263.677575510417,27.40234375,23.60198877689999,1.0
5,LOCKED,PARTIAL,2108.664,47.22421061,52.1515151515,52.1515151515,24.01307047,12.0,0.0,12.9411764706,18.0392156863,78.2827749625,83.713303943,162.2205448263,No,On,27.40234375,23.6019887769,124.808,TRACTION,47.22421061000001,11.45065537224243,2.883573590641594,15.703555108932322,10.099880562133334,25.31867617202222,0.0,0.0,71.93557608271111,70.56832121003131,151.2889409774626,27.40234375,23.60198877689999,1.0,47.161582816544005,12.317482517495998,-0.7899290251655497,16.542372548525,60.407559613749,24.872279450106998,0.0,0.0,84.65607126831101,85.45398194345498,154.927460119875,27.40234375,23.60198877689999,1.0
5,PARTIAL,LOCKED,2109.583,47.0502266762,46.125,46.125,24.3028869618,12.0,0.0,10.9803921569,13.4885620915,86.1976743272,67.8445425494,151.8920230315,No,On,27.40234375,23.6019887769,125.6,TRACTION,47.19247637773401,12.461072261086,-1.6037230742319295,16.78717821782,61.191396473851995,24.83573456798,0.0,0.0,83.90437095345901,86.86843866620801,155.864405979722,27.40234375,23.60198877689999,1.0,47.19505688814801,12.244645550512995,1.8097479861129937,16.948417963849,47.43899359188099,25.040617099568998,0.0,0.0,83.55949112917898,81.10603437319101,159.49550536530097,27.40234375,23.60198877689999,1.0
5,LOCKED,PARTIAL,2109.922,47.22421061,57.25,57.25,24.4640400106,12.0,0.0,12.1568627451,17.2156862745,84.1260846328,82.7214100181,157.0651313475,No,On,27.40234375,23.6019887769,125.6,TRACTION,47.1609502125697,12.113123556984846,-0.23202518743704673,16.658083017150506,51.85951555507071,25.071001092953537,0.0,0.0,85.83540146081413,82.65410099556162,153.61267573452625,27.40234375,23.60198877689999,1.0,47.22421061000001,12.439215686243998,0.43572984744374027,16.579612890698005,50.270276930857,25.694531278054,0.0,0.0,82.92700966844198,85.775194688009,163.58631137690602,27.40234375,23.60198877689999,1.0
5,PARTIAL,LOCKED,2110.511,47.22421061,46.875,46.875,25.8450460981,12.0,0.0,12.5490196078,16.862745098,82.6391844247,86.5713572714,165.4633020828,No,On,27.40234375,23.6019887769,125.6,TRACTION,47.19306850033301,12.107390648557999,3.378375437132255,16.544815912467,48.163738631563,24.895161202498002,0.0,0.0,83.854271928397,79.90891724687,158.35294863203896,27.40234375,23.60198877689999,1.0,47.22421061000001,12.5490196078,0.0,16.72117815862121,31.327596638544446,26.982314053619188,0.0,0.0,83.87782063577372,85.9175524036414,167.71906382716165,27.40234375,23.60198877689999,1.0
5,LOCKED,PARTIAL,2124.521,45.9814682256,52.0,52.0,25.7895238367,12.0,0.0,15.6862745098,20.0,111.0875166223,119.8538492576,247.2225799941,No,On,27.40234375,23.6019887769,123.8,TRACTION,45.888486712429994,14.576470588220005,1.4379084967235685,18.981215803936998,18.789947978705,29.748451769352002,0.0,0.0,106.239346020753,105.568231804904,224.30304006153295,27.40234375,23.60198877689999,1.0,45.73273425731901,15.686274509800006,0.0,20.455294117631,76.780787872348,30.168497292353,0.0,0.0,116.70457998906002,119.540667830295,249.83058575206297,27.40234375,23.60198877689999,1.0
5,PARTIAL,LOCKED,2125.422,45.3727780781,47.875,47.875,32.8747570855,12.0,0.0,15.6862745098,20.3921568627,120.5623766041,121.0178145244,251.8697373123,No,On,27.40234375,23.6019887769,123.8,TRACTION,45.718258357014,15.686274509800006,0.0,20.469349640836,76.009370800929,29.412984960546005,0.0,0.0,115.58248145382,119.33249852901001,249.14679762836298,27.40234375,23.60198877689999,1.0,45.814627130459,15.686274509800006,0.0,20.093882352932,27.793091403753,33.463868407665,0.0,0.0,122.24484407523799,121.98176932687798,251.27269531967903,27.40234375,23.60198877689999,1.0
5,LOCKED,PARTIAL,2132.081,45.4941182709,62.5,62.5,24.4479247057,12.0,0.0,12.9411764706,16.6211130917,104.9945977394,83.1433695549,215.0737086773,No,On,27.40234375,23.6019887769,123.8,TRACTION,45.961422228992,14.130065359467004,-2.3914413053348627,17.576069371663994,12.784161440781002,30.251475061894,0.0,0.0,110.927474174183,108.578268771568,229.69725388110302,27.40234375,23.60198877689999,1.0,46.00685121154849,13.713606654804043,0.8552548659907425,18.077101526355552,70.1116958856495,25.744575821924247,0.0,0.0,100.86799386756768,95.84963848221213,199.7023719209182,27.40234375,23.60198877689999,1.0
5,PARTIAL,LOCKED,2133.231,45.9814682256,46.875,46.875,28.4444610679,12.0,0.0,13.7254901961,18.431372549,100.7352469657,95.9848121163,196.3287182675,No,On,27.40234375,23.6019887769,123.8,TRACTION,45.981468225600004,13.725490196100003,0.0,18.093049465340997,67.92274961630001,26.145938901143005,0.0,0.0,100.398510767475,97.05973660032298,197.40419037722896,27.40234375,23.60198877689999,1.0,45.981468225600004,13.725490196100003,0.0,17.945412929522,30.921514414494,29.52997663044,0.0,0.0,100.350590981296,98.74139087928401,198.129898680792,27.40234375,23.60198877689999,1.0
5,LOCKED,OPEN,2160.303,39.146385111,-313.25,313.25,0.0,12.0,1500.0003750001,0.0,7.0588235294,13.8352272727,17.9808711847,3.9805727117,No,On,27.40234375,23.6019887769,123.8,BRAKE,,,,,,,,,,,,,,,38.768776323900006,0.0,0.0,7.370489205809675,190.99226722426772,0.0,1500.0003750000994,1500.0003750001,12.0087467416,15.297216354290322,1.9372468183903222,27.40234375,23.60198877690001,1.0
5,OPEN,PARTIAL,2252.931,45.9814682256,434.125,434.125,2.4221928394,12.0,0.0,12.1568627451,24.7408270239,119.9563944458,156.4940334475,334.1372154193,No,On,27.40234375,23.6019887769,129.2,TRACTION,45.950347362014135,19.465373538463638,-8.808934586381715,27.33808428453838,491.0210230235727,0.0,0.0,0.0,154.25363836104646,163.16909374495455,383.9593931054918,27.40234375,23.60198877689999,1.0,46.46977308971201,16.442959001751003,4.503862150848807,23.335189973903994,304.32734826358495,22.189759208086002,0.0,0.0,119.00848158206001,128.494714415037,307.43324731703694,27.40234375,23.60198877689999,1.0
5,PARTIAL,LOCKED,2254.431,46.6028394178,49.75,49.75,38.9277419681,12.0,0.0,16.862745098,23.9215686275,153.5537008698,158.1148857513,354.1219348186,No,On,27.40234375,23.6019887769,129.3296,TRACTION,46.524546647582014,16.862745098,0.0,24.528470588245,182.448549604937,31.993844110311997,0.0,0.0,137.446235868103,143.70507963932602,317.667246463041,27.40234375,23.60198877689999,1.0,47.02812074189801,18.267661423543004,0.12485789461635732,27.154604476143003,21.943651967107,47.23940379004801,0.0,0.0,162.388935935054,197.50472891935698,436.348532718776,27.40234375,23.60198877689999,1.0
5,LOCKED,PARTIAL,2254.441,46.6028394178,51.5984848485,51.5984848485,39.1511259933,12.0,0.0,16.862745098,23.9215686275,153.7246496456,158.4212119665,355.7871600507,No,On,27.40234375,23.6019887769,129.3656,TRACTION,46.530760359504,16.862745098,0.0,24.524549019617996,180.173549604937,32.159909611794,0.0,0.0,137.82493333353196,144.02278453512702,318.251417103132,27.40234375,23.60198877689999,1.0,47.03433445382001,18.287269266681005,0.12485789461635705,27.201663299672,21.503917118622002,47.30312974877301,0.0,0.0,162.572039640712,198.03684432157,437.71444883018796,27.40234375,23.60198877689999,1.0
5,PARTIAL,LOCKED,2254.451,46.6028394178,49.3083333333,49.3083333333,39.1219889465,12.0,0.0,16.862745098,23.9215686275,153.8955984214,159.3134242439,357.4523852829,No,On,27.40234375,23.6019887769,129.4016,TRACTION,46.536974071426,16.862745098,0.0,24.520627450991004,177.93339808978598,32.322805127909,0.0,0.0,138.200708876462,144.33965744297902,318.847999391811,27.40234375,23.60198877689999,1.0,47.040548165742,18.306877109819006,0.12485789461635732,27.248722123200995,21.087151352857,47.367389886689004,0.0,0.0,162.75572766302804,198.53838658307802,439.058131751865,27.40234375,23.60198877689999,1.0
5,LOCKED,PARTIAL,2255.062,47.22421061,54.0,54.0,44.1277335807,12.0,0.0,16.862745098,20.7450980392,164.3405686211,184.0217562447,459.1976469663,No,On,27.40234375,23.6019887769,131.0,TRACTION,46.823104799716,17.503433168116004,-2.3824078970274263,25.615545652620007,45.452444663905,43.02724786772801,0.0,0.0,155.593399909954,183.99712485049204,378.72565756455896,27.40234375,23.60198877689999,1.0,47.22429833299901,18.467973856224003,2.771636497227638,27.435215686271,12.683638084340002,46.870846622452,0.0,0.0,174.67204862446502,193.82293937891998,479.90831854134603,27.40234375,23.60198877689999,1.0
5,PARTIAL,LOCKED,2255.171,47.22421061,45.4053030303,45.4053030303,49.6003184532,12.0,0.0,19.2156862745,27.4196078431,166.4256257774,162.263672841,477.3486019965,No,On,27.40234375,23.6019887769,131.0,TRACTION,46.860350520004,17.640210443132002,0.5513921446333464,25.582369182028998,39.815094765549,44.040047315243,0.0,0.0,157.58182061061697,186.16570276319896,394.4391402279419,27.40234375,23.60198877689999,1.0,47.30076354089102,18.523353443961003,0.22999331827614009,27.919529411757004,6.862611709494001,46.79139388510101,0.0,0.0,176.995941665598,195.86469045734802,478.6718969766239,27.40234375,23.60198877689999,1.0
5,LOCKED,PARTIAL,2257.271,48.4669529945,50.625,50.625,48.5308555301,12.0,0.0,20.0,31.3725490196,226.2853977878,233.3391330339,507.3784898018,No,On,27.40234375,23.6019887769,129.2,TRACTION,48.00872219962402,19.323680241344,1.2241571064537253,30.09532418252601,27.946146835908003,46.67500108517701,0.0,0.0,211.54423600076498,210.918577635397,479.4557509594329,27.40234375,23.60198877689999,1.0,48.76061301993602,19.796078431395998,-0.3565062388192416,31.333019607838004,36.68238371155999,51.061205083085,0.0,0.0,229.17600207638003,231.51748821427904,505.77992406110803,27.40234375,23.60198877689999,1.0
5,PARTIAL,LOCKED,2257.522,48.4669529945,42.125,42.125,51.1415951233,12.0,0.0,20.0,31.3725490196,228.5275144923,231.0349849667,506.9944066079,No,On,27.40234375,23.6019887769,129.2,TRACTION,48.167281999647486,19.62582080229899,1.2365223297512378,30.7003670689091,38.87780474507475,47.606301988755554,0.0,0.0,219.2777745644808,218.4314316074,492.32023546527887,27.40234375,23.60198877689999,1.0,48.930412208991996,19.698039215721,-0.3565062388192416,31.234980392162996,24.966777858228003,51.44845998268099,0.0,0.0,226.75287661001698,230.79340047619698,492.920083598576,27.40234375,23.60198877689999,1.0
5,LOCKED,PARTIAL,2259.19,49.709695379,62.75,62.75,31.119660925,12.0,0.0,15.6862745098,20.5960784314,175.8704058072,146.6273552763,270.472739591,No,On,27.40234375,23.6019887769,129.2,TRACTION,49.512885564623986,18.175210084056,-3.8930858539723636,28.108226626605003,14.878723286147999,46.31197377849,0.0,0.0,205.58242563041097,214.82398448489795,387.51696194628704,27.40234375,23.60198877689999,1.0,49.678626819384974,13.270122034802002,-2.5490957844495687,18.857178839224,57.127462532676,27.827353917342002,0.0,0.0,128.50935989952504,107.51230116628,233.43327427479798,27.40234375,23.60198877689999,1.0
5,PARTIAL,LOCKED,2259.53,49.0883241867,48.75,48.75,27.1945769807,12.0,0.0,12.5490196078,17.2707466825,142.6874446483,102.434366732,245.5242270954,No,On,27.40234375,23.6019887769,129.686,TRACTION,49.695528115814994,16.079419600009995,-7.324534579642797,23.857757591457002,33.800733597337,38.804994122595005,0.0,0.0,185.22458140091499,179.494391886273,316.69396763692805,27.40234375,23.60198877689999,1.0,49.69889983909392,13.263250910277781,0.8912655971927934,19.117485834306063,48.01455756506364,27.693993546552523,0.0,0.0,107.93145365918788,99.3539070479808,214.37257323397273,27.40234375,23.60198877689999,1.0
5,LOCKED,PARTIAL,2259.811,49.709695379,53.625,53.625,26.5781665692,12.0,0.0,13.3333333333,19.6078431373,115.2627032199,101.3931025212,224.9050152976,No,On,27.40234375,23.6019887769,130.6976,TRACTION,49.678626819384974,14.337162184208005,-5.175924293648985,20.498548079956993,41.98177263957601,32.088724754258,0.0,0.0,163.402737017011,142.905756823353,272.774799861376,27.40234375,23.60198877689999,1.0,49.709695378999974,13.333333333300004,0.0,19.012071091537997,44.263472257828,28.610512222540006,0.0,0.0,99.33969797201898,100.97414827879601,205.003000280751,27.40234375,23.60198877689999,1.0
5,PARTIAL,LOCKED,2260.171,49.709695379,49.6215277778,49.6215277778,28.1610079154,12.0,0.0,13.3333333333,19.2156862745,97.7303285256,97.7269847792,200.6814598418,No,On,27.40234375,23.6019887769,131.0,TRACTION,49.678626819384974,13.340710270097004,-2.5490957844495687,18.894198447068003,57.163573643788,27.910707488899998,0.0,0.0,130.88067441854602,109.00384390559499,235.546912948708,27.40234375,23.60198877689999,1.0,49.709695378999974,13.333333333300004,0.0,18.935927741792,29.070817211961,29.464013050012994,0.0,0.0,97.28133811659302,100.94535902323301,201.72925439979204,27.40234375,23.60198877689999,1.0
5,LOCKED,PARTIAL,2262.19,49.0883241867,60.0,60.0,16.5071082273,12.0,0.0,9.8039215686,18.1013395457,62.4183659304,74.5859723457,108.4711465323,No,On,27.40234375,23.6019887769,129.2,TRACTION,49.658338440769,11.509282873981997,-4.0631669775233314,16.414753671452,14.206402767457002,25.011749233853003,0.0,0.0,72.712151906316,86.292580185934,152.28686235332196,27.40234375,23.60198877689999,1.0,49.0883241867,9.8039215686,0.0,15.80550886461333,88.24114352866333,14.585153854063334,0.0,0.0,63.86240591065666,37.84365661133333,105.40374714559331,27.40234375,23.601988776900008,1.0
5,PARTIAL,OPEN,2295.111,45.9814682256,240.810483871,240.810483871,0.0,12.0,0.0,16.862745098,21.1764705882,122.8299359435,121.3289735561,252.1785695954,No,On,27.40234375,23.6019887769,129.2,TRACTION,,,,,,,,,,,,,,,46.012076083958,16.483333333326,-2.8835271483031994,21.298501292709005,255.993369782834,9.1135856663,0.0,0.0,116.72912145184603,119.13404379509099,245.24982189038002,27.40234375,23.60198877689999,1.0
5,OPEN,PARTIAL,2295.561,45.9814682256,255.375,255.375,1.5651989862,12.0,0.0,17.2549019608,23.0492196879,117.1052592193,119.1285798108,246.2124803085,No,On,27.40234375,23.6019887769,129.2,TRACTION,45.98146822560001,17.05647729176,18.33654121241862,21.91275591422889,239.7637523114222,0.0,0.0,0.0,120.02611649904445,119.23983934110446,249.25651164242666,27.40234375,23.601988776900004,1.0,45.921852643053,15.390206851968001,-2.621523356900897,20.38917509759,237.99255862716,20.039319582079,0.0,0.0,112.70661287453902,111.84886799254599,234.31349546491302,27.40234375,23.60198877689999,1.0
5,PARTIAL,LOCKED,2297.81,45.9814682256,49.75,49.75,31.326533957,12.0,0.0,14.9019607843,19.1333333333,106.5836902751,105.5189720014,237.9499026145,No,On,27.40234375,23.6019887769,129.2,TRACTION,45.857675996985,14.200904977377,1.1697670520823644,18.475406152378003,87.10803158850402,27.592184189767995,0.0,0.0,107.45777654595999,102.193675207512,212.833508625885,27.40234375,23.60198877689999,1.0,46.01249202858,15.749924585205003,1.2289018170592134,21.208428720612996,30.546786296383,34.054909343361004,0.0,0.0,117.14620988176003,121.12343863043097,203.00307887691298,27.40234375,23.60198877689999,1.0
5,LOCKED,PARTIAL,2297.821,45.9814682256,50.1209677419,50.1209677419,31.5275795797,12.0,0.0,14.9019607843,19.2156862745,106.5646114865,105.4713873466,238.5414056584,No,On,27.40234375,23.6019887769,129.2,TRACTION,45.85767599698501,14.212669683259001,1.1697670520823644,18.502033603357997,86.214281588504,27.657156566604996,0.0,0.0,107.440050374034,102.111948562906,213.17710243696803,27.40234375,23.60198877689999,1.0,46.01249202858,15.757767722460002,0.8723955782399717,21.228036563749995,30.351599346237,34.090080996256,0.0,0.0,117.368347857804,121.38158538267899,201.967627963897,27.40234375,23.60198877689999,1.0
5,PARTIAL,LOCKED,2297.831,45.9814682256,49.5390625,49.5390625,31.5100973516,12.0,0.0,14.9019607843,19.2156862745,106.5472671332,105.4713873466,239.0791356982,No,On,27.40234375,23.6019887769,129.2,TRACTION,45.85767599698501,14.224434389140999,1.1697670520823646,18.522196011756,85.31781269449401,27.727862466754996,0.0,0.0,107.422723365106,102.053300475874,213.53204440956904,27.40234375,23.60198877689999,1.0,46.01249202858,15.765610859715007,0.8723955782399717,21.247682853639002,30.15679205457,34.125393897879995,0.0,0.0,117.59296751601701,121.61760527044798,200.91251228897,27.40234375,23.60198877689999,1.0
5,LOCKED,OPEN,2300.881,40.3891274954,-313.8467741935,313.8467741935,0.0,12.0,1950.0004875001,0.0,5.4901960784,17.0700082749,20.3321299151,-14.6156168878,No,On,27.40234375,23.6019887769,127.4,BRAKE,,,,,,,,,,,,,,,39.339176141745455,0.0,0.0,6.661102288485456,143.4558177565491,0.0,1978.5823128273723,2100.0005250001,10.64329001167818,4.348351240176362,-18.242342042060002,27.40234375,23.601988776900008,1.0
5,PARTIAL,LOCKED,2406.811,47.8455818023,43.2177419355,43.2177419355,7.3940921703,12.0,0.0,7.0588235294,8.8392156863,31.8108258929,44.2537289566,50.1170033882,No,On,27.40234375,23.6019887769,136.4,TRACTION,48.100929677492005,5.487320261446,3.1075932056045463,11.675331019374003,50.72283798154801,9.722307213156002,0.0,0.0,20.846637636307,26.456863666667005,46.276405910807,27.40234375,23.60198877689999,1.0,47.80700836984284,7.0588235294,0.0,10.014655842971427,27.891949905246758,0.6643220791337663,0.0,0.0,41.597303762777926,30.057871435240255,56.186670700355855,27.40234375,23.6019887769,1.0
5,LOCKED,OPEN,2406.891,47.8455818023,11.1653225806,11.1653225806,0.0,12.0,0.0,7.0588235294,8.8332362648,33.7751116071,42.8707999267,51.1096103928,No,On,27.40234375,23.6019887769,136.4,TRACTION,48.04702065875859,5.756651482144445,3.138983035964188,11.464715966544448,51.65264976142021,9.524918276142424,0.0,0.0,22.224400170088888,28.87118777421717,46.51014223631616,27.40234375,23.60198877689999,1.0,47.80253608781882,7.058823529400001,0.0,10.165240752549275,29.103806196856524,0.003589497694202899,0.0,0.0,42.60528566902174,28.52645680906232,56.8263842848029,27.40234375,23.601988776900004,1.0
5,OPEN,LOCKED,2406.901,47.8455818023,9.4453125,9.4453125,0.2476753409,12.0,0.0,7.0588235294,8.872063677,34.0206473214,43.1473857327,51.2336862684,No,On,27.40234375,23.6019887769,136.4,TRACTION,48.04500627019401,5.769673202617001,3.1075932056045463,11.438401169527003,51.24777648961201,9.429669093381,0.0,0.0,22.339907284459,29.011183895741997,46.556136917881005,27.40234375,23.60198877689999,1.0,47.80190306260587,7.058823529400001,0.0,10.184258062483824,29.39290169239853,0.0,0.0,0.0,42.731530350604416,28.311443148420587,56.908629843867644,27.40234375,23.601988776900004,1.0
5,LOCKED,OPEN,2406.912,47.8455818023,3.75,3.75,0.0,12.0,0.0,7.0588235294,8.9147738303,34.2907366071,43.112812507,51.3701697315,No,On,27.40234375,23.6019887769,136.4,TRACTION,48.03808874962426,5.820030369051515,3.138983035964188,11.419142781775756,51.55764477200909,9.33094295760404,0.0,0.0,22.588215527573738,29.43460330491414,46.59471958278989,27.40234375,23.60198877689999,1.0,47.801251141117895,7.058823529400001,0.0,10.203205588337312,29.77563156840448,0.0,0.0,0.0,42.85751234677612,28.090527187844778,56.991293427634325,27.40234375,23.601988776900004,1.0
5,OPEN,PARTIAL,2424.851,45.9814682256,204.375,204.375,2.8919824338,12.0,0.0,16.0784313725,19.6854979616,112.2558788673,102.6163080591,216.9748983634,No,On,27.40234375,23.6019887769,136.4,TRACTION,45.981468225600004,16.1696306429186,19.068938357562043,19.99214589326977,210.9415541385395,0.0,0.0,0.0,109.42937841598373,110.88827032830699,221.80069229850923,27.40234375,23.601988776900004,1.0,45.9814682256,16.292335115845457,0.4401311591463145,22.341830154726267,218.8455204486616,21.753663068627276,0.0,0.0,127.55601324287072,116.57657119403032,260.59808872206366,27.40234375,23.60198877689999,1.0
5,PARTIAL,LOCKED,2427.57,46.6028394178,48.5,48.5,37.6763867458,12.0,0.0,16.862745098,23.9215686275,155.9418773346,157.065049305,331.5693621411,No,On,27.40234375,23.6019887769,137.6143712575,TRACTION,46.41070215937001,16.862745098,0.0,24.144903902174004,78.062565537145,35.154280262496,0.0,0.0,152.271977911182,152.80366017750399,328.618939554966,27.40234375,23.60198877689999,1.0,46.602839417800006,16.862745098,0.0,23.921568627500005,31.879340293779002,38.511442830844,0.0,0.0,155.94836164012702,155.01858417902102,333.43116001556103,27.40234375,23.60198877689999,1.0
5,LOCKED,PARTIAL,2431.071,47.5100413585,51.75,51.75,34.0680794163,12.0,0.0,16.4705882353,23.137254902,150.8461474868,142.6706912304,289.6199120857,No,On,27.40234375,23.6019887769,138.2,TRACTION,47.314137677438374,16.589227765671723,-0.4609175732037589,22.912544979991928,10.813867432971715,37.88214752836969,0.0,0.0,153.83114067931515,150.3440491216677,289.9641732121313,27.40234375,23.60198877689999,1.0,47.57458966645599,16.470588235300003,0.0,23.176509803952005,33.491626092071,36.761371968019006,0.0,0.0,149.30942346643798,147.61850173669703,308.17994905896705,27.40234375,23.60198877689999,1.0
5,PARTIAL,LOCKED,2431.08,47.3981945439,49.2421875,49.2421875,34.1382589698,12.0,0.0,16.4705882353,23.137254902,150.7916459987,142.8848221769,290.0140468593,No,On,27.40234375,23.6019887769,138.2,TRACTION,47.316096714248985,16.588041370368003,-0.4563083974717213,22.91479207921201,11.223228758642,37.844006847249,0.0,0.0,153.80129074739,150.267315542755,289.96073060086695,27.40234375,23.60198877689999,1.0,47.577288192775995,16.470588235300003,0.0,23.176509803952005,33.184002604168,36.795455837835,0.0,0.0,149.302161104028,147.672153434975,308.44293606281803,27.40234375,23.60198877689999,1.0
5,LOCKED,PARTIAL,2431.09,47.22421061,51.814516129,51.814516129,34.1347499921,12.0,0.0,16.4705882353,23.137254902,150.7310887897,143.4558380344,290.4519743854,No,On,27.40234375,23.6019887769,138.2,TRACTION,47.317836553587995,16.584119801741004,-0.4563083974717212,22.90843913803601,11.626215149771001,37.780008942754,0.0,0.0,153.742515065167,150.115936859697,289.70389654512906,27.40234375,23.60198877689999,1.0,47.583501904699,16.470588235300003,0.0,23.176509803952005,32.848123067878,36.829777013513,0.0,0.0,149.295819205289,147.72009497467798,308.70169745018904,27.40234375,23.60198877689999,1.0
5,PARTIAL,LOCKED,2431.221,47.22421061,46.25,46.25,35.3093802688,12.0,0.0,16.4705882353,23.137254902,149.9377893519,145.2997434076,296.1888249777,No,On,27.40234375,23.6019887769,138.2,TRACTION,47.317836553588,16.533139409590003,-0.4563083974717212,22.862203843924007,17.443102750576998,37.043902368202005,0.0,0.0,152.97482495111402,148.44389387642798,287.381873749134,27.40234375,23.60198877689999,1.0,47.66428015969801,16.470588235300003,0.0,23.17650980395201,28.227781586023003,37.192497994957996,0.0,0.0,149.298059600579,148.275567750803,311.67730742911897,27.40234375,23.60198877689999,1.0
5,LOCKED,PARTIAL,2436.98,47.6680471759,61.125,61.125,27.585698985,12.0,0.0,14.1176470588,18.6389850058,122.966563666,113.4897415695,259.9002018849,No,On,27.40234375,23.6019887769,136.4,TRACTION,47.567040118364005,15.795083674494999,-2.51687038457122,21.461941630850003,20.284489764448,34.695237588202005,0.0,0.0,138.70605399100702,140.402132467031,294.98900365059103,27.40234375,23.60198877689999,1.0,47.33796455619801,14.22605042016,0.07512095749669054,19.227430065891,39.210847598972,30.39512899035,0.0,0.0,112.3550809286,108.93760422529502,226.62183755774402,27.40234375,23.60198877689999,1.0
5,PARTIAL,LOCKED,2437.321,47.8455818023,45.875,45.875,30.9737459366,12.0,0.0,14.5098039216,20.0,111.7084531904,111.0268957936,229.0547961515,No,On,27.40234375,23.6019887769,136.4,TRACTION,47.503760712524254,15.06336437709091,-2.047145763696594,20.301856776849494,36.72593116372425,32.007252462541416,0.0,0.0,128.59029234696263,127.8641659524283,273.1342261111515,27.40234375,23.60198877689999,1.0,47.25109686351301,14.139775910344001,-0.41507512101490135,18.770134306307,21.398308536474,30.999586115352,0.0,0.0,109.21504602763802,108.22506048983202,217.00715505489302,27.40234375,23.60198877689999,1.0
5,LOCKED,PARTIAL,2442.602,47.22421061,54.5,54.5,26.1839914104,12.0,0.0,15.2941176471,21.1764705882,106.7740542763,115.975699892,221.2763277222,No,On,27.40234375,23.6019887769,136.4,TRACTION,47.22421061000001,13.578280543001997,2.3826500297615083,18.058521146215,10.897340728474,28.323581468243002,0.0,0.0,98.39210881052503,98.58494056620701,200.294831976666,27.40234375,23.60198877689999,1.0,47.22421061000001,15.494117647077005,0.3921568626914403,21.181723905720997,83.105352311636,27.949701151565005,0.0,0.0,115.32944146424101,120.73774479468999,249.49825777486595,27.40234375,23.60198877689999,1.0
5,PARTIAL,LOCKED,2443.791,47.22421061,48.75,48.75,31.9173685164,12.0,0.0,15.2941176471,20.0,118.9806690705,126.2153227951,259.9586064902,No,On,27.40234375,23.6019887769,136.4,TRACTION,47.22421061000001,15.547633194704037,0.13203934770255166,21.102870255340406,80.82990922558587,29.179949863752533,0.0,0.0,117.15625030884746,122.27376419003032,255.6454492802192,27.40234375,23.60198877689999,1.0,47.25515489537801,15.294117647099995,0.0,20.55021826103,27.151581653225,32.581685225494,0.0,0.0,121.13273228007101,123.29601888631599,258.776471076737,27.40234375,23.60198877689999,1.0
5,LOCKED,PARTIAL,2445.19,47.8455818023,51.6491935484,51.6491935484,29.1426151785,12.0,0.0,15.6862745098,20.7645078233,124.8940954119,125.858066129,259.6701137326,No,On,27.40234375,23.6019887769,136.4,TRACTION,47.26559393140902,15.392156862779002,0.25130642763757466,20.792918507524,22.717089717741004,31.808474468465,0.0,0.0,123.16214729079701,124.70810783973799,258.90727937136904,27.40234375,23.60198877689999,1.0,47.84558180230001,15.607050901173736,-0.36010731193862955,20.89412084799697,42.05148082647172,31.763031108573745,0.0,0.0,124.15261807102425,125.7618504691505,260.3580906230222,27.40234375,23.60198877689999,1.0
5,PARTIAL,LOCKED,2445.47,47.8455818023,49.7016129032,49.7016129032,31.2842904609,12.0,0.0,15.6862745098,21.1764705882,124.6602906674,125.2538578505,260.1058044537,No,On,27.40234375,23.6019887769,136.4,TRACTION,47.439577865253014,15.501960784335006,0.25130642763757466,20.891076558611005,33.822521925403,31.18151856551,0.0,0.0,124.16309123633201,125.16205481366698,259.332253575537,27.40234375,23.60198877689999,1.0,47.84558180230001,15.400000000004997,-0.6581653640413176,20.646431372545997,30.395363699656,32.144730370817,0.0,0.0,122.629433860939,124.92655073246999,258.90567456834697,27.40234375,23.60198877689999,1.0
5,LOCKED,OPEN,2452.041,39.7677563032,-235.125,235.125,0.0,12.0,1650.0004125001,0.0,7.0310952664,1.2062643788,13.1777770671,-10.5070521941,No,On,27.40234375,23.6019887769,136.4,BRAKE,,,,,,,,,,,,,,,38.856690373605886,0.0,0.0,7.282122260685294,164.66545351359412,0.0,1737.2409187392884,1800.0004500001,1.3386224888705884,11.572053787573529,-12.613738229494118,27.40234375,23.601988776900004,1.0
5,PARTIAL,OPEN,2524.301,42.2532410721,105.125,105.125,0.0,12.0,0.0,15.2941176471,18.1992797119,76.5841584158,87.0918144332,185.404596197,No,On,27.40234375,23.6019887769,138.2,TRACTION,42.253241072099996,12.438118744009998,0.528447587140307,14.027843049079,123.49650317903802,12.891317951559003,0.0,0.0,107.20073358265299,68.27582569599198,179.58195701415897,27.40234375,23.60198877689999,1.0,42.191253091915,16.431372548997004,1.5844721726168762,19.326355089831,192.065669382767,0.021594833440999998,0.0,0.0,97.724763954532,101.97023403889598,220.25977378223698,27.40234375,23.60198877689999,1.0
5,OPEN,PARTIAL,2524.31,42.2532410721,105.0344827586,105.0344827586,2.1594833441,12.0,0.0,15.2941176471,18.0912364946,76.9720954517,91.0889254357,186.026713836,No,On,27.40234375,23.6019887769,138.2,TRACTION,42.2532410721,12.429990290962625,0.513010019760582,13.89042128600404,120.06517916422828,12.69542874805758,0.0,0.0,105.90156719890405,67.16146933334142,179.61522709687574,27.40234375,23.60198877689999,1.0,42.191253091915,16.447058823506,1.5844721726168762,19.349364293512,193.749961651955,0.0,0.0,0.0,98.075535156968,102.17306362994799,220.950324361477,27.40234375,23.60198877689999,1.0
5,PARTIAL,OPEN,2524.321,42.2532410721,112.9879032258,112.9879032258,0.0,12.0,0.0,15.2941176471,17.9591836735,77.4462407178,89.9468937207,186.7870798391,No,On,27.40234375,23.6019887769,138.2,TRACTION,42.253241072099996,12.458631564523998,0.5078799195629762,13.93242943809,119.914872200172,12.590069294018003,0.0,0.0,105.61227248143202,67.400743894365,179.67934196426697,27.40234375,23.60198877689999,1.0,42.19062695070102,16.45870469397475,1.6004769420372487,19.36340652199697,194.56574001989597,0.0,0.0,0.0,98.28391186847475,102.29656029569797,221.2954076394808,27.40234375,23.60198877689999,1.0
5,OPEN,PARTIAL,2540.73,45.3600970333,342.7352941176,342.7352941176,1.1550384847,12.0,0.0,13.3333333333,16.862745098,91.0377207524,114.248376923,200.3070680448,No,On,27.40234375,23.6019887769,140.0,TRACTION,45.14516977592929,17.212852506944444,-3.8485314776609174,23.203385408887875,354.06934450678193,0.0,0.0,0.0,115.1229330822495,128.39833125938182,280.43426557159296,27.40234375,23.60198877689999,1.0,45.13778260448099,11.414781297158001,-2.328281739964727,14.380687021642,161.470195561274,18.247238533045998,0.0,0.0,75.202772488966,71.962161804433,133.83194930975299,27.40234375,23.60198877689999,1.0
5,PARTIAL,LOCKED,2543.33,44.1173546489,46.0,46.0,23.3692064854,12.0,0.0,11.3725490196,13.3333333333,77.2139563429,66.023708524,140.0727756359,No,On,27.40234375,23.6019887769,140.0,TRACTION,44.45728862636465,11.154684095877778,0.44013115903407907,13.279383791028284,71.84733827303938,22.90848879324546,0.0,0.0,69.28915646273231,69.51467541110404,125.27607796303435,27.40234375,23.60198877689999,1.0,44.11735464889999,13.212745098024005,2.4103782927310813,16.645549757013,61.80809163981,24.375311956494993,0.0,0.0,85.95275589911199,84.20439442876601,167.461889969901,27.40234375,23.60198877689999,1.0
5,LOCKED,PARTIAL,2543.579,44.1173546489,52.0,52.0,23.8377463847,12.0,0.0,12.9411764706,17.5266938459,82.3973261677,81.8185322147,154.2453524979,No,On,27.40234375,23.6019887769,140.0,TRACTION,44.304760200462,11.577450980401004,2.053872053820927,14.133591987293999,59.497478801601,23.270589101385,0.0,0.0,72.68778332566801,69.974734137998,131.608539919185,27.40234375,23.60198877689999,1.0,44.11735464889999,13.456129926707074,0.8002384710645379,16.78480680849495,68.1748005831394,25.047961071230297,0.0,0.0,88.9396119797788,88.63539037705353,178.77169128905257,27.40234375,23.60198877689999,1.0
5,PARTIAL,LOCKED,2543.588,44.1173546489,49.5859375,49.5859375,23.8496440121,12.0,0.0,12.9411764706,17.4917491749,82.5846768843,82.2024911533,154.7576143122,No,On,27.40234375,23.6019887769,140.0,TRACTION,44.29854648854,11.597058823538005,2.053872053820927,14.190035396340999,59.196228801601,23.280056213497,0.0,0.0,72.846269479205,70.072779037497,131.930114742687,27.40234375,23.60198877689999,1.0,44.11735464889999,13.464052287570711,0.8002384710645379,16.784791120651512,68.220649699301,25.08055793791414,0.0,0.0,89.04355455674144,88.69573719979797,179.20329001769193,27.40234375,23.60198877689999,1.0
5,LOCKED,PARTIAL,2543.6,44.1173546489,53.814516129,53.814516129,23.8496440121,12.0,0.0,12.9411764706,17.4451562803,82.8344778397,83.3445228683,155.4406300646,No,On,27.40234375,23.6019887769,140.0,TRACTION,44.292332776618,11.616666666675005,2.053872053820927,14.245737201814997,58.872047854019996,23.290118206979997,0.0,0.0,73.00617636066701,70.18329439825101,132.256278823273,27.40234375,23.60198877689999,1.0,44.11735464889999,13.474509803911003,0.7922360863538925,16.794570078013997,68.08291900875999,25.132436772774994,0.0,0.0,89.18432635342702,88.738108135889,179.816301050167,27.40234375,23.60198877689999,1.0
5,PARTIAL,LOCKED,2544.61,44.1173546489,49.75,49.75,27.1147477386,12.0,0.0,13.7254901961,17.7254901961,93.087296891,88.1386768386,198.4926951042,No,On,27.40234375,23.6019887769,139.3052,TRACTION,44.11735464889999,13.474509803911003,0.7922360863538925,16.794570078013997,68.08291900875999,25.132436772774994,0.0,0.0,89.18432635342702,88.738108135889,179.816301050167,27.40234375,23.60198877689999,1.0,44.11735464889999,14.413574660658997,0.9066532596060901,18.233015145051997,37.449165886591,29.855894444079993,0.0,0.0,98.26223776379398,101.612251914293,208.565915477093,27.40234375,23.60198877689999,1.0
5,LOCKED,PARTIAL,2544.622,44.1173546489,50.0416666667,50.0416666667,27.1945769807,12.0,0.0,13.7254901961,17.8196078431,93.172218846,88.2539209245,198.8954177669,No,On,27.40234375,23.6019887769,139.262,TRACTION,44.11735464889999,13.482352941166004,0.7922360863538925,16.797761691292997,67.96666900876,25.165058568558997,0.0,0.0,89.28477286931202,88.787001368688,180.241129902627,27.40234375,23.60198877689999,1.0,44.11735464889999,14.421417797913996,0.9066532596060901,18.235211223483997,37.149999219924,29.891972582874995,0.0,0.0,98.372707187176,101.784426578514,208.689384659328,27.40234375,23.60198877689999,1.0
5,PARTIAL,LOCKED,2544.629,44.1173546489,49.3984375,49.3984375,27.1869741958,12.0,0.0,13.7254901961,17.8745098039,93.221756653,88.5074579133,199.1303393201,No,On,27.40234375,23.6019887769,139.2368,TRACTION,44.11735464889999,13.490196078421004,0.7922360863538925,16.802360409988,67.862408256072,25.198417249654995,0.0,0.0,89.38357059519203,88.831485585817,180.66315582419,27.40234375,23.60198877689999,1.0,44.11735464889999,14.429260935168998,0.9066532596060901,18.236858282308,36.857889844923996,29.928091659741998,0.0,0.0,98.483515936435,101.95406587284702,208.81061412624396,27.40234375,23.60198877689999,1.0
5,LOCKED,PARTIAL,2551.49,43.4959834566,50.5,50.5,20.8673054032,12.0,0.0,11.7647058824,14.7490196078,64.4049255633,64.2329860003,127.0159659176,No,On,27.40234375,23.6019887769,138.2,TRACTION,43.55924788026667,10.155654077225252,0.15637993468313574,11.279398999516163,12.974810231705048,23.628773899389895,0.0,0.0,77.91742248308385,62.76673060441211,120.30392293442324,27.40234375,23.60198877689999,1.0,43.495983456599994,13.957189542485999,3.336469267825088,17.751573220084005,77.74538418776599,24.87019671506099,0.0,0.0,90.01716721432398,90.537738612345,171.65127329918997,27.40234375,23.60198877689999,1.0
5,PARTIAL,LOCKED,2552.734,43.2550436066,49.3636363636,49.3636363636,30.1225264357,12.0,0.0,14.9019607843,18.8235294118,108.7153645833,108.7428323636,223.875160132,No,On,27.40234375,23.6019887769,138.2,TRACTION,43.469424993810094,14.549415725880806,1.8455499739405583,18.537294600945454,76.56286968600607,26.809322618292924,0.0,0.0,98.9872132673293,99.95254902862119,193.04801198033434,27.40234375,23.60198877689999,1.0,43.494208110337006,14.901960784299996,0.0,18.193836481687,25.663262288748,31.130778616557006,0.0,0.0,107.41322214710202,110.00049745267701,219.948156459915,27.40234375,23.60198877689999,1.0
5,LOCKED,PARTIAL,2555.92,43.061023622,50.125,50.125,23.9405850169,12.0,0.0,13.7254901961,17.2549019608,88.2696390658,89.5446546857,168.978139257,No,On,27.40234375,23.6019887769,138.2,TRACTION,43.038481249906,12.589542483668001,2.2185911401674763,14.723979292042,13.461679617590999,25.679505400296,0.0,0.0,82.135397123207,78.10160849863901,150.21481615478598,27.40234375,23.60198877689999,1.0,42.90458518174201,14.035294117660001,0.8902753020461778,17.195788472942002,58.699620921923,26.210576029994005,0.0,0.0,95.29539549411,94.873020531754,187.81775630487405,27.40234375,23.60198877689999,1.0
5,PARTIAL,LOCKED,2555.93,43.1852978605,49.3515625,49.3515625,23.6774116912,12.0,0.0,13.7254901961,17.2549019608,88.4185078291,89.6138011372,169.4225477402,No,On,27.40234375,23.6019887769,138.2,TRACTION,43.03413165156,12.609150326805002,2.2185911401674763,14.763194978317001,13.729179617590999,25.656852025257002,0.0,0.0,82.19217770619302,78.252117274726,150.4935074091,27.40234375,23.60198877689999,1.0,42.90470945598,14.043137254915,0.8902753020461778,17.202839374110003,58.57626658724601,26.263061563567003,0.0,0.0,95.431360874218,94.94356478248301,188.14556470567302,27.40234375,23.60198877689999,1.0
5,LOCKED,PARTIAL,2555.94,43.3095720989,50.5,50.5,23.7300463564,12.0,0.0,13.7254901961,17.2549019608,88.5673765924,89.6138011372,169.8669562234,No,On,27.40234375,23.6019887769,138.2,TRACTION,43.02632824346768,12.637485970826265,2.2410011516843196,14.817249829554546,13.90711034808788,25.628051497326265,0.0,0.0,82.25191025011111,78.44280782278587,150.87246266164746,27.40234375,23.60198877689999,1.0,42.90470945598001,14.050980392169999,0.8902753020461778,17.210682511365,58.408242393698,26.314265345572004,0.0,0.0,95.567027925526,95.01732099741102,188.471262982526,27.40234375,23.60198877689999,1.0
5,PARTIAL,LOCKED,2556.701,42.8746122644,49.75,49.75,27.9101342875,12.0,0.0,14.5098039216,17.8411566647,98.9862439209,98.0243888717,196.2647540101,No,On,27.40234375,23.6019887769,138.2,TRACTION,42.90433663326499,13.913725490214997,0.9259259259274657,17.042114478095005,54.478082065618,25.241896809732,0.0,0.0,92.122225078298,91.82577577535795,179.76708434899604,27.40234375,23.60198877689999,1.0,42.905805098246,14.450980392179996,-0.035650623881288014,17.804221794712,34.348532799491,29.386197960917997,0.0,0.0,104.83713274130899,101.30767234057099,203.06939963844704,27.40234375,23.60198877689999,1.0
5,LOCKED,PARTIAL,2556.71,42.8746122644,50.7983870968,50.7983870968,28.0376088671,12.0,0.0,14.5098039216,17.8768072886,99.1052798042,98.1994855311,196.4981500987,No,On,27.40234375,23.6019887769,138.2,TRACTION,42.90433663326499,13.921568627469997,0.9259259259274657,17.053918795782003,54.850582065618,25.277948813953,0.0,0.0,92.26199338600497,92.00195795972597,180.13727595434298,27.40234375,23.60198877689999,1.0,42.905805098246,14.450980392179996,-0.035650623881288014,17.804176299966002,34.097121509168,29.402877301466997,0.0,0.0,104.941916493348,101.33682909428498,203.03951301274603,27.40234375,23.60198877689999,1.0
5,PARTIAL,LOCKED,2556.72,42.8746122644,49.75,49.75,28.007014968,12.0,0.0,14.5098039216,17.9164190929,99.2375418967,99.2021090778,196.757479086,No,On,27.40234375,23.6019887769,138.2,TRACTION,42.90433663326499,13.929411764724998,0.9259259259274657,17.065010100991007,55.243001420457006,25.317834193524003,0.0,0.0,92.40161223367498,92.176322261578,180.50580184422702,27.40234375,23.60198877689999,1.0,42.905805098246,14.450980392179996,-0.035650623881288014,17.804122961299,33.85337150916801,29.419923988116,0.0,0.0,105.046248244091,101.36633158025602,203.00308891455498,27.40234375,23.60198877689999,1.0
5,LOCKED,PARTIAL,2558.829,42.8746122644,52.75,52.75,23.3003702125,12.0,0.0,14.9019607843,16.51416122,96.0827158505,89.1343857402,183.3039709985,No,On,27.40234375,23.6019887769,138.2,TRACTION,42.87461226439999,14.901960784299996,0.0,15.836775693275,23.796207080887,28.021648993168995,0.0,0.0,105.80670004514299,96.529084353632,179.725285665397,27.40234375,23.60198877689999,1.0,42.87461226439999,15.626196606585859,0.9096043954721414,17.574631544170703,131.52973323389392,17.490693005935352,0.0,0.0,94.63384001874547,92.95138807187274,192.52419735446364,27.40234375,23.60198877689999,1.0
5,PARTIAL,OPEN,2560.05,42.8746122644,196.0,196.0,0.0,12.0,0.0,16.0784313725,18.431372549,98.0629882813,96.98942263,208.5109403864,No,On,27.40234375,23.6019887769,138.2,TRACTION,42.87461226439999,15.760784313713005,0.3921568627092718,17.969496015292997,157.969552080989,14.927143676438002,0.0,0.0,95.435949777379,94.19624606975502,197.0559926906201,27.40234375,23.60198877689999,1.0,42.78057994419393,16.078431372500006,0.0,19.35548294570303,222.87280080808893,0.027503606264646468,0.0,0.0,99.99965683763132,100.27697578632426,216.08081206496468,27.40234375,23.60198877689999,1.0
5,OPEN,PARTIAL,2560.061,42.8746122644,195.765625,195.765625,2.7228570202,12.0,0.0,16.0784313725,18.5019607843,98.1064046224,96.582491789,208.7615072934,No,On,27.40234375,23.6019887769,138.2,TRACTION,42.87461226439999,15.764705882340003,0.3921568627092718,17.98910385843,159.088302080989,14.721280728694001,0.0,0.0,95.48948458448498,94.250892719906,197.27549641746702,27.40234375,23.60198877689999,1.0,42.78152026739599,16.078431372500006,0.0,19.369065371149,223.57454155000804,0.0,0.0,0.0,100.04817159544,100.360621609722,216.301871025065,27.40234375,23.60198877689999,1.0
5,PARTIAL,OPEN,2560.07,42.8746122644,197.5967741935,197.5967741935,0.0,12.0,0.0,16.0784313725,18.5725490196,98.1419270833,95.5142983314,208.9665165809,No,On,27.40234375,23.6019887769,138.2,TRACTION,42.87461226439999,15.768627450967003,0.3921568627092718,18.008358760391,160.206401879376,14.54088308987,0.0,0.0,95.54284593927399,94.310279189512,197.49588488289803,27.40234375,23.60198877689999,1.0,42.78152026739599,16.078431372500006,0.0,19.379418312326,224.031718969363,0.0,0.0,0.0,100.08158818114799,100.438065635396,216.446653438269,27.40234375,23.60198877689999,1.0
5,OPEN,PARTIAL,2578.301,45.3600970333,84.375,84.375,2.3062755769,12.0,0.0,12.9411764706,14.6482122261,83.9332363959,66.8185209611,215.5206657428,No,On,27.40234375,23.6019887769,138.2,TRACTION,45.94060708143535,11.409520036963636,0.9219414051532521,16.574333322502024,136.73817369380706,0.0,0.0,0.0,74.82034981768587,67.32705273765758,320.68746077307975,27.40234375,23.60198877689999,1.0,45.391109503677995,15.343665158362999,-7.08051208041662,21.918050469565,195.240477910795,24.268840336647,0.0,0.0,106.57942329967801,120.95240040411898,285.88997252433296,27.40234375,23.60198877689999,1.0
5,PARTIAL,LOCKED,2579.46,45.3220538991,39.75,39.75,20.9851485701,12.0,0.0,6.2745098039,1.3379469435,48.945980235,66.7374783459,150.6517568849,No,On,27.40234375,23.6019887769,138.2,TRACTION,45.329014134356,14.268250377068,-7.665874430437976,19.977358335597,196.965167930958,26.613595649004,0.0,0.0,101.390523783901,124.34660292562299,277.63590968302503,27.40234375,23.60198877689999,1.0,44.75063833767273,1.351524292698485,-9.234444172112966,5.052239484168182,11.527892718463635,20.23943418652727,0.0,0.0,24.163470468225757,27.29277581725152,50.572135806354545,27.40234375,23.6019887769,1.0
5,LOCKED,PARTIAL,2580.109,44.7006827069,53.0,53.0,17.8142024112,12.0,0.0,0.0,7.2352941176,16.4898026316,16.5951483587,6.316887301,No,On,27.40234375,23.6019887769,138.2,TRACTION,44.94097416535,4.174962292609,-16.748251748181488,7.273106736260001,69.89442237539501,22.472427776847002,0.0,0.0,41.074122712133,60.971056278842,110.422056170342,27.40234375,23.60198877689999,1.0,44.5611912147,0.0,0.0,7.1921568627,47.40625,17.5948913065,0.0,0.0,16.3577302632,16.7103924446,5.9261909576,27.40234375,23.6019887769,1.0
5,PARTIAL,LOCKED,2580.12,44.5611912147,47.40625,47.40625,17.5948913065,12.0,0.0,0.0,7.1921568627,16.3577302632,16.7103924446,5.9261909576,No,On,27.40234375,23.6019887769,138.2,TRACTION,44.934380022085996,4.006334841629,-16.748251748181488,7.090557716652,67.373172375395,22.329963868073996,0.0,0.0,40.31391640484899,59.641184139039986,107.70348283261401,27.40234375,23.60198877689999,1.0,,,,,,,,,,,,,,
5,LOCKED,OPEN,2582.779,39.7677563032,-250.6008064516,250.6008064516,0.0,12.0,951.470826103,0.0,3.2352941176,9.0777136014,16.2858481026,-4.6575261005,No,On,27.40234375,23.6019887769,138.2,BRAKE,,,,,,,,,,,,,,,39.0283983033,0.0,0.0,7.494669980667608,110.83215328905352,0.0,353.8216649733323,936.7649400736,8.703028217201409,9.901882206991548,-6.030397927699999,27.40234375,23.601988776900004,1.0
5,PARTIAL,OPEN,2615.619,38.5250139187,89.625,89.625,0.0,12.0,0.0,11.3725490196,10.2274509804,49.9800990733,60.8012926606,106.1859996007,No,On,27.40234375,23.6019887769,137.1084337349,TRACTION,38.48704240624487,11.3725490196,16.200212278606283,12.614113980528206,83.90120450786026,10.721708699643592,0.0,0.0,33.94225156677308,43.12992340995128,122.11268553061792,27.40234375,23.601988776900004,1.0,38.617784637709995,11.188235294108,-0.7922360863538905,10.746072218993,93.57358156922199,0.01738639955,0.0,0.0,57.356690003813995,59.26611699964899,100.48682869818798,27.40234375,23.60198877689999,1.0
5,OPEN,PARTIAL,2615.629,38.5250139187,89.5625,89.5625,1.738639955,12.0,0.0,11.3725490196,10.1098039216,50.4157013998,59.3737530168,106.0989482741,No,On,27.40234375,23.6019887769,137.1445783133,TRACTION,38.487523058301264,11.3725490196,15.995146300396078,12.58390305647595,83.97365761535569,10.585990868002535,0.0,0.0,34.1452622947038,43.35361162831393,121.91108191125188,27.40234375,23.601988776900004,1.0,38.617784637709995,11.180392156853,-0.7922360863538905,10.753601630756998,93.596252023767,0.0,0.0,0.0,57.386684593166,59.181297352482,100.355151241811,27.40234375,23.60198877689999,1.0
5,PARTIAL,OPEN,2615.639,38.5250139187,89.3916666667,89.3916666667,0.0,12.0,0.0,11.3725490196,9.8039215686,50.8513037263,59.8495995647,106.0118969475,No,On,27.40234375,23.6019887769,137.1807228916,TRACTION,38.48799169405624,11.3725490196,15.795206971641127,12.552976817289998,84.04351814516376,10.47539898159,0.0,0.0,34.3486427835175,43.55386339567,121.71343024078752,27.40234375,23.601988776899997,1.0,38.6187217156798,11.178451178441414,-0.8002384710645359,10.763194358657575,93.63872258292929,0.0,0.0,0.0,57.45269854131615,59.174546825085855,100.298012396299,27.40234375,23.60198877689999,1.0
5,PARTIAL,LOCKED,2742.219,39.7677563032,35.125,35.125,14.5973471277,12.0,600.00015,0.0,8.3529411765,6.7244015957,-7.633768245,-28.4876448183,No,On,27.40234375,23.6019887769,138.2,BRAKE,41.080372383725,0.0,0.0,9.432873719881002,59.97098381072101,18.65568440777,751.1763102430602,900.0002250001,6.159680533684,-2.7444144812110007,-21.868297054213,27.40234375,23.60198877689999,1.0,39.07304464169432,0.0,0.0,6.9801697906000015,103.54829913412046,6.993560596201136,610.6312982978635,900.0002250001,4.852948478969318,-0.1485779998420454,-31.619233895471595,27.40234375,23.601988776899997,1.0
5,LOCKED,PARTIAL,2742.339,39.146385111,-76.5,76.5,13.2426258822,12.0,600.00015,0.0,6.8705882353,6.6471077128,-5.8350682939,-29.5333827743,No,On,27.40234375,23.6019887769,138.2,BRAKE,40.788230453387,0.0,0.0,9.271019887440001,56.877083716025,18.814925743985,720.5181393132021,900.0002250001,6.559458787550998,-0.015584717950999893,-23.807480774509,27.40234375,23.60198877689999,1.0,39.005996447753944,0.0,0.0,6.920175959807895,115.94221563577237,5.900998571255263,612.3099006606842,900.0002250001,4.56404111700921,1.0133524170934212,-32.02460120679605,27.40234375,23.6019887769,1.0
5,PARTIAL,OPEN,2742.788,39.146385111,-112.5166666667,112.5166666667,0.0,12.0,600.00015,0.0,7.0588235294,4.1732841626,0.7145133321,-32.6357206074,No,On,27.40234375,23.6019887769,138.2,BRAKE,39.844860081073,0.0,0.0,8.120273717566999,79.92382964558301,13.650356270556998,600.420150105,636.000159,6.410663925799998,0.5349722163579999,-29.011739746245002,27.40234375,23.60198877689999,1.0,38.601182000335484,0.0,0.0,7.0588235294,102.17359846514192,0.02487412400322581,630.1788935552258,900.0002250001,2.7027790304870964,0.03875963169354836,-32.89383758688709,27.40234375,23.60198877690001,1.0
5,OPEN,PARTIAL,2742.799,39.146385111,-112.75,112.75,0.7710978441,12.0,600.00015,0.0,7.0588235294,4.0726939419,2.5814675225,-32.6533771551,No,On,27.40234375,23.6019887769,138.2,BRAKE,39.826218945306,0.0,0.0,8.092822737175,80.597262441282,13.456277639503998,600.060150015,606.0001515,6.382383053994999,0.46398185948999987,-29.090692780893,27.40234375,23.60198877689999,1.0,38.583008563313335,0.0,0.0,7.0588235294,101.82105174731332,0.0,631.1848516737334,900.0002250001,2.6571152001066665,-0.04599729800000009,-32.90185293461333,27.40234375,23.601988776900008,1.0
5,PARTIAL,OPEN,2742.808,39.146385111,-112.75,112.75,0.0,12.0,600.00015,0.0,7.0588235294,3.9903928522,2.097442362,-32.6678234213,No,On,27.40234375,23.6019887769,138.2,BRAKE,39.807577809539,0.0,0.0,8.065371756783,81.267705989669,13.269781324377998,600.060150015,606.0001515,6.3531671327089985,0.4086646982949999,-29.168863787891,27.40234375,23.60198877689999,1.0,38.56358178580689,0.0,0.0,7.0588235294,101.44419146273793,0.0,632.2601862142069,900.0002250001,2.611140108655172,-0.11990901041379316,-32.909922917831025,27.40234375,23.601988776900008,1.0
5,OPEN,PARTIAL,2805.247,49.0883241867,690.58203125,690.58203125,0.664567475,12.0,0.0,18.431372549,31.5921568627,200.0951414968,235.074886265,583.9285034161,No,On,27.40234375,23.6019887769,143.6,TRACTION,48.43098447920202,25.998297780637,-7.2072916190323335,33.344374182987,717.2146306427309,0.0,0.0,0.0,241.658728980903,241.36941857990396,666.5650677556399,27.40234375,23.60198877689999,1.0,49.0883241867,8.32940548016354,-11.528315245673076,13.758458047516664,295.57783528739895,12.798384057735417,0.0,0.0,104.19169249428022,80.61282457406666,299.35887218197917,27.40234375,23.601988776899997,1.0
5,PARTIAL,OPEN,2807.768,48.4669529945,590.328125,590.328125,0.0,12.0,0.0,30.5882352941,36.862745098,236.9773300288,283.2595538136,669.7064315438,No,On,27.40234375,23.6019887769,143.6,TRACTION,,,,,,,,,,,,,,,49.572119775204044,51.7913168893485,35.39362422312329,70.4126944962202,826.4300496873667,0.0,0.0,0.0,325.1848560887808,352.4028845453,1171.9677947953362,27.40234375,23.60198877689999,1.0
5,PARTIAL,LOCKED,2951.479,50.3310665712,-44.3515625,44.3515625,17.7719393338,12.0,1200.0003000001,0.0,6.2985194078,-3.3529491342,-4.2409823583,-33.0548261186,No,On,266.640625,265.5223737398,147.2,BRAKE,51.34480715928125,0.0,-182.59803921163927,6.527613768284375,110.5924904443875,19.59075207293125,1180.8854854387844,1200.0003000001,-6.2582822412375,-8.11196910118125,-28.95921677921875,266.640625,265.5223737398,1.0,50.346318409577286,0.0,0.0,6.6606060606,8.330697302554547,16.78915632997273,1213.5003033751002,1350.0003375001,-2.220105888427273,-3.113486914613637,-32.24524344896818,266.640625,265.5223737398,1.0
5,LOCKED,OPEN,2956.007,42.5161288842,240.321969697,240.321969697,0.0,12.0,0.0,17.6470588235,21.4745098039,128.6525856912,128.3358139742,263.0593583826,No,On,266.640625,265.5223737398,145.4,TRACTION,,,,,,,,,,,,,,,42.58999768980201,17.338086749857574,-0.3601073119386279,21.79545170202424,312.24040305434244,0.0,0.0,0.0,125.08054871922828,119.77009846266768,286.19256341904145,266.640625,265.52237373980006,1.0
5,OPEN,PARTIAL,2976.078,47.22421061,570.0,570.0,1.3240542427,12.0,0.0,14.9019607843,26.88057041,110.7918260503,187.4675544108,233.1171217134,No,On,266.640625,265.5223737398,149.0,TRACTION,46.49422373340299,21.699999999975,-6.3491120355578365,29.872016899451996,554.818729214856,0.0,0.0,0.0,165.98076052770898,189.98337479326696,455.195231675506,266.640625,265.52237373980006,1.0,46.99339881775999,3.1644796380129994,-13.830461477516058,7.948703549026,195.91428016007504,0.636227534995,0.0,0.0,66.32557750818502,49.632050605429995,53.02699058453999,266.640625,265.52237373980006,1.0
5,PARTIAL,OPEN,2976.218,47.22421061,540.640625,540.640625,0.0,12.0,0.0,4.3137254902,13.4640522876,94.5727842972,136.1170946491,156.8918146121,No,On,266.640625,265.5223737398,149.0,TRACTION,46.668207667219015,20.016817496209,-16.555855183291524,28.590693533024996,560.679079500722,0.6494680774220001,0.0,0.0,152.17876705492102,187.01950982677997,405.8584838906359,266.640625,265.52237373980006,1.0,46.951588729359344,2.1295145277054948,-3.771157617442538,5.9146061689164835,131.20793893722308,0.0,0.0,0.0,58.82189534841649,30.01667053998242,28.4737101838033,266.640625,265.52237373980006,1.0
5,OPEN,PARTIAL,3082.278,47.8455818023,499.75,499.75,9.916955739,12.0,0.0,17.6470588235,27.8431372549,173.7833127506,174.0992404552,237.7045467688,No,On,266.640625,265.5223737398,147.2,TRACTION,47.47752920920505,20.347060347017177,-1.304696491841942,28.980961078842427,501.51660783607167,0.0,0.0,0.0,175.47243871511012,174.8070425324616,376.7880419331626,266.640625,265.52237373980006,1.0,47.84558180230001,8.310091215972001,-12.17103883762303,11.928699095458006,230.416465826848,12.375646732997001,0.0,0.0,94.02619163069599,71.630434957504,128.67103803051904,266.640625,265.52237373980006,1.0
5,PARTIAL,LOCKED,3082.998,47.8455818023,48.625,48.625,11.8296409866,12.0,0.0,5.4901960784,8.0431372549,58.0197272306,37.6041452046,87.2927984194,No,On,266.640625,265.5223737398,147.2,TRACTION,47.84558180230001,12.669367234057,-14.261399457436523,18.332779703513,360.97911295844597,9.348647155041,0.0,0.0,133.149062028775,113.53574287695703,192.01586957752002,266.640625,265.52237373980006,1.0,47.84558180230001,5.0980392157,-1.4417531717252705,6.876499137797058,58.05521821632059,10.47801680822059,0.0,0.0,37.16392151946471,26.682891073820585,55.14730001721471,266.640625,265.52237373979995,1.0
5,LOCKED,PARTIAL,3083.006,47.8455818023,51.2862903226,51.2862903226,11.7480572557,12.0,0.0,5.0980392157,7.8235294118,56.726433331,37.5119499359,85.7957579884,No,On,266.640625,265.5223737398,147.2,TRACTION,47.84558180230001,12.520347626213999,-14.261399457436523,18.123014997631003,356.492862958446,9.466943564907,0.0,0.0,131.98177912317402,112.17113765670902,189.678642120865,266.640625,265.52237373980006,1.0,47.8455818023,5.0980392157,0.0,6.847801250706062,58.26033724340303,10.439530734054546,0.0,0.0,36.57111813123637,26.354737774969696,54.21855886657273,266.640625,265.5223737398,1.0
5,PARTIAL,LOCKED,3083.017,47.8455818023,47.3125,47.3125,11.7558271348,12.0,0.0,5.0980392157,7.5215686275,54.9481542189,37.2468885385,83.7373273958,No,On,266.640625,265.5223737398,147.2,TRACTION,47.84558180230001,12.367406449744001,-14.751595535823114,17.911054213318003,352.031693603607,9.584424137464001,0.0,0.0,130.80187336234002,110.804539829041,187.353222794752,266.640625,265.52237373980006,1.0,47.8455818023,5.0980392157,0.0,6.8267460201812495,58.60245715725937,10.39839647153125,0.0,0.0,35.996835753496875,26.014358063609375,53.29609735003437,266.640625,265.5223737398,1.0
5,LOCKED,PARTIAL,3083.217,47.8455818023,52.875,52.875,10.0347989059,12.0,0.0,5.0980392157,7.1568627451,31.2455319224,32.0839534936,46.3113166211,No,On,266.640625,265.5223737398,147.2,TRACTION,47.84558180230001,9.308582920344001,-14.751595535823114,13.402852393141,259.82847439539603,11.785186008835002,0.0,0.0,104.03792430768101,82.64467916633103,143.137905500129,266.640625,265.52237373980006,1.0,47.845581802299996,5.098039215699999,0.0,7.4571895424750005,90.58361685148334,9.532794015066667,0.0,0.0,30.408762740658332,12.745913279958335,35.30847336826667,266.640625,265.5223737398,1.0
5,PARTIAL,OPEN,3091.147,40.3891274954,-209.5340909091,209.5340909091,0.0,12.0,450.0001125,0.0,6.7058823529,12.9929272517,16.9996179245,-1.3595615655,No,On,266.640625,265.5223737398,147.2,BRAKE,,,,,,,,,,,,,,,39.46180715189999,0.035294117646999995,2.3767082591020796,7.816392156851999,95.92469910279,0.0,313.782491410792,450.0001125,9.463646765717998,8.248014130547,-4.679564773255,266.640625,265.52237373980006,1.0
5,OPEN,PARTIAL,3762.663,38.0527718126,348.8416666667,348.8416666667,13.0990234077,12.0,0.0,17.6470588235,21.6235294118,125.3235777244,129.0733761235,328.4905229683,No,On,266.640625,265.5223737398,152.6,TRACTION,,,,,,,,,,,,,,,38.49512431418292,17.6470588235,0.0,22.427450980402437,393.1428997726378,6.073098152568292,0.0,0.0,127.38333666460485,125.5470947820378,322.43647367172923,266.640625,265.52237373980006,1.0
5,PARTIAL,OPEN,3763.464,38.5250139187,426.7701612903,426.7701612903,0.0,12.0,0.0,17.6470588235,22.7450980392,127.4730933129,125.5699559145,321.7213380697,No,On,266.640625,265.5223737398,152.6,TRACTION,38.47861408256508,17.647058823499997,31.123560535223046,22.313849984457143,379.7648545564651,8.106802144266668,0.0,0.0,127.35525715603652,125.79138986561905,322.55683100594916,266.640625,265.5223737398,1.0,38.52501391869999,17.6470588235,0.0,22.7450980392,436.433104390807,0.003645368295,0.0,0.0,126.85828615754001,126.13028340829801,324.836127990044,266.640625,265.52237373980006,1.0
5,OPEN,PARTIAL,3763.474,38.5250139187,427.03125,427.03125,0.3645368295,12.0,0.0,17.6470588235,22.7450980392,127.4621667395,124.6480032279,321.7882539905,No,On,266.640625,265.5223737398,152.6,TRACTION,38.47933908000468,17.6470588235,30.637254901860185,22.3205882353125,380.4993124741813,7.980133360762499,0.0,0.0,127.3570983459875,125.7879299601328,322.5437764288203,266.640625,265.5223737398,1.0,38.52501391869999,17.6470588235,0.0,22.7450980392,436.52807261697683,0.0,0.0,0.0,126.85218635368182,126.14525593537275,324.86691459609995,266.640625,265.52237373980006,1.0
5,PARTIAL,OPEN,3763.484,38.5250139187,429.875,429.875,0.0,12.0,0.0,17.6470588235,22.7450980392,127.4512401661,124.8323937652,321.8551699113,No,On,266.640625,265.5223737398,152.6,TRACTION,38.48004176983076,17.6470588235,30.165912518754645,22.32711915537231,381.215188436117,7.862970337204615,0.0,0.0,127.35871478281075,125.77039262579075,322.5321530066923,266.640625,265.5223737398,1.0,38.52501391869999,17.6470588235,0.0,22.7450980392,436.6042762658071,0.0,0.0,0.0,126.83008399646502,126.18006885337303,324.92641089514495,266.640625,265.52237373980006,1.0
5,OPEN,PARTIAL,3781.204,45.9814682256,382.625,382.625,2.1451550186,12.0,0.0,18.0392156863,25.0980392157,139.8470387672,138.5903070819,367.8611937558,No,On,266.640625,265.5223737398,152.6,TRACTION,45.933829767524,18.039215686299997,0.0,25.13702356903499,380.19031458441003,0.0,0.0,0.0,139.580525430337,138.248206021082,345.6489726393071,266.640625,265.52237373980006,1.0,46.468166958888006,18.039215686299997,0.0,27.088436498542002,346.543363740247,23.568043993540996,0.0,0.0,154.187146022757,155.71605978304297,388.107557132667,266.640625,265.52237373980006,1.0
5,PARTIAL,LOCKED,3783.515,47.3460480987,47.375,47.375,43.5303301316,12.0,0.0,18.0392156863,27.4509803922,187.559375,188.3281675034,404.6978651439,No,On,266.640625,265.5223737398,152.6,TRACTION,47.21364729973201,18.039215686299997,0.0,27.376705882384,88.21934989066501,40.20165515148899,0.0,0.0,185.45251575357898,184.292898609479,404.208676611209,266.640625,265.52237373980006,1.0,47.74689771321001,17.658169934657003,-1.6993464052300227,26.555455733834993,20.088962967303,43.51137621815199,0.0,0.0,185.85225815007604,187.45208345315902,388.8881630154911,266.640625,265.52237373980006,1.0
5,LOCKED,PARTIAL,3792.525,47.22421061,56.75,56.75,14.5128392487,12.0,0.0,8.6274509804,11.667637352,59.5892180349,47.6161446372,75.1224488513,No,On,266.640625,265.5223737398,152.6,TRACTION,47.41378070065456,9.162515044861617,-1.6094026789095992,11.687886590424242,14.74127184498687,20.635775715224245,0.0,0.0,62.308520586684864,60.09932393416868,90.478134319299,266.640625,265.52237373980006,1.0,47.22421061,8.6274509804,0.0,12.005589653992306,85.3151481541,13.423651410046157,0.0,0.0,60.75673537613846,23.988713640276924,74.32471560839615,266.640625,265.5223737398,1.0
5,PARTIAL,OPEN,3800.224,39.146385111,-234.2426470588,234.2426470588,0.0,12.0,2100.0005250001,0.0,5.5794991264,2.3574107143,11.4322133138,-6.811754374,No,On,266.640625,265.5223737398,152.6,BRAKE,,,,,,,,,,,,,,,38.6390394743,0.0,0.0,6.165439035252941,194.15330091714117,0.0,2144.1217845298174,2175.0005437501,2.0221389180588236,9.858772315458824,-9.043516572799998,266.640625,265.5223737398,1.0
5,PARTIAL,OPEN,3956.263,42.2532410721,608.4090909091,608.4090909091,0.0,12.0,0.0,21.9607843137,29.7883906038,179.9353065852,179.596383349,529.9407834885,No,On,266.640625,265.5223737398,156.2,TRACTION,42.014660424762006,21.9607843137,0.0,28.851328915035,504.63443470715805,9.609493823733999,0.0,0.0,183.93916779263895,182.30208653329098,516.9301126510879,266.640625,265.52237373980006,1.0,43.05770605580808,21.34680134678283,-1.0563147817969818,29.332596412266664,612.8103399680716,0.0,0.0,0.0,178.3901646104606,182.01471450537676,513.9045401559131,266.640625,265.52237373980006,1.0
5,OPEN,PARTIAL,3961.374,45.9814682256,314.25,314.25,1.5474591546,12.0,0.0,17.2549019608,23.5294117647,132.502985401,127.598251825,317.5955455913,No,On,266.640625,265.5223737398,156.2,TRACTION,45.9814682256,17.2549019608,0.0,23.438116558729295,336.3047275825041,0.0,0.0,0.0,130.96345805771819,127.81674133233231,317.4596257913232,266.640625,265.52237373980006,1.0,46.01303866194,17.226244343902998,-0.4905769612303962,25.276486984934,304.89039957717205,21.702627925151006,0.0,0.0,139.60243125226302,140.70325023858302,345.92598027676905,266.640625,265.52237373980006,1.0
5,PARTIAL,LOCKED,3964.095,46.6028394178,48.375,48.375,36.966211699,12.0,0.0,16.862745098,23.8078431373,155.6314834025,154.8880513482,330.0039741722,No,On,266.640625,265.5223737398,154.4,TRACTION,46.602839417800006,16.862745098,0.0,24.529159833607,96.67303373427397,34.809423447912,0.0,0.0,156.65906541753296,155.96557995113898,329.795196211816,266.640625,265.52237373980006,1.0,46.63719758960501,16.862745098,0.0,23.603290882041993,34.956915617913005,37.716889398031,0.0,0.0,152.341418653465,152.42130570525896,332.09599277687005,266.640625,265.52237373980006,1.0
5,LOCKED,PARTIAL,3964.103,46.6028394178,50.2178571429,50.2178571429,37.0118192708,12.0,0.0,16.862745098,23.7764705882,155.5640560166,154.9456733911,330.0406992584,No,On,266.640625,265.5223737398,154.4,TRACTION,46.602839417800006,16.862745098,0.0,24.520179441451006,95.92356944855999,34.862119611525,0.0,0.0,156.675627788922,155.98497069796701,329.787104828271,266.640625,265.52237373980006,1.0,46.64341130152701,16.862745098,0.0,23.608663431061995,34.771237046484,37.732209009730006,0.0,0.0,152.304312660156,152.39217869195497,332.125215060529,266.640625,265.52237373980006,1.0
5,PARTIAL,LOCKED,3964.115,46.6028394178,48.375,48.375,37.0058704571,12.0,0.0,16.862745098,23.7294117647,155.4629149378,155.2568324229,330.0957868878,No,On,266.640625,265.5223737398,154.4,TRACTION,46.602839417800006,16.862745098,0.0,24.50891565684344,94.93935586434645,34.94555074903434,0.0,0.0,156.71688596038987,156.02547191695857,329.7695970405535,266.640625,265.52237373980006,1.0,46.64962501344901,16.862745098,0.0,23.614506568316994,34.614362046484004,37.747285947600005,0.0,0.0,152.268514806303,152.36636401673002,332.153734393225,266.640625,265.52237373980006,1.0
5,LOCKED,PARTIAL,3964.123,46.6028394178,50.5,50.5,37.0254165593,12.0,0.0,16.862745098,23.6980392157,155.3954875519,155.1761615628,330.1325119741,No,On,266.640625,265.5223737398,154.4,TRACTION,46.602839417800006,16.862745098,0.0,24.501120617922005,94.47371230570299,34.96615394611499,0.0,0.0,156.70434625016398,156.017785522018,329.772858939026,266.640625,265.52237373980006,1.0,46.65534162841801,16.862745098,0.0,23.620663431061995,34.426862046484,37.762688897519006,0.0,0.0,152.233687954978,152.339690587188,332.181734400388,266.640625,265.52237373980006,1.0
5,PARTIAL,LOCKED,3964.133,46.6028394178,49.7410714286,49.7410714286,37.0526111363,12.0,0.0,16.862745098,23.6588235294,155.3112033195,155.2261006666,330.178418332,No,On,266.640625,265.5223737398,154.4,TRACTION,46.602839417800006,16.862745098,0.0,24.49104218655001,93.73621230570298,35.017690593642,0.0,0.0,156.71642655027497,156.033395519321,329.76672856295,266.640625,265.52237373980006,1.0,46.659815501002,16.862745098,0.0,23.62721245066999,34.250076332198,37.77896031941201,0.0,0.0,152.20000067464497,152.31513152371798,332.2091232693019,266.640625,265.52237373980006,1.0
5,LOCKED,PARTIAL,3964.143,46.6028394178,50.5,50.5,37.1205975787,12.0,0.0,16.862745098,23.6196078431,155.2269190871,155.1236614792,330.2243246898,No,On,266.640625,265.5223737398,154.4,TRACTION,46.602839417800006,16.862745098,0.0,24.480571598315006,92.99945635332199,35.066686156503,0.0,0.0,156.72690611064397,156.046802247971,329.761298546685,266.640625,265.52237373980006,1.0,46.66039101699394,16.862745098,0.0,23.627289264887875,34.08593568908889,37.78561044810606,0.0,0.0,152.16942574118585,152.2867625342687,332.22917173980204,266.640625,265.52237373980006,1.0
5,PARTIAL,LOCKED,3964.158,46.6028394178,49.50390625,49.50390625,37.1205975787,12.0,0.0,16.862745098,23.5294117647,155.1004927386,154.8880513482,330.2931842266,No,On,266.640625,265.5223737398,154.4,TRACTION,46.602839417800006,16.862745098,0.0,24.467323262311112,91.93938046096262,35.146293975035356,0.0,0.0,156.75907584254946,156.06368049884748,329.747359133692,266.640625,265.52237373980006,1.0,46.664786470539994,16.862745098,0.0,23.64199676439599,33.881756019697995,37.81058205655901,0.0,0.0,152.13652559384897,152.284010498587,332.26180764566203,266.640625,265.52237373980006,1.0
5,LOCKED,PARTIAL,3975.623,49.6724131075,50.9439655172,50.9439655172,29.3397319994,12.0,0.0,13.7254901961,18.9176470588,123.2542628371,111.0149996299,264.9737363214,No,On,266.640625,265.5223737398,154.4,TRACTION,49.292871831639374,15.758471738850508,-3.3049848853703883,22.186198893211113,14.513010974461615,35.893612659360606,0.0,0.0,142.73456744269393,144.84418459146968,307.6302254998485,266.640625,265.52237373980006,1.0,49.28343221040202,13.096229260915997,-1.1956670780874854,18.309333333336,32.39224299937,28.570964614103,0.0,0.0,105.03895714554801,103.47143626080296,213.80934241542104,266.640625,265.52237373980006,1.0
5,PARTIAL,LOCKED,3975.754,49.5108565975,47.25,47.25,29.465470366,12.0,0.0,13.7254901961,19.6078431373,117.362065612,108.885586328,249.7282662399,No,On,266.640625,265.5223737398,154.4,TRACTION,49.311455878777004,15.361671335195002,-3.2719350365166844,21.57923886506599,20.490288910196995,34.601297716998005,0.0,0.0,138.604592908249,139.01318747900098,298.99637026482594,266.640625,265.52237373980006,1.0,49.26441825191501,12.923680241302002,-1.5878239407789254,17.978745098037002,28.824842036179998,28.289937890254997,0.0,0.0,101.29190444115301,100.89622748944,203.741652204316,266.640625,265.52237373980006,1.0
5,LOCKED,PARTIAL,3981.783,47.22421061,58.25,58.25,15.1632428815,12.0,0.0,7.8431372549,11.3725490196,43.1287591527,42.1751447178,78.3364605408,No,On,266.640625,265.5223737398,154.4,TRACTION,47.606871702591015,9.384952955553,-4.1278583435398755,11.879676464071999,14.827257433050999,21.558224206483004,0.0,0.0,60.26910157436899,62.40540666439502,122.77726347293503,266.640625,265.52237373980006,1.0,47.22421061,7.8431372549,0.0,11.36125965537,85.76029398559,14.141538827,0.0,0.0,44.04004314853001,14.077901975040001,70.10704544737999,266.640625,265.5223737398,1.0
5,PARTIAL,OPEN,3988.994,39.146385111,-336.2379032258,336.2379032258,0.0,12.0,1425.0003562501,0.0,4.8235294118,6.3252693103,23.9707698515,-16.5361127189,No,On,266.640625,265.5223737398,154.4,BRAKE,,,,,,,,,,,,,,,38.72224318301923,0.0,0.0,6.103318250357693,255.54603048465384,0.0,1410.4041987549076,1425.0003562501,4.995613044907693,16.697544424353847,-18.186987473649996,266.640625,265.5223737398,1.0
5,OPEN,PARTIAL,4095.574,45.3600970333,145.75,145.75,2.5337654351,12.0,0.0,12.5490196078,20.6755969715,89.4798603996,89.0034048757,183.4155723532,No,On,266.640625,265.5223737398,154.4,TRACTION,44.779361130051,14.549364361154998,-1.2885807004293335,17.797211811377,141.412915386922,0.0,0.0,0.0,88.404702992898,87.88828238314998,178.89046278701503,266.640625,265.52237373980006,1.0,45.26684810216501,14.326890756287998,2.424764777699556,18.840460424272997,156.36335918893502,20.064578545561,0.0,0.0,92.83476498463101,93.87747460329001,194.21863184382494,266.640625,265.52237373980006,1.0
5,PARTIAL,LOCKED,4098.363,45.3600970333,49.875,49.875,26.5147125562,12.0,0.0,12.8205128205,14.9019607843,94.2121868674,103.5323126639,192.6031087687,No,On,266.640625,265.5223737398,154.4,TRACTION,45.3600970333,14.48114630469,-2.4802321861924,18.908361871504,86.11321009696597,27.220470546518996,0.0,0.0,107.574818997375,108.05354194371301,212.83694132566197,266.640625,265.52237373980006,1.0,45.196526425318,10.316138763190002,-3.438935791851786,11.550913883544995,26.277914875723994,24.036674618233995,0.0,0.0,70.882745748201,69.805793465983,141.03269037198598,266.640625,265.52237373980006,1.0
5,LOCKED,PARTIAL,4100.633,44.7387258411,50.90625,50.90625,20.5953596334,12.0,0.0,11.7647058824,15.3333333333,71.4394214954,66.4727887036,136.6342929158,No,On,266.640625,265.5223737398,154.4,TRACTION,44.73872584109999,10.623529411792997,1.6092295504498173,13.075737138411,8.461008519411,23.199701773716,0.0,0.0,66.80273576894899,62.283836095851,116.026313550564,266.640625,265.52237373980006,1.0,44.561969234147,12.811764705872003,1.9033471974411873,16.643045041763997,70.780327161757,23.659563036753003,0.0,0.0,78.58493925510501,80.84073851093,162.878049880821,266.640625,265.52237373980006,1.0
5,PARTIAL,LOCKED,4101.814,44.1173546489,49.84765625,49.84765625,27.6934366402,12.0,0.0,13.7254901961,17.7868375073,93.0530335023,89.6138011372,185.1061617226,No,On,266.640625,265.5223737398,154.4,TRACTION,44.48740469108099,13.078431372542004,1.546840958636682,16.891536985077,68.78389819277899,24.706449712835997,0.0,0.0,81.75583747236401,84.64333328869297,169.86390101844398,266.640625,265.52237373980006,1.0,44.11735464889999,13.7254901961,0.0,17.138573346342426,25.077810831367675,28.941282940745452,0.0,0.0,98.23202307945657,96.8778915450616,195.91406120210303,266.640625,265.52237373980006,1.0
5,LOCKED,PARTIAL,4104.253,44.1173546489,50.1916666667,50.1916666667,26.7102113485,12.0,0.0,14.5098039216,18.8118811881,106.8964460784,95.883079406,202.6380863848,No,On,266.640625,265.5223737398,154.4,TRACTION,44.11735464889999,14.242232277546,-0.2787827222797826,17.356458749906,22.634341859823998,29.536585387589994,0.0,0.0,104.713561268305,105.52848285808999,203.934048010687,266.640625,265.52237373980006,1.0,44.179917851221,14.843137254913003,1.2435277140685084,19.146793291097,77.05476726344999,27.365079356928,0.0,0.0,107.986247246765,106.15774644215999,227.405789597805,266.640625,265.52237373980006,1.0
5,PARTIAL,LOCKED,4105.324,44.1173546489,44.25,44.25,33.1251923041,12.0,0.0,15.6862745098,20.6039215686,114.6842885535,116.3920656214,252.9144539906,No,On,266.640625,265.5223737398,154.4,TRACTION,44.16530693080202,14.917805506049497,1.2560886000692004,19.23362084277778,77.00076109754343,27.748310466011112,0.0,0.0,108.42389792754142,107.35158605038588,230.48182765610304,266.640625,265.52237373980006,1.0,44.53409255804444,15.948626536828288,0.38934679450482745,20.873876015048484,23.042736749868688,34.49264667241819,0.0,0.0,124.19575794178283,124.5969734725899,271.3794592048808,266.640625,265.52237373980006,1.0
5,LOCKED,PARTIAL,4118.014,46.6028394178,52.375,52.375,18.6674688158,12.0,0.0,10.1960784314,13.9450980392,67.5557120902,60.5722915094,154.1064086436,No,On,266.640625,265.5223737398,152.6,TRACTION,46.822445633552,10.824635495228003,-5.848276632198566,13.827142867215999,11.502793178930999,24.051604634529003,0.0,0.0,81.131655643075,71.715927737063,143.11209157674702,266.640625,265.52237373980006,1.0,46.533154231853004,11.899017322518999,2.326503297863471,16.195744343066,94.76119216424901,20.467332204989997,0.0,0.0,70.117169498519,75.32837145203399,163.98215329118398,266.640625,265.52237373980006,1.0
5,PARTIAL,LOCKED,4118.022,46.6028394178,49.275,49.275,18.7189338217,12.0,0.0,9.8039215686,13.8196078431,67.3292776639,61.079365487,154.3834864201,No,On,266.640625,265.5223737398,152.6,TRACTION,46.82037439624501,10.801106083464003,-5.8482766321985675,13.805809533882998,11.856543178930998,23.967500287957,0.0,0.0,80.90177884678,71.458702937503,143.14552165101003,266.640625,265.52237373980006,1.0,46.52694051993101,11.926468302910997,2.8166993763750634,16.223957454574,95.275227878535,20.498696617108003,0.0,0.0,70.24457984687999,75.54226447532501,164.09783326285694,266.640625,265.52237373980006,1.0
5,LOCKED,PARTIAL,4118.033,46.6028394178,53.1975806452,53.1975806452,18.7119158664,12.0,0.0,9.8039215686,13.6470588235,67.0179303279,62.6927826886,154.7644683627,No,On,266.640625,265.5223737398,152.6,TRACTION,46.82037439624501,10.773655103072,-6.338472710710159,13.783221298588998,12.176376512264001,23.884647476755003,0.0,0.0,80.67029952947001,71.205207855629,143.185141246048,266.640625,265.52237373980006,1.0,46.526173864396974,11.947908168914141,2.8451508852273366,16.249986733675758,95.70025461826565,20.51674490751919,0.0,0.0,70.27717226626365,75.67205722064546,164.19210967598985,266.640625,265.52237373980006,1.0
5,PARTIAL,LOCKED,4119.863,45.9814682256,48.875,48.875,25.2365674381,12.0,0.0,12.5490196078,16.4705882353,85.9493215461,81.6850080325,168.3127716919,No,On,266.640625,265.5223737398,152.6,TRACTION,46.13343377835499,12.549019607799998,0.0,16.549421969633002,91.028459952887,23.402252712791,0.0,0.0,82.664225374636,83.554956823304,166.657030248862,266.640625,265.52237373980006,1.0,45.981468225600004,12.549019607799998,0.0,16.353036134965002,33.284360411241,26.357401091723997,0.0,0.0,86.58199775562599,84.801168772364,176.50736762929503,266.640625,265.52237373980006,1.0
5,LOCKED,PARTIAL,4121.193,45.9814682256,50.4556451613,50.4556451613,24.030941192,12.0,0.0,13.7254901961,18.8235294118,88.929869186,94.7767361821,200.1156248779,No,On,266.640625,265.5223737398,152.6,TRACTION,45.981468225600004,12.850980392128003,1.2200435731090649,16.757518975891003,28.864507740129003,26.025225946806994,0.0,0.0,86.664136331591,86.433283041119,185.181305100538,266.640625,265.52237373980006,1.0,45.981468225600004,13.725490196100003,0.0,18.476573006330995,69.804477190291,26.170158887164007,0.0,0.0,96.02067336009199,98.42420732697501,202.57369252233894,266.640625,265.52237373980006,1.0
5,PARTIAL,LOCKED,4122.043,45.9814682256,46.875,46.875,28.0621717109,12.0,0.0,13.7254901961,18.8235294118,100.1810771421,99.6976586468,204.2997927993,No,On,266.640625,265.5223737398,152.6,TRACTION,45.981468225600004,13.725490196100003,0.0,18.580857920302,67.75951010503199,25.454152590714003,0.0,0.0,93.987815302514,96.89522898270701,201.664514598314,266.640625,265.52237373980006,1.0,45.981468225600004,13.725490196100003,0.0,17.934639334503,24.402984645580005,29.810372985248996,0.0,0.0,102.31449443296201,101.76654521417002,205.50957122252797,266.640625,265.52237373980006,1.0
5,LOCKED,PARTIAL,4136.322,45.3600970333,52.5666666667,52.5666666667,14.2288070003,12.0,0.0,3.9215686275,7.1170646476,26.3401153075,22.1960109298,38.255728877,No,On,266.640625,265.5223737398,150.8,TRACTION,45.26800738586601,6.518501759684003,-5.659803159801504,8.456166632349,9.807834062679001,19.188521766563003,0.0,0.0,40.092101215289,39.552594216047,62.09988610009299,266.640625,265.52237373980006,1.0,45.3600970333,2.8567119155250005,-6.114691409233373,6.27051018829,84.392238749905,13.237755113915,0.0,0.0,24.811689505349996,19.523960456540003,35.997868713325,266.640625,265.5223737398,1.0
5,PARTIAL,OPEN,4142.573,40.5258291577,-171.6008064516,171.6008064516,0.0,12.0,0.0,4.7058823529,5.0708600272,29.0752004254,28.0273616725,28.0844632583,No,On,266.640625,265.5223737398,149.1014084507,TRACTION,,,,,,,,,,,,,,,40.28184585690999,4.705882352899999,0.0,6.099604206788999,66.365670180599,0.0,0.0,0.0,23.476805531417998,19.937338141454003,23.610443818690996,266.640625,265.52237373980006,1.0
5,OPEN,PARTIAL,4225.335,47.22421061,443.125,443.125,2.7789458352,12.0,0.0,18.8235294118,26.1081402258,151.4135528029,155.5795158632,419.2692613335,No,On,266.640625,265.5223737398,152.6,TRACTION,46.7687353114596,19.88360223654748,-1.1171021271819976,27.487168776316153,459.02283011414136,0.0,0.0,0.0,160.15326085759597,161.66226926596866,422.76330697824847,266.640625,265.52237373980006,1.0,47.33257774593802,18.823529411800003,0.0,27.700835173712004,362.6631898681699,24.568261798579996,0.0,0.0,158.98026770055398,161.641489398722,419.3141712797089,266.640625,265.52237373980006,1.0
5,PARTIAL,LOCKED,4227.082,48.4669529945,49.5,49.5,45.2374477704,12.0,0.0,18.8235294118,28.6076450782,197.5487012987,195.6383600958,439.5144938726,No,On,266.640625,265.5223737398,152.6,TRACTION,47.86289903698602,18.823529411800003,0.0,28.509624876191992,141.68114034681,39.939198653657,0.0,0.0,188.64570395909502,190.70559461060995,431.47360739919003,266.640625,265.52237373980006,1.0,48.63728180365602,17.758572146825998,-3.6203538655445753,26.707542389534993,24.754450727785002,42.629909342572,0.0,0.0,184.17173619322503,191.83948646598404,419.24648902616605,266.640625,265.52237373980006,1.0
5,LOCKED,PARTIAL,4227.094,48.4669529945,50.875,50.875,45.3514895449,12.0,0.0,18.8235294118,28.6274509804,197.6311383929,195.4047987485,439.6595880659,No,On,266.640625,265.5223737398,152.6,TRACTION,47.88190338861719,18.823529411800003,0.0,28.508034594286872,137.2338823965818,40.16747231045455,0.0,0.0,189.1367037813586,191.0974926310535,431.75628279816254,266.640625,265.52237373980006,1.0,48.64349551557802,17.719356460550998,-3.6203538655445753,26.617346311103994,24.989606977785,42.465472800427996,0.0,0.0,183.672266779126,191.35949212232103,418.18493017045097,266.640625,265.52237373980006,1.0
5,PARTIAL,LOCKED,4227.103,48.4669529945,49.3051470588,49.3051470588,45.3295584344,12.0,0.0,18.8235294118,28.6274509804,197.6929662135,195.0851884838,439.7684087109,No,On,266.640625,265.5223737398,152.6,TRACTION,47.88775388467602,18.823529411800003,0.0,28.509228758148,136.370293572616,40.219312482799,0.0,0.0,189.221648127474,191.14056569222797,431.8353158508399,266.640625,265.52237373980006,1.0,48.64970922750002,17.680140774275998,-3.6203538655445753,26.527150232672994,25.309850961742,42.301474880494,0.0,0.0,183.16344486368402,190.85057423932003,417.097563503501,266.640625,265.52237373980006,1.0
5,LOCKED,PARTIAL,4228.054,49.0883241867,57.5,57.5,29.4282148921,12.0,0.0,14.9019607843,19.6078431373,151.0905440065,156.5475661841,343.1443483604,No,On,266.640625,265.5223737398,152.6,TRACTION,48.61242695596802,17.915434891925997,-3.6203538655445753,27.065910383194996,24.375438631010997,43.268171272949004,0.0,0.0,186.07533316282397,193.583627636365,423.23331630657697,266.640625,265.52237373980006,1.0,49.08832418670002,14.225339366507,-0.7913219678045431,19.568666270564,63.432276712118004,29.459880333127003,0.0,0.0,122.420535262381,117.92896253275103,255.866858356017,266.640625,265.52237373980006,1.0
5,PARTIAL,LOCKED,4228.742,49.0883241867,49.5,49.5,29.8571448741,12.0,0.0,14.1176470588,19.2156862745,115.3092191023,110.265541317,228.4672513601,No,On,266.640625,265.5223737398,152.6,TRACTION,49.04117307858601,14.792408245346001,-4.1913351717814225,20.735918701685,60.475614591624996,31.68026447868401,0.0,0.0,138.862004597384,141.81067727795298,302.590060478191,266.640625,265.52237373980006,1.0,48.99417211364547,13.838203784719195,-0.04429891520298553,18.9823640474798,26.73221677977374,28.995029656546464,0.0,0.0,110.24070285543029,108.52271746502424,249.15357420634547,266.640625,265.52237373980006,1.0
5,LOCKED,PARTIAL,4229.682,49.0883241867,50.5,50.5,24.3844706927,12.0,0.0,13.3333333333,16.3308095515,108.588671875,100.5096056151,258.6814645203,No,On,266.640625,265.5223737398,152.6,TRACTION,48.994172113645455,13.86989322817172,-1.0503129931400814,19.099730507833332,26.34326619437475,29.317208876653538,0.0,0.0,110.66486756659192,109.27923227498081,247.2718145055354,266.640625,265.52237373980006,1.0,48.60791802402801,14.385947712435996,2.0283719549717123,20.538505019113998,60.13010569563,28.648978529143,0.0,0.0,110.163619549912,106.71416940130798,254.42440907621403,266.640625,265.52237373980006,1.0
5,PARTIAL,LOCKED,4229.693,49.0883241867,48.96484375,48.96484375,24.4835798177,12.0,0.0,13.3333333333,16.6686472569,108.6015625,99.4233777226,258.5654343912,No,On,266.640625,265.5223737398,152.6,TRACTION,48.995113634376004,13.864527629223005,-0.4795857736058069,19.072041298269998,26.584833532431002,29.267881494814002,0.0,0.0,110.644105609676,109.191536008382,247.38591100568306,266.640625,265.52237373980006,1.0,48.60170431210602,14.405555555573997,2.0283719549717123,20.587504821055003,59.932110483936,28.735600762140002,0.0,0.0,110.21625268475199,106.90915754214001,254.38635660980503,266.640625,265.52237373980006,1.0
5,LOCKED,PARTIAL,4229.702,49.0883241867,53.5,53.5,24.3908694167,12.0,0.0,13.7254901961,17.0251534957,108.612109375,96.98942263,258.4705006492,No,On,266.640625,265.5223737398,152.6,TRACTION,48.99511363437601,13.856684491968004,-0.4795857736058072,19.046570908093997,26.530575719931004,29.215299269411993,0.0,0.0,110.570771116652,109.08852316153302,247.70938028641203,266.640625,265.52237373980006,1.0,48.59678895983738,14.41242490263939,1.6087294014311728,20.62348816777576,59.997081296905066,28.77948693734647,0.0,0.0,110.23245615252728,107.00935688468687,254.34510262960913,266.640625,265.52237373980006,1.0
5,PARTIAL,LOCKED,4230.393,48.4669529945,49.96875,49.96875,31.9109353907,12.0,0.0,14.9019607843,21.5884333531,111.0083511469,109.5856012106,251.813213569,No,On,266.640625,265.5223737398,152.6,TRACTION,48.70111882936402,13.818954248376997,2.150225410200899,19.394265865789997,55.149054168595,26.690900201429,0.0,0.0,108.972859510721,105.17708906580897,256.398400493358,266.640625,265.52237373980006,1.0,48.46695299450002,15.278431372587995,0.35650623889541416,21.387352825478004,28.617330774433,32.850220854193,0.0,0.0,115.85301299286101,119.24130425650903,256.703799630252,266.640625,265.52237373980006,1.0
5,LOCKED,PARTIAL,4235.402,48.4669529945,51.375,51.375,27.8744414053,12.0,0.0,14.9019607843,21.1215686275,116.9113435325,116.9036006604,232.0050057893,No,On,266.640625,265.5223737398,152.6,TRACTION,48.46695299450002,13.865108094497998,1.4259233866608674,19.220684888098994,19.990970850136,29.389968753410006,0.0,0.0,106.11545984177101,105.34394687671201,216.46450797589492,266.640625,265.52237373980006,1.0,48.46695299450002,14.847058823521998,-0.3921568626914403,20.622627450981,49.369527276731986,30.582244746657,0.0,0.0,120.642480581178,118.55165936154197,243.96366702928003,266.640625,265.52237373980006,1.0
5,PARTIAL,LOCKED,4235.902,48.4669529945,50.0,50.0,30.8567800141,12.0,0.0,14.9019607843,20.4470588235,120.9090638602,115.7749070684,246.5103922669,No,On,266.640625,265.5223737398,152.6,TRACTION,48.46695299450002,14.642232277513,1.7164099516953826,20.412045949686,42.04420530914201,29.093526800487997,0.0,0.0,115.304468861531,113.06261493886,231.11199664286502,266.640625,265.52237373980006,1.0,48.46695299450002,14.650980392171999,-0.3921568626914403,20.284862745100998,25.793240589555,32.23571160353001,0.0,0.0,120.14128332560603,118.18133288111801,244.94311783290098,266.640625,265.52237373980006,1.0
5,LOCKED,PARTIAL,4235.913,48.4669529945,50.15625,50.15625,30.814672282,12.0,0.0,14.9019607843,20.4901960784,120.9118692193,115.6743304117,246.4741726971,No,On,266.640625,265.5223737398,152.6,TRACTION,48.46695299450002,14.657918552022998,1.7164099516953826,20.428281243803,42.369205309142,29.103135551020998,0.0,0.0,115.47303057031898,113.20621605428799,231.488312995656,266.640625,265.52237373980006,1.0,48.46695299450001,14.648445236695958,-0.39611804312266696,20.282788671027273,25.547149585409088,32.25006553607071,0.0,0.0,120.13349962971012,118.20665613838486,244.9276526322525,266.640625,265.52237373980006,1.0
5,PARTIAL,LOCKED,4235.922,48.4669529945,49.689516129,49.689516129,30.8664114268,12.0,0.0,14.9019607843,20.5254901961,120.9141645131,115.4284763619,246.4445385036,No,On,266.640625,265.5223737398,152.6,TRACTION,48.46695299450002,14.673604826533,1.7164099516953826,20.444947910469,42.695689684141996,29.112463583340006,0.0,0.0,115.638791473576,113.34512359240202,231.85917937801298,266.640625,265.52237373980006,1.0,48.46695299450001,14.644484056264643,-0.39611804312266696,20.27748068924849,25.158708725193943,32.26204882036263,0.0,0.0,120.09381534945352,118.19920601566469,244.90183247111716,266.640625,265.52237373980006,1.0
5,LOCKED,OPEN,4272.663,40.7743776346,-273.2822580645,273.2822580645,0.0,12.0,675.00016875,0.0,5.2235294118,8.5811811852,16.6873436274,-15.2557293621,No,On,266.640625,265.5223737398,149.0,BRAKE,,,,,,,,,,,,,,,39.642390997601,0.0,0.0,7.690185383237999,133.609311159735,0.0,881.7181375964178,1050.0002625001,8.492689290742,10.883385089317999,-12.032589114807998,266.640625,265.52237373980006,1.0
5,OPEN,PARTIAL,4488.161,45.3600970333,76.3125,76.3125,0.3076719788,12.0,0.0,9.8039215686,11.7647058824,53.5014447774,59.9845466717,96.6206415553,No,On,266.640625,265.5223737398,152.6,TRACTION,44.967126375723,9.803921568600002,0.0,12.397018054749001,64.998294690859,0.0,0.0,0.0,54.031172219623,55.47321358416399,96.41517429761804,266.640625,265.52237373980006,1.0,45.53079258563132,9.764309764286873,-0.39611804312266696,12.492661399239395,67.9572549054707,18.90946611519697,0.0,0.0,54.16140480862324,55.70398983331212,93.8477276311212,266.640625,265.52237373980006,1.0
5,PARTIAL,LOCKED,4489.641,45.9814682256,49.5,49.5,20.8310459672,12.0,0.0,8.6274509804,11.3725490196,55.4291590571,49.7854450762,79.9797895591,No,On,266.640625,265.5223737398,152.6,TRACTION,45.827343802411995,9.341176470583001,-1.1051693404503107,12.039871332228001,64.73396420375299,21.067475693330998,0.0,0.0,55.48107531845299,54.47579665940799,87.17619648315699,266.640625,265.52237373980006,1.0,45.98492669234646,8.6274509804,0.0,11.200292823898991,44.44528853292223,21.744470080221213,0.0,0.0,52.815220212036365,50.77466740970001,81.9387719465293,266.640625,265.52237373980006,1.0
5,LOCKED,PARTIAL,4489.953,45.9814682256,50.875,50.875,21.175510609,12.0,0.0,8.6274509804,10.5098039216,53.8002020766,49.4512372273,81.2090598079,No,On,266.640625,265.5223737398,152.6,TRACTION,45.9814682256,8.968112497530301,-1.116332667121526,11.607995630220202,58.05805319003738,21.09778152989091,0.0,0.0,55.54660607853939,52.7754795178697,83.18324530375453,266.640625,265.52237373980006,1.0,46.02518301923501,8.6274509804,0.0,11.384430215572998,37.372554985631005,22.223526175004004,0.0,0.0,51.180892614383,49.863776804878,83.02752716185401,266.640625,265.52237373980006,1.0
5,PARTIAL,LOCKED,4490.082,45.9814682256,48.75,48.75,21.5471698277,12.0,0.0,8.6274509804,11.6598718695,53.1266910173,47.8701627208,81.7173157762,No,On,266.640625,265.5223737398,152.6,TRACTION,45.981468225600004,8.831372549029,-0.7130124777588703,11.480522040437002,56.38395035044099,21.060448243983,0.0,0.0,55.309490371283,51.50099880981401,82.22983456054,266.640625,265.52237373980006,1.0,46.073277149510005,8.6274509804,0.0,11.390185716612,31.803252963393003,22.445134345428997,0.0,0.0,50.508595470844995,50.754353359721996,83.43146115064101,266.640625,265.52237373980006,1.0
5,LOCKED,PARTIAL,4492.103,46.6028394178,56.4482758621,56.4482758621,22.8236152848,12.0,0.0,14.1176470588,20.0588235294,96.8825626052,93.9944732965,184.5380497492,No,On,266.640625,265.5223737398,152.6,TRACTION,46.602839417800006,10.014492010927272,5.2560168424436,13.822447342770706,13.245923459629292,22.481111722347478,0.0,0.0,67.04408614040202,55.61679108334747,118.39560262762123,266.640625,265.52237373980006,1.0,46.602839417800006,15.628054298611003,2.6285479226396102,21.900601507212006,96.89595854491401,28.566149322025,0.0,0.0,116.82932863718199,118.85249241436101,265.57963901875996,266.640625,265.52237373980006,1.0
5,PARTIAL,LOCKED,4493.172,46.6028394178,48.875,48.875,40.7193465992,12.0,0.0,17.2549019608,25.0029708853,137.3838599172,137.8257802949,360.9809126804,No,On,266.640625,265.5223737398,152.6,TRACTION,46.602839417800006,15.804524886847,3.0207047854310507,22.165171493623003,95.38479400919199,29.54544078885,0.0,0.0,119.035175224963,121.08881726665503,275.51197240265793,266.640625,265.52237373980006,1.0,47.094737143218005,18.109803921565995,1.274509803905135,27.139375129676004,19.704378232118998,42.276304412766,0.0,0.0,165.10435296486298,172.02493074024497,399.79973825861487,266.640625,265.52237373980006,1.0
5,LOCKED,PARTIAL,4499.482,50.3310665712,52.75,52.75,24.1417024378,12.0,0.0,10.5882352941,10.5411764706,118.0911680354,94.5923456448,253.4216056006,No,On,266.640625,265.5223737398,152.6,TRACTION,50.26175978437799,15.961890397203002,-7.260589809595151,23.915215686246007,11.34506102179,40.935902667648996,0.0,0.0,168.58895424782898,178.29939351924196,376.924165435879,266.640625,265.52237373980006,1.0,50.329170862477966,10.040988146659327,-1.8775582085014593,15.711280420166101,55.55615855725424,20.468221873399994,0.0,0.0,91.43023797730167,61.78960854014915,163.9707588983508,266.640625,265.5223737398,1.0
5,PARTIAL,LOCKED,4499.533,50.3310665712,49.703125,49.703125,23.4893158671,12.0,0.0,10.5882352941,11.7019607843,112.4293192076,79.2879310473,237.4519752417,No,On,266.640625,265.5223737398,152.6,TRACTION,50.29871857595756,15.564595172454544,-7.333929100601162,22.9999603881697,13.366345443971717,39.794507577250506,0.0,0.0,164.36095469041413,173.1476906290404,367.71558209727266,266.640625,265.52237373980006,1.0,50.3289953338926,9.990317114488892,-2.0514061907701127,16.12812011048704,55.96328681375001,20.172333676238882,0.0,0.0,89.28029222693702,59.50497072072222,156.5870721868629,266.640625,265.52237373979995,1.0
5,LOCKED,PARTIAL,4499.832,50.3310665712,52.75,52.75,19.752327747,12.0,0.0,9.8039215686,17.7713065424,83.5910242327,84.9694644785,143.8261031375,No,On,266.640625,265.5223737398,152.6,TRACTION,50.33106657119998,13.252086475621995,-8.132049504593743,19.572542654253997,19.630069450562,32.456517126367,0.0,0.0,135.295561490596,138.699090650109,299.599876655262,266.640625,265.52237373980006,1.0,50.32640628725833,9.700435729833332,-0.9845818667386221,15.240309325050001,88.90371983806249,18.547718454579165,0.0,0.0,81.29208885318333,36.9627437118375,115.92698764291667,266.640625,265.5223737398,1.0
5,PARTIAL,OPEN,4516.261,44.1173546489,42.875,42.875,0.0,12.0,0.0,13.3333333333,14.1176470588,79.4204878132,82.3188505045,147.2655206381,No,On,266.640625,265.5223737398,150.8,TRACTION,,,,,,,,,,,,,,,44.11735464889999,13.190730837772733,-0.44013115903408107,15.532497107687876,106.32193253095555,0.0,0.0,0.0,77.41379017857373,77.00175660321314,150.91273187016867,266.640625,265.52237373980006,1.0
5,OPEN,PARTIAL,4548.451,45.782629444,623.0,623.0,1.7030603834,12.0,0.0,15.9477124183,24.4290657439,144.336475437,176.5866539334,256.8823599911,No,On,266.640625,265.5223737398,149.0,TRACTION,45.33797621885899,22.326797385645996,-7.372819627772662,30.426571412907002,645.832370147455,0.0,0.0,0.0,178.258225953414,200.46424320749898,471.955100467362,266.640625,265.52237373980006,1.0,45.476655048169704,11.18802403119495,-3.868486142440409,15.276851413494947,269.5482333183343,17.624131664654545,0.0,0.0,109.9548989085313,85.99768280156768,148.00419929332222,266.640625,265.52237373980006,1.0
5,PARTIAL,LOCKED,4551.113,44.1173546489,47.5,47.5,23.6306253222,12.0,0.0,11.3725490196,14.1059988352,65.5663659794,67.4001646413,125.4272844742,No,On,266.640625,265.5223737398,149.0,TRACTION,44.729285778756,11.172549019623002,0.4901960783865897,13.887530964869997,80.525875090405,22.851834867029,0.0,0.0,66.46352454298899,68.241404070513,124.93733230809899,266.640625,265.52237373980006,1.0,44.21030660115799,11.3725490196,0.0,13.665278296446004,39.553044790257,24.246677682286006,0.0,0.0,66.18438451451699,68.16671772064,126.09449960032103,266.640625,265.52237373980006,1.0
5,LOCKED,PARTIAL,4556.361,41.6318698799,-51.375,51.375,7.5382800837,12.0,0.0,0.0,5.0267379679,14.7969227829,9.5547823884,-7.1879893431,No,On,266.640625,265.5223737398,149.0,BRAKE,42.182183397377,3.7875816993149987,-4.148462712465184,5.802882060655,13.127512463345,15.449984096411995,0.0,0.0,21.592416348515,19.532401319478,8.669442588197002,266.640625,265.52237373980006,1.0,41.070438117040396,0.0,0.0,7.281118573369696,88.79110318057477,0.006621238545454546,806.6893318698694,1425.0003562501,6.819960580113133,3.20860355739798,-16.019205398588888,266.640625,265.52237373980006,1.0
5,PARTIAL,OPEN,4556.371,41.6318698799,-48.01171875,48.01171875,0.0,12.0,0.0,0.0,5.1851851852,14.6326691514,9.0720144361,-7.4455037973,No,On,266.640625,265.5223737398,149.0,BRAKE,42.175969685455,3.740522875785999,-4.148462712465184,5.784129832490999,13.617512463345001,15.31511315843,0.0,0.0,21.463233465254998,19.446240650222002,8.306282732655001,266.640625,265.52237373980006,1.0,41.03851654224,0.0,0.0,7.305475143627998,89.484203993527,0.0065550261600000005,827.1224456761728,1425.0003562501,6.6308064593900005,3.120507499215,-16.270480708572,266.640625,265.52237373980006,1.0
5,OPEN,PARTIAL,4556.382,41.6318698799,-52.4583333333,52.4583333333,0.655502616,12.0,0.0,0.0,5.3594771242,14.4519901567,8.113183642,-7.6376801349,No,On,266.640625,265.5223737398,149.0,BRAKE,42.168912689709096,3.6832376047757567,-4.190366376227459,5.745673715617171,14.19247781610303,15.049239584084848,0.0,0.0,21.271769673646464,19.381065255671718,7.807646408694951,266.640625,265.52237373980006,1.0,41.018226870657,0.0,0.0,7.326390176307999,89.998448785194,0.0,841.3724492386738,1425.0003562501,6.498922915625999,3.054126905781,-16.43682890544,266.640625,265.52237373980006,1.0
5,PARTIAL,OPEN,4556.392,41.6318698799,-59.5,59.5,0.0,12.0,0.0,0.0,5.5179243415,14.2877365252,8.2975741794,-7.8123858963,No,On,266.640625,265.5223737398,149.0,BRAKE,42.163542261611,3.6464052287279993,-4.148462712465184,5.7418117497029995,14.575136371275,14.905302214403997,0.0,0.0,21.203571878477,19.268386439535,7.653193143259001,266.640625,265.52237373980006,1.0,40.9966690946,0.0,0.0,7.345720736814999,90.43594878519397,0.0,855.6224528011746,1425.0003562501,6.368649823988001,2.9865170420969998,-16.60127765582,266.640625,265.52237373980006,1.0
5,PARTIAL,LOCKED,4570.932,43.0361687744,49.125,49.125,38.3443535428,12.0,0.0,17.2549019608,23.8633275092,159.7024102918,163.0012349903,344.8936780059,No,On,266.640625,265.5223737398,149.0,TRACTION,43.21651297320201,17.2549019608,0.0,23.877978696392006,88.48467236428702,35.499581261783995,0.0,0.0,157.45126208393202,158.698076192537,339.9111839220461,266.640625,265.52237373980006,1.0,43.49076393858601,17.2549019608,0.0,23.345282763585995,30.605932207663997,39.013334562779,0.0,0.0,159.668281612447,159.413375315613,345.59785694886904,266.640625,265.52237373980006,1.0
5,LOCKED,PARTIAL,4589.432,44.1173546489,55.5,55.5,24.4660544237,12.0,0.0,9.8039215686,6.9411764706,92.4924943604,95.8600305889,204.22396037,No,On,266.640625,265.5223737398,149.0,TRACTION,44.11735464889999,15.583006535921005,-6.439441096244845,19.985314649100996,18.507905233509,36.581028271004,0.0,0.0,140.11486327335598,146.522107966524,287.20844801110104,266.640625,265.52237373980006,1.0,43.659898740387,5.259301156363,-5.720687264817238,5.705568627454,23.76248460849,20.876308574871,0.0,0.0,40.844891889572004,34.566096903679,79.30720456915698,266.640625,265.52237373980006,1.0
5,PARTIAL,LOCKED,4589.682,44.1173546489,43.5,43.5,22.6802772019,12.0,0.0,5.4901960784,4.431372549,58.5667960456,42.6953315122,134.2363111685,No,On,266.640625,265.5223737398,149.0,TRACTION,44.11735464889999,13.367194570120999,-10.884780615087971,15.649393080475997,33.307294934448,32.749339812675004,0.0,0.0,120.85222885770398,125.26161531531402,251.20694494092996,266.640625,265.52237373980006,1.0,43.349213144261995,4.380995475114999,-1.3466489936981254,5.587087064418999,6.871364992471,19.365541112295,0.0,0.0,27.238638845403,22.805034985269995,42.149361855097986,266.640625,265.52237373980006,1.0
5,LOCKED,OPEN,4591.281,42.2532410721,-16.7291666667,16.7291666667,0.0,12.0,0.0,4.3137254902,6.6352941176,18.3693964929,19.5453969558,18.3085256757,No,On,266.640625,265.5223737398,149.0,TRACTION,42.771429139541,4.3137254902,0.0,5.884722887974,16.520103273152,15.069320969775,0.0,0.0,19.369564259304003,18.336685303242003,19.060367279765003,266.640625,265.52237373980006,1.0,41.887196951605056,4.3137254902,0.0,5.992633155173736,15.687893127607074,0.006420594952525253,0.0,0.0,18.651066140044442,19.026861655338386,16.863056975874745,266.640625,265.52237373980006,1.0
5,OPEN,LOCKED,4591.292,42.2532410721,-14.4090909091,14.4090909091,0.6356389003,12.0,0.0,4.3137254902,6.7647058824,18.3888637759,19.5453969558,18.2739278776,No,On,266.640625,265.5223737398,149.0,TRACTION,42.759001715695995,4.3137254902,0.0,5.871271907581001,16.593201391432,14.87868698514,0.0,0.0,19.32356268074,18.358812167720004,19.051686377710002,266.640625,265.52237373980006,1.0,41.88092047491617,4.3137254902,0.0,5.99283121419495,15.755974972448486,0.0,0.0,0.0,18.644023727864646,19.015686471258586,16.839565211263636,266.640625,265.52237373980006,1.0
5,LOCKED,OPEN,4591.302,42.2532410721,-10.625,10.625,0.0,12.0,0.0,4.3137254902,7.0588235294,18.4065613059,19.5453969558,18.2424753339,No,On,266.640625,265.5223737398,149.0,TRACTION,42.74657429185099,4.3137254902,0.0,5.8595072016989995,16.638971988023,14.694335737529,0.0,0.0,19.278667370835002,18.380939032198004,19.042659497674002,266.640625,265.52237373980006,1.0,41.87464399822728,4.3137254902,0.0,5.990929847587879,15.863068636360609,0.0,0.0,0.0,18.63645382251111,19.004511287178786,16.816299990771718,266.640625,265.52237373980006,1.0
5,OPEN,PARTIAL,4603.861,49.0883241867,72.4090909091,72.4090909091,1.4752326975,12.0,0.0,7.0588235294,10.8134342846,40.127724359,47.8582665571,68.0940667649,No,On,266.640625,265.5223737398,149.0,TRACTION,49.15068051188002,12.560770601957993,-25.89015064940666,19.391124442622,290.00349760707303,0.0,0.0,0.0,106.17917348900899,132.794044254293,457.5532418819879,266.640625,265.52237373980006,1.0,49.08003923747261,7.0588235294,0.0,11.93913847034286,51.51934426530596,0.5845957241583333,0.0,0.0,40.01552402029406,30.088297058476194,65.1118744786869,266.640625,265.52237373980006,1.0
5,PARTIAL,OPEN,4603.931,49.0883241867,55.75,55.75,0.0,12.0,0.0,7.0588235294,10.9209744504,40.0534054487,41.7759811114,67.6049466028,No,On,266.640625,265.5223737398,149.0,TRACTION,49.152104487528014,10.860318113268995,-24.12209299905448,17.591057769289,251.99858414608698,0.489150939608,0.0,0.0,92.66773010530999,114.14482496369497,394.46911087362804,266.640625,265.52237373980006,1.0,49.07928606027013,7.0588235294,0.0,12.050905747572731,50.56778721111039,0.021638695662337663,0.0,0.0,40.0092398652961,28.798000656300005,64.86653791204675,266.640625,265.52237373980006,1.0
5,OPEN,PARTIAL,4603.943,49.0883241867,56.1060606061,56.1060606061,1.666179566,12.0,0.0,7.0588235294,11.2537136067,40.0406650641,40.7562568294,67.5210974321,No,On,266.640625,265.5223737398,149.0,TRACTION,49.152748732990915,10.436579331419189,-23.66954303431582,17.15888348270606,242.87037614280908,0.494091858189899,0.0,0.0,89.58654072778988,109.51743527316968,380.59586046769397,266.640625,265.52237373980006,1.0,49.07916713755395,7.0588235294,0.0,12.06139511784737,50.494915192755265,0.0,0.0,0.0,40.00882637583817,28.64065518033816,64.83160949730922,266.640625,265.52237373980006,1.0
5,PARTIAL,OPEN,4603.953,49.0883241867,53.65,53.65,0.0,12.0,0.0,7.0588235294,11.5309962369,40.0300480769,39.0907939117,67.4512231232,No,On,266.640625,265.5223737398,149.0,TRACTION,49.152104487528014,10.402801773398997,-23.43284760397266,17.099831783946,241.002732987442,0.505812735268,0.0,0.0,89.09108197115297,108.82982348873198,377.46511283733804,266.640625,265.52237373980006,1.0,49.07904504356534,7.0588235294,0.0,12.068467102926668,50.452847395325335,0.0,0.0,0.0,40.00854341982401,28.501319997253333,64.79668131563066,266.640625,265.52237373980006,1.0
5,PARTIAL,LOCKED,4681.502,45.9814682256,48.0,48.0,30.7298719882,12.0,0.0,15.2941176471,20.3921568627,121.6359794092,120.2226303322,248.7036873143,No,On,266.640625,265.5223737398,150.8,TRACTION,46.073110052360995,15.294117647099995,0.0,20.639894895351002,92.58772337209099,28.854406549188997,0.0,0.0,119.77677580181202,120.23231990413801,248.602533203691,266.640625,265.52237373980006,1.0,46.044031776027005,15.274509803959996,-3.566647421848756e-11,20.014582293523002,32.502080225134,32.002852850983004,0.0,0.0,121.72809868855202,120.02354425643702,247.55787884184204,266.640625,265.52237373980006,1.0
5,LOCKED,PARTIAL,4688.591,45.3600970333,50.125,50.125,27.3753076069,12.0,0.0,15.6862745098,20.0,115.5997538183,118.8212622486,246.582916106,No,On,266.640625,265.5223737398,150.8,TRACTION,45.587280734688,14.230467571626004,2.323406441045579,18.483477124186,9.731962136485,29.753609889925997,0.0,0.0,101.89477945735102,99.34412582962999,218.17776472205705,266.640625,265.52237373980006,1.0,45.3600970333,15.686274509800006,0.0,20.235214894017002,63.713050520907,30.508590483866996,0.0,0.0,118.657349226761,117.60026375387497,251.33300607390294,266.640625,265.52237373980006,1.0
5,PARTIAL,LOCKED,4688.601,45.3600970333,47.560483871,47.560483871,26.9951500829,12.0,0.0,15.6862745098,20.0,115.6619272508,118.5861643135,246.6777794049,No,On,266.640625,265.5223737398,150.8,TRACTION,45.577022566170704,14.263296616220206,2.3468751929753324,18.504760018488888,10.22591483320404,29.758856754931312,0.0,0.0,102.39031344111515,99.77845002332727,219.0314559003546,266.640625,265.52237373980006,1.0,45.3600970333,15.686274509800004,0.0,20.237590802037378,63.876207759794944,30.544079780846463,0.0,0.0,118.68760601439698,117.59030516236363,251.38002856550906,266.640625,265.52237373980006,1.0
5,LOCKED,PARTIAL,4688.613,45.3600970333,53.6814516129,53.6814516129,26.9951500829,12.0,0.0,15.6862745098,20.0,115.7365353698,118.0099438844,246.7916153636,No,On,266.640625,265.5223737398,150.8,TRACTION,45.574853310842,14.277526395156006,2.323406441045579,18.519712418304,10.599260523582,29.731219688211,0.0,0.0,102.523029579212,99.96652716622899,219.30791913540006,266.640625,265.52237373980006,1.0,45.3600970333,15.686274509800006,0.0,20.235214894017005,63.30292804106801,30.643229134836997,0.0,0.0,118.76736224206401,117.671112843798,251.5022421992159,266.640625,265.52237373980006,1.0
5,PARTIAL,LOCKED,4689.252,45.3600970333,49.75,49.75,32.2346385812,12.0,0.0,15.6862745098,20.3921568627,119.709417705,118.7475060336,252.8533801661,No,On,266.640625,265.5223737398,150.8,TRACTION,45.451121821097004,15.678431372546006,0.32679738559106125,20.404434937599,53.695937022006994,29.297680713101997,0.0,0.0,116.128579968423,114.09940278627198,245.54602116961595,266.640625,265.52237373980006,1.0,45.3600970333,15.686274509800004,0.0,20.08670583833232,24.51186757564647,33.621231312519186,0.0,0.0,121.68493151457474,120.960115217399,254.91584243515854,266.640625,265.52237373980006,1.0
5,LOCKED,PARTIAL,4689.261,45.3600970333,50.171875,50.171875,32.1948701675,12.0,0.0,15.6862745098,20.3921568627,119.7653737942,118.7475060336,252.9387571351,No,On,266.640625,265.5223737398,150.8,TRACTION,45.448263513612,15.682352941173002,0.32679738559106125,20.406160427794998,54.159687022007,29.283630181662,0.0,0.0,116.24114372659,114.35386172777201,245.79559616764197,266.640625,265.52237373980006,1.0,45.3600970333,15.686274509800002,0.0,20.083588991144897,24.25003076519388,33.63578601808061,0.0,0.0,121.70451883825203,120.98269286213163,254.93601677495508,266.640625,265.52237373980006,1.0
5,PARTIAL,LOCKED,4689.272,45.3600970333,49.3951612903,49.3951612903,32.2504289807,12.0,0.0,15.6862745098,20.3921568627,119.8337645699,118.7475060336,253.0431067639,No,On,266.640625,265.5223737398,150.8,TRACTION,45.444286737981,15.686274509800006,0.32679738559106125,20.405768270932,54.628593272007,29.270913061738,0.0,0.0,116.350942162005,114.602598204321,246.04073675391098,266.640625,265.52237373980006,1.0,45.3600970333,15.686274509800006,0.0,20.077995642695,23.51104564225,33.668234908171,0.0,0.0,121.77646385037899,121.09032407716201,254.96276048131395,266.640625,265.52237373980006,1.0
5,LOCKED,PARTIAL,4700.371,44.7387258411,64.625,64.625,15.185905029,12.0,0.0,3.137254902,3.9215686275,33.1905324836,16.5260019072,15.903534014,No,On,266.640625,265.5223737398,149.0,TRACTION,45.25877294962901,6.775942684764,-10.961322628354853,6.629895460146002,7.458556665444002,21.659803521321997,0.0,0.0,52.09231795513901,52.777867178053,62.83965767888101,266.640625,265.52237373980006,1.0,45.09779832555715,3.1372549019999996,0.0,3.9215686275000006,73.77399553571429,14.779443226628572,0.0,0.0,31.940403988485713,17.8408466431,14.197357898342856,266.640625,265.5223737398,1.0
5,PARTIAL,OPEN,4705.953,39.7677563032,-242.875,242.875,0.0,12.0,1200.0003000001,0.0,4.4470588235,12.8564508174,20.6517401798,-9.2049423037,No,On,266.640625,265.5223737398,149.0,BRAKE,,,,,,,,,,,,,,,38.90432050738043,0.0,0.0,7.664542507108695,149.59328997925218,0.0,1318.6352401447612,1350.0003375001,13.61196039978261,13.983843447434785,-7.702104525489131,266.640625,265.5223737397999,1.0
5,PARTIAL,OPEN,4889.741,42.2532410721,595.78125,595.78125,0.0,12.0,0.0,21.1764705882,29.0196078431,179.0327511947,177.5219898042,500.7270612383,No,On,266.640625,265.5223737398,147.2,TRACTION,41.859367822515004,21.176470588200004,0.0,28.341868359360998,488.89843067708097,9.847692514309,0.0,0.0,180.105305779038,173.922950408298,483.63407058318705,266.640625,265.52237373980006,1.0,42.641780823521,21.176470588200004,0.0,29.393205202891004,612.8437480444779,0.0046725227720000005,0.0,0.0,180.96692600073698,181.39775091368702,499.89224872820307,266.640625,265.52237373980006,1.0
5,OPEN,PARTIAL,4889.752,42.2532410721,597.9072580645,597.9072580645,0.4672522772,12.0,0.0,21.1764705882,29.0506697729,179.0859217807,178.1212590505,500.7106377896,No,On,266.640625,265.5223737398,147.2,TRACTION,41.865581534437005,21.176470588200004,0.0,28.357633857479,490.516743177081,9.69087045372,0.0,0.0,180.06604147038797,173.961925214614,483.991682692362,266.640625,265.52237373980006,1.0,42.64570546747475,21.176470588200004,0.0,29.3966651567293,612.9946216806394,0.0,0.0,0.0,180.9859260433636,181.43084679109293,499.8839821720273,266.640625,265.52237373980006,1.0
5,PARTIAL,OPEN,4889.76,42.2532410721,604.875,604.875,0.0,12.0,0.0,21.1764705882,29.0817317026,179.1245912978,177.9599173303,500.6986934633,No,On,266.640625,265.5223737398,147.2,TRACTION,41.871795246359,21.176470588200004,0.0,28.373242477165,492.15627030318103,9.538454818428999,0.0,0.0,180.028056115827,174.00986675431702,484.34459400388005,266.640625,265.52237373980006,1.0,42.656818006374,21.176470588200004,0.0,29.400116482254006,612.9401996573811,0.0,0.0,0.0,180.96663098100495,181.49203544609597,499.80856137212197,266.640625,265.52237373980006,1.0
5,OPEN,PARTIAL,4893.102,44.7387258411,496.7701612903,496.7701612903,1.0468450064,12.0,0.0,12.5490196078,16.1793826441,101.261344619,120.2226303322,270.2817655596,No,On,266.640625,265.5223737398,147.2036,TRACTION,44.63559180087373,19.376952023982827,-7.836911618317423,27.043548502784855,522.1615823357354,0.0,0.0,0.0,147.1068761676212,164.74021836233635,411.35447869826464,266.640625,265.52237373980006,1.0,44.956376330857005,8.916339869246002,-4.531053550626263,10.145139674751999,164.638615260907,16.922453338803,0.0,0.0,65.66166909986099,61.12087195574401,118.719857832522,266.640625,265.52237373980006,1.0
5,PARTIAL,LOCKED,4893.731,44.7387258411,43.5,43.5,18.4356569782,12.0,0.0,8.2352941176,10.1960784314,57.8306306026,44.8723294689,66.7923249159,No,On,266.640625,265.5223737398,147.2,TRACTION,44.92543204548299,12.402388134717002,-12.221951279170215,15.874942655647999,344.8230568879299,11.043617733594001,0.0,0.0,91.212925581881,103.228037432857,223.99587224238897,266.640625,265.52237373980006,1.0,44.769670126474004,8.235294117600002,0.0,9.591348001462002,44.124318969063005,13.027779900603997,0.0,0.0,47.46765432183499,45.23395730487199,65.144865456058,266.640625,265.52237373980006,1.0
5,LOCKED,PARTIAL,4894.079,44.7387258411,50.75,50.75,13.5157047594,12.0,0.0,8.2352941176,9.2745098039,50.4921719373,50.1542261509,65.7615151651,No,On,266.640625,265.5223737398,147.2,TRACTION,44.956376330857005,9.048366013037002,-4.966783398156845,10.366043965181,178.11075176964303,16.527310286977,0.0,0.0,67.226086283887,63.37735115618901,124.981737110883,266.640625,265.52237373980006,1.0,44.73872584109999,8.235294117600002,0.0,9.78051992562727,44.98622874934949,11.626323112601012,0.0,0.0,41.33205481358788,43.37575993351414,61.98199984764444,266.640625,265.52237373980006,1.0
5,PARTIAL,LOCKED,4894.11,44.7387258411,49.0,49.0,13.1349806817,12.0,0.0,8.2352941176,9.1529411765,49.8384586653,49.4397128187,65.6696901585,No,On,266.640625,265.5223737398,147.2,TRACTION,44.956376330857005,8.916339869246002,-4.531053550626263,10.145139674751999,164.638615260907,16.922453338803,0.0,0.0,65.66166909986099,61.12087195574401,118.719857832522,266.640625,265.52237373980006,1.0,44.73872584109999,8.235294117600002,0.0,9.775370391064644,44.98980929916565,11.59184017041616,0.0,0.0,40.84111351352525,43.23560449984545,61.58312211469597,266.640625,265.52237373980006,1.0
5,LOCKED,PARTIAL,4895.04,44.7387258411,51.75,51.75,12.3497372714,12.0,0.0,8.2352941176,9.0980392157,34.5282061688,48.4887632331,53.7787747553,No,On,266.640625,265.5223737398,147.2,TRACTION,44.73872584109999,8.235294117600002,0.0,9.788401000881999,44.963357503828,11.699424858953998,0.0,0.0,42.09018133027999,43.54049832982599,62.516841331144995,266.640625,265.52237373980006,1.0,44.41653337106969,6.582161484119192,-2.59443980965314,7.971756783518181,29.291769356555562,11.06484380070606,0.0,0.0,29.361435462265657,33.092589250242426,43.004764813592914,266.640625,265.52237373980006,1.0
5,PARTIAL,LOCKED,4895.08,44.7387258411,49.875,49.875,12.2466245003,12.0,0.0,8.2352941176,9.0196078431,33.9803165584,45.3370233634,52.7963509036,No,On,266.640625,265.5223737398,147.2,TRACTION,44.73872584109999,8.235294117600002,0.0,9.78051992562727,44.98622874934949,11.626323112601012,0.0,0.0,41.33205481358788,43.37575993351414,61.98199984764444,266.640625,265.52237373980006,1.0,44.38868673616,6.461437908494,-2.5684954115566088,7.962392156860999,27.91613538733,10.983851048898,0.0,0.0,29.031348235238003,32.134233661447,42.25820558619001,266.640625,265.52237373980006,1.0
5,LOCKED,PARTIAL,4895.1,44.7387258411,50.6041666667,50.6041666667,12.2352934266,12.0,0.0,8.2352941176,9.0196078431,33.7063717532,44.8760470201,52.3051389777,No,On,266.640625,265.5223737398,147.2,TRACTION,44.73872584109999,8.235294117600002,0.0,9.770871589114996,45.027286206174,11.61983006042,0.0,0.0,41.094516586654,43.34305175284899,61.757929516641006,266.640625,265.52237373980006,1.0,44.376259312315995,6.406535947710001,-2.5684954115566088,7.954549019607,27.292907200287,10.948593279843,0.0,0.0,28.885927160899005,31.732106152942002,41.92845935649,266.640625,265.52237373980006,1.0
5,PARTIAL,LOCKED,4895.2,44.7387258411,48.75,48.75,12.1281770095,12.0,0.0,7.4509803922,8.3607843137,32.3366477273,44.2537289566,49.8490793484,No,On,266.640625,265.5223737398,147.2,TRACTION,44.73872584109999,8.226143790804,-0.3195352214470619,9.750636294998001,45.43789154891601,11.528189119990001,0.0,0.0,39.493656956994,43.004192452164986,60.31885435685301,266.640625,265.52237373980006,1.0,44.31412219309599,6.149019607840001,-1.7587641117229544,7.953250148545999,23.611425084743004,10.789335416101999,0.0,0.0,28.219524081556003,29.682187030116,40.379315682203995,266.640625,265.52237373980006,1.0
5,LOCKED,OPEN,4899.152,42.8112070407,-28.314516129,28.314516129,0.0,12.0,0.0,3.9215686275,7.0310952664,17.6865985577,18.0702726573,13.0324795386,No,On,266.640625,265.5223737398,147.2,TRACTION,42.921461066353,4.112820512848,-0.7130124776679619,6.748428948776,29.658228731364,10.459858916579996,0.0,0.0,18.482804799054996,17.175407557849,13.820556772548999,266.640625,265.52237373980006,1.0,42.262751855656,2.3385620915320002,-3.691820162494594,6.518290562383002,40.411229508778,0.0033861634559999997,0.0,0.0,14.266481850962998,13.774213674584999,8.413492844304999,266.640625,265.52237373980006,1.0
5,OPEN,LOCKED,4899.16,42.7097586828,-27.8508064516,27.8508064516,0.3386163456,12.0,0.0,3.9215686275,6.9994058229,17.6769831731,18.0702726573,13.0501987494,No,On,266.640625,265.5223737398,147.2,TRACTION,42.915247354430996,4.104977375594,-0.7130124776679619,6.7551629555099995,29.697180344267004,10.354887849433997,0.0,0.0,18.458502418240002,17.172609908317,13.758979243803,266.640625,265.52237373980006,1.0,42.258186679549,2.2993464052570003,-3.691820162494595,6.526727876703001,40.964858541036,0.0,0.0,0.0,14.177320612982001,13.619325623236996,8.229303193386999,266.640625,265.52237373980006,1.0
5,LOCKED,OPEN,4899.172,42.5575861459,-25.125,25.125,0.0,12.0,0.0,3.9215686275,6.9518716578,17.6625600962,18.0702726573,13.0767775656,No,On,266.640625,265.5223737398,147.2,TRACTION,42.90617904917172,4.090985267485859,-0.7202146239070323,6.762418753261617,29.8071469753101,10.250840281412119,0.0,0.0,18.41857381899899,17.163157256647477,13.646636402615147,266.640625,265.52237373980006,1.0,42.255143228810994,2.2601307189820004,-3.691820162494594,6.5356405326740035,41.569858541036,0.0,0.0,0.0,14.086906730770004,13.464437571888999,8.040731128357,266.640625,265.52237373980006,1.0
5,OPEN,PARTIAL,4999.361,47.22421061,416.4310344828,416.4310344828,1.2772678737,12.0,0.0,17.2549019608,25.6,150.44921875,151.7593602956,266.982353025,No,On,266.640625,265.5223737398,149.0,TRACTION,47.147284856407005,19.127731092431,-1.25116713349392,26.994771241820008,424.69635503273406,0.0,0.0,0.0,154.48199035908902,153.79997821812998,339.405411616892,266.640625,265.52237373980006,1.0,47.411779423837,14.925145442811997,-2.8580787404592933,20.354642530931,268.07535282782703,19.340544144792,0.0,0.0,126.738632307712,108.97714914349801,234.30343434287897,266.640625,265.52237373980006,1.0
5,PARTIAL,LOCKED,5002.121,47.8455818023,49.75,49.75,29.1707162413,12.0,0.0,14.5098039216,19.6078431373,108.3093664148,105.4280013379,226.79998802,No,On,266.640625,265.5223737398,149.0,TRACTION,47.75156626582627,14.509803921599998,0.0,19.607843137299998,78.83599129771112,27.82139294981414,0.0,0.0,107.80138120353939,107.81548861366363,224.76435849768689,266.640625,265.52237373980006,1.0,47.84558180230001,14.509803921599998,0.0,19.520117647089002,37.168205412107,30.828466069697004,0.0,0.0,109.260931326183,109.81965351138801,228.45651676671704,266.640625,265.52237373980006,1.0
5,LOCKED,PARTIAL,5013.651,47.22421061,50.25,50.25,25.0099459633,12.0,0.0,14.1176470588,19.2389827218,94.2300649309,107.2691950855,198.0731620761,No,On,266.640625,265.5223737398,149.0,TRACTION,47.22421061000001,12.836199095016,1.8748571689978832,17.596385151998003,17.752831484692003,27.087661255156,0.0,0.0,88.146954123699,88.431452741585,184.679736951426,266.640625,265.52237373980006,1.0,47.22421061000001,14.092356445275756,-0.5924842525661072,19.198404701096973,57.96595160458182,28.116858350532322,0.0,0.0,97.29000157977272,103.46376410963836,206.31071196381313,266.640625,265.52237373980006,1.0
5,PARTIAL,LOCKED,5013.659,47.22421061,46.59375,46.59375,25.0002962747,12.0,0.0,14.1176470588,19.1958803724,94.3471324846,107.3890489348,198.3133702082,No,On,266.640625,265.5223737398,149.0,TRACTION,47.22421061000001,12.855806938153,1.8748571689978835,17.612264779176,18.124081484692,27.070347374478,0.0,0.0,88.23642253397901,88.69000623766402,184.922961939587,266.640625,265.52237373980006,1.0,47.22421061000001,14.084434084412123,-0.7956217106517188,19.194643580282833,57.83242887730909,28.17335938920505,0.0,0.0,97.28466609192725,103.433656848999,206.28342558383633,266.640625,265.52237373980006,1.0
5,LOCKED,PARTIAL,5013.67,47.22421061,51.4583333333,51.4583333333,25.0099459633,12.0,0.0,14.1176470588,19.1523073876,94.508100371,107.6840737945,198.6436563898,No,On,266.640625,265.5223737398,149.0,TRACTION,47.22421061000001,12.87541478129,1.8748571689978835,17.628218923611,18.463607694369,27.053454029613,0.0,0.0,88.32691762877201,88.94625640152701,185.167130857958,266.640625,265.52237373980006,1.0,47.22421061000001,14.076511723548485,-0.7956217106517188,19.190322292539395,57.646217808285854,28.22979347768687,0.0,0.0,97.2767597066899,103.40013129675859,206.24904661540606,266.640625,265.52237373980006,1.0
5,PARTIAL,LOCKED,5014.18,47.22421061,49.5,49.5,28.2331900672,12.0,0.0,14.1176470588,19.6078431373,99.3384255573,104.6829588422,213.9569248127,No,On,266.640625,265.5223737398,149.0,TRACTION,47.22421061000001,13.847963800888001,1.4827003062707766,18.932293846917002,44.546411790667996,26.802149226904998,0.0,0.0,94.467682508804,97.786234135837,198.845918382562,266.640625,265.52237373980006,1.0,47.22421061000001,13.37538278712121,-1.6508765766229134,17.742982040456564,30.793627625227273,29.18401285058081,0.0,0.0,93.55163332610609,99.95165899517374,194.22816688886064,266.640625,265.52237373980006,1.0
5,LOCKED,PARTIAL,5014.21,47.22421061,52.375,52.375,28.4461318458,12.0,0.0,14.1176470588,19.6078431373,98.9876094745,105.3596355058,215.368147589,No,On,266.640625,265.5223737398,149.0,TRACTION,47.22421061000001,13.890196078414,1.3922025686370858,19.018024772952,45.622943870977004,26.813281148441,0.0,0.0,94.81968876159503,98.30723938419902,199.725206309522,266.640625,265.52237373980006,1.0,47.22421061000001,13.320060331797995,-1.6343678108566844,17.651826729853,29.262180344271002,29.15332449386801,0.0,0.0,93.17928322638099,99.298693943379,192.681686571655,266.640625,265.52237373980006,1.0
5,PARTIAL,LOCKED,5014.312,47.22421061,49.5,49.5,29.3157539852,12.0,0.0,14.1176470588,19.3787614056,97.794834793,105.4713873466,211.4169217893,No,On,266.640625,265.5223737398,149.0,TRACTION,47.22421061000001,14.01861754800808,1.1523433982998588,19.26201277458182,49.39020680319495,26.914987008372727,0.0,0.0,95.8881128376596,100.32775284615052,202.62415497266164,266.640625,265.52237373980006,1.0,47.22421061000001,13.163197586697997,-1.6343678108566844,17.384888271295,24.844734527738996,29.038304799035,0.0,0.0,92.142018174613,97.54192499523398,188.353252663841,266.640625,265.52237373980006,1.0
5,LOCKED,PARTIAL,5014.34,47.22421061,51.0,51.0,29.3520134212,12.0,0.0,14.1176470588,19.2156862745,97.467406449,105.4944361638,210.1153415258,No,On,266.640625,265.5223737398,149.0,TRACTION,47.22421061000001,14.043137254880003,1.1408199643168602,19.293482282691,50.002993395964985,26.968518284225997,0.0,0.0,96.07096204339202,100.72157937013903,203.16310621042095,266.640625,265.52237373980006,1.0,47.22421061000001,13.116138763167996,-1.6343678108566844,17.312009218683002,23.575299043867993,28.993059730203,0.0,0.0,91.841280419346,97.04276940156798,187.12329030490596,266.640625,265.52237373980006,1.0
5,PARTIAL,LOCKED,5014.4,47.22421061,49.375,49.375,29.8505806659,12.0,0.0,14.1176470588,19.2156862745,96.7657742834,105.1739832542,207.3262409613,No,On,266.640625,265.5223737398,149.0,TRACTION,47.22421061000001,14.094117647037,0.7843137254828788,19.35054314268,52.350411712192006,27.054694956253,0.0,0.0,96.49839142127398,101.72498360255601,204.32992594634794,266.640625,265.52237373980006,1.0,47.22421061000001,13.022021116107998,-1.6343678108566844,17.165579010956,21.106520818061,28.883728210018997,0.0,0.0,91.25460838189599,96.05929282048803,184.763037194709,266.640625,265.52237373980006,1.0
5,LOCKED,PARTIAL,5020.27,46.6028394178,57.75,57.75,26.6376547063,12.0,0.0,16.0784313725,21.3137254902,149.0146849066,121.2813889013,355.8022502334,No,On,266.640625,265.5223737398,147.2,TRACTION,46.602839417800006,14.046553773016008,2.475407671478088,18.705024757372,14.976543392599002,29.392218580547002,0.0,0.0,109.67408875794399,103.56012555663501,245.601886716176,266.640625,265.52237373980006,1.0,46.75002392637374,23.80803556382525,17.218262743775213,37.8220958717,88.85956897037273,41.342902508887875,0.0,0.0,199.99424296559692,219.26506954297878,559.4616312162879,266.640625,265.52237373980006,1.0
5,PARTIAL,LOCKED,5020.771,46.6028394178,40.625,40.625,49.8830692111,12.0,0.0,21.9607843137,34.354494273,205.208279305,192.6535382729,559.3217455719,No,On,266.640625,265.5223737398,147.7665338645,TRACTION,46.602839417800006,16.475689755553535,8.535376875631792,23.130970387593937,50.045954211596964,32.645257604642424,0.0,0.0,149.42585963832926,128.79092425335557,365.19619020305356,266.640625,265.52237373980006,1.0,47.06545138931,31.046752593787996,11.0714646809106,43.39557232978899,306.77758117370695,24.019253020102,0.0,0.0,237.854735286621,292.170248510631,767.1698264568439,266.640625,265.52237373980006,1.0
5,LOCKED,PARTIAL,5021.01,46.6028394178,50.4921875,50.4921875,52.8622917748,12.0,0.0,30.5882352941,54.5098039216,222.2998046875,309.4073216218,656.6751139984,No,On,266.640625,265.5223737398,148.6235059761,TRACTION,46.633788626401994,19.460955710959997,15.238943897432517,30.752442106959,51.240339124083995,38.233122970264006,0.0,0.0,174.58043208604602,166.083392370727,451.40634730920794,266.640625,265.52237373980006,1.0,47.237267013673005,32.379587732496,2.2181086886522987,40.001355457122,425.165808810991,11.128664295648,0.0,0.0,251.481270598233,296.976770132925,864.6930178554769,266.640625,265.52237373980006,1.0
5,PARTIAL,OPEN,5021.442,47.22421061,545.0282258065,545.0282258065,0.0,12.0,0.0,32.5490196078,37.2549019608,247.6934344952,310.5612495005,836.1159301703,No,On,266.640625,265.5223737398,149.0,TRACTION,46.856724030084855,26.493715896558584,16.051915172102124,40.46087182297273,144.02192348512625,37.51418637788989,0.0,0.0,214.27713203662128,252.34732200037072,629.1082249360535,266.640625,265.52237373980006,1.0,47.584854450005004,32.5490196078,0.0,36.902270317233,558.359372028213,0.006036129636,0.0,0.0,273.329044151957,288.891035973618,989.3903446743961,266.640625,265.52237373980006,1.0
5,OPEN,PARTIAL,5021.451,47.22421061,550.6491935484,550.6491935484,0.6036129636,12.0,0.0,32.5490196078,37.3325567851,248.2224684495,306.4570730247,839.8542805072,No,On,266.640625,265.5223737398,149.0,TRACTION,46.86039889588401,26.554268933670997,15.891396020381103,40.428812124351005,148.03198650834,37.139044514111,0.0,0.0,214.61129506120704,252.929461275372,631.178301988396,266.640625,265.52237373980006,1.0,47.59728187385001,32.5490196078,0.0,36.901295709968,558.623348842729,0.0,0.0,0.0,273.799555175653,288.81727975869,991.413538004844,266.640625,265.52237373980006,1.0
5,PARTIAL,OPEN,5021.459,47.22421061,566.375,566.375,0.0,12.0,0.0,32.5490196078,37.2549019608,248.6927208534,307.5277277575,843.1772585845,No,On,266.640625,265.5223737398,149.0,TRACTION,46.866612607806,26.707210110140995,15.891396020381105,40.543935401385006,152.61218812124298,36.810318148041,0.0,0.0,215.39923648584704,254.59635173273898,635.279489992699,266.640625,265.52237373980006,1.0,47.60105027045456,32.5490196078,0.0,36.89772392965656,558.54504933609,0.0,0.0,0.0,274.0531595627465,288.6282853344595,992.9108741606052,266.640625,265.52237373980006,1.0
5,OPEN,PARTIAL,5026.52,51.5738089557,54.375,54.375,1.3758116634,12.0,0.0,2.7450980392,6.9333333333,12.8344386804,24.4317461948,38.0731827839,No,On,266.640625,265.5223737398,149.0,TRACTION,51.75032909848182,4.171122994654546,-295.57608167093935,10.636402463781819,76.57065615835455,0.0,0.0,0.0,13.351393768063637,19.954259991127273,42.307817410781816,266.640625,265.5223737398,1.0,51.05789416395653,2.001887711582609,-0.8860373311011199,7.840519201108696,13.789192913009781,0.8355386486369566,0.0,0.0,10.248021312910868,10.220033159498913,13.18488281375652,266.640625,265.52237373980006,1.0
5,PARTIAL,LOCKED,5026.551,51.5738089557,49.0524193548,49.0524193548,8.4549639494,12.0,0.0,2.7450980392,5.3529411765,12.6304089525,23.1499345563,36.4018744416,No,On,266.640625,265.5223737398,149.0,TRACTION,51.71250335359999,3.865546218485715,-235.03947033281977,9.675380647314284,72.30119527649286,1.1989215923785714,0.0,0.0,13.226514240442858,20.76374468529286,41.2848674786,266.640625,265.5223737398,1.0,51.04050377771798,1.9768356780674157,-0.9159037579921687,7.915205131438203,12.40436867992247,0.5955674280370787,0.0,0.0,10.165349692114608,9.77898086090674,12.382903078944945,266.640625,265.5223737398,1.0
5,LOCKED,OPEN,5026.63,51.5738089557,12.1120689655,12.1120689655,0.0,12.0,0.0,1.9607843137,4.2274509804,12.1104622266,18.3468584633,32.1427338273,No,On,266.640625,265.5223737398,149.0,TRACTION,51.662069027090915,3.2734912146636366,-153.27581905094453,7.894671820127272,56.87196417162273,3.5566076062727277,0.0,0.0,12.927777793459091,20.82044941038636,38.837769591536365,266.640625,265.5223737398,1.0,50.98783166137408,1.9607843137,0.0,8.238904887823455,11.135341790093825,0.0,0.0,0.0,9.950569842397533,8.737961867645678,10.245613929962964,266.640625,265.5223737398,1.0
5,PARTIAL,OPEN,5181.892,45.3600970333,704.0685483871,704.0685483871,0.0,12.0,0.0,25.0980392157,32.5490196078,227.63671875,226.0051767106,661.7813262498,No,On,266.640625,265.5223737398,141.8,TRACTION,44.76558205588081,25.098039215699995,0.0,31.940279803394947,575.041024455004,9.863685936060605,0.0,0.0,229.59715315266266,224.89749502768893,643.8944440940949,266.640625,265.52237373980006,1.0,45.736077776385,24.921568627440003,-0.3267973856496233,32.814104132438004,727.8415202680039,0.0016696885440000001,0.0,0.0,230.107232607394,229.82730008329,664.4064507055872,266.640625,265.52237373980006,1.0
5,OPEN,PARTIAL,5181.901,45.3600970333,705.439516129,705.439516129,0.1669688544,12.0,0.0,25.0980392157,32.5490196078,227.6557237088,226.8003609028,662.133143395,No,On,266.640625,265.5223737398,141.8,TRACTION,44.771527205655005,25.09803921569999,0.0,31.946367201439,576.331299694325,9.7650490767,0.0,0.0,229.577548808636,224.90857184451804,644.073312915652,266.640625,265.52237373980006,1.0,45.746068450456995,24.917647058812005,-0.3267973856496233,32.816678899719,728.1400157317141,0.0,0.0,0.0,230.15112625042798,229.85680256926102,664.3877095111341,266.640625,265.52237373980006,1.0
5,PARTIAL,OPEN,5181.909,45.3600970333,708.375,708.375,0.0,12.0,0.0,25.0980392157,32.5490196078,227.6519188023,226.5929215483,662.4458697463,No,On,266.640625,265.5223737398,141.8,TRACTION,44.783954629499,25.09803921569999,0.0,31.955557140039993,580.023194855615,9.608468302632,0.0,0.0,229.53991333739097,224.86800592630803,644.259017448308,266.640625,265.52237373980006,1.0,45.7499671516404,24.915824915813136,-0.3300983693430538,32.819382528930305,728.3396623552668,0.0,0.0,0.0,230.17637077010608,229.88977106442223,664.4073240542132,266.640625,265.52237373980006,1.0
5,OPEN,PARTIAL,5184.94,48.4669529945,656.0,656.0,1.7457163933,12.0,0.0,16.3800904977,27.0508203281,208.9501171875,207.5761603668,301.2906108494,No,On,266.640625,265.5223737398,143.6,TRACTION,47.777192346665665,23.99565213287475,-8.492018716872396,32.16368064307373,663.0756710516182,0.0,0.0,0.0,223.59979730694448,223.12584068733435,484.40018414010206,266.640625,265.52237373980006,1.0,48.46695299450001,14.077121135936364,-1.801690749912094,21.179634246055556,332.96260419005654,18.01784173739192,0.0,0.0,149.5441785037879,119.84907126935755,274.1508061058404,266.640625,265.52237373980006,1.0
5,PARTIAL,LOCKED,5187.501,48.2386941892,48.125,48.125,26.4696715381,12.0,0.0,12.1568627451,16.7280649634,81.7037679542,82.9757417937,143.3846697569,No,On,266.640625,265.5223737398,143.6,TRACTION,48.378285190232,12.083660130728994,0.12279659337837671,17.371967743482003,89.015064589786,25.003169923204005,0.0,0.0,83.80666557674202,80.777011235846,161.17896652412398,266.640625,265.52237373980006,1.0,48.02504398428701,11.274423615623999,-2.735097146890408,15.568769133206,26.449547564020005,26.427416273668996,0.0,0.0,72.640836260999,73.87658011616399,124.369023549399,266.640625,265.52237373980006,1.0
5,LOCKED,PARTIAL,5189.159,47.8455818023,56.5,56.5,16.2892591967,12.0,0.0,7.0588235294,9.6098645644,51.653068961,37.0855468183,58.1556108987,No,On,266.640625,265.5223737398,143.6,TRACTION,47.877543107459005,8.729627235524,-3.940895705713699,11.732416942359999,13.503873412484001,22.501053250745002,0.0,0.0,55.958198780326,56.292498362968,82.813186128613,266.640625,265.52237373980006,1.0,47.8455818023,6.728586171336842,-2.293314986545996,9.4117647059,76.15344893836843,15.502239424684209,0.0,0.0,52.1600053089579,10.334499497,56.824648332147355,266.640625,265.5223737398,1.0
5,PARTIAL,LOCKED,5189.17,47.8455818023,49.3125,49.3125,16.0991895726,12.0,0.0,7.0588235294,9.4117647059,51.7083662975,37.0565499193,58.0104276125,No,On,266.640625,265.5223737398,143.6,TRACTION,47.87754310745901,8.690411549249,-3.9408957057136997,11.656679580873996,14.011373412484001,22.402658592592005,0.0,0.0,55.786590407435995,56.03987589173799,82.216683804904,266.640625,265.52237373980006,1.0,47.8455818023,6.710239651444444,-2.4207213746874405,9.4117647059,77.64461276827778,15.469075527577777,0.0,0.0,52.185096365149995,8.849941140205553,56.75877170546111,266.640625,265.5223737398,1.0
5,LOCKED,PARTIAL,5189.179,47.8455818023,57.1653225806,57.1653225806,16.1372034974,12.0,0.0,7.0588235294,9.4117647059,51.7536095728,35.7717642399,57.8916412874,No,On,266.640625,265.5223737398,143.6,TRACTION,47.877543107459005,8.651195862974,-3.940895705713699,11.578819310551996,14.431685912484001,22.302582549303008,0.0,0.0,55.618989695411,55.77566209600499,81.626834726896,266.640625,265.52237373980006,1.0,47.8455818023,6.689734717447059,-2.5631167496690543,9.4117647059,78.8492768969647,15.429773882294118,0.0,0.0,52.21047794117059,7.266304487282353,56.69213231828824,266.640625,265.5223737398,1.0
5,PARTIAL,OPEN,5262.57,39.146385111,-238.5,238.5,0.0,12.0,1350.0003375001,0.0,3.2941176471,12.9228940217,17.4040874902,-15.0226242199,No,On,266.640625,265.5223737398,140.0,BRAKE,,,,,,,,,,,,,,,38.72851671389999,0.0,0.0,6.818915801611765,160.71793402246766,0.0,1350.0003375001002,1350.0003375001,13.861630816161766,15.320746840114706,-13.071237882420588,266.640625,265.52237373979995,1.0
5,PARTIAL,OPEN,5327.518,39.3112386926,543.0,543.0,0.0,12.0,0.0,19.6078431373,26.9695204815,150.390625,149.7727009581,426.8757869527,No,On,266.640625,265.5223737398,141.8,TRACTION,39.14401375562599,19.607843137299998,0.0,25.697324204693,429.843924768262,10.190208803049998,0.0,0.0,126.74236298723199,150.77948794493102,403.503550647482,266.640625,265.52237373980006,1.0,39.94596973840799,19.607843137299998,0.0,26.776014984236006,555.5028744190209,0.015027196893000002,0.0,0.0,149.756834371722,151.77329333403398,423.9608786157311,266.640625,265.52237373980006,1.0
5,OPEN,PARTIAL,5327.529,39.146385111,542.3303571429,542.3303571429,1.5027196893,12.0,0.0,19.6078431373,27.0549407882,150.3744539651,149.5354574649,426.8124645438,No,On,266.640625,265.5223737398,141.8,TRACTION,39.145662291441994,19.607843137299998,0.0,25.722321530355998,432.04642476826194,10.024110370091,0.0,0.0,127.32125026401798,150.780209645529,403.983407099088,266.640625,265.52237373980006,1.0,39.958397162251984,19.607843137299998,0.0,26.772132243021005,555.475907054489,0.0,0.0,0.0,149.755617337618,151.772450405863,423.904585760988,266.640625,265.52237373980006,1.0
5,PARTIAL,OPEN,5327.54,39.2560388508,543.21875,543.21875,0.0,12.0,0.0,19.6078431373,27.1403610949,150.3582829301,148.987554154,426.7491421349,No,On,266.640625,265.5223737398,141.8,TRACTION,39.145662291441994,19.607843137299998,0.0,25.747732883016003,434.24921109831195,9.878598914207998,0.0,0.0,127.89210641081199,150.77725939693198,404.45716343528403,266.640625,265.52237373980006,1.0,39.96972804869799,19.607843137299998,0.0,26.767395298739004,555.445292135134,0.0,0.0,0.0,149.75525273440198,151.77982602735602,423.84916807418006,266.640625,265.52237373980006,1.0
5,OPEN,PARTIAL,5351.049,45.3600970333,408.9628378378,408.9628378378,1.8095334039,12.0,0.0,13.7581699346,17.7411764706,106.2309060168,115.647440125,281.90033793,No,On,266.640625,265.5223737398,141.8,TRACTION,45.103132669189,18.068476621439,-5.669232728184495,25.415237472790995,442.9220251262439,0.0,0.0,0.0,135.597293262743,141.69526538027398,358.1538033125861,266.640625,265.52237373980006,1.0,45.3600970333,12.407843137254996,-1.6201227965339928,15.744244078612,193.8889632298,18.655459652652,0.0,0.0,80.240005770943,79.41856839302301,174.95176595842403,266.640625,265.52237373980006,1.0
5,PARTIAL,LOCKED,5353.518,45.3600970333,49.2625,49.2625,24.2724930228,12.0,0.0,10.9803921569,13.7254901961,67.4511297818,66.892128474,121.414555662,No,On,266.640625,265.5223737398,141.8,TRACTION,45.329437648735,10.911473820326,-3.1988980518478827,13.889556508604,77.487742064522,23.239036122807992,0.0,0.0,70.903962654905,69.99453350035299,116.03811807597101,266.640625,265.52237373980006,1.0,45.07261224868383,10.911528558621209,-1.418114906065059,14.219624707582824,31.18814330900808,24.671391789320204,0.0,0.0,65.43638890156667,64.58000042156868,116.50250704333737,266.640625,265.52237373980006,1.0
5,LOCKED,PARTIAL,5358.769,43.4959834566,-52.375,52.375,11.5701593979,12.0,0.0,3.5294117647,3.9215686275,19.7716564119,14.8004137955,15.0353985083,No,On,266.640625,265.5223737398,141.8,TRACTION,43.771375169026996,4.403921568623001,1.000858254791948,6.130654708612001,17.737028653289002,17.837911212458,0.0,0.0,30.552246218517002,25.707651639074,23.669489994139003,266.640625,265.52237373980006,1.0,43.205888396084994,3.8156862745440003,0.4901960785115919,5.7889569780449985,50.400479717509,10.542883497040998,0.0,0.0,15.622158310865,16.270241252627,14.579984099598999,266.640625,265.52237373980006,1.0
5,PARTIAL,LOCKED,5359.049,43.4959834566,-46.125,46.125,10.5333661505,12.0,0.0,3.9215686275,7.0549019608,14.080642174,14.3824619109,13.2963045984,No,On,266.640625,265.5223737398,141.8,TRACTION,43.59213907948889,3.5294117647000003,0.0,5.28318427010202,34.77891908909192,14.897118032247471,0.0,0.0,24.58675895979495,18.311507368042424,17.130621474563636,266.640625,265.52237373980006,1.0,43.03349327234848,3.945335710087879,0.3300983692839003,5.685122162441416,43.791417363546465,10.533366150499997,0.0,0.0,15.675842458447475,16.851381367352527,15.867348471932324,266.640625,265.52237373980006,1.0
5,LOCKED,PARTIAL,5359.391,42.8746122644,-52.125,52.125,10.5333661505,12.0,0.0,3.9215686275,5.9176470588,15.1675309806,16.9639294334,14.415423416,No,On,266.640625,265.5223737398,141.8,TRACTION,43.448223161042996,3.6627450980519995,0.4901960785115919,5.417552567025,45.518263220316996,12.169867156312996,0.0,0.0,18.804150299458,15.545581855722,14.653183507961998,266.640625,265.52237373980006,1.0,42.842922333593016,4.0823529412070005,0.32679738559106125,6.363457016287999,38.475038422118004,7.910218193020999,0.0,0.0,16.888558456233,17.760438739398996,18.452826016769,266.640625,265.52237373980006,1.0
5,PARTIAL,LOCKED,5359.449,42.8746122644,-49.775,49.775,10.5333661505,12.0,0.0,3.9215686275,6.1450980392,15.3518571525,17.332710508,14.9102337748,No,On,266.640625,265.5223737398,141.8,TRACTION,43.41178289512573,3.6847214133336634,0.4853426519916752,5.501983710313862,46.89783211681683,11.811129182500986,0.0,0.0,18.154516988180198,15.573363094056436,14.5216015304297,266.640625,265.52237373980006,1.0,42.815333452655,4.105882352969001,0.32679738559106125,6.410572916112999,36.000942805646,7.278216223990999,0.0,0.0,17.114818313673,17.948565709714,18.838538582035998,266.640625,265.52237373980006,1.0
5,LOCKED,PARTIAL,5359.979,42.8746122644,-50.0120967742,50.0120967742,10.5333661505,12.0,0.0,3.9215686275,4.3454149337,17.0617753865,16.5951483587,19.4317767089,No,On,266.640625,265.5223737398,141.8,TRACTION,43.081614157645,3.894117647104,0.4901960785115919,5.882743795944001,43.731558381443,10.533366150499996,0.0,0.0,15.470548833753998,16.646695780934998,15.411211310842997,266.640625,265.52237373980006,1.0,42.48600672073599,4.4823529411609995,0.7625272330348005,6.813553724006,28.466876267872998,1.6955321642259997,0.0,0.0,19.295249350647,19.999005959915,21.157174195773997,266.640625,265.52237373980006,1.0
5,PARTIAL,LOCKED,5360.118,42.8746122644,-50.0,50.0,10.5333661505,12.0,0.0,4.3137254902,6.8392156863,17.6811533849,17.7966608922,20.6176153274,No,On,266.640625,265.5223737398,141.8,TRACTION,42.99462219073699,3.9725490196510003,0.32679738559106125,5.672059119636001,45.261717373071995,10.533366150499996,0.0,0.0,15.893157717553999,16.990041370568004,16.345371991922,266.640625,265.52237373980006,1.0,42.399014753814,4.537254901938999,0.43572984744373927,7.0365352809849995,26.387226131090998,0.220860903156,0.0,0.0,19.810420638963002,20.492209506341997,21.431155100732,266.640625,265.52237373980006,1.0
5,LOCKED,PARTIAL,5360.129,42.8746122644,-50.8409090909,50.8409090909,10.5333661505,12.0,0.0,4.3137254902,7.0117647059,17.7301689099,19.1766158812,20.6627603186,No,On,266.640625,265.5223737398,141.8,TRACTION,42.988408478814996,3.9764705882780005,0.32679738559106125,5.680914734610001,45.360467373072,10.533366150499996,0.0,0.0,15.926969983825002,16.994918797684004,16.422870723489,266.640625,265.52237373980006,1.0,42.392801041891,4.541176470566,0.43572984744373927,7.040927437848,26.293890569593994,0.115527241651,0.0,0.0,19.843530127492,20.510648560074,21.443070199855995,266.640625,265.52237373980006,1.0
5,PARTIAL,LOCKED,5360.139,42.8746122644,-48.9655172414,48.9655172414,9.1742221311,12.0,0.0,4.3137254902,7.168627451,17.7747284781,18.7959386429,20.6785033741,No,On,266.640625,265.5223737398,141.8,TRACTION,42.98219476689299,3.9803921569050003,0.32679738559106125,5.693674489017001,45.467058282162995,10.533366150499996,0.0,0.0,15.960922821227,17.017045662162,16.501504120433,266.640625,265.52237373980006,1.0,42.38793426186566,4.543473955216161,0.44013115903408007,7.039637538725252,26.064884239575758,0.02402527307070707,0.0,0.0,19.864427113849494,20.527968862267677,21.450793097085857,266.640625,265.52237373980006,1.0
5,LOCKED,OPEN,5360.149,42.8746122644,-46.25,46.25,0.0,12.0,0.0,4.3137254902,7.3254901961,17.8192880464,19.22000189,20.6942464296,No,On,266.640625,265.5223737398,141.8,TRACTION,42.975981054971,3.9843137255320005,0.32679738559106125,5.710181520112001,45.545463454576996,10.519774710305997,0.0,0.0,15.994971670192001,17.034533022798,16.580978163397003,266.640625,265.52237373980006,1.0,42.380373618045,4.549019607819999,0.43572984744373927,7.045005869221,26.117181825751,0.023785020339999997,0.0,0.0,19.908263696572,20.551482784751997,21.465220903342995,266.640625,265.52237373980006,1.0
5,OPEN,LOCKED,5360.159,42.8746122644,-46.3793103448,46.3793103448,2.378502034,12.0,0.0,4.3137254902,7.4823529412,17.8638476146,19.4369319339,20.709989485,No,On,266.640625,265.5223737398,141.8,TRACTION,42.969767343049,3.988235294159,0.32679738559106125,5.730039709852999,45.57671345457701,10.414441048800997,0.0,0.0,16.02918009147,17.057310677408,16.661168631387003,266.640625,265.52237373980006,1.0,42.374159906121996,4.552941176447,0.43572984744373927,7.044692143730999,26.029728008017,0.0,0.0,0.0,19.93989736557,20.566089407708,21.475534391778,266.640625,265.52237373980006,1.0
5,LOCKED,OPEN,5360.169,42.8746122644,-38.7741935484,38.7741935484,0.0,12.0,0.0,4.3137254902,7.8431372549,17.9084071828,19.9141780305,20.7257325405,No,On,266.640625,265.5223737398,141.8,TRACTION,42.963553631127,3.9921568627860005,0.32679738559106125,5.753447117261,45.61025655802499,10.332892407635997,0.0,0.0,16.063516304685002,17.083342282677002,16.74288296086,266.640625,265.52237373980006,1.0,42.36794619419899,4.556862745074,0.43572984744373927,7.040770575103998,25.995540760033,0.0,0.0,0.0,19.97103749665,20.573465029201003,21.485301029303997,266.640625,265.52237373980006,1.0
