gear,speed_bin_mph,pedal_bin_pct,LOCKED,OPEN,PARTIAL,total_time_s,frac_locked,frac_partial,frac_open
3,20,0,0.21000000000003638,2.6059999999981187,10.526999999999646,13.3429999999978,0.01573858952260144,0.7889530090685288,0.19530840140886968
3,20,1,0.02200000000084401,0.0,0.0,0.02200000000084401,1.0,0.0,0.0
3,20,2,0.029999999998835847,0.0,0.0,0.029999999998835847,1.0,0.0,0.0
3,20,3,0.09900000000016007,0.0,0.0,0.09900000000016007,1.0,0.0,0.0
3,20,4,0.03099999999994907,0.0,0.0,0.03099999999994907,1.0,0.0,0.0
3,20,5,0.009000000000014552,0.0,0.0,0.009000000000014552,1.0,0.0,0.0
3,20,7,4.881999999999607,0.0,0.11000000000058208,4.992000000000189,0.9779647435896278,0.022035256410372177,0.0
3,20,9,0.0,0.01999999999998181,0.03999999999996362,0.05999999999994543,0.0,0.6666666666666666,0.3333333333333333
3,20,11,0.0,0.0,0.049999999999954525,0.049999999999954525,0.0,1.0,0.0
3,20,12,0.0,0.0,0.01999999999998181,0.01999999999998181,0.0,1.0,0.0
3,20,13,0.0,0.0,0.010999999999967258,0.010999999999967258,0.0,1.0,0.0
3,20,14,0.0,0.0,0.009999999999990905,0.009999999999990905,0.0,1.0,0.0
3,20,15,0.0,0.07900000000017826,0.009999999999990905,0.08900000000016917,0.0,0.112359550561482,0.887640449438518
3,20,16,0.0,0.4210000000000491,0.04899999999997817,0.4700000000000273,0.0,0.10425531914888368,0.8957446808511164
3,20,17,0.0,0.40699999999969805,0.009999999999990905,0.41699999999968895,0.0,0.0239808153477179,0.9760191846522821
3,20,18,0.0,0.666999999999689,0.0,0.666999999999689,0.0,0.0,1.0
3,20,19,0.0,0.2130000000004202,0.0,0.2130000000004202,0.0,0.0,1.0
3,20,20,0.0,0.049999999999954525,0.0,0.049999999999954525,0.0,0.0,1.0
3,20,21,0.0,0.03099999999994907,0.0,0.03099999999994907,0.0,0.0,1.0
3,21,0,0.20399999999926877,6.176000000000045,10.29400000000112,16.674000000000433,0.012234616768577634,0.6173683579225652,0.37039702530885715
3,21,1,0.052000000000134605,0.0,0.0,0.052000000000134605,1.0,0.0,0.0
3,21,2,0.03900000000021464,0.0,0.0,0.03900000000021464,1.0,0.0,0.0
3,21,3,0.13999999999987267,0.0,0.0,0.13999999999987267,1.0,0.0,0.0
3,21,4,0.3789999999999054,0.0,0.0,0.3789999999999054,1.0,0.0,0.0
3,21,5,0.26299999999991996,0.0,0.016999999999825377,0.27999999999974534,0.9392857142862827,0.06071428571371728,0.0
3,21,6,0.0,0.0,0.06100000000014916,0.06100000000014916,0.0,1.0,0.0
3,21,7,1.0409999999992579,0.0,0.20899999999983265,1.2499999999990905,0.8328000000000122,0.16719999999998778,0.0
3,21,8,0.0,0.08000000000038199,0.09100000000034925,0.17100000000073123,0.0,0.5321637426898252,0.4678362573101748
3,21,9,0.0,0.0,0.3100000000001728,0.3100000000001728,0.0,1.0,0.0
3,21,10,0.0,0.0,0.03999999999996362,0.03999999999996362,0.0,1.0,0.0
3,21,11,0.0,0.0,0.019000000000005457,0.019000000000005457,0.0,1.0,0.0
3,21,12,0.03999999999996362,0.02999999999974534,0.0,0.06999999999970896,0.5714285714304276,0.0,0.4285714285695725
3,21,14,0.0,0.01999999999998181,0.01999999999998181,0.03999999999996362,0.0,0.5,0.5
3,21,16,0.05099999999947613,1.6000000000001364,0.01999999999998181,1.6709999999995944,0.030520646319263024,0.011968880909626969,0.95751047277111
3,21,17,0.0,1.0029999999997017,0.0420000000001437,1.0449999999998454,0.0,0.04019138755995207,0.9598086124400479
3,21,18,0.0,0.5420000000000869,0.0,0.5420000000000869,0.0,0.0,1.0
3,21,19,0.0,0.1470000000001619,0.0,0.1470000000001619,0.0,0.0,1.0
3,21,20,0.0,0.8360000000000127,0.0,0.8360000000000127,0.0,0.0,1.0
3,21,21,0.0,0.01999999999998181,0.0,0.01999999999998181,0.0,0.0,1.0
3,21,22,0.0,0.3990000000001146,0.0,0.3990000000001146,0.0,0.0,1.0
3,21,23,0.0,0.21100000000001273,0.0,0.21100000000001273,0.0,0.0,1.0
3,21,34,0.0,0.010999999999967258,0.02999999999974534,0.0409999999997126,0.0,0.7317073170720887,0.26829268292791136
3,21,35,0.0,0.0,0.01900000000023283,0.01900000000023283,0.0,1.0,0.0
3,21,36,0.0,0.0,0.010999999999967258,0.010999999999967258,0.0,1.0,0.0
3,21,37,0.009999999999763531,0.0,0.011000000000422006,0.021000000000185537,0.4761904761750086,0.5238095238249914,0.0
3,21,38,0.19899999999961437,0.0,0.0,0.19899999999961437,1.0,0.0,0.0
3,21,39,0.0,0.0,0.04899999999997817,0.04899999999997817,0.0,1.0,0.0
3,21,40,0.0,0.068000000000211,0.0,0.068000000000211,0.0,0.0,1.0
3,22,0,0.5590000000001965,1.9189999999990732,3.5250000000003183,6.002999999999588,0.0931201066133991,0.5872063968016925,0.31967349658490835
3,22,1,0.009000000000014552,0.03099999999949432,0.01999999999998181,0.05999999999949068,0.15000000000151584,0.3333333333358597,0.5166666666626245
3,22,2,0.0,0.09000000000014552,0.03999999999996362,0.13000000000010914,0.0,0.30769230769176953,0.6923076923082304
3,22,3,0.16900000000032378,0.027999999999792635,0.021999999999934516,0.21900000000005093,0.771689497718194,0.10045662100424384,0.1278538812775622
3,22,4,0.07900000000017826,0.0,0.0,0.07900000000017826,1.0,0.0,0.0
3,22,5,1.3609999999994216,0.32199999999966167,0.2810000000004038,1.963999999999487,0.6929735234214751,0.14307535641572158,0.16395112016280333
3,22,6,0.0,0.0,0.03999999999996362,0.03999999999996362,0.0,1.0,0.0
3,22,7,0.007999999999810825,0.009000000000014552,0.09900000000016007,0.11599999999998545,0.06896551723975715,0.853448275863556,0.07758620689668691
3,22,8,1.011000000000422,0.010000000000218279,0.24899999999934153,1.2699999999999818,0.7960629921263279,0.19606299212546857,0.007874015748203482
3,22,9,0.0,0.009000000000014552,0.09000000000060027,0.09900000000061482,0.0,0.9090909090913267,0.09090909090867333
3,22,10,0.0,0.011999999999716238,0.08099999999967622,0.09299999999939246,0.0,0.8709677419376921,0.12903225806230786
3,22,11,0.0,0.016000000000985892,2.683999999999287,2.700000000000273,0.0,0.9940740740737095,0.0059259259262904726
3,22,12,0.2680000000000291,0.17000000000098225,1.2559999999998581,1.6940000000008695,0.15820543093263964,0.7414403778035499,0.10035419126381051
3,22,13,0.0,0.15099999999983993,0.07200000000011642,0.22299999999995634,0.0,0.3228699551575359,0.6771300448424641
3,22,14,0.07200000000011642,0.9710000000004584,0.16699999999991633,1.2100000000004911,0.05950413223147702,0.13801652892549465,0.8024793388430284
3,22,15,0.0,0.8839999999995598,0.009999999999763531,0.8939999999993233,0.0,0.011185682326365885,0.9888143176736341
3,22,16,0.17800000000033833,2.7260000000001128,0.012000000000170985,2.916000000000622,0.061042524005589974,0.0041152263375063185,0.9348422496569037
3,22,17,0.0,3.117000000000189,0.01900000000023283,3.136000000000422,0.0,0.006058673469461184,0.9939413265305388
3,22,18,0.0,3.2950000000001864,0.0,3.2950000000001864,0.0,0.0,1.0
3,22,19,0.0,3.6120000000003074,0.0,3.6120000000003074,0.0,0.0,1.0
3,22,20,0.0,2.090999999999724,0.0,2.090999999999724,0.0,0.0,1.0
3,22,21,0.0,1.0989999999993074,0.0,1.0989999999993074,0.0,0.0,1.0
3,22,23,0.0,0.209999999999809,0.0,0.209999999999809,0.0,0.0,1.0
3,22,24,0.0,0.278999999999769,0.0,0.278999999999769,0.0,0.0,1.0
3,22,25,0.0,0.009000000000014552,0.0,0.009000000000014552,0.0,0.0,1.0
3,22,28,0.0,0.010000000000218279,0.0,0.010000000000218279,0.0,0.0,1.0
3,22,29,0.0,0.021999999999934516,0.0,0.021999999999934516,0.0,0.0,1.0
3,22,30,0.0,0.009999999999763531,0.0,0.009999999999763531,0.0,0.0,1.0
3,22,31,0.0,0.010000000000218279,0.0,0.010000000000218279,0.0,0.0,1.0
3,22,32,0.0,0.021999999999934516,0.0,0.021999999999934516,0.0,0.0,1.0
3,22,33,0.0,0.018000000000029104,0.0,0.018000000000029104,0.0,0.0,1.0
3,22,40,0.0,0.15299999999979264,0.03900000000021464,0.19200000000000728,0.0,0.20312500000111022,0.7968749999988898
3,22,41,0.0,0.26099999999996726,0.0,0.26099999999996726,0.0,0.0,1.0
3,23,0,0.0,0.11100000000010368,0.37000000000000455,0.48100000000010823,0.0,0.7692307692306056,0.2307692307693944
3,23,7,0.0,0.08899999999994179,0.0,0.08899999999994179,0.0,0.0,1.0
3,23,8,0.1390000000001237,0.11200000000008004,0.18999999999959982,0.44099999999980355,0.3151927437645932,0.4308390022668582,0.2539682539685486
3,23,10,0.0,0.0,1.6109999999998763,1.6109999999998763,0.0,1.0,0.0
3,23,11,0.0,0.0,0.2110000000002401,0.2110000000002401,0.0,1.0,0.0
3,23,12,0.0,0.38899999999966894,0.2790000000004511,0.66800000000012,0.0,0.41766467065928287,0.5823353293407171
3,23,13,0.0,0.8090000000001965,0.03999999999996362,0.8490000000001601,0.0,0.04711425206119679,0.9528857479388032
3,23,14,0.0,0.02999999999974534,0.18000000000029104,0.21000000000003638,0.0,0.8571428571440945,0.14285714285590545
3,23,15,0.0,0.3500000000003638,0.09099999999943975,0.44099999999980355,0.0,0.20634920634802786,0.7936507936519721
3,23,16,0.0,0.9049999999999727,0.0,0.9049999999999727,0.0,0.0,1.0
3,23,17,0.0,1.2810000000002333,0.0,1.2810000000002333,0.0,0.0,1.0
3,23,18,0.0,2.054000000000201,0.0,2.054000000000201,0.0,0.0,1.0
3,23,19,0.0,2.985000000000184,0.0,2.985000000000184,0.0,0.0,1.0
3,23,20,0.0,1.3139999999995666,0.0,1.3139999999995666,0.0,0.0,1.0
3,23,21,0.0,3.2320000000004825,0.0,3.2320000000004825,0.0,0.0,1.0
3,23,22,0.0,0.32100000000036744,0.0,0.32100000000036744,0.0,0.0,1.0
3,23,23,0.0,0.3199999999994816,0.0,0.3199999999994816,0.0,0.0,1.0
3,23,24,0.0,0.02100000000041291,0.0,0.02100000000041291,0.0,0.0,1.0
3,23,25,0.0,0.7210000000000036,0.0,0.7210000000000036,0.0,0.0,1.0
3,23,26,0.0,0.02999999999974534,0.0,0.02999999999974534,0.0,0.0,1.0
3,23,27,0.0,0.24899999999979627,0.010000000000218279,0.25900000000001455,0.0,0.038610038610879215,0.9613899613891208
3,23,28,0.010000000000218279,0.0,0.0500000000001819,0.06000000000040018,0.16666666666919305,0.833333333330807,0.0
3,23,29,0.06899999999950523,0.05099999999993088,0.0,0.11999999999943611,0.5749999999985789,0.0,0.4250000000014211
3,23,30,0.021000000000640284,0.11800000000016553,0.0,0.1390000000008058,0.151079136694378,0.0,0.848920863305622
3,23,31,0.0,0.03099999999994907,0.0,0.03099999999994907,0.0,0.0,1.0
3,23,32,0.0,0.06899999999995998,0.06900000000041473,0.1380000000003747,0.0,0.5000000000016477,0.4999999999983524
3,23,33,0.0,0.05999999999994543,0.019999999999527063,0.0799999999994725,0.0,0.24999999999573674,0.7500000000042633
3,23,34,0.0,0.009000000000014552,0.011000000000422006,0.020000000000436557,0.0,0.550000000009095,0.44999999999090506
3,24,0,0.05099999999993088,0.01999999999998181,0.70900000000006,0.7799999999999727,0.06538461538452905,0.9089743589744678,0.025641025641003217
3,24,1,0.04000000000007731,0.0,0.0,0.04000000000007731,1.0,0.0,0.0
3,24,2,0.019000000000005457,0.0,0.0,0.019000000000005457,1.0,0.0,0.0
3,24,3,0.07200000000000273,0.0,0.0,0.07200000000000273,1.0,0.0,0.0
3,24,4,0.04899999999997817,0.0,0.0,0.04899999999997817,1.0,0.0,0.0
3,24,5,0.4499999999999318,0.05099999999993088,0.1290000000000191,0.6299999999998818,0.7142857142857401,0.2047619047619735,0.08095238095228643
3,24,6,0.0,0.07000000000005002,0.0,0.07000000000005002,0.0,0.0,1.0
3,24,7,0.0,0.019000000000005457,0.0,0.019000000000005457,0.0,0.0,1.0
3,24,8,0.0,0.01999999999998181,0.03099999999994907,0.05099999999993088,0.0,0.6078431372547272,0.3921568627452729
3,24,9,0.0,0.02100000000007185,0.0,0.02100000000007185,0.0,0.0,1.0
3,24,10,0.0,0.019000000000005457,1.1090000000003783,1.1280000000003838,0.0,0.9831560283687952,0.01684397163120478
3,24,11,0.009999999999990905,0.03099999999994907,4.09900000000016,4.1400000000001,0.0024154589371958124,0.9900966183575026,0.0074879227053015265
3,24,12,0.0,0.3500000000002501,0.7919999999990068,1.141999999999257,0.0,0.6935201401046603,0.3064798598953396
3,24,13,0.0,0.37200000000007094,0.03000000000020009,0.40200000000027103,0.0,0.0746268656720892,0.9253731343279108
3,24,14,0.0,4.095000000000141,0.023000000000138243,4.118000000000279,0.0,0.005585235551271657,0.9944147644487283
3,24,15,0.0,0.3910000000001901,0.06700000000000728,0.45800000000019736,0.0,0.14628820960693975,0.8537117903930602
3,24,16,0.0,2.852000000000203,0.1499999999996362,3.001999999999839,0.0,0.04996668887396544,0.9500333111260345
3,24,17,0.0,2.0659999999990646,0.0,2.0659999999990646,0.0,0.0,1.0
3,24,18,0.0,6.738999999999692,0.0,6.738999999999692,0.0,0.0,1.0
3,24,19,0.0,3.9680000000001883,0.0,3.9680000000001883,0.0,0.0,1.0
3,24,20,0.0,2.22199999999998,0.0,2.22199999999998,0.0,0.0,1.0
3,24,21,0.0,5.320999999999458,0.0,5.320999999999458,0.0,0.0,1.0
3,24,22,0.0,0.9319999999994479,0.0,0.9319999999994479,0.0,0.0,1.0
3,24,23,0.0,2.175999999999874,0.0,2.175999999999874,0.0,0.0,1.0
3,24,24,0.0,0.4290000000000873,0.0,0.4290000000000873,0.0,0.0,1.0
3,24,25,0.0,2.089999999999918,0.0,2.089999999999918,0.0,0.0,1.0
3,24,26,0.0,0.30100000000106775,0.0,0.30100000000106775,0.0,0.0,1.0
3,24,27,0.0,0.5799999999998136,0.03999999999996362,0.6199999999997772,0.0,0.06451612903222258,0.9354838709677774
3,24,30,0.028999999999541615,0.0,0.0,0.028999999999541615,1.0,0.0,0.0
3,24,31,0.02999999999974534,0.0,0.021000000000640284,0.051000000000385626,0.588235294108206,0.41176470589179404,0.0
3,24,32,0.0,0.0,0.009999999999308784,0.009999999999308784,0.0,1.0,0.0
3,24,33,0.0,0.008000000000038199,0.0,0.008000000000038199,0.0,0.0,1.0
3,24,34,0.0,0.24199999999973443,0.0,0.24199999999973443,0.0,0.0,1.0
3,24,35,0.0,0.5459999999998217,0.0,0.5459999999998217,0.0,0.0,1.0
3,24,36,0.0,0.08100000000013097,0.0,0.08100000000013097,0.0,0.0,1.0
3,25,5,0.07799999999997453,0.0,0.0,0.07799999999997453,1.0,0.0,0.0
3,25,11,0.18000000000006366,0.032999999999901775,1.2619999999999436,1.474999999999909,0.12203389830513543,0.8555932203389975,0.02237288135586699
3,25,12,0.0,0.4770000000003165,1.245000000000573,1.7220000000008895,0.0,0.7229965156794018,0.2770034843205982
3,25,13,0.0,0.4289999999995757,0.029999999999972715,0.45899999999954844,0.0,0.06535947712418787,0.9346405228758121
3,25,14,0.0,3.546000000000504,0.04099999999993997,3.587000000000444,0.0,0.011430164482836604,0.9885698355171634
3,25,15,0.0,0.36899999999968713,0.07000000000005002,0.43899999999973716,0.0,0.15945330296148505,0.8405466970385149
3,25,16,0.0,4.454000000000292,0.1309999999999718,4.585000000000264,0.0,0.028571428571420778,0.9714285714285792
3,25,17,0.0,1.0809999999999604,0.0,1.0809999999999604,0.0,0.0,1.0
3,25,18,0.0,4.434000000000594,0.0,4.434000000000594,0.0,0.0,1.0
3,25,19,0.0,1.6869999999998981,0.0,1.6869999999998981,0.0,0.0,1.0
3,25,20,0.0,1.111000000000331,0.0,1.111000000000331,0.0,0.0,1.0
3,25,21,0.0,2.2949999999998454,0.0,2.2949999999998454,0.0,0.0,1.0
3,25,22,0.0,0.4099999999998545,0.0,0.4099999999998545,0.0,0.0,1.0
3,25,23,0.0,0.944999999999709,0.0,0.944999999999709,0.0,0.0,1.0
3,25,24,0.0,0.32900000000017826,0.0,0.32900000000017826,0.0,0.0,1.0
3,25,25,0.0,1.056999999999789,0.0,1.056999999999789,0.0,0.0,1.0
3,25,26,0.0,0.4159999999997126,0.0,0.4159999999997126,0.0,0.0,1.0
3,25,27,0.0,0.41200000000003456,0.0,0.41200000000003456,0.0,0.0,1.0
3,25,35,0.0,0.1430000000000291,0.0,0.1430000000000291,0.0,0.0,1.0
3,25,36,0.0,0.14999999999986358,0.0,0.14999999999986358,0.0,0.0,1.0
3,25,37,0.0,0.029999999999972715,0.0,0.029999999999972715,0.0,0.0,1.0
3,26,0,0.3980000000001951,0.0,0.10799999999994725,0.5060000000001423,0.7865612648222987,0.21343873517770132,0.0
3,26,3,0.012000000000000455,0.15200000000004366,0.011000000000024102,0.1750000000000682,0.06857142857140444,0.06285714285725608,0.8685714285713395
3,26,4,0.0,0.0,0.016999999999939064,0.016999999999939064,0.0,1.0,0.0
3,26,5,0.37099999999963984,0.10900000000037835,0.16300000000029513,0.6430000000003133,0.576982892689672,0.25349922239535877,0.16951788491496927
3,26,6,0.0,0.0409999999997126,0.0,0.0409999999997126,0.0,0.0,1.0
3,26,7,0.0,0.01900000000023283,0.0,0.01900000000023283,0.0,0.0,1.0
3,26,8,0.0,0.03099999999994907,0.0,0.03099999999994907,0.0,0.0,1.0
3,26,9,0.0,0.02999999999974534,0.0,0.02999999999974534,0.0,0.0,1.0
3,26,10,0.29899999999997817,0.1570000000001528,0.19200000000000728,0.6480000000001382,0.46141975308628763,0.2962962962962443,0.24228395061746805
3,26,11,0.0,0.03000000000020009,0.7299999999997908,0.7599999999999909,0.0,0.9605263157892099,0.03947368421079006
3,26,12,0.0,0.1910000000002583,1.1509999999989304,1.3419999999991887,0.0,0.8576751117731939,0.14232488822680608
3,26,13,0.0,10.754999999999654,3.264000000000692,14.019000000000347,0.0,0.23282687780873182,0.7671731221912682
3,26,14,0.0,16.47300000000081,0.8169999999995525,17.29000000000036,0.0,0.047252747252720384,0.9527472527472796
3,26,15,0.0,2.9850000000001273,0.10599999999931242,3.0909999999994398,0.0,0.03429310902598888,0.9657068909740111
3,26,16,0.0,6.163999999999874,0.028999999999996362,6.19299999999987,0.0,0.004682706281284833,0.9953172937187151
3,26,17,0.0,3.2090000000006285,0.011000000000422006,3.2200000000010505,0.0,0.0034161490684529246,0.9965838509315471
3,26,18,0.0,6.959999999999923,0.03699999999980719,6.99699999999973,0.0,0.005287980563071119,0.9947120194369289
3,26,19,0.0,2.7040000000001783,0.01499999999987267,2.719000000000051,0.0,0.005516734093369765,0.9944832659066303
3,26,20,0.0,2.840999999999724,0.0,2.840999999999724,0.0,0.0,1.0
3,26,21,0.0,3.5400000000000773,0.0,3.5400000000000773,0.0,0.0,1.0
3,26,22,0.0,0.9399999999995998,0.0,0.9399999999995998,0.0,0.0,1.0
3,26,23,0.0,1.9380000000010114,0.0,1.9380000000010114,0.0,0.0,1.0
3,26,24,0.0,0.588999999999487,0.0,0.588999999999487,0.0,0.0,1.0
3,26,25,0.0,2.0830000000000837,0.0,2.0830000000000837,0.0,0.0,1.0
3,26,26,0.0,0.9709999999997763,0.0,0.9709999999997763,0.0,0.0,1.0
3,26,27,0.0,0.4889999999996917,0.0,0.4889999999996917,0.0,0.0,1.0
3,26,28,0.0,0.4110000000002856,0.0,0.4110000000002856,0.0,0.0,1.0
3,26,35,0.0,0.2699999999999818,0.0,0.2699999999999818,0.0,0.0,1.0
3,26,37,0.0,0.19100000000003092,0.0,0.19100000000003092,0.0,0.0,1.0
3,26,38,0.0,0.020999999999958163,0.0,0.020999999999958163,0.0,0.0,1.0
3,27,0,0.375,0.08999999999997499,0.5219999999996503,0.9869999999996253,0.379939209726588,0.5288753799390562,0.09118541033435579
3,27,1,0.027999999999963165,0.0,0.010999999999967258,0.038999999999930424,0.7179487179490543,0.2820512820509457,0.0
3,27,2,0.0,0.0,0.01999999999998181,0.01999999999998181,0.0,1.0,0.0
3,27,4,0.0,0.0,0.010000000000047748,0.010000000000047748,0.0,1.0,0.0
3,27,5,0.0,0.0,0.011000000000024102,0.011000000000024102,0.0,1.0,0.0
3,27,6,0.0,0.0,0.036999999999920874,0.036999999999920874,0.0,1.0,0.0
3,27,7,0.0,0.0,0.05900000000002592,0.05900000000002592,0.0,1.0,0.0
3,27,8,0.0,0.0,0.09000000000003183,0.09000000000003183,0.0,1.0,0.0
3,27,9,0.0,0.020999999999958163,0.08199999999999363,0.1029999999999518,0.0,0.7961165048546797,0.2038834951453203
3,27,10,0.0,0.060000000000002274,0.16000000000008185,0.22000000000008413,0.0,0.7272727272728212,0.2727272727271788
3,27,11,0.0,0.06800000000004047,0.54099999999994,0.6089999999999804,0.0,0.8883415435138873,0.11165845648611274
3,27,12,0.06000000000040018,0.47899999999924603,2.8360000000008085,3.3750000000004547,0.017777777777893952,0.8402962962964227,0.1419259259256834
3,27,13,0.0,2.960000000000207,0.9569999999999368,3.9170000000001437,0.0,0.24431963237168794,0.755680367628312
3,27,14,0.0,5.7989999999991255,1.1410000000004175,6.939999999999543,0.0,0.16440922190208826,0.8355907780979117
3,27,15,0.0,5.360999999999763,0.0,5.360999999999763,0.0,0.0,1.0
3,27,16,0.0,2.7949999999998454,0.0,2.7949999999998454,0.0,0.0,1.0
3,27,17,0.0,6.918000000000063,0.0,6.918000000000063,0.0,0.0,1.0
3,27,18,0.0,3.940000000000282,0.0,3.940000000000282,0.0,0.0,1.0
3,27,19,0.0,1.478999999999587,0.0,1.478999999999587,0.0,0.0,1.0
3,27,20,0.0,3.6800000000004047,0.0,3.6800000000004047,0.0,0.0,1.0
3,27,21,0.0,2.365000000000464,0.0,2.365000000000464,0.0,0.0,1.0
3,27,22,0.0,0.7789999999995416,0.0,0.7789999999995416,0.0,0.0,1.0
3,27,23,0.0,2.5180000000002565,0.0,2.5180000000002565,0.0,0.0,1.0
3,27,24,0.0,1.0420000000010532,0.0,1.0420000000010532,0.0,0.0,1.0
3,27,25,0.0,1.8669999999999618,0.0,1.8669999999999618,0.0,0.0,1.0
3,27,26,0.0,1.388999999999669,0.0,1.388999999999669,0.0,0.0,1.0
3,27,27,0.0,0.8340000000004011,0.0,0.8340000000004011,0.0,0.0,1.0
3,27,28,0.0,1.3999999999998636,0.0,1.3999999999998636,0.0,0.0,1.0
3,27,29,0.0,0.018999999999778083,0.0,0.018999999999778083,0.0,0.0,1.0
3,27,30,0.0,0.009000000000014552,0.0,0.009000000000014552,0.0,0.0,1.0
3,27,31,0.0,0.021999999999934516,0.0,0.021999999999934516,0.0,0.0,1.0
3,27,32,0.0,0.009000000000014552,0.0,0.009000000000014552,0.0,0.0,1.0
3,27,33,0.0,0.010999999999967258,0.0,0.010999999999967258,0.0,0.0,1.0
3,27,34,0.0,0.008000000000038199,0.0,0.008000000000038199,0.0,0.0,1.0
3,27,35,0.0,0.3430000000000746,0.0,0.3430000000000746,0.0,0.0,1.0
3,27,36,0.0,0.01999999999998181,0.0,0.01999999999998181,0.0,0.0,1.0
3,27,37,0.0,0.008000000000038199,0.0,0.008000000000038199,0.0,0.0,1.0
3,27,38,0.0,0.009999999999990905,0.0,0.009999999999990905,0.0,0.0,1.0
3,27,39,0.0,0.010999999999967258,0.0,0.010999999999967258,0.0,0.0,1.0
3,28,0,0.0929999999998472,0.0,0.028000000000247383,0.12100000000009459,0.7685950413204504,0.23140495867954955,0.0
3,28,6,0.0,0.08299999999996999,0.0,0.08299999999996999,0.0,0.0,1.0
3,28,7,0.0,0.04000000000007731,0.0,0.04000000000007731,0.0,0.0,1.0
3,28,8,0.0,0.05999999999994543,0.0,0.05999999999994543,0.0,0.0,1.0
3,28,9,0.0,0.03100000000000591,0.0,0.03100000000000591,0.0,0.0,1.0
3,28,10,0.0,0.06799999999998363,0.0,0.06799999999998363,0.0,0.0,1.0
3,28,11,0.0,0.20000000000004547,0.0,0.20000000000004547,0.0,0.0,1.0
3,28,12,0.0,0.3499999999999659,0.18100000000004002,0.5310000000000059,0.0,0.34086629001890395,0.659133709981096
3,28,13,0.0,0.24099999999998545,0.06899999999995998,0.30999999999994543,0.0,0.2225806451612004,0.7774193548387995
3,28,14,0.0,0.3440000000005057,0.03099999999994907,0.37500000000045475,0.0,0.0826666666664306,0.9173333333335694
3,28,15,0.0,0.459999999999809,0.0,0.459999999999809,0.0,0.0,1.0
3,28,16,0.0,2.432999999999822,0.0,2.432999999999822,0.0,0.0,1.0
3,28,17,0.0,3.4659999999996103,0.0,3.4659999999996103,0.0,0.0,1.0
3,28,18,0.0,1.2810000000001196,0.0,1.2810000000001196,0.0,0.0,1.0
3,28,19,0.0,0.49800000000050204,0.0,0.49800000000050204,0.0,0.0,1.0
3,28,20,0.0,1.8809999999990623,0.0,1.8809999999990623,0.0,0.0,1.0
3,28,21,0.0,1.27699999999993,0.0,1.27699999999993,0.0,0.0,1.0
3,28,22,0.0,0.33100000000013097,0.0,0.33100000000013097,0.0,0.0,1.0
3,28,23,0.0,0.9529999999999745,0.0,0.9529999999999745,0.0,0.0,1.0
3,28,24,0.0,1.0409999999997126,0.0,1.0409999999997126,0.0,0.0,1.0
3,28,25,0.0,1.0230000000001382,0.0,1.0230000000001382,0.0,0.0,1.0
3,28,26,0.0,0.6010000000001128,0.0,0.6010000000001128,0.0,0.0,1.0
3,28,27,0.0,0.5090000000001282,0.0,0.5090000000001282,0.0,0.0,1.0
3,28,28,0.0,0.6890000000000782,0.0,0.6890000000000782,0.0,0.0,1.0
3,28,30,0.0,0.010000000000218279,0.0,0.010000000000218279,0.0,0.0,1.0
3,28,31,0.0,0.01999999999998181,0.0,0.01999999999998181,0.0,0.0,1.0
3,28,32,0.0,0.009999999999763531,0.0,0.009999999999763531,0.0,0.0,1.0
3,28,33,0.0,0.010999999999967258,0.0,0.010999999999967258,0.0,0.0,1.0
3,28,34,0.0,0.009000000000014552,0.0,0.009000000000014552,0.0,0.0,1.0
3,28,35,0.0,0.021000000000185537,0.0,0.021000000000185537,0.0,0.0,1.0
3,28,36,0.0,0.19900000000006912,0.0,0.19900000000006912,0.0,0.0,1.0
3,28,37,0.0,0.0500000000001819,0.0,0.0500000000001819,0.0,0.0,1.0
3,28,38,0.0,0.009999999999763531,0.0,0.009999999999763531,0.0,0.0,1.0
3,28,39,0.0,0.03200000000038017,0.0,0.03200000000038017,0.0,0.0,1.0
3,28,40,0.0,0.027999999999792635,0.0,0.027999999999792635,0.0,0.0,1.0
3,28,41,0.0,0.05899999999996908,0.0,0.05899999999996908,0.0,0.0,1.0
3,28,42,0.0,0.02200000000016189,0.0,0.02200000000016189,0.0,0.0,1.0
3,28,43,0.0,0.03999999999996362,0.0,0.03999999999996362,0.0,0.0,1.0
3,28,44,0.0,0.03999999999973625,0.0,0.03999999999973625,0.0,0.0,1.0
3,28,45,0.0,0.03000000000020009,0.0,0.03000000000020009,0.0,0.0,1.0
3,28,46,0.0,0.009000000000014552,0.0,0.009000000000014552,0.0,0.0,1.0
3,29,0,0.1790000000000873,0.0,0.0,0.1790000000000873,1.0,0.0,0.0
3,29,12,0.0,0.30999999999994543,0.0500000000001819,0.36000000000012733,0.0,0.13888888888934503,0.861111111110655
3,29,13,0.0,0.02899999999976899,0.0,0.02899999999976899,0.0,0.0,1.0
3,29,14,0.0,0.051999999999964075,0.0,0.051999999999964075,0.0,0.0,1.0
3,29,15,0.0,0.02500000000009095,0.0,0.02500000000009095,0.0,0.0,1.0
3,29,16,0.0,0.5830000000000837,0.0,0.5830000000000837,0.0,0.0,1.0
3,29,17,0.0,2.460999999999956,0.0,2.460999999999956,0.0,0.0,1.0
3,29,18,0.0,0.6769999999997935,0.0,0.6769999999997935,0.0,0.0,1.0
3,29,19,0.0,1.0620000000003529,0.0,1.0620000000003529,0.0,0.0,1.0
3,29,20,0.0,3.8260000000004766,0.0,3.8260000000004766,0.0,0.0,1.0
3,29,21,0.0,2.151000000000522,0.0,2.151000000000522,0.0,0.0,1.0
3,29,22,0.0,0.6480000000001382,0.0,0.6480000000001382,0.0,0.0,1.0
3,29,23,0.0,1.9490000000000691,0.0,1.9490000000000691,0.0,0.0,1.0
3,29,24,0.0,1.5389999999993051,0.0,1.5389999999993051,0.0,0.0,1.0
3,29,25,0.0,0.9700000000002547,0.0,0.9700000000002547,0.0,0.0,1.0
3,29,26,0.0,1.4379999999998745,0.0,1.4379999999998745,0.0,0.0,1.0
3,29,27,0.0,0.8279999999994061,0.0,0.8279999999994061,0.0,0.0,1.0
3,29,28,0.0,1.2789999999999964,0.0,1.2789999999999964,0.0,0.0,1.0
3,29,29,0.0,0.04900000000043292,0.0,0.04900000000043292,0.0,0.0,1.0
3,29,31,0.0,0.2710000000006403,0.0,0.2710000000006403,0.0,0.0,1.0
3,29,37,0.0,0.028999999999996362,0.0,0.028999999999996362,0.0,0.0,1.0
3,29,38,0.0,0.19099999999980355,0.0,0.19099999999980355,0.0,0.0,1.0
3,29,39,0.0,0.017000000000280124,0.0,0.017000000000280124,0.0,0.0,1.0
3,29,45,0.0,0.03999999999996362,0.0,0.03999999999996362,0.0,0.0,1.0
3,29,46,0.0,0.09099999999966712,0.0,0.09099999999966712,0.0,0.0,1.0
3,29,47,0.0,0.18000000000029104,0.0,0.18000000000029104,0.0,0.0,1.0
3,29,48,0.0,0.11100000000010368,0.0,0.11100000000010368,0.0,0.0,1.0
3,29,49,0.0,0.15699999999969805,0.0,0.15699999999969805,0.0,0.0,1.0
3,29,50,0.0,0.01999999999998181,0.0,0.01999999999998181,0.0,0.0,1.0
3,30,0,0.18800000000010186,0.0,0.0,0.18800000000010186,1.0,0.0,0.0
3,30,12,0.0,0.2300000000000182,0.10100000000011278,0.33100000000013097,0.0,0.3051359516618514,0.6948640483381486
3,30,19,0.0,0.47900000000004184,0.0,0.47900000000004184,0.0,0.0,1.0
3,30,20,0.0,2.4699999999998,0.0,2.4699999999998,0.0,0.0,1.0
3,30,21,0.0,1.2279999999999518,0.0,1.2279999999999518,0.0,0.0,1.0
3,30,22,0.0,0.22999999999956344,0.0,0.22999999999956344,0.0,0.0,1.0
3,30,23,0.0,0.8649999999997817,0.0,0.8649999999997817,0.0,0.0,1.0
3,30,24,0.0,0.919999999999618,0.0,0.919999999999618,0.0,0.0,1.0
3,30,25,0.0,0.8309999999996762,0.0,0.8309999999996762,0.0,0.0,1.0
3,30,26,0.0,0.7010000000004766,0.0,0.7010000000004766,0.0,0.0,1.0
3,30,27,0.0,0.27899999999999636,0.0,0.27899999999999636,0.0,0.0,1.0
3,30,28,0.0,1.0040000000001328,0.0,1.0040000000001328,0.0,0.0,1.0
3,30,29,0.0,0.32999999999992724,0.0,0.32999999999992724,0.0,0.0,1.0
3,30,31,0.0,0.22899999999935972,0.0,0.22899999999935972,0.0,0.0,1.0
3,30,39,0.0,0.17099999999982174,0.0,0.17099999999982174,0.0,0.0,1.0
3,30,48,0.0,0.020999999999958163,0.0,0.020999999999958163,0.0,0.0,1.0
3,30,49,0.0,0.15000000000009095,0.0,0.15000000000009095,0.0,0.0,1.0
3,30,50,0.0,0.0500000000001819,0.0,0.0500000000001819,0.0,0.0,1.0
3,30,51,0.0,0.10500000000001819,0.0,0.10500000000001819,0.0,0.0,1.0
3,31,0,0.5389999999997599,0.0,0.0,0.5389999999997599,1.0,0.0,0.0
3,31,1,0.010000000000218279,0.0,0.0,0.010000000000218279,1.0,0.0,0.0
3,31,4,0.010000000000218279,0.0,0.0,0.010000000000218279,1.0,0.0,0.0
3,31,5,0.009000000000014552,0.0,0.0,0.009000000000014552,1.0,0.0,0.0
3,31,6,0.01999999999998181,0.0,0.0,0.01999999999998181,1.0,0.0,0.0
3,31,8,0.010999999999967258,0.0,0.0,0.010999999999967258,1.0,0.0,0.0
3,31,10,0.009000000000014552,0.0,0.0,0.009000000000014552,1.0,0.0,0.0
3,31,14,0.010999999999967258,0.0,0.0,0.010999999999967258,1.0,0.0,0.0
3,31,16,0.010000000000218279,0.0,0.0,0.010000000000218279,1.0,0.0,0.0
3,31,18,0.009000000000014552,0.0,0.0,0.009000000000014552,1.0,0.0,0.0
3,31,19,0.0,0.08200000000010732,0.0,0.08200000000010732,0.0,0.0,1.0
3,31,20,0.0,1.0439999999996417,0.0,1.0439999999996417,0.0,0.0,1.0
3,31,21,0.0,2.550000000000068,0.0,2.550000000000068,0.0,0.0,1.0
3,31,22,0.009999999999763531,0.7300000000004729,0.0,0.7400000000002365,0.013513513513189643,0.0,0.9864864864868104
3,31,23,0.0,1.8679999999994834,0.0,1.8679999999994834,0.0,0.0,1.0
3,31,24,0.0,1.7089999999998327,0.0,1.7089999999998327,0.0,0.0,1.0
3,31,25,0.0,1.5889999999999418,0.0,1.5889999999999418,0.0,0.0,1.0
3,31,26,0.010000000000218279,1.0680000000004384,0.0,1.0780000000006567,0.009276437848063254,0.0,0.9907235621519368
3,31,27,0.0,0.6920000000000073,0.0,0.6920000000000073,0.0,0.0,1.0
3,31,28,0.0,1.3479999999999563,0.0,1.3479999999999563,0.0,0.0,1.0
3,31,29,0.0,0.5309999999999491,0.0,0.5309999999999491,0.0,0.0,1.0
3,31,30,0.009999999999763531,0.0,0.0,0.009999999999763531,1.0,0.0,0.0
3,31,31,0.010999999999967258,0.329000000000633,0.0,0.34000000000060027,0.03235294117631717,0.0,0.9676470588236828
3,31,32,0.010000000000218279,0.0,0.0,0.010000000000218279,1.0,0.0,0.0
3,31,35,0.010999999999967258,0.0,0.0,0.010999999999967258,1.0,0.0,0.0
3,31,36,0.19900000000006912,0.3609999999998763,0.058999999999741704,0.6189999999996871,0.3214862681747491,0.09531502423226418,0.5831987075929868
3,31,37,0.0,0.03900000000021464,0.0,0.03900000000021464,0.0,0.0,1.0
3,31,38,0.0,0.021000000000185537,0.0,0.021000000000185537,0.0,0.0,1.0
3,31,39,0.0,0.21199999999998909,0.0,0.21199999999998909,0.0,0.0,1.0
3,31,40,0.0,0.01900000000023283,0.0,0.01900000000023283,0.0,0.0,1.0
3,31,49,0.0,0.2199999999997999,0.0,0.2199999999997999,0.0,0.0,1.0
3,32,0,0.432999999999538,0.13800000000014734,0.18099999999981264,0.751999999999498,0.5757978723401955,0.24069148936161366,0.18351063829819078
3,32,4,0.0,0.0,0.009999999999990905,0.009999999999990905,0.0,1.0,0.0
3,32,7,0.0,0.0,0.009999999999990905,0.009999999999990905,0.0,1.0,0.0
3,32,10,0.0,0.0,0.012000000000170985,0.012000000000170985,0.0,1.0,0.0
3,32,12,0.0,0.0,0.009000000000014552,0.009000000000014552,0.0,1.0,0.0
3,32,13,0.0,0.0,0.009999999999990905,0.009999999999990905,0.0,1.0,0.0
3,32,14,0.0,0.0,0.009000000000014552,0.009000000000014552,0.0,1.0,0.0
3,32,15,0.09900000000016007,0.11999999999989086,1.8209999999999127,2.0399999999999636,0.048529411764785216,0.8926470588235025,0.058823529411712254
3,32,21,0.0,0.4699999999997999,0.0,0.4699999999997999,0.0,0.0,1.0
3,32,22,0.0,0.6899999999995998,0.0,0.6899999999995998,0.0,0.0,1.0
3,32,23,0.0,2.3170000000006894,0.0,2.3170000000006894,0.0,0.0,1.0
3,32,24,0.0,2.230999999999767,0.0,2.230999999999767,0.0,0.0,1.0
3,32,25,0.0,2.2780000000002474,0.0,2.2780000000002474,0.0,0.0,1.0
3,32,26,0.0,1.2429999999997108,0.0,1.2429999999997108,0.0,0.0,1.0
3,32,27,0.0,0.3189999999998463,0.0,0.3189999999998463,0.0,0.0,1.0
3,32,28,0.0,1.3320000000001073,0.0,1.3320000000001073,0.0,0.0,1.0
3,32,29,0.0,0.25900000000001455,0.0,0.25900000000001455,0.0,0.0,1.0
3,32,30,0.0,0.01999999999998181,0.0,0.01999999999998181,0.0,0.0,1.0
3,32,31,0.0,0.41099999999960346,0.0,0.41099999999960346,0.0,0.0,1.0
3,32,35,0.0,0.06900000000041473,0.0,0.06900000000041473,0.0,0.0,1.0
3,32,38,0.0,0.01999999999998181,0.0,0.01999999999998181,0.0,0.0,1.0
3,32,39,0.0,0.02999999999974534,0.0,0.02999999999974534,0.0,0.0,1.0
3,32,40,0.0,0.2899999999999636,0.0,0.2899999999999636,0.0,0.0,1.0
3,32,41,0.0,0.05999999999994543,0.0,0.05999999999994543,0.0,0.0,1.0
3,32,42,0.0,0.11900000000014188,0.0,0.11900000000014188,0.0,0.0,1.0
3,33,0,0.0,0.0,0.03999999999996362,0.03999999999996362,0.0,1.0,0.0
3,33,18,0.0,0.0500000000001819,0.0,0.0500000000001819,0.0,0.0,1.0
3,33,19,0.0,0.05999999999994543,0.0,0.05999999999994543,0.0,0.0,1.0
3,33,20,0.0,0.0989999999999327,0.0,0.0989999999999327,0.0,0.0,1.0
3,33,21,0.0,0.10800000000017462,0.0,0.10800000000017462,0.0,0.0,1.0
3,33,22,0.0,0.1739999999997508,0.0,0.1739999999997508,0.0,0.0,1.0
3,33,23,0.0,0.680000000000291,0.0,0.680000000000291,0.0,0.0,1.0
3,33,24,0.0,1.362999999999147,0.0,1.362999999999147,0.0,0.0,1.0
3,33,25,0.0,0.9400000000009641,0.0,0.9400000000009641,0.0,0.0,1.0
3,33,26,0.0,0.6699999999993906,0.0,0.6699999999993906,0.0,0.0,1.0
3,33,27,0.0,0.032000000000152795,0.0,0.032000000000152795,0.0,0.0,1.0
3,33,28,0.0,0.8079999999999927,0.0,0.8079999999999927,0.0,0.0,1.0
3,33,29,0.0,0.01900000000023283,0.0,0.01900000000023283,0.0,0.0,1.0
3,33,30,0.0,0.11099999999987631,0.0,0.11099999999987631,0.0,0.0,1.0
3,33,31,0.0,0.26099999999996726,0.0,0.26099999999996726,0.0,0.0,1.0
3,33,32,0.0,0.12800000000061118,0.0,0.12800000000061118,0.0,0.0,1.0
3,33,33,0.0,0.13099999999985812,0.0,0.13099999999985812,0.0,0.0,1.0
3,33,34,0.0,0.09899999999970532,0.0,0.09899999999970532,0.0,0.0,1.0
3,33,35,0.0,0.4040000000004511,0.0,0.4040000000004511,0.0,0.0,1.0
3,33,36,0.0,0.1000000000003638,0.0,0.1000000000003638,0.0,0.0,1.0
3,33,37,0.0,0.02999999999974534,0.0,0.02999999999974534,0.0,0.0,1.0
3,33,38,0.0,0.010000000000218279,0.0,0.010000000000218279,0.0,0.0,1.0
3,33,39,0.0,0.009999999999763531,0.0,0.009999999999763531,0.0,0.0,1.0
3,33,40,0.0,0.19800000000032014,0.0,0.19800000000032014,0.0,0.0,1.0
3,33,41,0.0,0.01999999999998181,0.0,0.01999999999998181,0.0,0.0,1.0
3,33,42,0.0,0.041999999999916326,0.0,0.041999999999916326,0.0,0.0,1.0
3,34,0,0.0,0.0,0.03999999999996362,0.03999999999996362,0.0,1.0,0.0
3,34,16,0.0,0.22899999999981446,0.0,0.22899999999981446,0.0,0.0,1.0
3,34,17,0.0,0.1690000000000964,0.0,0.1690000000000964,0.0,0.0,1.0
3,34,18,0.0,0.14099999999984902,0.0,0.14099999999984902,0.0,0.0,1.0
3,34,19,0.0,0.028999999999996362,0.0,0.028999999999996362,0.0,0.0,1.0
3,34,20,0.0,0.01999999999998181,0.0,0.01999999999998181,0.0,0.0,1.0
3,34,21,0.0,0.06100000000037653,0.0,0.06100000000037653,0.0,0.0,1.0
3,34,22,0.0,0.3389999999997144,0.0,0.3389999999997144,0.0,0.0,1.0
3,34,23,0.0,0.032000000000152795,0.0,0.032000000000152795,0.0,0.0,1.0
3,34,24,0.0,1.848000000000411,0.0,1.848000000000411,0.0,0.0,1.0
3,34,25,0.0,2.2799999999997453,0.0,2.2799999999997453,0.0,0.0,1.0
3,34,26,0.0,0.8689999999998008,0.0,0.8689999999998008,0.0,0.0,1.0
3,34,28,0.0,1.2739999999998872,0.0,1.2739999999998872,0.0,0.0,1.0
3,34,31,0.0,0.3900000000003274,0.0,0.3900000000003274,0.0,0.0,1.0
3,34,34,0.0,0.02999999999974534,0.0,0.02999999999974534,0.0,0.0,1.0
3,34,35,0.0,0.7869999999998072,0.0,0.7869999999998072,0.0,0.0,1.0
3,34,36,0.0,0.13999999999987267,0.0,0.13999999999987267,0.0,0.0,1.0
3,34,37,0.0,0.3510000000005675,0.0,0.3510000000005675,0.0,0.0,1.0
3,34,38,0.0,0.14800000000036562,0.0,0.14800000000036562,0.0,0.0,1.0
3,34,39,0.0,0.03000000000020009,0.0,0.03000000000020009,0.0,0.0,1.0
3,34,40,0.0,0.30099999999947613,0.0,0.30099999999947613,0.0,0.0,1.0
3,34,41,0.0,0.068000000000211,0.0,0.068000000000211,0.0,0.0,1.0
3,34,42,0.0,0.03099999999994907,0.0,0.03099999999994907,0.0,0.0,1.0
3,34,43,0.0,0.03799999999955617,0.0,0.03799999999955617,0.0,0.0,1.0
3,34,44,0.0,0.09200000000055297,0.0,0.09200000000055297,0.0,0.0,1.0
3,34,45,0.0,0.01999999999998181,0.0,0.01999999999998181,0.0,0.0,1.0
3,34,46,0.0,0.01999999999998181,0.0,0.01999999999998181,0.0,0.0,1.0
3,35,0,0.0,0.0,0.03900000000021464,0.03900000000021464,0.0,1.0,0.0
3,35,23,0.0,0.04100000000005366,0.0,0.04100000000005366,0.0,0.0,1.0
3,35,24,0.0,0.15200000000072578,0.0,0.15200000000072578,0.0,0.0,1.0
3,35,25,0.0,0.8560000000002219,0.0,0.8560000000002219,0.0,0.0,1.0
3,35,26,0.0,0.46600000000034925,0.0,0.46600000000034925,0.0,0.0,1.0
3,35,27,0.0,0.09199999999964348,0.0,0.09199999999964348,0.0,0.0,1.0
3,35,28,0.0,0.705000000000382,0.0,0.705000000000382,0.0,0.0,1.0
3,35,31,0.0,0.16999999999916326,0.0,0.16999999999916326,0.0,0.0,1.0
3,35,32,0.0,0.1390000000001237,0.0,0.1390000000001237,0.0,0.0,1.0
3,35,35,0.0,0.3919999999998254,0.0,0.3919999999998254,0.0,0.0,1.0
3,35,37,0.0,0.170999999999367,0.0,0.170999999999367,0.0,0.0,1.0
3,35,38,0.0,0.1999999999998181,0.0,0.1999999999998181,0.0,0.0,1.0
3,35,39,0.0,0.17200000000002547,0.0,0.17200000000002547,0.0,0.0,1.0
3,35,40,0.0,0.18899999999985084,0.0,0.18899999999985084,0.0,0.0,1.0
3,35,41,0.0,0.10999999999967258,0.0,0.10999999999967258,0.0,0.0,1.0
3,35,42,0.0,0.1410000000000764,0.0,0.1410000000000764,0.0,0.0,1.0
3,35,47,0.0,0.010999999999967258,0.0,0.010999999999967258,0.0,0.0,1.0
3,35,48,0.0,0.007999999999810825,0.0,0.007999999999810825,0.0,0.0,1.0
3,35,49,0.0,0.032000000000152795,0.0,0.032000000000152795,0.0,0.0,1.0
3,35,50,0.0,0.018999999999778083,0.0,0.018999999999778083,0.0,0.0,1.0
3,35,51,0.0,0.020000000000436557,0.0,0.020000000000436557,0.0,0.0,1.0
3,35,52,0.0,0.009999999999763531,0.0,0.009999999999763531,0.0,0.0,1.0
3,35,53,0.0,0.012000000000170985,0.0,0.012000000000170985,0.0,0.0,1.0
3,35,54,0.0,0.007999999999810825,0.0,0.007999999999810825,0.0,0.0,1.0
3,35,55,0.0,0.010999999999967258,0.0,0.010999999999967258,0.0,0.0,1.0
3,35,60,0.0,0.009999999999763531,0.0,0.009999999999763531,0.0,0.0,1.0
3,35,62,0.0,0.010999999999967258,0.0,0.010999999999967258,0.0,0.0,1.0
3,35,63,0.0,0.008000000000265572,0.0,0.008000000000265572,0.0,0.0,1.0
3,35,64,0.0,0.02099999999973079,0.0,0.02099999999973079,0.0,0.0,1.0
3,35,65,0.0,0.010000000000218279,0.0,0.010000000000218279,0.0,0.0,1.0
3,35,66,0.0,0.009999999999763531,0.0,0.009999999999763531,0.0,0.0,1.0
3,36,0,0.0,0.0,0.07999999999992724,0.07999999999992724,0.0,1.0,0.0
3,36,8,0.0,0.0,0.06899999999995998,0.06899999999995998,0.0,1.0,0.0
3,36,16,0.0,0.032000000000152795,0.0,0.032000000000152795,0.0,0.0,1.0
3,36,17,0.0,0.028999999999996362,0.0,0.028999999999996362,0.0,0.0,1.0
3,36,18,0.0,0.027999999999792635,0.0,0.027999999999792635,0.0,0.0,1.0
3,36,19,0.0,0.18200000000024374,0.0,0.18200000000024374,0.0,0.0,1.0
3,36,20,0.0,0.3389999999999418,0.0,0.3389999999999418,0.0,0.0,1.0
3,36,21,0.0,0.09899999999970532,0.0,0.09899999999970532,0.0,0.0,1.0
3,36,22,0.0,0.23099999999999454,0.0,0.23099999999999454,0.0,0.0,1.0
3,36,23,0.0,0.060000000000172804,0.0,0.060000000000172804,0.0,0.0,1.0
3,36,24,0.0,0.03099999999994907,0.0,0.03099999999994907,0.0,0.0,1.0
3,36,25,0.0,0.01999999999998181,0.0,0.01999999999998181,0.0,0.0,1.0
3,36,26,0.0,0.06199999999989814,0.0,0.06199999999989814,0.0,0.0,1.0
3,36,27,0.0,0.5199999999999818,0.0,0.5199999999999818,0.0,0.0,1.0
3,36,28,0.0,0.5489999999999782,0.0,0.5489999999999782,0.0,0.0,1.0
3,36,31,0.0,0.4690000000005057,0.0,0.4690000000005057,0.0,0.0,1.0
3,36,32,0.0,0.38199999999983447,0.0,0.38199999999983447,0.0,0.0,1.0
3,36,33,0.0,0.009999999999763531,0.0,0.009999999999763531,0.0,0.0,1.0
3,36,34,0.0,0.009000000000014552,0.0,0.009000000000014552,0.0,0.0,1.0
3,36,35,0.0,0.6790000000000873,0.0,0.6790000000000873,0.0,0.0,1.0
3,36,37,0.0,0.41899999999986903,0.0,0.41899999999986903,0.0,0.0,1.0
3,36,38,0.0,0.4500000000000455,0.0,0.4500000000000455,0.0,0.0,1.0
3,36,39,0.0,0.09900000000016007,0.0,0.09900000000016007,0.0,0.0,1.0
3,36,40,0.0,0.24000000000023647,0.0,0.24000000000023647,0.0,0.0,1.0
3,36,42,0.0,0.4680000000000746,0.0,0.4680000000000746,0.0,0.0,1.0
3,36,43,0.0,0.02099999999973079,0.0,0.02099999999973079,0.0,0.0,1.0
3,36,56,0.0,0.01999999999998181,0.0,0.01999999999998181,0.0,0.0,1.0
3,36,58,0.0,0.009000000000014552,0.0,0.009000000000014552,0.0,0.0,1.0
3,36,59,0.0,0.010000000000218279,0.0,0.010000000000218279,0.0,0.0,1.0
3,36,60,0.0,0.009999999999763531,0.0,0.009999999999763531,0.0,0.0,1.0
3,36,61,0.0,0.010000000000218279,0.0,0.010000000000218279,0.0,0.0,1.0
3,36,67,0.0,0.010000000000218279,0.0,0.010000000000218279,0.0,0.0,1.0
3,36,68,0.0,0.01999999999998181,0.0,0.01999999999998181,0.0,0.0,1.0
3,36,69,0.0,0.023999999999887223,0.0,0.023999999999887223,0.0,0.0,1.0
3,36,70,0.0,0.005999999999858119,0.0,0.005999999999858119,0.0,0.0,1.0
3,36,71,0.0,0.022999999999683496,0.0,0.022999999999683496,0.0,0.0,1.0
3,36,72,0.0,0.017000000000280124,0.0,0.017000000000280124,0.0,0.0,1.0
3,36,73,0.0,0.08000000000038199,0.0,0.08000000000038199,0.0,0.0,1.0
3,36,74,0.0,0.12299999999959255,0.0,0.12299999999959255,0.0,0.0,1.0
3,37,0,0.08799999999973807,0.23900000000003274,0.06000000000040018,0.387000000000171,0.22739018087777568,0.15503875969088804,0.6175710594313363
3,37,3,0.0,0.010000000000218279,0.0,0.010000000000218279,0.0,0.0,1.0
3,37,8,0.8110000000001492,0.0,0.21099999999978536,1.0219999999999345,0.793542074364189,0.20645792563581103,0.0
3,37,9,0.0,0.0,0.03000000000020009,0.03000000000020009,0.0,1.0,0.0
3,37,10,0.0,0.0,0.018999999999778083,0.018999999999778083,0.0,1.0,0.0
3,37,11,0.0,0.0,0.01900000000023283,0.01900000000023283,0.0,1.0,0.0
3,37,12,0.0,0.018999999999778083,0.012999999999919964,0.03199999999969805,0.0,0.40625000000133227,0.5937499999986677
3,37,13,1.0209999999997308,0.17099999999982174,0.33900000000039654,1.530999999999949,0.6668843892878934,0.22142390594409395,0.11169170476801268
3,37,14,0.0,0.05900000000019645,0.0,0.05900000000019645,0.0,0.0,1.0
3,37,15,0.0,0.05099999999947613,0.0,0.05099999999947613,0.0,0.0,1.0
3,37,16,0.0,0.08800000000019281,0.0,0.08800000000019281,0.0,0.0,1.0
3,37,17,0.0,0.04999999999972715,0.0,0.04999999999972715,0.0,0.0,1.0
3,37,18,0.0,0.050000000000636646,0.0,0.050000000000636646,0.0,0.0,1.0
3,37,19,0.0,0.018999999999778083,0.0,0.018999999999778083,0.0,0.0,1.0
3,37,20,0.0,0.021000000000185537,0.0,0.021000000000185537,0.0,0.0,1.0
3,37,21,0.0,0.027999999999792635,0.0,0.027999999999792635,0.0,0.0,1.0
3,37,22,0.0,0.010999999999967258,0.0,0.010999999999967258,0.0,0.0,1.0
3,37,23,0.0,0.008000000000265572,0.0,0.008000000000265572,0.0,0.0,1.0
3,37,24,0.0,0.021999999999934516,0.0,0.021999999999934516,0.0,0.0,1.0
3,37,25,0.0,0.018999999999778083,0.0,0.018999999999778083,0.0,0.0,1.0
3,37,27,0.0,0.5899999999996908,0.0,0.5899999999996908,0.0,0.0,1.0
3,37,28,0.0,0.5809999999999036,0.0,0.5809999999999036,0.0,0.0,1.0
3,37,29,0.0,0.021999999999934516,0.0,0.021999999999934516,0.0,0.0,1.0
3,37,30,0.0,0.29799999999977445,0.0,0.29799999999977445,0.0,0.0,1.0
3,37,31,0.0,0.5290000000002237,0.0,0.5290000000002237,0.0,0.0,1.0
3,37,32,0.0,0.021999999999934516,0.0,0.021999999999934516,0.0,0.0,1.0
3,37,35,0.0,0.635000000000673,0.0,0.635000000000673,0.0,0.0,1.0
3,37,36,0.0,0.17200000000002547,0.0,0.17200000000002547,0.0,0.0,1.0
3,37,37,0.0,0.28000000000065484,0.0,0.28000000000065484,0.0,0.0,1.0
3,37,38,0.0,0.2799999999999727,0.0,0.2799999999999727,0.0,0.0,1.0
3,37,40,0.0,0.2909999999997126,0.0,0.2909999999997126,0.0,0.0,1.0
3,37,42,0.0,0.29899999999997817,0.0,0.29899999999997817,0.0,0.0,1.0
3,37,43,0.0,0.09100000000034925,0.0,0.09100000000034925,0.0,0.0,1.0
3,37,73,0.0,0.01999999999998181,0.0,0.01999999999998181,0.0,0.0,1.0
3,37,74,0.0,0.04800000000022919,0.0,0.04800000000022919,0.0,0.0,1.0
3,38,0,0.25,0.38899999999966894,0.37300000000050204,1.012000000000171,0.24703557312248792,0.36857707509924803,0.38438735177826405
3,38,1,0.0,0.0,0.007999999999810825,0.007999999999810825,0.0,1.0,0.0
3,38,3,0.0,0.007999999999810825,0.0,0.007999999999810825,0.0,0.0,1.0
3,38,8,0.0,0.012000000000170985,0.0,0.012000000000170985,0.0,0.0,1.0
3,38,11,0.0,0.010999999999967258,0.0,0.010999999999967258,0.0,0.0,1.0
3,38,13,0.1390000000001237,0.0,0.041999999999916326,0.18100000000004002,0.767955801105486,0.23204419889451403,0.0
3,38,26,0.0,0.010000000000218279,0.0,0.010000000000218279,0.0,0.0,1.0
3,38,27,0.0,0.09099999999966712,0.0,0.09099999999966712,0.0,0.0,1.0
3,38,28,0.0,0.23000000000024556,0.0,0.23000000000024556,0.0,0.0,1.0
3,38,29,0.0,0.09799999999995634,0.0,0.09799999999995634,0.0,0.0,1.0
3,38,30,0.0,0.10200000000008913,0.0,0.10200000000008913,0.0,0.0,1.0
3,38,31,0.0,0.25200000000040745,0.0,0.25200000000040745,0.0,0.0,1.0
3,38,32,0.0,0.028999999999541615,0.0,0.028999999999541615,0.0,0.0,1.0
3,38,33,0.0,0.02999999999974534,0.0,0.02999999999974534,0.0,0.0,1.0
3,38,34,0.0,0.1000000000003638,0.0,0.1000000000003638,0.0,0.0,1.0
3,38,35,0.0,0.28399999999965075,0.0,0.28399999999965075,0.0,0.0,1.0
3,38,37,0.0,0.18099999999958527,0.0,0.18099999999958527,0.0,0.0,1.0
3,38,38,0.0,0.17899999999985994,0.0,0.17899999999985994,0.0,0.0,1.0
3,38,40,0.0,0.12800000000015643,0.0,0.12800000000015643,0.0,0.0,1.0
3,38,42,0.0,0.1790000000000873,0.0,0.1790000000000873,0.0,0.0,1.0
3,39,0,0.09999999999990905,0.0,0.1610000000000582,0.26099999999996726,0.38314176245180687,0.6168582375481931,0.0
3,39,18,0.0,0.01099999999951251,0.0,0.01099999999951251,0.0,0.0,1.0
3,39,19,0.0,0.18000000000029104,0.0,0.18000000000029104,0.0,0.0,1.0
3,39,20,0.0,0.08899999999994179,0.0,0.08899999999994179,0.0,0.0,1.0
3,39,21,0.0,0.0500000000001819,0.0,0.0500000000001819,0.0,0.0,1.0
3,39,22,0.0,0.011000000000422006,0.0,0.011000000000422006,0.0,0.0,1.0
3,39,23,0.0,0.029999999998835847,0.0,0.029999999998835847,0.0,0.0,1.0
3,39,24,0.0,0.009000000000014552,0.0,0.009000000000014552,0.0,0.0,1.0
3,39,25,0.0,0.010000000000218279,0.0,0.010000000000218279,0.0,0.0,1.0
3,39,26,0.0,0.02099999999973079,0.0,0.02099999999973079,0.0,0.0,1.0
3,39,27,0.0,0.027000000000043656,0.0,0.027000000000043656,0.0,0.0,1.0
3,39,28,0.0,0.06100000000014916,0.0,0.06100000000014916,0.0,0.0,1.0
3,39,29,0.0,0.5189999999997781,0.0,0.5189999999997781,0.0,0.0,1.0
3,39,30,0.0,0.07000000000061846,0.0,0.07000000000061846,0.0,0.0,1.0
3,39,31,0.0,0.3209999999999127,0.0,0.3209999999999127,0.0,0.0,1.0
3,39,35,0.0,0.3779999999997017,0.0,0.3779999999997017,0.0,0.0,1.0
3,39,37,0.0,0.32999999999992724,0.0,0.32999999999992724,0.0,0.0,1.0
3,39,38,0.0,0.27899999999999636,0.0,0.27899999999999636,0.0,0.0,1.0
3,39,40,0.0,0.28099999999994907,0.0,0.28099999999994907,0.0,0.0,1.0
3,39,42,0.0,0.17899999999985994,0.0,0.17899999999985994,0.0,0.0,1.0
3,39,44,0.0,0.03000000000020009,0.0,0.03000000000020009,0.0,0.0,1.0
3,40,0,0.17099999999982174,0.0,0.0,0.17099999999982174,1.0,0.0,0.0
3,40,9,0.0,0.01099999999951251,0.0,0.01099999999951251,0.0,0.0,1.0
3,40,10,0.0,0.09900000000016007,0.0,0.09900000000016007,0.0,0.0,1.0
3,40,11,0.0,0.06000000000040018,0.0,0.06000000000040018,0.0,0.0,1.0
3,40,12,0.0,0.08999999999923602,0.0,0.08999999999923602,0.0,0.0,1.0
3,40,13,0.0,0.03099999999994907,0.0,0.03099999999994907,0.0,0.0,1.0
3,40,14,0.0,0.009000000000014552,0.0,0.009000000000014552,0.0,0.0,1.0
3,40,15,0.0,0.2899999999999636,0.0,0.2899999999999636,0.0,0.0,1.0
3,40,16,0.0,0.08700000000044383,0.0,0.08700000000044383,0.0,0.0,1.0
3,40,17,0.0,0.042999999999665306,0.0,0.042999999999665306,0.0,0.0,1.0
3,40,18,0.0,0.06000000000130967,0.0,0.06000000000130967,0.0,0.0,1.0
3,40,19,0.0,0.027999999999337888,0.0,0.027999999999337888,0.0,0.0,1.0
3,40,20,0.0,0.020000000000436557,0.0,0.020000000000436557,0.0,0.0,1.0
3,40,21,0.0,0.01099999999951251,0.0,0.01099999999951251,0.0,0.0,1.0
3,40,22,0.0,0.01900000000023283,0.0,0.01900000000023283,0.0,0.0,1.0
3,40,23,0.0,0.021000000000640284,0.0,0.021000000000640284,0.0,0.0,1.0
3,40,24,0.0,0.018999999999323336,0.0,0.018999999999323336,0.0,0.0,1.0
3,40,25,0.0,0.009000000000014552,0.0,0.009000000000014552,0.0,0.0,1.0
3,40,26,0.0,0.021000000000640284,0.0,0.021000000000640284,0.0,0.0,1.0
3,40,27,0.0,0.011999999999716238,0.0,0.011999999999716238,0.0,0.0,1.0
3,40,29,0.0,0.21899999999982356,0.0,0.21899999999982356,0.0,0.0,1.0
3,40,35,0.0,0.2220000000006621,0.0,0.2220000000006621,0.0,0.0,1.0
3,40,36,0.0,0.11200000000008004,0.0,0.11200000000008004,0.0,0.0,1.0
3,40,37,0.0,0.057999999999992724,0.0,0.057999999999992724,0.0,0.0,1.0
3,40,38,0.0,0.17200000000002547,0.0,0.17200000000002547,0.0,0.0,1.0
3,40,40,0.0,0.17099999999982174,0.0,0.17099999999982174,0.0,0.0,1.0
3,40,42,0.0,0.17200000000002547,0.0,0.17200000000002547,0.0,0.0,1.0
3,40,44,0.0,0.028999999999996362,0.0,0.028999999999996362,0.0,0.0,1.0
3,41,0,0.08800000000019281,0.22100000000000364,0.0,0.30900000000019645,0.2847896440133879,0.0,0.7152103559866121
3,41,15,0.0,0.17199999999957072,0.0,0.17199999999957072,0.0,0.0,1.0
3,41,17,0.0,0.009000000000014552,0.0,0.009000000000014552,0.0,0.0,1.0
3,41,28,0.0,0.009999999999990905,0.0,0.009999999999990905,0.0,0.0,1.0
3,41,29,0.0,0.05100000000015825,0.0,0.05100000000015825,0.0,0.0,1.0
3,41,30,0.0,0.011999999999716238,0.0,0.011999999999716238,0.0,0.0,1.0
3,41,34,0.0,0.058999999999286956,0.0,0.058999999999286956,0.0,0.0,1.0
3,41,35,0.0,0.501999999999498,0.0,0.501999999999498,0.0,0.0,1.0
3,41,36,0.0,0.33799999999973807,0.0,0.33799999999973807,0.0,0.0,1.0
3,41,38,0.0,0.2989999999997508,0.0,0.2989999999997508,0.0,0.0,1.0
3,41,40,0.0,0.34700000000020736,0.0,0.34700000000020736,0.0,0.0,1.0
3,41,41,0.0,0.010000000000218279,0.0,0.010000000000218279,0.0,0.0,1.0
3,41,42,0.0,0.28899999999998727,0.0,0.28899999999998727,0.0,0.0,1.0
3,41,43,0.0,0.01999999999998181,0.0,0.01999999999998181,0.0,0.0,1.0
3,41,44,0.0,0.05099999999993088,0.0,0.05099999999993088,0.0,0.0,1.0
3,42,0,0.37900000000036016,0.0,0.0,0.37900000000036016,1.0,0.0,0.0
3,42,15,0.0,0.18099999999958527,0.09000000000014552,0.2709999999997308,0.0,0.3321033210340772,0.6678966789659228
3,42,16,0.0,0.030000000000654836,0.0,0.030000000000654836,0.0,0.0,1.0
3,42,17,0.0,0.01099999999951251,0.0,0.01099999999951251,0.0,0.0,1.0
3,42,18,0.0,0.007000000000516593,0.0,0.007000000000516593,0.0,0.0,1.0
3,42,19,0.0,0.01099999999951251,0.0,0.01099999999951251,0.0,0.0,1.0
3,42,20,0.0,0.021000000000640284,0.0,0.021000000000640284,0.0,0.0,1.0
3,42,21,0.0,0.009999999999308784,0.0,0.009999999999308784,0.0,0.0,1.0
3,42,22,0.0,0.010000000000218279,0.0,0.010000000000218279,0.0,0.0,1.0
3,42,23,0.0,0.011000000000422006,0.0,0.011000000000422006,0.0,0.0,1.0
3,42,24,0.0,0.009000000000014552,0.0,0.009000000000014552,0.0,0.0,1.0
3,42,25,0.0,0.009999999999308784,0.0,0.009999999999308784,0.0,0.0,1.0
3,42,26,0.0,0.009000000000014552,0.0,0.009000000000014552,0.0,0.0,1.0
3,42,28,0.0,0.009000000000014552,0.0,0.009000000000014552,0.0,0.0,1.0
3,42,29,0.0,0.01099999999951251,0.0,0.01099999999951251,0.0,0.0,1.0
3,42,30,0.0,0.020000000000436557,0.0,0.020000000000436557,0.0,0.0,1.0
3,42,32,0.0,0.011000000000422006,0.0,0.011000000000422006,0.0,0.0,1.0
3,42,33,0.0,0.009000000000014552,0.0,0.009000000000014552,0.0,0.0,1.0
3,42,34,0.0,0.5210000000006403,0.0,0.5210000000006403,0.0,0.0,1.0
3,42,35,0.0,0.21900000000005093,0.0,0.21900000000005093,0.0,0.0,1.0
3,42,36,0.0,0.33100000000013097,0.0,0.33100000000013097,0.0,0.0,1.0
3,42,38,0.0,0.33900000000016917,0.0,0.33900000000016917,0.0,0.0,1.0
3,42,40,0.0,0.2800000000002001,0.0,0.2800000000002001,0.0,0.0,1.0
3,42,42,0.0,0.2300000000000182,0.0,0.2300000000000182,0.0,0.0,1.0
3,43,0,0.4290000000000873,0.0,0.07099999999991269,0.5,0.8580000000001746,0.14199999999982538,0.0
3,43,15,0.0,0.032000000000152795,0.34900000000016007,0.38100000000031287,0.0,0.916010498687332,0.08398950131266802
3,43,34,0.0,0.22000000000025466,0.0,0.22000000000025466,0.0,0.0,1.0
3,43,36,0.0,0.2319999999999709,0.0,0.2319999999999709,0.0,0.0,1.0
3,43,38,0.0,0.27099999999995816,0.0,0.27099999999995816,0.0,0.0,1.0
3,43,39,0.0,0.028999999999996362,0.0,0.028999999999996362,0.0,0.0,1.0
3,43,40,0.0,0.22299999999972897,0.0,0.22299999999972897,0.0,0.0,1.0
3,43,41,0.0,0.10200000000008913,0.0,0.10200000000008913,0.0,0.0,1.0
3,43,42,0.0,0.01700000000005275,0.0,0.01700000000005275,0.0,0.0,1.0
3,43,47,0.0,0.10999999999967258,0.0,0.10999999999967258,0.0,0.0,1.0
3,44,0,0.6329999999998108,0.0,0.038000000000010914,0.6709999999998217,0.9433681073025022,0.05663189269749778,0.0
3,44,29,0.0,0.009000000000014552,0.0,0.009000000000014552,0.0,0.0,1.0
3,44,30,0.0,0.031000000000176442,0.0,0.031000000000176442,0.0,0.0,1.0
3,44,31,0.0,0.02800000000002001,0.0,0.02800000000002001,0.0,0.0,1.0
3,44,32,0.0,0.04099999999993997,0.0,0.04099999999993997,0.0,0.0,1.0
3,44,33,0.0,0.01999999999998181,0.0,0.01999999999998181,0.0,0.0,1.0
3,44,34,0.0,0.7049999999992451,0.0,0.7049999999992451,0.0,0.0,1.0
3,44,35,0.0,0.05600000000004002,0.0,0.05600000000004002,0.0,0.0,1.0
3,44,36,0.0,0.3960000000004129,0.0,0.3960000000004129,0.0,0.0,1.0
3,44,37,0.0,0.011999999999943611,0.0,0.011999999999943611,0.0,0.0,1.0
3,44,38,0.0,0.2680000000000291,0.0,0.2680000000000291,0.0,0.0,1.0
3,44,40,0.0,0.33100000000013097,0.0,0.33100000000013097,0.0,0.0,1.0
3,44,42,0.0,0.2400000000000091,0.0,0.2400000000000091,0.0,0.0,1.0
3,44,47,0.0,0.32999999999992724,0.0,0.32999999999992724,0.0,0.0,1.0
3,44,58,0.0,0.021000000000185537,0.0,0.021000000000185537,0.0,0.0,1.0
3,44,60,0.0,0.04100000000016735,0.0,0.04100000000016735,0.0,0.0,1.0
3,45,0,0.8009999999999309,0.12399999999979627,0.04600000000004911,0.9709999999997763,0.8249227600413135,0.04737384140067941,0.12770339855800705
3,45,1,0.029000000000223736,0.009000000000014552,0.0,0.03800000000023829,0.7631578947379444,0.0,0.23684210526205568
3,45,2,0.3809999999998581,0.0,0.0,0.3809999999998581,1.0,0.0,0.0
3,45,3,0.028999999999996362,0.009999999999990905,0.0,0.03899999999998727,0.743589743589893,0.0,0.2564102564101069
3,45,4,0.021999999999934516,0.0,0.0,0.021999999999934516,1.0,0.0,0.0
3,45,5,0.10900000000015098,0.0,0.0,0.10900000000015098,1.0,0.0,0.0
3,45,6,0.009000000000014552,0.009000000000014552,0.0,0.018000000000029104,0.5,0.0,0.5
3,45,7,0.021999999999934516,0.0,0.0,0.021999999999934516,1.0,0.0,0.0
3,45,8,0.009000000000014552,0.0,0.0,0.009000000000014552,1.0,0.0,0.0
3,45,9,0.049999999999954525,0.011000000000194632,0.0,0.06100000000014916,0.8196721311447912,0.0,0.18032786885520877
3,45,10,0.019000000000005457,0.020999999999958163,0.0,0.03999999999996362,0.4750000000005684,0.0,0.5249999999994316
3,45,11,0.0,0.06199999999989814,0.07600000000002183,0.13799999999991996,0.0,0.550724637681637,0.449275362318363
3,45,14,0.0,0.10000000000013642,0.0,0.10000000000013642,0.0,0.0,1.0
3,45,15,0.0,0.03099999999994907,0.0,0.03099999999994907,0.0,0.0,1.0
3,45,16,0.0,0.12999999999919964,0.0,0.12999999999919964,0.0,0.0,1.0
3,45,17,0.0,0.01900000000023283,0.0,0.01900000000023283,0.0,0.0,1.0
3,45,18,0.0,0.029999999999972715,0.0,0.029999999999972715,0.0,0.0,1.0
3,45,19,0.0,0.007999999999810825,0.0,0.007999999999810825,0.0,0.0,1.0
3,45,20,0.0,0.028000000000247383,0.0,0.028000000000247383,0.0,0.0,1.0
3,45,21,0.0,0.009000000000014552,0.0,0.009000000000014552,0.0,0.0,1.0
3,45,22,0.0,0.024999999999863576,0.0,0.024999999999863576,0.0,0.0,1.0
3,45,23,0.0,0.10199999999986176,0.0,0.10199999999986176,0.0,0.0,1.0
3,45,24,0.0,0.08500000000003638,0.0,0.08500000000003638,0.0,0.0,1.0
3,45,25,0.0,0.06300000000032924,0.0,0.06300000000032924,0.0,0.0,1.0
3,45,26,0.0,0.0399999999992815,0.0,0.0399999999992815,0.0,0.0,1.0
3,45,27,0.0,0.35400000000072396,0.0,0.35400000000072396,0.0,0.0,1.0
3,45,28,0.0,0.028999999999996362,0.0,0.028999999999996362,0.0,0.0,1.0
3,45,29,0.0,0.038999999999305146,0.0,0.038999999999305146,0.0,0.0,1.0
3,45,30,0.0,0.031000000000858563,0.0,0.031000000000858563,0.0,0.0,1.0
3,45,31,0.0,0.009000000000014552,0.0,0.009000000000014552,0.0,0.0,1.0
3,45,32,0.0,0.018000000000029104,0.0,0.018000000000029104,0.0,0.0,1.0
3,45,33,0.0,0.03199999999992542,0.0,0.03199999999992542,0.0,0.0,1.0
3,45,34,0.0,0.1569999999992433,0.0,0.1569999999992433,0.0,0.0,1.0
3,45,35,0.0,0.031000000000858563,0.0,0.031000000000858563,0.0,0.0,1.0
3,45,36,0.0,0.10099999999943066,0.0,0.10099999999943066,0.0,0.0,1.0
3,45,37,0.0,0.010999999999967258,0.0,0.010999999999967258,0.0,0.0,1.0
3,45,38,0.0,0.3919999999998254,0.0,0.3919999999998254,0.0,0.0,1.0
3,45,40,0.0,0.32999999999992724,0.0,0.32999999999992724,0.0,0.0,1.0
3,45,42,0.0,0.3329999999998563,0.0,0.3329999999998563,0.0,0.0,1.0
3,45,47,0.0,0.28000000000065484,0.0,0.28000000000065484,0.0,0.0,1.0
3,45,50,0.0,0.010000000000218279,0.0,0.010000000000218279,0.0,0.0,1.0
3,45,58,0.0,0.009000000000014552,0.0,0.009000000000014552,0.0,0.0,1.0
3,45,59,0.0,0.03799999999955617,0.0,0.03799999999955617,0.0,0.0,1.0
3,45,60,0.0,0.3910000000000764,0.0,0.3910000000000764,0.0,0.0,1.0
3,46,10,0.010999999999967258,0.0,0.0,0.010999999999967258,1.0,0.0,0.0
3,46,11,0.03899999999998727,0.0,0.032000000000152795,0.07100000000014006,0.5492957746466244,0.4507042253533756,0.0
3,46,36,0.0,0.020999999999958163,0.0,0.020999999999958163,0.0,0.0,1.0
3,46,37,0.0,0.028999999999996362,0.0,0.028999999999996362,0.0,0.0,1.0
3,46,38,0.0,0.1790000000000873,0.0,0.1790000000000873,0.0,0.0,1.0
3,46,40,0.0,0.1790000000000873,0.0,0.1790000000000873,0.0,0.0,1.0
3,46,42,0.0,0.1790000000000873,0.0,0.1790000000000873,0.0,0.0,1.0
3,46,47,0.0,0.17999999999938154,0.0,0.17999999999938154,0.0,0.0,1.0
3,46,50,0.0,0.06999999999970896,0.0,0.06999999999970896,0.0,0.0,1.0
3,46,60,0.0,0.20000000000027285,0.0,0.20000000000027285,0.0,0.0,1.0
3,47,0,0.0,0.0,0.028999999999996362,0.028999999999996362,0.0,1.0,0.0
3,47,1,0.0,0.0,0.020999999999958163,0.020999999999958163,0.0,1.0,0.0
3,47,3,0.0,0.0,0.011999999999943611,0.011999999999943611,0.0,1.0,0.0
3,47,4,0.0,0.016000000000076398,0.0,0.016000000000076398,0.0,0.0,1.0
3,47,5,0.0,0.010999999999967258,0.0,0.010999999999967258,0.0,0.0,1.0
3,47,6,0.0,0.010999999999967258,0.0,0.010999999999967258,0.0,0.0,1.0
3,47,7,0.0,0.019000000000005457,0.0,0.019000000000005457,0.0,0.0,1.0
3,47,8,0.0,0.009999999999990905,0.0,0.009999999999990905,0.0,0.0,1.0
3,47,12,0.0,0.009999999999990905,0.0,0.009999999999990905,0.0,0.0,1.0
3,47,13,0.0,0.020999999999958163,0.0,0.020999999999958163,0.0,0.0,1.0
3,47,14,0.0,0.008000000000038199,0.0,0.008000000000038199,0.0,0.0,1.0
3,47,15,0.0,0.03199999999992542,0.0,0.03199999999992542,0.0,0.0,1.0
3,47,16,0.0,0.02800000000002001,0.0,0.02800000000002001,0.0,0.0,1.0
3,47,17,0.0,0.03199999999992542,0.0,0.03199999999992542,0.0,0.0,1.0
3,47,18,0.0,0.01999999999998181,0.0,0.01999999999998181,0.0,0.0,1.0
3,47,19,0.0,0.012000000000170985,0.0,0.012000000000170985,0.0,0.0,1.0
3,47,20,0.0,0.016999999999825377,0.0,0.016999999999825377,0.0,0.0,1.0
3,47,21,0.0,0.009000000000014552,0.0,0.009000000000014552,0.0,0.0,1.0
3,47,22,0.0,0.009999999999990905,0.0,0.009999999999990905,0.0,0.0,1.0
3,47,23,0.0,0.032000000000152795,0.0,0.032000000000152795,0.0,0.0,1.0
3,47,24,0.0,0.009000000000014552,0.0,0.009000000000014552,0.0,0.0,1.0
3,47,25,0.0,0.02299999999991087,0.0,0.02299999999991087,0.0,0.0,1.0
3,47,26,0.0,0.01700000000005275,0.0,0.01700000000005275,0.0,0.0,1.0
3,47,27,0.0,0.009000000000014552,0.0,0.009000000000014552,0.0,0.0,1.0
3,47,28,0.0,0.009999999999990905,0.0,0.009999999999990905,0.0,0.0,1.0
3,47,29,0.0,0.020999999999958163,0.0,0.020999999999958163,0.0,0.0,1.0
3,47,30,0.0,0.025999999999612555,0.0,0.025999999999612555,0.0,0.0,1.0
3,47,31,0.0,0.011999999999943611,0.0,0.011999999999943611,0.0,0.0,1.0
3,47,32,0.0,0.011999999999943611,0.0,0.011999999999943611,0.0,0.0,1.0
3,47,33,0.0,0.028000000000247383,0.0,0.028000000000247383,0.0,0.0,1.0
3,47,34,0.0,0.03199999999992542,0.0,0.03199999999992542,0.0,0.0,1.0
3,47,35,0.0,0.1020000000003165,0.0,0.1020000000003165,0.0,0.0,1.0
3,47,36,0.0,0.028999999999996362,0.0,0.028999999999996362,0.0,0.0,1.0
3,47,37,0.0,0.009000000000014552,0.0,0.009000000000014552,0.0,0.0,1.0
3,47,38,0.0,0.007999999999810825,0.0,0.007999999999810825,0.0,0.0,1.0
3,47,40,0.0,0.28099999999994907,0.0,0.28099999999994907,0.0,0.0,1.0
3,47,42,0.0,0.2799999999999727,0.0,0.2799999999999727,0.0,0.0,1.0
3,47,47,0.0,0.23000000000047294,0.0,0.23000000000047294,0.0,0.0,1.0
3,47,50,0.0,0.3400000000001455,0.0,0.3400000000001455,0.0,0.0,1.0
3,48,0,0.0,0.0,0.010999999999967258,0.010999999999967258,0.0,1.0,0.0
3,48,1,0.2830000000003565,0.04100000000016735,0.03899999999975989,0.36300000000028376,0.7796143250692432,0.10743801652818018,0.11294765840257658
3,48,2,0.007000000000061846,0.0,0.0,0.007000000000061846,1.0,0.0,0.0
3,48,3,0.2480000000000473,0.02099999999973079,0.37199999999984357,0.6409999999996217,0.3868954758193349,0.5803432137286476,0.032761310452017446
3,48,5,0.0,0.007000000000061846,0.0,0.007000000000061846,0.0,0.0,1.0
3,48,6,0.0,0.010999999999967258,0.0,0.010999999999967258,0.0,0.0,1.0
3,48,7,0.0,0.0,0.010999999999967258,0.010999999999967258,0.0,1.0,0.0
3,48,8,0.0,0.018000000000256478,0.03000000000020009,0.048000000000456566,0.0,0.6249999999982236,0.37500000000177636
3,48,9,0.0,0.026000000000294676,0.10999999999967258,0.13599999999996726,0.0,0.8088235294095519,0.19117647059044807
3,48,10,0.0,0.01499999999987267,0.04800000000022919,0.06300000000010186,0.0,0.7619047619071679,0.23809523809283203
3,48,11,0.0,0.009999999999990905,0.021999999999934516,0.03199999999992542,0.0,0.6874999999995559,0.3125000000004441
3,48,12,0.0,0.010999999999967258,0.11900000000014188,0.13000000000010914,0.0,0.9153846153849383,0.08461538461506171
3,48,13,0.0,0.0,0.0799999999994725,0.0799999999994725,0.0,1.0,0.0
3,48,14,0.0,0.04100000000016735,0.031000000000403816,0.07200000000057116,0.0,0.4305555555577486,0.5694444444422514
3,48,15,0.0,0.04899999999997817,0.0,0.04899999999997817,0.0,0.0,1.0
3,48,16,0.0,0.1299999999996544,0.0,0.1299999999996544,0.0,0.0,1.0
3,48,17,0.0,0.010999999999967258,0.0,0.010999999999967258,0.0,0.0,1.0
3,48,18,0.0,0.026000000000294676,0.0,0.026000000000294676,0.0,0.0,1.0
3,48,19,0.0,0.009999999999763531,0.0,0.009999999999763531,0.0,0.0,1.0
3,48,20,0.0,0.04000000000041837,0.0,0.04000000000041837,0.0,0.0,1.0
3,48,21,0.0,0.009999999999763531,0.0,0.009999999999763531,0.0,0.0,1.0
3,48,22,0.0,0.010999999999967258,0.0,0.010999999999967258,0.0,0.0,1.0
3,48,23,0.0,0.021000000000185537,0.0,0.021000000000185537,0.0,0.0,1.0
3,48,24,0.0,0.021000000000185537,0.0,0.021000000000185537,0.0,0.0,1.0
3,48,25,0.0,0.018999999999778083,0.0,0.018999999999778083,0.0,0.0,1.0
3,48,26,0.0,0.008000000000265572,0.0,0.008000000000265572,0.0,0.0,1.0
3,48,27,0.0,0.010999999999967258,0.0,0.010999999999967258,0.0,0.0,1.0
3,48,28,0.0,0.010999999999967258,0.0,0.010999999999967258,0.0,0.0,1.0
3,48,29,0.0,0.009999999999763531,0.0,0.009999999999763531,0.0,0.0,1.0
3,48,31,0.0,0.009000000000014552,0.0,0.009000000000014552,0.0,0.0,1.0
3,48,33,0.0,0.010999999999967258,0.0,0.010999999999967258,0.0,0.0,1.0
3,48,34,0.0,0.010000000000218279,0.0,0.010000000000218279,0.0,0.0,1.0
3,48,37,0.0,0.012999999999919964,0.0,0.012999999999919964,0.0,0.0,1.0
3,48,40,0.0,0.009000000000014552,0.0,0.009000000000014552,0.0,0.0,1.0
3,48,42,0.0,0.22800000000006548,0.0,0.22800000000006548,0.0,0.0,1.0
3,48,43,0.0,0.018999999999778083,0.0,0.018999999999778083,0.0,0.0,1.0
3,48,46,0.0,0.008000000000265572,0.0,0.008000000000265572,0.0,0.0,1.0
3,48,47,0.0,0.19200000000000728,0.0,0.19200000000000728,0.0,0.0,1.0
3,48,49,0.0,0.03900000000021464,0.0,0.03900000000021464,0.0,0.0,1.0
3,48,50,0.0,0.009999999999763531,0.0,0.009999999999763531,0.0,0.0,1.0
3,48,52,0.0,0.07999999999992724,0.0,0.07999999999992724,0.0,0.0,1.0
3,49,1,0.009999999999763531,0.0,0.0,0.009999999999763531,1.0,0.0,0.0
3,49,3,0.07200000000011642,0.0,0.0,0.07200000000011642,1.0,0.0,0.0
3,49,7,0.0,0.009999999999763531,0.0,0.009999999999763531,0.0,0.0,1.0
3,49,9,0.0,0.01999999999998181,0.09000000000014552,0.11000000000012733,0.0,0.818181818182194,0.18181818181780598
3,49,11,0.0,0.010999999999967258,0.0,0.010999999999967258,0.0,0.0,1.0
3,49,13,0.0,0.01900000000023283,0.0,0.01900000000023283,0.0,0.0,1.0
3,49,14,0.0,0.010999999999967258,0.0,0.010999999999967258,0.0,0.0,1.0
3,49,42,0.0,0.32999999999992724,0.0,0.32999999999992724,0.0,0.0,1.0
3,49,47,0.0,0.22999999999956344,0.0,0.22999999999956344,0.0,0.0,1.0
3,49,52,0.0,0.3000000000001819,0.0,0.3000000000001819,0.0,0.0,1.0
3,50,42,0.0,0.3320000000001073,0.0,0.3320000000001073,0.0,0.0,1.0
3,50,47,0.0,0.33100000000013097,0.0,0.33100000000013097,0.0,0.0,1.0
3,50,52,0.0,0.23099999999976717,0.0,0.23099999999976717,0.0,0.0,1.0
3,50,65,0.0,0.01900000000023283,0.0,0.01900000000023283,0.0,0.0,1.0
3,50,66,0.0,0.11900000000014188,0.0,0.11900000000014188,0.0,0.0,1.0
3,51,42,0.0,0.2380000000000564,0.0,0.2380000000000564,0.0,0.0,1.0
3,51,47,0.0,0.17799999999988358,0.0,0.17799999999988358,0.0,0.0,1.0
3,51,52,0.0,0.18800000000010186,0.0,0.18800000000010186,0.0,0.0,1.0
3,51,65,0.0,0.3079999999999927,0.041999999999916326,0.34999999999990905,0.0,0.11999999999979212,0.8800000000002078
3,51,66,0.0,0.11199999999962529,0.0,0.11199999999962529,0.0,0.0,1.0
3,52,42,0.0,0.32999999999992724,0.0,0.32999999999992724,0.0,0.0,1.0
3,52,47,0.0,0.17199999999957072,0.0,0.17199999999957072,0.0,0.0,1.0
3,52,48,0.0,0.11000000000058208,0.0,0.11000000000058208,0.0,0.0,1.0
3,52,52,0.0,0.27700000000004366,0.0,0.27700000000004366,0.0,0.0,1.0
3,52,65,0.0,0.0,0.028999999999996362,0.028999999999996362,0.0,1.0,0.0
3,53,42,0.0,0.22000000000002728,0.0,0.22000000000002728,0.0,0.0,1.0
3,53,48,0.0,0.18000000000029104,0.0,0.18000000000029104,0.0,0.0,1.0
3,53,52,0.0,0.17399999999997817,0.0,0.17399999999997817,0.0,0.0,1.0
3,54,41,0.0,0.38000000000010914,0.0,0.38000000000010914,0.0,0.0,1.0
3,54,42,0.0,0.10999999999989996,0.0,0.10999999999989996,0.0,0.0,1.0
3,54,48,0.0,0.27999999999974534,0.0,0.27999999999974534,0.0,0.0,1.0
3,54,52,0.0,0.27999999999974534,0.0,0.27999999999974534,0.0,0.0,1.0
3,55,0,0.9050000000002001,0.1289999999999054,0.2919999999994616,1.325999999999567,0.6825037707394386,0.22021116138729782,0.0972850678732636
3,55,2,0.0,0.009000000000014552,0.0,0.009000000000014552,0.0,0.0,1.0
3,55,3,0.0,0.01099999999951251,0.0,0.01099999999951251,0.0,0.0,1.0
3,55,7,0.0,0.009000000000014552,0.0,0.009000000000014552,0.0,0.0,1.0
3,55,12,0.0,0.010000000000218279,0.0,0.010000000000218279,0.0,0.0,1.0
3,55,15,0.0,0.01099999999951251,0.0,0.01099999999951251,0.0,0.0,1.0
3,55,18,0.0,0.011000000000422006,0.0,0.011000000000422006,0.0,0.0,1.0
3,55,19,0.0,0.009000000000014552,0.0,0.009000000000014552,0.0,0.0,1.0
3,55,20,0.0,0.009000000000014552,0.0,0.009000000000014552,0.0,0.0,1.0
3,55,22,0.0,0.010000000000218279,0.0,0.010000000000218279,0.0,0.0,1.0
3,55,24,0.0,0.010000000000218279,0.0,0.010000000000218279,0.0,0.0,1.0
3,55,26,0.0,0.019999999999527063,0.0,0.019999999999527063,0.0,0.0,1.0
3,55,29,0.0,0.010000000000218279,0.0,0.010000000000218279,0.0,0.0,1.0
3,55,31,0.0,0.01099999999951251,0.0,0.01099999999951251,0.0,0.0,1.0
3,55,34,0.0,0.010000000000218279,0.0,0.010000000000218279,0.0,0.0,1.0
3,55,36,0.0,0.010000000000218279,0.0,0.010000000000218279,0.0,0.0,1.0
3,55,37,0.0,0.010000000000218279,0.0,0.010000000000218279,0.0,0.0,1.0
3,55,40,0.0,0.041999999999916326,0.0,0.041999999999916326,0.0,0.0,1.0
3,55,41,0.0,0.03899999999998727,0.0,0.03899999999998727,0.0,0.0,1.0
3,55,42,0.0,0.01099999999951251,0.0,0.01099999999951251,0.0,0.0,1.0
3,55,45,0.0,0.012000000000625732,0.0,0.012000000000625732,0.0,0.0,1.0
3,55,46,0.0,0.007999999999810825,0.0,0.007999999999810825,0.0,0.0,1.0
3,55,47,0.0,0.009999999999308784,0.0,0.009999999999308784,0.0,0.0,1.0
3,55,48,0.0,0.05900000000019645,0.0,0.05900000000019645,0.0,0.0,1.0
3,55,50,0.0,0.009000000000014552,0.0,0.009000000000014552,0.0,0.0,1.0
3,55,51,0.0,0.02099999999973079,0.0,0.02099999999973079,0.0,0.0,1.0
3,55,52,0.0,0.261000000000422,0.0,0.261000000000422,0.0,0.0,1.0
3,56,0,0.8009999999999309,0.0,0.16400000000021464,0.9650000000001455,0.8300518134713057,0.1699481865286942,0.0
3,56,42,0.0,0.010999999999967258,0.0,0.010999999999967258,0.0,0.0,1.0
3,56,43,0.0,0.009999999999763531,0.0,0.009999999999763531,0.0,0.0,1.0
3,56,44,0.0,0.008000000000265572,0.0,0.008000000000265572,0.0,0.0,1.0
3,56,45,0.0,0.007999999999810825,0.0,0.007999999999810825,0.0,0.0,1.0
3,56,46,0.0,0.02500000000009095,0.0,0.02500000000009095,0.0,0.0,1.0
3,56,47,0.0,0.007000000000061846,0.0,0.007000000000061846,0.0,0.0,1.0
3,56,48,0.0,0.02099999999973079,0.0,0.02099999999973079,0.0,0.0,1.0
3,56,49,0.0,0.03000000000020009,0.0,0.03000000000020009,0.0,0.0,1.0
3,56,54,0.15000000000009095,0.0,0.021000000000185537,0.1710000000002765,0.8771929824552539,0.1228070175447461,0.0
3,57,0,0.021000000000185537,0.0,0.20000000000027285,0.22100000000045839,0.09502262443503158,0.9049773755649684,0.0
3,57,1,0.0,0.0,0.07899999999972351,0.07899999999972351,0.0,1.0,0.0
3,57,2,0.0,0.0,0.010999999999967258,0.010999999999967258,0.0,1.0,0.0
3,57,3,0.0,0.0,0.03000000000020009,0.03000000000020009,0.0,1.0,0.0
3,57,4,0.0,0.0,0.009000000000014552,0.009000000000014552,0.0,1.0,0.0
3,57,5,0.027999999999792635,0.0,0.021999999999934516,0.04999999999972715,0.5599999999989086,0.4400000000010914,0.0
3,57,6,0.010999999999967258,0.0,0.0,0.010999999999967258,1.0,0.0,0.0
3,57,7,0.03999999999996362,0.0,0.0,0.03999999999996362,1.0,0.0,0.0
3,57,8,0.04800000000022919,0.0,0.0,0.04800000000022919,1.0,0.0,0.0
3,57,9,0.041999999999916326,0.0,0.05099999999993088,0.0929999999998472,0.45161290322564873,0.5483870967743513,0.0
3,57,10,0.0,0.028999999999996362,0.01900000000023283,0.04800000000022919,0.0,0.39583333333629395,0.6041666666637061
3,57,12,0.0,0.027999999999792635,0.0,0.027999999999792635,0.0,0.0,1.0
3,57,13,0.0,0.023999999999887223,0.0,0.023999999999887223,0.0,0.0,1.0
3,57,14,0.0,0.01900000000023283,0.0,0.01900000000023283,0.0,0.0,1.0
3,57,16,0.0,0.010000000000218279,0.0,0.010000000000218279,0.0,0.0,1.0
3,57,17,0.0,0.017999999999574356,0.0,0.017999999999574356,0.0,0.0,1.0
3,57,18,0.0,0.010999999999967258,0.0,0.010999999999967258,0.0,0.0,1.0
3,57,20,0.0,0.009000000000014552,0.0,0.009000000000014552,0.0,0.0,1.0
3,57,21,0.0,0.008000000000265572,0.0,0.008000000000265572,0.0,0.0,1.0
3,57,22,0.0,0.02500000000009095,0.0,0.02500000000009095,0.0,0.0,1.0
3,57,24,0.0,0.007999999999810825,0.0,0.007999999999810825,0.0,0.0,1.0
3,57,25,0.0,0.009000000000014552,0.0,0.009000000000014552,0.0,0.0,1.0
3,57,27,0.0,0.008999999999559805,0.0,0.008999999999559805,0.0,0.0,1.0
3,57,28,0.0,0.012000000000170985,0.0,0.012000000000170985,0.0,0.0,1.0
3,57,29,0.0,0.010000000000218279,0.0,0.010000000000218279,0.0,0.0,1.0
3,57,30,0.0,0.010999999999967258,0.0,0.010999999999967258,0.0,0.0,1.0
3,57,31,0.0,0.008000000000265572,0.0,0.008000000000265572,0.0,0.0,1.0
3,57,33,0.0,0.011999999999716238,0.0,0.011999999999716238,0.0,0.0,1.0
3,57,35,0.0,0.009000000000014552,0.0,0.009000000000014552,0.0,0.0,1.0
3,57,37,0.0,0.01900000000023283,0.0,0.01900000000023283,0.0,0.0,1.0
3,57,39,0.0,0.009000000000014552,0.0,0.009000000000014552,0.0,0.0,1.0
3,57,41,0.0,0.021999999999934516,0.0,0.021999999999934516,0.0,0.0,1.0
3,57,53,0.0,0.1710000000002765,0.0,0.1710000000002765,0.0,0.0,1.0
3,57,54,0.0,0.23999999999978172,0.01999999999998181,0.25999999999976353,0.0,0.07692307692307693,0.9230769230769231
3,57,69,0.0,0.032000000000152795,0.0,0.032000000000152795,0.0,0.0,1.0
3,58,53,0.0,0.16899999999986903,0.0,0.16899999999986903,0.0,0.0,1.0
3,58,69,0.0,0.028999999999996362,0.0,0.028999999999996362,0.0,0.0,1.0
3,59,53,0.0,0.2919999999999163,0.0,0.2919999999999163,0.0,0.0,1.0
3,59,69,0.0,0.13899999999966894,0.0,0.13899999999966894,0.0,0.0,1.0
3,59,70,0.0,0.13300000000026557,0.0,0.13300000000026557,0.0,0.0,1.0
3,59,71,0.0,0.10799999999971988,0.0,0.10799999999971988,0.0,0.0,1.0
3,59,72,0.0,0.06099999999969441,0.0,0.06099999999969441,0.0,0.0,1.0
3,59,73,0.0,0.01900000000023283,0.0,0.01900000000023283,0.0,0.0,1.0
3,60,53,0.0,0.2869999999998072,0.0,0.2869999999998072,0.0,0.0,1.0
3,60,71,0.0,0.04000000000041837,0.0,0.04000000000041837,0.0,0.0,1.0
3,60,73,0.0,0.009999999999763531,0.0,0.009999999999763531,0.0,0.0,1.0
3,60,74,0.0,0.03000000000020009,0.0,0.03000000000020009,0.0,0.0,1.0
3,60,75,0.0,0.021999999999934516,0.0,0.021999999999934516,0.0,0.0,1.0
3,60,76,0.0,0.016999999999825377,0.0,0.016999999999825377,0.0,0.0,1.0
3,60,77,0.0,0.052000000000134605,0.0,0.052000000000134605,0.0,0.0,1.0
3,60,78,0.0,0.0,0.1790000000000873,0.1790000000000873,0.0,1.0,0.0
3,61,53,0.0,0.22100000000000364,0.0,0.22100000000000364,0.0,0.0,1.0
3,62,53,0.0,0.27899999999999636,0.0,0.27899999999999636,0.0,0.0,1.0
3,63,53,0.0,0.18100000000004002,0.0,0.18100000000004002,0.0,0.0,1.0
3,64,53,0.0,0.2899999999999636,0.0,0.2899999999999636,0.0,0.0,1.0
3,64,66,0.0,0.01999999999998181,0.0,0.01999999999998181,0.0,0.0,1.0
3,65,0,0.15100000000029468,0.0,0.0,0.15100000000029468,1.0,0.0,0.0
3,65,53,0.0,0.2699999999999818,0.0,0.2699999999999818,0.0,0.0,1.0
3,65,66,0.0,0.3009999999999309,0.0,0.3009999999999309,0.0,0.0,1.0
3,66,0,0.88799999999992,0.0,0.0,0.88799999999992,1.0,0.0,0.0
3,66,51,0.0,0.010000000000218279,0.0,0.010000000000218279,0.0,0.0,1.0
3,66,52,0.0,0.14199999999982538,0.0,0.14199999999982538,0.0,0.0,1.0
3,66,53,0.0,0.07900000000017826,0.0,0.07900000000017826,0.0,0.0,1.0
3,66,60,0.0,0.07200000000011642,0.0,0.07200000000011642,0.0,0.0,1.0
3,66,66,0.0,0.17799999999988358,0.0,0.17799999999988358,0.0,0.0,1.0
3,67,0,0.6210000000000946,0.0,0.02099999999973079,0.6419999999998254,0.9672897196265786,0.032710280373421344,0.0
3,67,2,0.2909999999997126,0.0,0.2889999999997599,0.5799999999994725,0.5017241379309952,0.4982758620690047,0.0
3,67,49,0.0,0.0409999999997126,0.0,0.0409999999997126,0.0,0.0,1.0
3,67,50,0.0,0.11000000000012733,0.0,0.11000000000012733,0.0,0.0,1.0
3,67,51,0.0,0.2159999999998945,0.0,0.2159999999998945,0.0,0.0,1.0
3,67,52,0.0,0.02699999999958891,0.0,0.02699999999958891,0.0,0.0,1.0
3,67,53,0.0,0.015000000000327418,0.0,0.015000000000327418,0.0,0.0,1.0
3,67,54,0.0,0.007999999999810825,0.0,0.007999999999810825,0.0,0.0,1.0
3,67,55,0.0,0.010999999999967258,0.0,0.010999999999967258,0.0,0.0,1.0
3,67,56,0.0,0.012000000000170985,0.0,0.012000000000170985,0.0,0.0,1.0
3,67,57,0.0,0.011999999999716238,0.0,0.011999999999716238,0.0,0.0,1.0
3,67,58,0.0,0.015000000000327418,0.0,0.015000000000327418,0.0,0.0,1.0
3,67,59,0.0,0.06100000000014916,0.0,0.06100000000014916,0.0,0.0,1.0
3,67,60,0.0,0.13899999999966894,0.0,0.13899999999966894,0.0,0.0,1.0
3,67,65,0.0,0.11000000000012733,0.0,0.11000000000012733,0.0,0.0,1.0
3,67,66,0.0,0.22199999999975262,0.0,0.22199999999975262,0.0,0.0,1.0
3,68,0,0.09700000000020736,0.09600000000000364,0.13299999999981083,0.32600000000002183,0.2975460122705548,0.4079754601220918,0.2944785276073534
3,68,1,0.022999999999683496,0.011999999999716238,0.0,0.034999999999399733,0.6571428571450845,0.0,0.34285714285491553
3,68,2,0.29700000000002547,0.0,0.0,0.29700000000002547,1.0,0.0,0.0
3,68,3,0.032999999999901775,0.0,0.0,0.032999999999901775,1.0,0.0,0.0
3,68,4,0.027999999999792635,0.0,0.0,0.027999999999792635,1.0,0.0,0.0
3,68,5,0.021000000000185537,0.010999999999967258,0.0,0.032000000000152795,0.6562500000026645,0.0,0.34374999999733546
3,68,6,0.01900000000023283,0.0,0.0,0.01900000000023283,1.0,0.0,0.0
3,68,7,0.009000000000014552,0.0,0.0,0.009000000000014552,1.0,0.0,0.0
3,68,8,0.032000000000152795,0.008000000000265572,0.010999999999967258,0.051000000000385626,0.6274509803904085,0.21568627450753106,0.15686274510206044
3,68,9,0.010000000000218279,0.01900000000023283,0.058999999999741704,0.08800000000019281,0.1136363636385951,0.6704545454501413,0.21590909091126365
3,68,10,0.0,0.01999999999998181,0.0,0.01999999999998181,0.0,0.0,1.0
3,68,11,0.0,0.009999999999763531,0.009000000000014552,0.018999999999778083,0.0,0.4736842105326142,0.5263157894673858
3,68,12,0.0,0.010000000000218279,0.0,0.010000000000218279,0.0,0.0,1.0
3,68,13,0.0,0.02199999999947977,0.0,0.02199999999947977,0.0,0.0,1.0
3,68,15,0.0,0.010999999999967258,0.0,0.010999999999967258,0.0,0.0,1.0
3,68,16,0.0,0.008000000000265572,0.0,0.008000000000265572,0.0,0.0,1.0
3,68,17,0.0,0.01999999999998181,0.0,0.01999999999998181,0.0,0.0,1.0
3,68,19,0.0,0.010999999999967258,0.0,0.010999999999967258,0.0,0.0,1.0
3,68,21,0.0,0.009999999999763531,0.0,0.009999999999763531,0.0,0.0,1.0
3,68,22,0.0,0.010000000000218279,0.0,0.010000000000218279,0.0,0.0,1.0
3,68,24,0.0,0.009000000000014552,0.0,0.009000000000014552,0.0,0.0,1.0
3,68,25,0.0,0.03099999999994907,0.0,0.03099999999994907,0.0,0.0,1.0
3,68,27,0.0,0.007999999999810825,0.0,0.007999999999810825,0.0,0.0,1.0
3,68,29,0.0,0.02300000000059299,0.0,0.02300000000059299,0.0,0.0,1.0
3,68,31,0.0,0.010999999999967258,0.0,0.010999999999967258,0.0,0.0,1.0
3,68,32,0.0,0.027000000000043656,0.0,0.027000000000043656,0.0,0.0,1.0
3,68,34,0.0,0.009000000000014552,0.0,0.009000000000014552,0.0,0.0,1.0
3,68,35,0.0,0.010999999999967258,0.0,0.010999999999967258,0.0,0.0,1.0
3,68,36,0.0,0.04300000000012005,0.0,0.04300000000012005,0.0,0.0,1.0
3,68,37,0.0,0.005999999999858119,0.0,0.005999999999858119,0.0,0.0,1.0
3,68,38,0.0,0.014000000000123691,0.0,0.014000000000123691,0.0,0.0,1.0
3,68,39,0.0,0.03099999999994907,0.0,0.03099999999994907,0.0,0.0,1.0
3,68,40,0.0,0.01599999999962165,0.0,0.01599999999962165,0.0,0.0,1.0
3,68,41,0.0,0.03000000000020009,0.0,0.03000000000020009,0.0,0.0,1.0
3,68,42,0.0,0.009999999999763531,0.0,0.009999999999763531,0.0,0.0,1.0
3,68,43,0.0,0.021999999999934516,0.0,0.021999999999934516,0.0,0.0,1.0
3,68,44,0.0,0.016000000000076398,0.0,0.016000000000076398,0.0,0.0,1.0
3,68,45,0.0,0.03300000000035652,0.0,0.03300000000035652,0.0,0.0,1.0
3,68,46,0.0,0.023000000000138243,0.0,0.023000000000138243,0.0,0.0,1.0
3,68,47,0.0,0.05799999999953798,0.0,0.05799999999953798,0.0,0.0,1.0
3,68,48,0.0,0.03800000000046566,0.0,0.03800000000046566,0.0,0.0,1.0
3,68,49,0.0,0.010999999999967258,0.0,0.010999999999967258,0.0,0.0,1.0
3,68,56,0.0,0.011999999999716238,0.0,0.011999999999716238,0.0,0.0,1.0
3,68,57,0.0,0.01800000000048385,0.0,0.01800000000048385,0.0,0.0,1.0
3,68,58,0.0,0.009000000000014552,0.0,0.009000000000014552,0.0,0.0,1.0
3,68,59,0.0,0.009999999999763531,0.0,0.009999999999763531,0.0,0.0,1.0
3,68,60,0.0,0.010000000000218279,0.0,0.010000000000218279,0.0,0.0,1.0
3,68,61,0.0,0.021999999999934516,0.0,0.021999999999934516,0.0,0.0,1.0
3,68,63,0.0,0.007999999999810825,0.0,0.007999999999810825,0.0,0.0,1.0
3,68,64,0.0,0.03099999999994907,0.0,0.03099999999994907,0.0,0.0,1.0
3,68,65,0.0,0.2130000000001928,0.016000000000076398,0.2290000000002692,0.0,0.06986899563343925,0.9301310043665607
3,69,0,0.03000000000020009,0.13000000000010914,0.07099999999991269,0.23100000000022192,0.1298701298708713,0.3073593073586341,0.5627705627704946
3,69,9,0.018000000000029104,0.0,0.0,0.018000000000029104,1.0,0.0,0.0
3,69,10,0.021999999999934516,0.0,0.0,0.021999999999934516,1.0,0.0,0.0
3,69,11,0.01900000000023283,0.0,0.2319999999999709,0.2510000000002037,0.07569721115624466,0.9243027888437554,0.0
3,69,14,0.0,0.009000000000014552,0.0,0.009000000000014552,0.0,0.0,1.0
3,69,18,0.0,0.010999999999967258,0.0,0.010999999999967258,0.0,0.0,1.0
3,69,24,0.0,0.010999999999967258,0.0,0.010999999999967258,0.0,0.0,1.0
3,69,29,0.0,0.009000000000014552,0.0,0.009000000000014552,0.0,0.0,1.0
3,69,30,0.0,0.009999999999763531,0.0,0.009999999999763531,0.0,0.0,1.0
3,69,36,0.0,0.010999999999967258,0.0,0.010999999999967258,0.0,0.0,1.0
3,69,40,0.0,0.009000000000014552,0.0,0.009000000000014552,0.0,0.0,1.0
3,69,44,0.0,0.011000000000422006,0.0,0.011000000000422006,0.0,0.0,1.0
3,69,48,0.0,0.009999999999763531,0.0,0.009999999999763531,0.0,0.0,1.0
3,69,50,0.0,0.007999999999810825,0.0,0.007999999999810825,0.0,0.0,1.0
3,69,51,0.0,0.010000000000218279,0.0,0.010000000000218279,0.0,0.0,1.0
3,69,52,0.0,0.010000000000218279,0.0,0.010000000000218279,0.0,0.0,1.0
3,69,54,0.0,0.041999999999916326,0.0,0.041999999999916326,0.0,0.0,1.0
3,69,55,0.0,0.018999999999778083,0.0,0.018999999999778083,0.0,0.0,1.0
3,69,65,0.0,0.010999999999967258,0.010000000000218279,0.021000000000185537,0.0,0.4761904761966632,0.5238095238033368
3,70,0,0.0,0.008000000000265572,0.0,0.008000000000265572,0.0,0.0,1.0
3,70,4,0.0,0.010999999999967258,0.0,0.010999999999967258,0.0,0.0,1.0
3,70,9,0.0,0.010999999999967258,0.0,0.010999999999967258,0.0,0.0,1.0
3,70,11,0.01999999999998181,0.0,0.0,0.01999999999998181,1.0,0.0,0.0
3,70,12,0.0,0.009000000000014552,0.0,0.009000000000014552,0.0,0.0,1.0
3,70,65,0.0,0.14800000000013824,0.0,0.14800000000013824,0.0,0.0,1.0
3,71,65,0.0,0.25999999999976353,0.0,0.25999999999976353,0.0,0.0,1.0
3,72,65,0.0,0.2919999999999163,0.0,0.2919999999999163,0.0,0.0,1.0
3,73,65,0.0,0.32700000000022555,0.0,0.32700000000022555,0.0,0.0,1.0
3,74,0,0.09999999999990905,0.0,0.0,0.09999999999990905,1.0,0.0,0.0
3,74,63,0.0,0.009000000000014552,0.0,0.009000000000014552,0.0,0.0,1.0
3,74,64,0.0,0.021999999999934516,0.0,0.021999999999934516,0.0,0.0,1.0
3,74,65,0.0,0.09999999999990905,0.0,0.09999999999990905,0.0,0.0,1.0
3,75,0,0.11999999999989086,0.06899999999995998,0.2790000000004511,0.46800000000030195,0.25641025640985776,0.5961538461544255,0.1474358974357168
3,75,1,0.0,0.009000000000014552,0.0,0.009000000000014552,0.0,0.0,1.0
3,75,6,0.0,0.010999999999967258,0.0,0.010999999999967258,0.0,0.0,1.0
3,75,7,0.0,0.010999999999967258,0.0,0.010999999999967258,0.0,0.0,1.0
3,75,13,0.0,0.009000000000014552,0.0,0.009000000000014552,0.0,0.0,1.0
3,75,19,0.0,0.010999999999967258,0.0,0.010999999999967258,0.0,0.0,1.0
3,75,25,0.0,0.010999999999967258,0.0,0.010999999999967258,0.0,0.0,1.0
3,75,29,0.0,0.009000000000014552,0.0,0.009000000000014552,0.0,0.0,1.0
3,75,30,0.0,0.009999999999763531,0.0,0.009999999999763531,0.0,0.0,1.0
3,75,35,0.0,0.010000000000218279,0.0,0.010000000000218279,0.0,0.0,1.0
3,75,40,0.0,0.009000000000014552,0.0,0.009000000000014552,0.0,0.0,1.0
3,75,43,0.0,0.009999999999763531,0.0,0.009999999999763531,0.0,0.0,1.0
3,75,46,0.0,0.010999999999967258,0.0,0.010999999999967258,0.0,0.0,1.0
3,75,47,0.0,0.010000000000218279,0.0,0.010000000000218279,0.0,0.0,1.0
3,75,49,0.0,0.007999999999810825,0.0,0.007999999999810825,0.0,0.0,1.0
3,75,51,0.0,0.012000000000170985,0.0,0.012000000000170985,0.0,0.0,1.0
3,75,52,0.0,0.009000000000014552,0.0,0.009000000000014552,0.0,0.0,1.0
3,75,53,0.0,0.010000000000218279,0.0,0.010000000000218279,0.0,0.0,1.0
3,75,54,0.0,0.03099999999994907,0.0,0.03099999999994907,0.0,0.0,1.0
3,75,55,0.0,0.009999999999763531,0.0,0.009999999999763531,0.0,0.0,1.0
3,75,56,0.0,0.01999999999998181,0.0,0.01999999999998181,0.0,0.0,1.0
3,75,57,0.0,0.009000000000014552,0.0,0.009000000000014552,0.0,0.0,1.0
3,75,58,0.0,0.010999999999967258,0.0,0.010999999999967258,0.0,0.0,1.0
3,75,59,0.0,0.010999999999967258,0.0,0.010999999999967258,0.0,0.0,1.0
3,75,60,0.0,0.01900000000023283,0.0,0.01900000000023283,0.0,0.0,1.0
3,75,61,0.0,0.009999999999763531,0.0,0.009999999999763531,0.0,0.0,1.0
3,75,62,0.0,0.010000000000218279,0.0,0.010000000000218279,0.0,0.0,1.0
3,76,0,0.009000000000014552,0.0,0.021999999999934516,0.03099999999994907,0.2903225806461077,0.7096774193538923,0.0
4,20,0,0.0,0.28400000000067394,0.0,0.28400000000067394,0.0,0.0,1.0
4,21,0,0.0,4.058000000001755,0.15199999999902047,4.210000000000775,0.0,0.0361045130638937,0.9638954869361063
4,22,0,0.05899999999996908,8.464999999998781,7.0180000000002,15.54199999999895,0.003796165229698434,0.4515506369837005,0.544653197786601
4,22,5,0.2820000000001528,0.07999999999992724,0.03000000000020009,0.3920000000002801,0.7193877551019165,0.07653061224535371,0.20408163265272977
4,22,6,0.06799999999975626,0.0,0.0,0.06799999999975626,1.0,0.0,0.0
4,22,7,0.062000000000352884,0.0,0.0,0.062000000000352884,1.0,0.0,0.0
4,22,8,0.038000000000010914,0.0,0.0,0.038000000000010914,1.0,0.0,0.0
4,22,9,0.09999999999990905,0.0,0.0,0.09999999999990905,1.0,0.0,0.0
4,22,10,0.09099999999943975,0.0,0.14000000000032742,0.23099999999976717,0.39393939393736566,0.6060606060626343,0.0
4,22,11,0.0,0.0,0.03099999999994907,0.03099999999994907,0.0,1.0,0.0
4,23,0,0.3020000000001346,1.1790000000011673,8.566999999999723,10.048000000001025,0.030055732484086762,0.8526074840763186,0.11733678343959465
4,23,3,0.23100000000022192,0.0,0.011999999999716238,0.24299999999993815,0.9506172839517725,0.04938271604822754,0.0
4,23,4,0.0500000000001819,0.0,0.0,0.0500000000001819,1.0,0.0,0.0
4,23,5,1.3689999999996871,0.0,0.08899999999994179,1.457999999999629,0.9389574759945374,0.06104252400546258,0.0
4,23,7,0.0,0.0,0.006999999999607098,0.006999999999607098,0.0,1.0,0.0
4,23,9,0.0,0.011000000000422006,0.0,0.011000000000422006,0.0,0.0,1.0
4,23,10,0.0,0.007999999999810825,0.012000000000625732,0.020000000000436557,0.0,0.6000000000181899,0.39999999998181013
4,23,11,0.0,0.010000000000218279,0.0,0.010000000000218279,0.0,0.0,1.0
4,23,12,0.0,0.009000000000014552,0.01799999999911961,0.02699999999913416,0.0,0.6666666666554384,0.33333333334456167
4,23,13,0.051000000000385626,0.021999999999934516,0.051000000000385626,0.12400000000070577,0.4112903225814141,0.4112903225814141,0.17741935483717178
4,23,14,0.01900000000023283,0.009000000000014552,0.0,0.028000000000247383,0.6785714285737487,0.0,0.3214285714262513
4,23,15,0.04899999999997817,0.010000000000218279,0.0319999999992433,0.09099999999943975,0.5384615384646136,0.3516483516422012,0.10989010989318511
4,23,20,0.0,0.0,0.01900000000023283,0.01900000000023283,0.0,1.0,0.0
4,23,21,0.0,0.04100000000016735,0.0,0.04100000000016735,0.0,0.0,1.0
4,24,0,0.902999999999281,0.5109999999997399,19.432000000000812,20.845999999999833,0.04331766286094638,0.9321692411014567,0.02451309603759685
4,24,1,0.0,0.0,0.6429999999998586,0.6429999999998586,0.0,1.0,0.0
4,24,2,0.0,0.0,0.10100000000011278,0.10100000000011278,0.0,1.0,0.0
4,24,3,0.018999999999778083,0.0,0.13499999999930878,0.15399999999908687,0.12337662337591392,0.8766233766240861,0.0
4,24,4,0.0,0.0,0.06500000000045247,0.06500000000045247,0.0,1.0,0.0
4,24,5,4.160000000000309,0.0,0.10199999999986176,4.262000000000171,0.9760675739089963,0.023932426091003677,0.0
4,24,6,0.03899999999953252,0.0,0.19900000000006912,0.23799999999960164,0.16386554621679747,0.8361344537832025,0.0
4,24,7,0.3080000000002201,0.0,0.18699999999950023,0.49499999999972033,0.6222222222230184,0.37777777777698157,0.0
4,24,8,0.24500000000011823,0.0,0.37999999999971124,0.6249999999998295,0.3920000000002961,0.6079999999997039,0.0
4,24,9,0.25000000000045475,0.28000000000002956,1.079000000000292,1.6090000000007763,0.1553760099442723,0.6706028589184408,0.17402113113728682
4,24,10,0.0,0.04800000000000182,0.2590000000004693,0.3070000000004711,0.0,0.8436482084692893,0.1563517915307106
4,24,11,0.04099999999999682,0.13099999999985812,0.02899999999863212,0.20099999999848706,0.2039800995040071,0.14427860695945474,0.6517412935365381
4,24,12,0.0,0.1610000000000582,0.050000000001091394,0.2110000000011496,0.0,0.23696682464843116,0.7630331753515688
4,24,13,0.0,0.471000000000231,0.20099999999911233,0.6719999999993433,0.0,0.2991071428561142,0.7008928571438858
4,24,14,0.0,0.21799999999961983,0.009000000000014552,0.22699999999963438,0.0,0.039647577092638976,0.960352422907361
4,24,15,0.0,0.28099999999994907,0.011000000000422006,0.2920000000003711,0.0,0.03767123287810968,0.9623287671218903
4,24,16,0.0,1.052000000000362,0.02099999999973079,1.0730000000000928,0.0,0.019571295433111813,0.9804287045668882
4,24,17,0.0,0.1459999999997308,0.0,0.1459999999997308,0.0,0.0,1.0
4,24,18,0.0,0.0,0.011000000000422006,0.011000000000422006,0.0,1.0,0.0
4,24,19,0.0,0.0,0.007999999999810825,0.007999999999810825,0.0,1.0,0.0
4,24,20,0.0,0.0,0.01099999999951251,0.01099999999951251,0.0,1.0,0.0
4,24,21,0.0,0.009000000000014552,0.0,0.009000000000014552,0.0,0.0,1.0
4,24,22,0.0,0.02999999999974534,0.0,0.02999999999974534,0.0,0.0,1.0
4,25,0,0.786000000000513,0.04000000000007731,12.174000000000945,13.000000000001535,0.060461538461570784,0.9364615384615006,0.0030769230769286606
4,25,1,0.20000000000004547,0.0,0.7880000000000109,0.9880000000000564,0.20242914979760532,0.7975708502023947,0.0
4,25,2,0.06799999999998363,0.0,0.04099999999993997,0.1089999999999236,0.6238532110094613,0.3761467889905386,0.0
4,25,3,0.05899999999996908,0.0,0.021000000000185537,0.08000000000015461,0.7374999999981882,0.2625000000018119,0.0
4,25,5,1.4429999999997563,0.0,0.0,1.4429999999997563,1.0,0.0,0.0
4,25,6,0.2069999999994252,0.0,0.0,0.2069999999994252,1.0,0.0,0.0
4,25,7,0.0,0.0,0.031000000000403816,0.031000000000403816,0.0,1.0,0.0
4,25,8,0.10000000000002274,0.0,0.9909999999997012,1.090999999999724,0.09165902841434284,0.9083409715856572,0.0
4,25,9,0.018999999999948614,0.0999999999999659,0.0,0.11899999999991451,0.15966386554590137,0.0,0.8403361344540986
4,25,10,0.010000000000047748,0.012000000000000455,0.0,0.022000000000048203,0.454545454546629,0.0,0.545454545453371
4,25,11,0.1209999999999809,0.4300000000000068,0.24000000000017963,0.7910000000001673,0.1529709228823708,0.3034134007586964,0.5436156763589328
4,25,12,0.0,1.6050000000003593,0.0,1.6050000000003593,0.0,0.0,1.0
4,25,13,0.0,0.08399999999994634,0.0,0.08399999999994634,0.0,0.0,1.0
4,25,14,0.0,0.06200000000001182,0.0,0.06200000000001182,0.0,0.0,1.0
4,25,15,0.0,0.027999999999906322,0.0,0.027999999999906322,0.0,0.0,1.0
4,25,16,0.0,0.06800000000009732,0.0,0.06800000000009732,0.0,0.0,1.0
4,25,17,0.0,0.06899999999995998,0.0,0.06899999999995998,0.0,0.0,1.0
4,25,18,0.029999999999972715,0.21199999999998909,0.0,0.2419999999999618,0.12396694214866714,0.0,0.8760330578513329
4,25,19,0.03999999999996362,0.01999999999998181,0.0,0.05999999999994543,0.6666666666666666,0.0,0.3333333333333333
4,25,20,0.011000000000194632,0.012000000000170985,0.0,0.023000000000365617,0.47826086956607705,0.0,0.521739130433923
4,25,21,0.0,0.032000000000152795,0.009000000000014552,0.04100000000016735,0.0,0.21951219512141018,0.7804878048785898
4,25,22,0.0,0.03999999999996362,0.0,0.03999999999996362,0.0,0.0,1.0
4,25,31,0.0,0.0,0.018000000000029104,0.018000000000029104,0.0,1.0,0.0
4,25,32,0.0,0.0,0.021999999999934516,0.021999999999934516,0.0,1.0,0.0
4,25,33,0.01999999999998181,0.0,0.0,0.01999999999998181,1.0,0.0,0.0
4,25,34,0.009000000000014552,0.05999999999994543,0.0,0.06899999999995998,0.1304347826089822,0.0,0.8695652173910178
4,25,35,0.010000000000218279,0.0,0.0,0.010000000000218279,1.0,0.0,0.0
4,25,36,0.009000000000014552,0.0,0.0,0.009000000000014552,1.0,0.0,0.0
4,25,37,0.011999999999716238,0.0,0.0,0.011999999999716238,1.0,0.0,0.0
4,25,38,0.017000000000280124,0.0,0.0,0.017000000000280124,1.0,0.0,0.0
4,25,39,0.08899999999994179,0.0,0.0,0.08899999999994179,1.0,0.0,0.0
4,25,40,0.0,0.0,0.09900000000016007,0.09900000000016007,0.0,1.0,0.0
4,25,41,0.028999999999996362,0.10300000000052023,0.1999999999998181,0.3320000000003347,0.08734939759026243,0.6024096385530617,0.3102409638566759
4,26,0,1.5530000000005089,0.9329999999999927,20.308999999999912,22.795000000000414,0.06812897565257647,0.8909409958323994,0.04093002851502416
4,26,1,0.018999999999778083,0.009000000000014552,0.020999999999958163,0.0489999999997508,0.3877551020382594,0.4285714285727544,0.1836734693889862
4,26,2,0.03099999999949432,0.0,0.010999999999967258,0.04199999999946158,0.7380952380926602,0.26190476190733986,0.0
4,26,3,0.7380000000002838,0.42699999999990723,0.19899999999984175,1.3640000000000327,0.5410557184752683,0.14589442815237313,0.31304985337235847
4,26,4,0.04000000000041837,0.03199999999992542,0.015999999999849024,0.08800000000019281,0.4545454545492128,0.18181818181606782,0.3636363636347194
4,26,5,1.2920000000001437,0.052000000000134605,0.04600000000004911,1.3900000000003274,0.9294964028775823,0.033093525179883655,0.03741007194253407
4,26,6,1.7930000000008022,0.17200000000002547,0.14099999999939428,2.106000000000222,0.8513770180439759,0.06695156695127227,0.08167141500475182
4,26,7,0.43099999999981264,0.12399999999979627,0.14000000000010004,0.694999999999709,0.6201438848920764,0.20143884892109162,0.17841726618683193
4,26,8,1.4230000000001723,0.06200000000012551,1.8369999999998754,3.3220000000001733,0.42835641180014994,0.5529801324502648,0.01866345574958527
4,26,9,0.27999999999974534,0.11099999999987631,1.1800000000016553,1.571000000001277,0.1782304264796421,0.7511139401659428,0.07065563335441508
4,26,10,0.04500000000007276,0.25800000000037926,0.8889999999998963,1.1920000000003483,0.037751677852399,0.7458053691272118,0.21644295302038916
4,26,11,0.038000000000010914,6.670999999999708,0.2290000000002692,6.937999999999988,0.0054770827327775985,0.03300663015282064,0.9615162871144017
4,26,12,0.055999999999812644,5.056000000000267,0.047000000000025466,5.1590000000001055,0.010854816824929541,0.009110292692386994,0.9800348904826834
4,26,13,0.03800000000023829,0.46999999999934516,0.008000000000265572,0.515999999999849,0.07364341085319652,0.01550387596951146,0.910852713177292
4,26,14,0.1770000000001346,0.3930000000002565,0.10999999999989996,0.680000000000291,0.2602941176471454,0.1617647058821366,0.5779411764707181
4,26,15,0.14899999999988722,2.344000000000051,0.008000000000038199,2.5009999999999764,0.05957616953214259,0.0031987205118105856,0.9372251099560468
4,26,16,0.01999999999998181,0.44299999999975626,0.038000000000010914,0.500999999999749,0.039920159680622416,0.07584830339327336,0.8842315369261042
4,26,17,0.03999999999996362,1.081000000000131,0.010999999999967258,1.1320000000000618,0.03533568904590233,0.009717314487603055,0.9549469964664946
4,26,18,0.01999999999998181,0.0,0.012999999999919964,0.032999999999901775,0.6060606060618589,0.3939393939381412,0.0
4,26,19,0.0,0.009000000000014552,0.0039999999999054126,0.012999999999919964,0.0,0.30769230768692607,0.692307692313074
4,26,20,0.06799999999998363,0.010999999999967258,0.007000000000061846,0.08600000000001273,0.7906976744182972,0.08139534883791638,0.1279069767437864
4,26,21,0.06100000000014916,0.057999999999992724,0.07899999999995089,0.19800000000009277,0.3080808080814171,0.398989898989464,0.29292929292911896
4,26,22,0.028999999999541615,0.3389999999999418,0.0,0.3679999999994834,0.07880434782495196,0.0,0.9211956521750481
4,26,23,0.11400000000003274,0.6399999999998727,0.010999999999967258,0.7649999999998727,0.14901960784320487,0.014379084967279855,0.8366013071895153
4,26,24,0.038000000000010914,0.0,0.0,0.038000000000010914,1.0,0.0,0.0
4,26,25,0.0,0.0,0.031000000000403816,0.031000000000403816,0.0,1.0,0.0
4,26,26,0.0,0.0,0.03999999999996362,0.03999999999996362,0.0,1.0,0.0
4,26,27,0.0,0.0,0.0409999999997126,0.0409999999997126,0.0,1.0,0.0
4,26,28,0.0,0.0,0.028999999999996362,0.028999999999996362,0.0,1.0,0.0
4,26,29,0.07099999999991269,0.0,0.020000000000436557,0.09100000000034925,0.7802197802158264,0.2197802197841736,0.0
4,26,30,0.08199999999987995,0.0,0.018999999999778083,0.10099999999965803,0.8118811881203721,0.18811881187962787,0.0
4,26,31,0.008000000000265572,0.0,0.0,0.008000000000265572,1.0,0.0,0.0
4,26,32,0.03099999999994907,0.0,0.0,0.03099999999994907,1.0,0.0,0.0
4,26,33,0.0,0.0,0.018000000000029104,0.018000000000029104,0.0,1.0,0.0
4,26,34,0.0,0.07899999999972351,0.04899999999997817,0.12799999999970169,0.0,0.38281250000072164,0.6171874999992784
4,26,35,0.0,0.38200000000006185,0.0,0.38200000000006185,0.0,0.0,1.0
4,26,39,0.022999999999683496,0.0,0.0,0.022999999999683496,1.0,0.0,0.0
4,26,41,0.0,0.5289999999995416,0.0,0.5289999999995416,0.0,0.0,1.0
4,27,0,0.06799999999975626,1.7360000000005584,25.523000000000422,27.327000000000737,0.0024883814542304102,0.9339847037728157,0.06352691477295391
4,27,1,0.0,0.0,0.09300000000030195,0.09300000000030195,0.0,1.0,0.0
4,27,2,0.0,0.0,0.04599999999936699,0.04599999999936699,0.0,1.0,0.0
4,27,3,0.28399999999993497,0.0,0.4290000000000873,0.7130000000000223,0.3983169705468809,0.6016830294531191,0.0
4,27,4,0.14800000000013824,0.0,0.19200000000000728,0.3400000000001455,0.4352941176472791,0.5647058823527209,0.0
4,27,5,3.8519999999996344,0.0,0.0820000000003347,3.933999999999969,0.9791560752413992,0.020843924758600748,0.0
4,27,6,2.16800000000012,0.0,0.5289999999999964,2.6970000000001164,0.8038561364479149,0.1961438635520851,0.0
4,27,7,0.11899999999991451,0.0,0.3710000000000946,0.4900000000000091,0.2428571428569639,0.7571428571430361,0.0
4,27,8,1.7629999999997494,0.0,1.2999999999997272,3.0629999999994766,0.5755794972249594,0.42442050277504056,0.0
4,27,9,0.1289999999999054,0.0,2.439999999999145,2.5689999999990505,0.05021409108600743,0.9497859089139926,0.0
4,27,10,0.10099999999965803,0.1959999999999127,1.8659999999999854,2.162999999999556,0.04669440591755837,0.8626907073510718,0.09061488673136982
4,27,11,0.0,0.7889999999993051,1.272000000000162,2.060999999999467,0.0,0.6171761280933968,0.38282387190660316
4,27,12,0.0,2.2300000000002456,0.7319999999995161,2.9619999999997617,0.0,0.2471303173529963,0.7528696826470037
4,27,13,0.0,6.57399999999916,0.0,6.57399999999916,0.0,0.0,1.0
4,27,14,0.0,16.788000000000693,0.0,16.788000000000693,0.0,0.0,1.0
4,27,15,0.0,2.439999999999884,0.0,2.439999999999884,0.0,0.0,1.0
4,27,16,0.0,2.855000000001155,0.0,2.855000000001155,0.0,0.0,1.0
4,27,17,0.0,2.3459999999993784,0.0,2.3459999999993784,0.0,0.0,1.0
4,27,18,0.0,1.5919999999998709,0.0,1.5919999999998709,0.0,0.0,1.0
4,28,0,0.6569999999999823,1.3260000000004766,10.68999999999977,12.67300000000023,0.05184249980272788,0.8435256056182101,0.104631894579062
4,28,1,0.16199999999997772,0.0,0.20999999999958163,0.37199999999955935,0.4354838709681979,0.5645161290318021,0.0
4,28,2,0.04099999999999682,0.0,0.03000000000020009,0.0710000000001969,0.577464788730748,0.422535211269252,0.0
4,28,3,0.0690000000002442,0.0,0.14099999999973534,0.20999999999997954,0.32857142857262345,0.6714285714273766,0.0
4,28,4,0.010000000000218279,0.0,0.058000000000163254,0.06800000000038153,0.14705882353179664,0.8529411764682033,0.0
4,28,5,2.12099999999964,0.09199999999998454,0.05500000000029104,2.2679999999999154,0.9351851851850612,0.024250440917236812,0.04056437389770193
4,28,6,2.5319999999999254,0.007000000000005002,0.0,2.5389999999999304,0.9972430090586825,0.0,0.0027569909413175243
4,28,7,0.5299999999997453,0.0,0.10799999999994725,0.6379999999996926,0.8307210031347974,0.16927899686520265,0.0
4,28,8,1.5600000000003433,0.0,0.48099999999999454,2.041000000000338,0.7643312101911245,0.2356687898088755,0.0
4,28,9,0.19199999999932515,0.0,0.08800000000019281,0.27999999999951797,0.685714285713056,0.31428571428694396,0.0
4,28,10,0.0,0.0,0.9170000000003711,0.9170000000003711,0.0,1.0,0.0
4,28,11,0.0,0.17000000000007276,1.713999999998805,1.8839999999988777,0.0,0.9097664543523493,0.09023354564765076
4,28,12,0.0,0.22899999999981446,0.051000000000385626,0.2800000000002001,0.0,0.18214285714410422,0.8178571428558958
4,28,13,0.0,0.03999999999996362,0.018000000000029104,0.057999999999992724,0.0,0.31034482758674764,0.6896551724132524
4,28,14,0.0,1.1110000000007858,0.009999999999763531,1.1210000000005493,0.0,0.00892060660103357,0.9910793933989664
4,28,15,0.0,0.5600000000004002,0.012000000000170985,0.5720000000005712,0.0,0.020979020979298955,0.9790209790207011
4,28,16,0.0,1.390999999999167,0.0,1.390999999999167,0.0,0.0,1.0
4,28,17,0.07799999999997453,1.2849999999991724,0.06799999999975626,1.4309999999989031,0.05450733752622943,0.04751921733040418,0.8979734451433664
4,28,18,0.04999999999972715,1.901000000000579,0.0,1.951000000000306,0.025627883136709027,0.0,0.974372116863291
4,28,19,0.11900000000059663,1.3589999999999804,0.0,1.478000000000577,0.08051420839008806,0.0,0.919485791609912
4,28,20,0.0929999999998472,0.0,0.0,0.0929999999998472,1.0,0.0,0.0
4,29,0,0.8020000000005894,4.627999999998508,20.18399999999906,25.613999999998157,0.031311001795918135,0.7880065589131144,0.18068243929096747
4,29,1,0.1490000000001146,0.0,0.9280000000003383,1.077000000000453,0.13834726090998323,0.8616527390900168,0.0
4,29,2,0.05999999999949068,0.0,0.06100000000014916,0.12099999999963984,0.4958677685923081,0.5041322314076919,0.0
4,29,3,0.04199999999946158,0.0,0.1619999999998072,0.20399999999926877,0.20588235293927512,0.7941176470607249,0.0
4,29,4,0.021000000000185537,0.007999999999810825,0.009999999999763531,0.03899999999975989,0.5384615384696109,0.2564102564057717,0.20512820512461738
4,29,5,0.13300000000026557,0.0,0.14800000000013824,0.2810000000004038,0.4733096085411902,0.5266903914588098,0.0
4,29,6,2.8010000000008404,0.011000000000422006,0.08899999999994179,2.901000000001204,0.9655291278868244,0.03067907618059457,0.0037917959325809857
4,29,7,1.0000000000013642,0.0,0.07200000000057116,1.0720000000019354,0.9328358208951109,0.06716417910488916,0.0
4,29,8,2.383999999999048,0.011999999999716238,0.39300000000048385,2.7889999999992483,0.8547866618858697,0.14091072068863025,0.00430261742549999
4,29,9,1.133999999999844,0.020000000000436557,1.8099999999999454,2.964000000000226,0.3825910931173271,0.6106612685559404,0.006747638326732467
4,29,10,0.0860000000002401,0.018000000000029104,2.7819999999995275,2.8859999999997967,0.029799029799115095,0.9639639639638682,0.006237006237016761
4,29,11,0.011999999999716238,0.271000000000015,6.649000000000171,6.931999999999903,0.0017311021349850557,0.9591748413156759,0.039094056549339125
4,29,12,0.19099999999980355,1.090000000000316,1.136999999999773,2.4179999999998927,0.078990901571469,0.47022332506196174,0.4507857733665692
4,29,13,0.09500000000025466,0.32799999999974716,0.09200000000009823,0.5150000000001,0.18446601941793436,0.17864077669918516,0.6368932038828805
4,29,14,0.26800000000048385,3.294999999999618,0.19200000000000728,3.755000000000109,0.07137150466057951,0.051131824234354646,0.8774966711050658
4,29,15,0.0,1.3859999999999673,0.0,1.3859999999999673,0.0,0.0,1.0
4,29,16,0.02999999999974534,3.1940000000004147,0.0,3.22400000000016,0.009305210918034693,0.0,0.9906947890819653
4,29,17,0.010999999999967258,13.620000000000118,0.021000000000185537,13.652000000000271,0.0008057427483128508,0.001538236155888157,0.997656021095799
4,29,18,0.028999999999996362,3.269999999999527,0.0,3.2989999999995234,0.008790542588663398,0.0,0.9912094574113366
4,29,19,0.010999999999967258,2.3380000000007612,0.0,2.3490000000007285,0.004682843763288143,0.0,0.9953171562367119
4,29,20,0.03900000000021464,1.5119999999997162,0.0,1.5509999999999309,0.025145067698398697,0.0,0.9748549323016013
4,29,21,0.04999999999972715,0.0,0.0,0.04999999999972715,1.0,0.0,0.0
4,29,25,0.0,0.24900000000025102,0.0,0.24900000000025102,0.0,0.0,1.0
4,29,26,0.0,0.03099999999994907,0.0,0.03099999999994907,0.0,0.0,1.0
4,29,27,0.0,0.2300000000000182,0.0,0.2300000000000182,0.0,0.0,1.0
4,30,0,0.21200000000044383,4.376000000000886,7.150999999999499,11.739000000000829,0.01805945991996157,0.6091660277705933,0.3727745123094452
4,30,1,0.007999999999810825,0.0,0.0,0.007999999999810825,1.0,0.0,0.0
4,30,2,0.0,0.010000000000218279,0.011000000000422006,0.021000000000640284,0.0,0.5238095238136485,0.4761904761863515
4,30,3,0.17100000000073123,0.06899999999995998,0.07999999999992724,0.32000000000061846,0.5343750000012524,0.24999999999928946,0.21562499999945822
4,30,4,1.0369999999998072,0.03099999999994907,0.13200000000006185,1.199999999999818,0.864166666666637,0.11000000000006821,0.025833333333294805
4,30,5,0.08699999999953434,0.0500000000001819,0.0,0.13699999999971624,0.6350364963482813,0.0,0.3649635036517187
4,30,6,1.384999999998854,0.11199999999962529,0.10800000000017462,1.604999999998654,0.8629283489096671,0.06728971962633346,0.06978193146399951
4,30,7,1.3839999999997872,0.11700000000064392,0.068000000000211,1.569000000000642,0.8820905035049208,0.04333970681974708,0.07456978967533208
4,30,8,0.9330000000001064,0.05999999999994543,0.1279999999999859,1.1210000000000377,0.8322925958965879,0.1141837644959693,0.05352363960744283
4,30,9,0.5790000000007467,0.08999999999878128,0.6080000000001178,1.2769999999996458,0.4534064213006322,0.4761158966329573,0.07047768206641053
4,30,10,0.1190000000000282,0.12100000000009459,0.4279999999995425,0.6679999999996653,0.17814371257498177,0.6407185628738877,0.18113772455113056
4,30,11,0.02200000000084401,0.1289999999999054,0.010999999999967258,0.16200000000071668,0.13580246914041164,0.06790123456739873,0.7962962962921897
4,30,12,0.007999999999810825,0.6920000000000073,0.375999999999749,1.075999999999567,0.007434944237745394,0.34944237918206345,0.6431226765801912
4,30,13,0.07000000000016371,3.1810000000009495,0.5600000000001728,3.811000000001286,0.018367882445589106,0.14694305956441456,0.8346890579899964
4,30,14,0.0,1.4989999999996826,0.04899999999997817,1.5479999999996608,0.0,0.03165374677001868,0.9683462532299814
4,30,15,0.0,0.758000000000493,0.0,0.758000000000493,0.0,0.0,1.0
4,30,16,0.0,0.6419999999992569,0.0,0.6419999999992569,0.0,0.0,1.0
4,30,17,0.0,6.829000000000576,0.0,6.829000000000576,0.0,0.0,1.0
4,30,18,0.0,1.6130000000002838,0.0,1.6130000000002838,0.0,0.0,1.0
4,30,19,0.0,1.6429999999998586,0.0,1.6429999999998586,0.0,0.0,1.0
4,30,20,0.0,1.1519999999997026,0.0,1.1519999999997026,0.0,0.0,1.0
4,30,21,0.03099999999994907,0.3009999999999309,0.0,0.33199999999987995,0.09337349397578397,0.0,0.906626506024216
4,30,22,0.01999999999998181,0.0,0.009000000000014552,0.028999999999996362,0.6896551724132524,0.31034482758674764,0.0
4,30,23,0.0,0.0,0.020000000000436557,0.020000000000436557,0.0,1.0,0.0
4,30,24,0.0,0.0,0.03199999999969805,0.03199999999969805,0.0,1.0,0.0
4,30,25,0.0,0.03899999999975989,0.01900000000023283,0.057999999999992724,0.0,0.32758620690060714,0.6724137930993929
4,31,0,0.7600000000002751,2.690999999999974,7.1679999999999495,10.619000000000199,0.07156982766741321,0.6750164798945113,0.2534136924380755
4,31,1,0.0,0.0,1.2910000000001673,1.2910000000001673,0.0,1.0,0.0
4,31,2,0.018999999999778083,0.0,0.028999999999996362,0.047999999999774445,0.39583333333057014,0.6041666666694299,0.0
4,31,3,0.07999999999992724,0.0,0.03999999999996362,0.11999999999989086,0.6666666666666666,0.3333333333333333,0.0
4,31,4,0.3100000000004002,0.0,0.0,0.3100000000004002,1.0,0.0,0.0
4,31,5,0.5209999999997308,0.0,0.0,0.5209999999997308,1.0,0.0,0.0
4,31,8,1.2210000000000036,0.0,0.17200000000013915,1.3930000000001428,0.8765254845655983,0.12347451543440166,0.0
4,31,9,3.055000000000746,0.06899999999995998,2.3979999999985466,5.521999999999252,0.5532415791382035,0.4342629482069669,0.01249547265482965
4,31,10,0.09100000000125874,0.2609999999999104,0.6380000000006021,0.9900000000017712,0.09191919192029892,0.6444444444438996,0.26363636363580145
4,31,11,0.0,0.45299999999957663,1.6170000000004165,2.069999999999993,0.0,0.7811594202900589,0.2188405797099411
4,31,12,0.0,2.5509999999999877,3.657000000000096,6.208000000000084,0.0,0.5890786082474302,0.4109213917525698
4,31,13,0.0,8.03799999999967,3.9320000000002437,11.969999999999914,0.0,0.328487886382646,0.6715121136173541
4,31,14,0.0,7.60599999999954,0.7229999999999563,8.328999999999496,0.0,0.08680513867210951,0.9131948613278905
4,31,15,0.0,12.700000000001012,0.16799999999989268,12.868000000000904,0.0,0.013055641902384276,0.9869443580976157
4,31,16,0.0,29.867000000000246,0.1590000000001055,30.02600000000035,0.0,0.005295410644111891,0.9947045893558881
4,31,17,0.0,8.960999999999387,0.0,8.960999999999387,0.0,0.0,1.0
4,31,18,0.0,2.7880000000002383,0.0,2.7880000000002383,0.0,0.0,1.0
4,31,19,0.0,3.6339999999992187,0.0,3.6339999999992187,0.0,0.0,1.0
4,31,20,0.0,5.9590000000009695,0.0,5.9590000000009695,0.0,0.0,1.0
4,31,21,0.0,0.8659999999995307,0.0,0.8659999999995307,0.0,0.0,1.0
4,31,22,0.0,0.10300000000063392,0.0,0.10300000000063392,0.0,0.0,1.0
4,31,23,0.0,0.03899999999998727,0.0,0.03899999999998727,0.0,0.0,1.0
4,31,24,0.0,0.049999999999954525,0.0,0.049999999999954525,0.0,0.0,1.0
4,31,25,0.0,0.7609999999999673,0.0,0.7609999999999673,0.0,0.0,1.0
4,32,0,2.5200000000001523,0.6189999999999145,4.00899999999973,7.147999999999797,0.35254616675996414,0.5608561835478237,0.08659764969221209
4,32,1,0.0310000000001196,0.010999999999967258,0.20900000000006003,0.2510000000001469,0.12350597609602175,0.8326693227089152,0.04382470119506303
4,32,2,0.010999999999967258,0.0,0.03100000000000591,0.04199999999997317,0.26190476190414963,0.7380952380958503,0.0
4,32,3,0.031000000000403816,0.007999999999981355,0.029999999999972715,0.06900000000035789,0.4492753623223627,0.4347826086930016,0.11594202898463567
4,32,4,0.30199999999979354,0.011000000000024102,0.2969999999997981,0.6099999999996157,0.49508196721308817,0.4868852459016151,0.018032786885296772
4,32,5,0.9129999999997835,0.029999999999972715,0.0409999999997126,0.9839999999994689,0.9278455284555654,0.04166666666639708,0.030487804878037508
4,32,6,1.942000000000462,0.010000000000047748,0.021999999999934516,1.9740000000004443,0.9837892603850177,0.011144883485273335,0.0050658561297089654
4,32,7,0.8570000000000846,0.028999999999996362,0.031000000000403816,0.9170000000004848,0.934569247545945,0.033805888768143326,0.031624863685911705
4,32,8,0.031000000000062755,0.07200000000011642,0.1180000000003929,0.22100000000057207,0.14027149321259055,0.5339366515841061,0.32579185520330334
4,32,9,0.9289999999994052,0.16099999999994452,0.1319999999996071,1.2219999999989568,0.7602291325697204,0.10801963993430425,0.13175122749597543
4,32,10,0.6319999999996071,0.08799999999979491,1.6249999999990905,2.3449999999984925,0.2695095948827349,0.6929637526653029,0.03752665245196225
4,32,11,0.08100000000104046,0.03100000000063119,2.1499999999991815,2.262000000000853,0.03580901856808573,0.9504862953131612,0.013704686118753093
4,32,12,0.20800000000008367,0.7869999999995798,1.543999999999869,2.5389999999995325,0.08192201654199369,0.6081134304845031,0.3099645529735032
4,32,13,0.06199999999989814,1.193999999997743,7.3120000000019445,8.567999999999586,0.0072362278244515795,0.8534080298788863,0.1393557422966621
4,32,14,0.07999999999992724,6.7790000000006785,0.49000000000023647,7.349000000000842,0.010885834807445649,0.06667573819569741,0.922438426996857
4,32,15,0.0,10.120999999999071,0.027999999999792635,10.148999999998864,0.0,0.0027588925017041845,0.9972411074982959
4,32,16,0.0,11.724000000000217,0.18100000000004002,11.905000000000257,0.0,0.015203695926084511,0.9847963040739155
4,32,17,0.0,7.160999999999206,0.010000000000218279,7.170999999999424,0.0,0.0013945056477784245,0.9986054943522216
4,32,18,0.0,4.429000000000485,0.0,4.429000000000485,0.0,0.0,1.0
4,32,19,0.0,2.903000000000077,0.0,2.903000000000077,0.0,0.0,1.0
4,32,20,0.0,6.145999999999503,0.0,6.145999999999503,0.0,0.0,1.0
4,32,21,0.0,2.272000000000162,0.0,2.272000000000162,0.0,0.0,1.0
4,32,22,0.0,0.14899999999943248,0.0,0.14899999999943248,0.0,0.0,1.0
4,32,23,0.0,0.5500000000001819,0.0,0.5500000000001819,0.0,0.0,1.0
4,32,24,0.0,0.0319999999992433,0.0,0.0319999999992433,0.0,0.0,1.0
4,33,0,0.16100000000000136,0.4319999999999027,0.812999999999704,1.405999999999608,0.11450924608822635,0.5782361308676605,0.30725462304411316
4,33,1,0.008999999999957708,0.0,0.0,0.008999999999957708,1.0,0.0,0.0
4,33,2,0.020000000000038654,0.0,0.010999999999967258,0.03100000000000591,0.6451612903237045,0.3548387096762955,0.0
4,33,3,0.0,0.0,0.03900000000004411,0.03900000000004411,0.0,1.0,0.0
4,33,4,0.0,0.0,0.04099999999999682,0.04099999999999682,0.0,1.0,0.0
4,33,5,0.10000000000013642,0.06999999999999318,0.029999999999972715,0.20000000000010232,0.5000000000004263,0.14999999999978683,0.3499999999997868
4,33,6,0.5689999999992779,0.2810000000000059,0.11100000000033106,0.9609999999996148,0.5920915712794026,0.11550468262265925,0.2924037460979381
4,33,7,1.1299999999991996,0.03699999999997772,0.0,1.1669999999991774,0.968294772922019,0.0,0.03170522707798098
4,33,8,1.6219999999998436,0.030999999999778538,0.009999999999990905,1.662999999999613,0.9753457606736146,0.006013229104024794,0.018641010222360643
4,33,9,1.879000000000019,0.0540000000005989,0.43899999999996453,2.3720000000005825,0.7921585160200496,0.18507588532877603,0.022765598651174383
4,33,10,0.7999999999999545,0.08499999999958163,0.3410000000000082,1.2259999999995443,0.6525285481241858,0.2781402936379567,0.06933115823785745
4,33,11,0.12200000000007094,0.05900000000002592,0.4209999999999354,0.6020000000000323,0.20265780730907706,0.6993355481726127,0.09800664451831023
4,33,12,1.107000000000994,0.1380000000000905,8.882999999999129,10.128000000000213,0.10930094786739443,0.8770734597155353,0.01362559241707026
4,33,13,0.0,0.5660000000004288,1.9570000000009031,2.523000000001332,0.0,0.7756638921917836,0.22433610780821642
4,33,14,0.09999999999990905,8.31500000000068,1.4299999999975626,9.844999999998151,0.01015744032503076,0.14525139664782438,0.8445911630271449
4,33,15,0.0,5.20299999999952,0.1490000000001146,5.351999999999634,0.0,0.02784005979075575,0.9721599402092442
4,33,16,0.0,6.331000000000756,0.0,6.331000000000756,0.0,0.0,1.0
4,33,17,0.028999999999996362,6.797000000001617,0.010999999999967258,6.837000000001581,0.004241626444345423,0.0016088927892298837,0.9941494807664247
4,33,18,0.22999999999956344,1.4659999999994398,0.0,1.6959999999990032,0.1356132075469921,0.0,0.8643867924530079
4,33,19,0.0,2.0690000000001874,0.0,2.0690000000001874,0.0,0.0,1.0
4,33,20,0.0,3.061000000000604,0.0,3.061000000000604,0.0,0.0,1.0
4,33,21,0.0,2.173000000000002,0.0,2.173000000000002,0.0,0.0,1.0
4,33,22,0.0,0.42700000000058935,0.0,0.42700000000058935,0.0,0.0,1.0
4,33,23,0.0,0.23999999999978172,0.0,0.23999999999978172,0.0,0.0,1.0
4,33,24,0.0,0.45900000000074215,0.0,0.45900000000074215,0.0,0.0,1.0
4,34,0,0.4779999999998381,0.0,0.6790000000003147,1.1570000000001528,0.41313742437318496,0.5868625756268151,0.0
4,34,1,0.05600000000026739,0.0,0.0,0.05600000000026739,1.0,0.0,0.0
4,34,2,0.0409999999997126,0.0,0.0,0.0409999999997126,1.0,0.0,0.0
4,34,3,0.14100000000019008,0.0,0.0,0.14100000000019008,1.0,0.0,0.0
4,34,4,0.019000000000005457,0.0,0.010999999999967258,0.029999999999972715,0.6333333333340913,0.36666666666590875,0.0
4,34,5,0.03999999999996362,0.0,0.03000000000020009,0.07000000000016371,0.5714285714267153,0.4285714285732847,0.0
4,34,6,0.3560000000002219,0.0,0.01999999999998181,0.3760000000002037,0.9468085106383751,0.05319148936162493,0.0
4,34,7,1.8670000000004165,0.0,0.13100000000031287,1.9980000000007294,0.9344344344343017,0.06556556556569822,0.0
4,34,8,10.322000000000003,0.0,0.23599999999976262,10.557999999999765,0.9776472816821588,0.022352718317841243,0.0
4,34,9,1.483000000000061,0.0,0.41000000000019554,1.8930000000002565,0.7834125726359535,0.2165874273640465,0.0
4,34,10,0.7879999999998972,0.0,3.7189999999998236,4.506999999999721,0.17483913911691726,0.8251608608830827,0.0
4,34,11,0.0,0.0,7.13499999999874,7.13499999999874,0.0,1.0,0.0
4,34,12,0.4499999999998181,0.43899999999985084,15.725000000001046,16.614000000000715,0.02708559046586004,0.9464909112796659,0.026423498254474057
4,34,13,0.0,0.6399999999999864,5.979000000000269,6.619000000000256,0.0,0.903308656896818,0.096691343103182
4,34,14,0.0,5.4180000000010295,3.112999999999033,8.531000000000063,0.0,0.36490446606482363,0.6350955339351764
4,34,15,0.15199999999981628,5.019999999999868,0.020000000000095497,5.19199999999978,0.029275808936791742,0.0038520801232851203,0.9668721109399231
4,34,16,0.4069999999999254,27.078999999999155,0.059000000000082764,27.544999999999163,0.014775821383188883,0.0021419495371241444,0.983082229079687
4,34,17,0.11999999999943611,9.9799999999982,0.0,10.099999999997635,0.011881188118758832,0.0,0.9881188118812412
4,34,18,0.19200000000046202,5.6180000000001655,0.10900000000037835,5.919000000001006,0.032437911809499814,0.018415272850204396,0.9491468153402958
4,34,19,0.0,3.588999999999942,0.0,3.588999999999942,0.0,0.0,1.0
4,34,20,0.0,6.9330000000004475,0.0,6.9330000000004475,0.0,0.0,1.0
4,34,21,0.0,4.611000000000331,0.0,4.611000000000331,0.0,0.0,1.0
4,34,22,0.0,0.8610000000001037,0.0,0.8610000000001037,0.0,0.0,1.0
4,34,23,0.0,1.897000000000162,0.0,1.897000000000162,0.0,0.0,1.0
4,34,24,0.0,1.7049999999987904,0.0,1.7049999999987904,0.0,0.0,1.0
4,34,25,0.0,0.03899999999998727,0.0,0.03899999999998727,0.0,0.0,1.0
4,34,26,0.0,0.019000000000005457,0.0,0.019000000000005457,0.0,0.0,1.0
4,34,27,0.0,0.009999999999990905,0.0,0.009999999999990905,0.0,0.0,1.0
4,34,28,0.0,0.01999999999998181,0.0,0.01999999999998181,0.0,0.0,1.0
4,34,29,0.0,0.009999999999990905,0.0,0.009999999999990905,0.0,0.0,1.0
4,34,30,0.0,0.01999999999998181,0.0,0.01999999999998181,0.0,0.0,1.0
4,34,31,0.0,0.021000000000185537,0.0,0.021000000000185537,0.0,0.0,1.0
4,34,32,0.0,0.31999999999993634,0.0,0.31999999999993634,0.0,0.0,1.0
4,35,10,0.019000000000005457,0.0,0.3829999999999245,0.40199999999992997,0.04726368159206161,0.9527363184079384,0.0
4,35,11,0.0,0.0,2.7290000000008376,2.7290000000008376,0.0,1.0,0.0
4,35,12,0.0,0.018000000000029104,2.2110000000004675,2.2290000000004966,0.0,0.9919246298788582,0.00807537012114181
4,35,13,0.0,0.14199999999982538,0.20100000000002183,0.3429999999998472,0.0,0.5860058309041147,0.4139941690958852
4,35,14,0.0,2.319000000000642,1.679999999999609,3.999000000000251,0.0,0.42010502625644,0.57989497374356
4,35,15,0.0,1.6609999999998308,0.08899999999994179,1.7499999999997726,0.0,0.050857142857116205,0.9491428571428838
4,35,16,0.0,9.334999999999923,0.2520000000000664,9.586999999999989,0.0,0.026285595076673274,0.9737144049233267
4,35,17,0.0,4.8060000000006085,0.0,4.8060000000006085,0.0,0.0,1.0
4,35,18,0.0,4.028999999999769,0.0,4.028999999999769,0.0,0.0,1.0
4,35,19,0.0,2.179999999999609,0.0,2.179999999999609,0.0,0.0,1.0
4,35,20,0.0,3.3689999999999145,0.0,3.3689999999999145,0.0,0.0,1.0
4,35,21,0.0,2.106999999999175,0.0,2.106999999999175,0.0,0.0,1.0
4,35,22,0.0,0.1639999999997599,0.0,0.1639999999997599,0.0,0.0,1.0
4,35,23,0.0,0.9609999999988759,0.0,0.9609999999988759,0.0,0.0,1.0
4,35,24,0.0,1.5840000000002874,0.0,1.5840000000002874,0.0,0.0,1.0
4,35,25,0.0,0.6989999999995007,0.0,0.6989999999995007,0.0,0.0,1.0
4,35,26,0.0,0.07899999999972351,0.0,0.07899999999972351,0.0,0.0,1.0
4,35,32,0.0,0.1289999999999054,0.0,0.1289999999999054,0.0,0.0,1.0
4,36,0,0.04899999999997817,0.0,0.0,0.04899999999997817,1.0,0.0,0.0
4,36,3,0.009999999999763531,0.0,0.010000000000218279,0.01999999999998181,0.4999999999886313,0.5000000000113687,0.0
4,36,4,0.009999999999763531,0.0,0.03099999999994907,0.0409999999997126,0.24390243902033243,0.7560975609796676,0.0
4,36,5,0.0,0.0,0.10800000000017462,0.10800000000017462,0.0,1.0,0.0
4,36,6,0.39100000000053114,0.0,0.17999999999938154,0.5709999999999127,0.6847635726805446,0.31523642731945545,0.0
4,36,7,0.018999999999778083,0.0,0.2990000000004329,0.318000000000211,0.05974842767221848,0.9402515723277816,0.0
4,36,8,0.09999999999990905,0.08899999999994179,0.03900000000021464,0.22800000000006548,0.4385964912275453,0.17105263157983966,0.390350877192615
4,36,9,0.2929999999998927,0.07200000000011642,0.5089999999997872,0.8739999999997963,0.3352402745994977,0.5823798627001211,0.08237986270038124
4,36,10,0.0,0.047000000000025466,0.08100000000013097,0.12800000000015643,0.0,0.6328125000002498,0.3671874999997502
4,36,11,0.0,0.3449999999997999,0.76299999999992,1.1079999999997199,0.0,0.6886281588448672,0.3113718411551328
4,36,12,0.0,0.5649999999993724,2.76299999999992,3.3279999999992924,0.0,0.8302283653847679,0.16977163461523215
4,36,13,0.0,0.32200000000068485,0.05899999999996908,0.3810000000006539,0.0,0.15485564304427246,0.8451443569557275
4,36,14,0.0,0.8630000000000564,2.838999999999942,3.701999999999998,0.0,0.7668827660723779,0.23311723392762204
4,36,15,0.0,2.849999999999568,0.0,2.849999999999568,0.0,0.0,1.0
4,36,16,0.0,5.2499999999990905,0.0,5.2499999999990905,0.0,0.0,1.0
4,36,17,0.0,20.239000000000033,0.0,20.239000000000033,0.0,0.0,1.0
4,36,18,0.0,5.18300000000022,0.0,5.18300000000022,0.0,0.0,1.0
4,36,19,0.0,2.9439999999993915,0.0,2.9439999999993915,0.0,0.0,1.0
4,36,20,0.0,4.440999999999917,0.0,4.440999999999917,0.0,0.0,1.0
4,36,21,0.0,4.092000000000439,0.0,4.092000000000439,0.0,0.0,1.0
4,36,22,0.0,0.3289999999997235,0.0,0.3289999999997235,0.0,0.0,1.0
4,36,23,0.0,1.0120000000010805,0.0,1.0120000000010805,0.0,0.0,1.0
4,36,24,0.0,2.971000000000913,0.0,2.971000000000913,0.0,0.0,1.0
4,36,25,0.0,2.961000000000354,0.0,2.961000000000354,0.0,0.0,1.0
4,36,26,0.0,0.8299999999999272,0.0,0.8299999999999272,0.0,0.0,1.0
4,37,0,0.9969999999999573,0.37000000000000455,0.3020000000002483,1.66900000000021,0.5973636908327332,0.18094667465560832,0.22168963451165846
4,37,2,0.0,0.019000000000119144,0.0,0.019000000000119144,0.0,0.0,1.0
4,37,3,0.0,0.019999999999868123,0.0,0.019999999999868123,0.0,0.0,1.0
4,37,4,0.0,0.01999999999998181,0.0,0.01999999999998181,0.0,0.0,1.0
4,37,5,0.0,0.03899999999998727,0.04100000000016735,0.08000000000015461,0.0,0.5125000000011013,0.48749999999889865
4,37,6,0.0,0.0020000000004074536,0.05199999999967986,0.05400000000008731,0.0,0.9629629629554775,0.03703703704452259
4,37,7,0.5000000000004547,0.05999999999994543,0.20899999999892316,0.7689999999993233,0.6501950585187187,0.2717815344591769,0.07802340702210432
4,37,8,0.4899999999997817,0.0369999999996935,0.21700000000146247,0.7440000000009377,0.6586021505365109,0.29166666666826474,0.04973118279522429
4,37,9,0.0,0.021999999999934516,0.09999999999990905,0.12199999999984357,0.0,0.8196721311478465,0.1803278688521535
4,37,10,0.0,0.2119999999997617,0.3129999999997608,0.5249999999995225,0.0,0.5961904761905628,0.4038095238094372
4,37,11,0.031000000000062755,0.05100000000027194,0.6680000000000064,0.7500000000003411,0.04133333333339821,0.8906666666662701,0.06800000000033166
4,37,12,0.0,0.9730000000010932,0.9849999999995589,1.958000000000652,0.0,0.5030643513785653,0.4969356486214347
4,37,13,0.0,0.9580000000006521,1.5099999999997635,2.4680000000004156,0.0,0.6118314424633343,0.3881685575366656
4,37,14,0.0,0.5409999999998263,1.1300000000001091,1.6709999999999354,0.0,0.6762417713944661,0.32375822860553394
4,37,15,0.0,0.6229999999997062,0.0,0.6229999999997062,0.0,0.0,1.0
4,37,16,0.0,2.724999999999909,0.0,2.724999999999909,0.0,0.0,1.0
4,37,17,0.0,8.286000000000968,0.0909999999998945,8.377000000000862,0.0,0.01086307747402234,0.9891369225259776
4,37,18,0.0,2.8810000000000855,0.0,2.8810000000000855,0.0,0.0,1.0
4,37,19,0.0,1.8000000000007503,0.0,1.8000000000007503,0.0,0.0,1.0
4,37,20,0.0,3.221999999999298,0.0,3.221999999999298,0.0,0.0,1.0
4,37,21,0.0,4.670999999999481,0.0,4.670999999999481,0.0,0.0,1.0
4,37,22,0.0,0.7620000000008531,0.0,0.7620000000008531,0.0,0.0,1.0
4,37,23,0.0,1.1079999999992651,0.0,1.1079999999992651,0.0,0.0,1.0
4,37,24,0.0,2.7689999999998918,0.0,2.7689999999998918,0.0,0.0,1.0
4,37,25,0.0,2.089000000000169,0.0,2.089000000000169,0.0,0.0,1.0
4,38,0,1.0709999999999127,0.18100000000004002,0.19099999999980355,1.4429999999997563,0.742203742203807,0.13236313236301858,0.12543312543317436
4,38,1,0.0,0.018999999999778083,0.0,0.018999999999778083,0.0,0.0,1.0
4,38,3,0.0,0.010999999999967258,0.010999999999967258,0.021999999999934516,0.0,0.5,0.5
4,38,5,0.0,0.0,0.010000000000218279,0.010000000000218279,0.0,1.0,0.0
4,38,7,0.07899999999972351,0.0,0.01999999999998181,0.09899999999970532,0.7979797979793803,0.2020202020206196,0.0
4,38,8,0.0,0.0,0.009000000000014552,0.009000000000014552,0.0,1.0,0.0
4,38,11,0.0999999999994543,0.0,0.2990000000004329,0.3989999999998872,0.2506265664147433,0.7493734335852568,0.0
4,38,12,0.0,0.4410000000000309,0.22800000000006548,0.6690000000000964,0.0,0.34080717488794116,0.6591928251120589
4,38,13,0.009000000000014552,0.029999999999972715,0.0,0.03899999999998727,0.23076923076967923,0.0,0.7692307692303207
4,38,14,0.0,0.03199999999992542,0.0,0.03199999999992542,0.0,0.0,1.0
4,38,15,0.0,0.5859999999997854,0.011999999999716238,0.5979999999995016,0.0,0.02006688963164923,0.9799331103683507
4,38,16,0.010999999999967258,0.7019999999999982,0.0,0.7129999999999654,0.015427769985929582,0.0,0.9845722300140705
4,38,17,0.008000000000265572,0.1810000000002674,0.0,0.18900000000053296,0.04232804232932811,0.0,0.9576719576706719
4,38,18,0.0,0.6549999999999727,0.5,1.1549999999999727,0.0,0.4329004329004431,0.5670995670995569
4,38,19,0.009999999999763531,0.4899999999997817,0.0,0.49999999999954525,0.019999999999545253,0.0,0.9800000000004547
4,38,20,0.009000000000014552,1.159999999999627,0.0,1.1689999999996417,0.007698887938423705,0.0,0.9923011120615763
4,38,21,0.010999999999967258,1.9240000000002055,0.0,1.9350000000001728,0.005684754521946396,0.0,0.9943152454780536
4,38,22,0.010000000000218279,0.6749999999999545,0.0,0.6850000000001728,0.014598540146300373,0.0,0.9854014598536996
4,38,23,0.01999999999998181,0.07099999999991269,0.0,0.0909999999998945,0.2197802197802747,0.0,0.7802197802197253
4,38,24,0.0,1.4330000000004475,0.0,1.4330000000004475,0.0,0.0,1.0
4,38,25,0.01999999999998181,0.8789999999989959,0.0,0.8989999999989777,0.022246941045611292,0.0,0.9777530589543887
4,38,26,0.018000000000029104,0.05099999999947613,0.0,0.06899999999950523,0.2608695652196837,0.0,0.7391304347803164
4,38,27,0.010999999999967258,0.27599999999983993,0.0,0.2869999999998072,0.038327526132315846,0.0,0.9616724738676842
4,38,28,0.010999999999967258,0.12200000000029831,0.0,0.13300000000026557,0.0827067669168819,0.0,0.917293233083118
4,38,29,0.03999999999996362,0.03800000000046566,0.0,0.07800000000042928,0.5128205128172241,0.0,0.4871794871827759
4,38,30,0.021000000000185537,0.262000000000171,0.09699999999975262,0.38000000000010914,0.055263157895209226,0.25526315789401255,0.6894736842107783
4,38,31,0.0,0.06099999999969441,0.0,0.06099999999969441,0.0,0.0,1.0
4,38,32,0.0,0.06099999999969441,0.0,0.06099999999969441,0.0,0.0,1.0
4,38,33,0.0,0.00800000000072032,0.0,0.00800000000072032,0.0,0.0,1.0
4,39,0,0.21200000000021646,0.0,0.18900000000007822,0.4010000000002947,0.5286783042395528,0.4713216957604472,0.0
4,39,1,0.0,0.009999999999990905,0.03000000000020009,0.040000000000190994,0.0,0.7500000000014211,0.24999999999857891
4,39,2,0.0,0.03999999999996362,0.0,0.03999999999996362,0.0,0.0,1.0
4,39,3,0.0,0.03099999999994907,0.0,0.03099999999994907,0.0,0.0,1.0
4,39,4,0.0,0.019000000000005457,0.0,0.019000000000005457,0.0,0.0,1.0
4,39,5,0.0,0.01999999999998181,0.0,0.01999999999998181,0.0,0.0,1.0
4,39,6,0.0,0.019000000000005457,0.0,0.019000000000005457,0.0,0.0,1.0
4,39,7,0.13000000000010914,0.010999999999967258,0.2000000000007276,0.341000000000804,0.3812316715536734,0.5865102639303696,0.03225806451595696
4,39,8,0.15099999999983993,0.05099999999993088,0.08799999999973807,0.2899999999995089,0.5206896551727437,0.30344827586167966,0.1758620689655767
4,39,9,0.0,0.08199999999987995,0.0,0.08199999999987995,0.0,0.0,1.0
4,39,10,0.0,0.18699999999989814,0.0,0.18699999999989814,0.0,0.0,1.0
4,39,11,0.0,0.07899999999995089,0.0,0.07899999999995089,0.0,0.0,1.0
4,39,12,0.0,0.07100000000036744,0.0,0.07100000000036744,0.0,0.0,1.0
4,39,13,0.0,0.0399999999992815,0.0,0.0399999999992815,0.0,0.0,1.0
4,39,14,0.0,0.029999999999972715,0.0,0.029999999999972715,0.0,0.0,1.0
4,39,15,0.0,0.03899999999998727,0.0,0.03899999999998727,0.0,0.0,1.0
4,39,16,0.0,0.13300000000049295,0.0,0.13300000000049295,0.0,0.0,1.0
4,39,17,0.0,1.2679999999988922,0.0,1.2679999999988922,0.0,0.0,1.0
4,39,18,0.0,0.11700000000064392,0.0,0.11700000000064392,0.0,0.0,1.0
4,39,19,0.0,0.05300000000033833,0.0,0.05300000000033833,0.0,0.0,1.0
4,39,20,0.0,0.3879999999994652,0.0,0.3879999999994652,0.0,0.0,1.0
4,39,21,0.0,3.1800000000005184,0.0,3.1800000000005184,0.0,0.0,1.0
4,39,22,0.0,1.3830000000000382,0.0,1.3830000000000382,0.0,0.0,1.0
4,39,23,0.0,0.14099999999984902,0.0,0.14099999999984902,0.0,0.0,1.0
4,39,24,0.0,2.090000000000373,0.0,2.090000000000373,0.0,0.0,1.0
4,39,25,0.0,1.9210000000007312,0.0,1.9210000000007312,0.0,0.0,1.0
4,39,27,0.0,0.20400000000017826,0.0,0.20400000000017826,0.0,0.0,1.0
4,39,28,0.0,0.46899999999982356,0.0,0.46899999999982356,0.0,0.0,1.0
4,39,30,0.0,0.6799999999998363,0.0,0.6799999999998363,0.0,0.0,1.0
4,39,31,0.0,0.05999999999994543,0.0,0.05999999999994543,0.0,0.0,1.0
4,39,32,0.0,0.44000000000005457,0.0,0.44000000000005457,0.0,0.0,1.0
4,39,33,0.0,0.10099999999965803,0.0,0.10099999999965803,0.0,0.0,1.0
4,39,34,0.0,0.35900000000037835,0.0,0.35900000000037835,0.0,0.0,1.0
4,39,35,0.0,0.07099999999991269,0.0,0.07099999999991269,0.0,0.0,1.0
4,40,0,0.24199999999973443,0.0,0.16900000000032378,0.4110000000000582,0.5888077858873483,0.41119221411265167,0.0
4,40,9,0.44099999999980355,0.02900000000045111,0.10899999999946886,0.5789999999997235,0.7616580310881074,0.188255613125252,0.05008635578664069
4,40,10,0.14499999999952706,0.0,0.20600000000104046,0.3510000000005675,0.41310541310339777,0.5868945868966022,0.0
4,40,18,0.0,0.08999999999991815,0.0,0.08999999999991815,0.0,0.0,1.0
4,40,19,0.0,0.049000000000205546,0.0,0.049000000000205546,0.0,0.0,1.0
4,40,20,0.0,0.07999999999992724,0.0,0.07999999999992724,0.0,0.0,1.0
4,40,21,0.0,2.1469999999987976,0.0,2.1469999999987976,0.0,0.0,1.0
4,40,22,0.0,0.7609999999999673,0.0,0.7609999999999673,0.0,0.0,1.0
4,40,23,0.0,0.04800000000000182,0.0,0.04800000000000182,0.0,0.0,1.0
4,40,24,0.0,1.271000000001095,0.0,1.271000000001095,0.0,0.0,1.0
4,40,25,0.0,1.1739999999999782,0.0,1.1739999999999782,0.0,0.0,1.0
4,40,26,0.0,0.06399999999985084,0.0,0.06399999999985084,0.0,0.0,1.0
4,40,27,0.0,0.32999999999992724,0.0,0.32999999999992724,0.0,0.0,1.0
4,40,30,0.0,0.26900000000023283,0.0,0.26900000000023283,0.0,0.0,1.0
4,40,32,0.0,0.31899999999996,0.0,0.31899999999996,0.0,0.0,1.0
4,40,35,0.0,0.22899999999935972,0.0,0.22899999999935972,0.0,0.0,1.0
4,41,0,0.28999999999973625,0.02999999999974534,0.2390000000004875,0.5589999999999691,0.5187835420389129,0.42754919499195115,0.05366726296913596
4,41,7,0.7699999999997544,0.07200000000011642,0.3790000000001328,1.2210000000000036,0.6306306306304277,0.3104013104014182,0.05896805896815414
4,41,8,0.0,0.008000000000038199,0.0,0.008000000000038199,0.0,0.0,1.0
4,41,9,0.0,0.021999999999934516,0.0,0.021999999999934516,0.0,0.0,1.0
4,41,10,0.009000000000014552,0.018000000000029104,0.11099999999987631,0.13799999999991996,0.0652173913044911,0.8043478260865267,0.1304347826089822
4,41,12,0.0,0.010999999999967258,0.0,0.010999999999967258,0.0,0.0,1.0
4,41,13,0.0,0.009999999999990905,0.0,0.009999999999990905,0.0,0.0,1.0
4,41,14,0.0,0.008000000000038199,0.5510000000003856,0.5590000000004238,0.0,0.9856887298747189,0.014311270125281097
4,41,15,0.0,0.04000000000041837,0.10099999999874854,0.1409999999991669,0.0,0.7163120567329453,0.28368794326705465
4,41,16,0.0,0.6850000000006276,0.24700000000007094,0.9320000000006985,0.0,0.2650214592273453,0.7349785407726547
4,41,17,0.0,0.3489999999999327,0.0,0.3489999999999327,0.0,0.0,1.0
4,41,18,0.0,0.30500000000006366,0.0,0.30500000000006366,0.0,0.0,1.0
4,41,19,0.0,0.04300000000012005,0.0,0.04300000000012005,0.0,0.0,1.0
4,41,20,0.0,0.08199999999987995,0.0,0.08199999999987995,0.0,0.0,1.0
4,41,21,0.0,1.7950000000001864,0.021999999999934516,1.817000000000121,0.0,0.012107870115538278,0.9878921298844617
4,41,22,0.0,0.9860000000003311,0.0,0.9860000000003311,0.0,0.0,1.0
4,41,23,0.0,0.7719999999994798,0.0,0.7719999999994798,0.0,0.0,1.0
4,41,24,0.0,1.9299999999993815,0.0,1.9299999999993815,0.0,0.0,1.0
4,41,25,0.0,1.6599999999993997,0.0,1.6599999999993997,0.0,0.0,1.0
4,41,26,0.0,0.020999999999958163,0.0,0.020999999999958163,0.0,0.0,1.0
4,41,27,0.0,0.7170000000003256,0.0,0.7170000000003256,0.0,0.0,1.0
4,41,28,0.0,0.11099999999987631,0.0,0.11099999999987631,0.0,0.0,1.0
4,41,30,0.0,0.5409999999997126,0.0,0.5409999999997126,0.0,0.0,1.0
4,41,31,0.0,0.09999999999990905,0.0,0.09999999999990905,0.0,0.0,1.0
4,41,32,0.0,0.49099999999998545,0.0,0.49099999999998545,0.0,0.0,1.0
4,41,35,0.0,0.31900000000041473,0.0,0.31900000000041473,0.0,0.0,1.0
4,42,0,0.11099999999987631,0.25,0.05099999999993088,0.4119999999998072,0.2694174757279812,0.12378640776688045,0.6067961165051383
4,42,1,0.0,0.010999999999967258,0.0,0.010999999999967258,0.0,0.0,1.0
4,42,3,0.0,0.021000000000185537,0.0,0.021000000000185537,0.0,0.0,1.0
4,42,5,0.0,0.0,0.009999999999763531,0.009999999999763531,0.0,1.0,0.0
4,42,6,0.0,0.018000000000029104,0.009000000000014552,0.027000000000043656,0.0,0.3333333333333333,0.6666666666666666
4,42,8,0.0,0.0,0.010000000000218279,0.010000000000218279,0.0,1.0,0.0
4,42,9,0.0,0.009999999999763531,0.0,0.009999999999763531,0.0,0.0,1.0
4,42,10,0.011999999999716238,0.12799999999970169,0.17200000000002547,0.3119999999994434,0.03846153846069758,0.5512820512831164,0.41025641025618603
4,42,11,0.0,0.03300000000035652,0.009000000000014552,0.042000000000371074,0.0,0.21428571428416754,0.7857142857158325
4,42,12,0.0,0.14800000000013824,0.0,0.14800000000013824,0.0,0.0,1.0
4,42,13,0.021999999999934516,0.0409999999997126,0.0,0.06299999999964712,0.3492063492072658,0.0,0.6507936507927342
4,42,14,0.018000000000029104,0.047000000000025466,0.0,0.06500000000005457,0.2769230769232922,0.0,0.7230769230767078
4,42,15,0.010000000000218279,0.49099999999907595,0.03799999999910142,0.5389999999983957,0.01855287569619303,0.07050092764232752,0.9109461966614795
4,42,16,0.0,0.39900000000034197,0.2969999999995707,0.6959999999999127,0.0,0.4267241379304712,0.5732758620695287
4,42,17,0.0,0.04899999999997817,0.01999999999998181,0.06899999999995998,0.0,0.2898550724636726,0.7101449275363274
4,42,18,0.0,0.08300000000008367,0.01999999999998181,0.10300000000006548,0.0,0.19417475728125336,0.8058252427187467
4,42,19,0.0,0.06100000000014916,0.028999999999996362,0.09000000000014552,0.0,0.3222222222216608,0.6777777777783391
4,42,20,0.0,0.06700000000046202,0.01999999999998181,0.08700000000044383,0.0,0.22988505746988253,0.7701149425301175
4,42,21,0.0,0.0909999999998945,0.023000000000138243,0.11400000000003274,0.0,0.20175438596606698,0.798245614033933
4,42,22,0.0,0.1499999999996362,0.007999999999810825,0.15799999999944703,0.0,0.05063291139138496,0.9493670886086151
4,42,23,0.0,0.9210000000002765,0.010000000000218279,0.9310000000004948,0.0,0.01074113856091618,0.9892588614390838
4,42,24,0.0,0.6390000000001237,0.0,0.6390000000001237,0.0,0.0,1.0
4,42,25,0.0,1.6280000000001564,0.0,1.6280000000001564,0.0,0.0,1.0
4,42,26,0.0,0.6060000000002219,0.0,0.6060000000002219,0.0,0.0,1.0
4,42,27,0.0,0.09400000000005093,0.0,0.09400000000005093,0.0,0.0,1.0
4,42,28,0.0,0.028999999999541615,0.0,0.028999999999541615,0.0,0.0,1.0
4,42,29,0.0,0.04899999999997817,0.0,0.04899999999997817,0.0,0.0,1.0
4,42,30,0.0,0.031000000000403816,0.0,0.031000000000403816,0.0,0.0,1.0
4,42,31,0.0,0.7390000000000327,0.0,0.7390000000000327,0.0,0.0,1.0
4,42,32,0.0,0.5300000000002001,0.0,0.5300000000002001,0.0,0.0,1.0
4,42,35,0.0,0.1089999999999236,0.0,0.1089999999999236,0.0,0.0,1.0
4,42,36,0.0,0.2799999999999727,0.0,0.2799999999999727,0.0,0.0,1.0
4,42,41,0.0,0.007000000000061846,0.0,0.007000000000061846,0.0,0.0,1.0
4,42,42,0.0,0.07200000000011642,0.0,0.07200000000011642,0.0,0.0,1.0
4,43,15,0.0,0.10799999999971988,0.2610000000013315,0.3690000000010514,0.0,0.7073170731723247,0.2926829268276752
4,43,16,0.0,0.13100000000031287,0.3040000000000873,0.4350000000004002,0.0,0.6988505747122015,0.30114942528779853
4,43,21,0.0,0.30200000000058935,0.0,0.30200000000058935,0.0,0.0,1.0
4,43,22,0.0,0.07999999999992724,0.0,0.07999999999992724,0.0,0.0,1.0
4,43,23,0.0,0.16899999999986903,0.0,0.16899999999986903,0.0,0.0,1.0
4,43,24,0.0,0.03099999999994907,0.0,0.03099999999994907,0.0,0.0,1.0
4,43,25,0.0,0.5610000000006039,0.0,0.5610000000006039,0.0,0.0,1.0
4,43,26,0.0,0.36999999999989086,0.0,0.36999999999989086,0.0,0.0,1.0
4,43,31,0.0,0.3380000000001928,0.0,0.3380000000001928,0.0,0.0,1.0
4,43,32,0.0,0.3119999999994434,0.0,0.3119999999994434,0.0,0.0,1.0
4,43,33,0.0,0.09899999999970532,0.0,0.09899999999970532,0.0,0.0,1.0
4,43,34,0.0,0.08900000000039654,0.0,0.08900000000039654,0.0,0.0,1.0
4,43,35,0.0,0.05099999999993088,0.0,0.05099999999993088,0.0,0.0,1.0
4,43,36,0.0,0.2980000000000018,0.0,0.2980000000000018,0.0,0.0,1.0
4,43,37,0.0,0.03099999999994907,0.0,0.03099999999994907,0.0,0.0,1.0
4,43,38,0.0,0.0,0.02099999999973079,0.02099999999973079,0.0,1.0,0.0
4,43,39,0.009000000000014552,0.0,0.01999999999998181,0.028999999999996362,0.31034482758674764,0.6896551724132524,0.0
4,43,41,0.0,0.01999999999998181,0.0,0.01999999999998181,0.0,0.0,1.0
4,43,42,0.0,0.2460000000000946,0.0,0.2460000000000946,0.0,0.0,1.0
4,44,21,0.0,0.2789999999995416,0.0,0.2789999999995416,0.0,0.0,1.0
4,44,25,0.0,0.612999999999829,0.0,0.612999999999829,0.0,0.0,1.0
4,44,26,0.0,0.5900000000001455,0.0,0.5900000000001455,0.0,0.0,1.0
4,44,31,0.0,0.6300000000001091,0.0,0.6300000000001091,0.0,0.0,1.0
4,44,32,0.0,0.6320000000000618,0.0,0.6320000000000618,0.0,0.0,1.0
4,44,36,0.0,0.43100000000004,0.0,0.43100000000004,0.0,0.0,1.0
4,44,39,0.012000000000170985,0.0,0.0,0.012000000000170985,1.0,0.0,0.0
4,44,40,0.04899999999997817,0.0,0.0,0.04899999999997817,1.0,0.0,0.0
4,44,41,0.03900000000021464,0.0,0.0,0.03900000000021464,1.0,0.0,0.0
4,44,42,0.011999999999716238,0.181999999999789,0.0,0.19399999999950523,0.061855670101787844,0.0,0.9381443298982122
4,44,43,0.0,0.0,0.01900000000023283,0.01900000000023283,0.0,1.0,0.0
4,44,44,0.0,0.0,0.01999999999998181,0.01999999999998181,0.0,1.0,0.0
4,44,45,0.0,0.0,0.018999999999778083,0.018999999999778083,0.0,1.0,0.0
4,44,46,0.0,0.02099999999973079,0.010000000000218279,0.03099999999994907,0.0,0.32258064516886154,0.6774193548311385
4,44,47,0.0,0.01900000000023283,0.0,0.01900000000023283,0.0,0.0,1.0
4,44,48,0.0,0.03099999999994907,0.0,0.03099999999994907,0.0,0.0,1.0
4,44,49,0.0,0.0500000000001819,0.0,0.0500000000001819,0.0,0.0,1.0
4,44,50,0.0,0.03199999999969805,0.0,0.03199999999969805,0.0,0.0,1.0
4,44,51,0.0,0.018000000000029104,0.0,0.018000000000029104,0.0,0.0,1.0
4,44,52,0.0,0.009000000000014552,0.0,0.009000000000014552,0.0,0.0,1.0
4,44,53,0.0,0.010999999999967258,0.0,0.010999999999967258,0.0,0.0,1.0
4,44,54,0.0,0.03000000000020009,0.0,0.03000000000020009,0.0,0.0,1.0
4,44,55,0.0,0.009999999999763531,0.0,0.009999999999763531,0.0,0.0,1.0
4,44,56,0.0,0.009000000000014552,0.0,0.009000000000014552,0.0,0.0,1.0
4,44,57,0.0,0.021000000000185537,0.0,0.021000000000185537,0.0,0.0,1.0
4,44,58,0.0,0.018999999999778083,0.0,0.018999999999778083,0.0,0.0,1.0
4,45,0,0.0,0.15000000000009095,0.08799999999996544,0.2380000000000564,0.0,0.36974789915943107,0.6302521008405689
4,45,1,0.0,0.0,0.02299999999991087,0.02299999999991087,0.0,1.0,0.0
4,45,3,0.0,0.0,0.009000000000014552,0.009000000000014552,0.0,1.0,0.0
4,45,4,0.0,0.0,0.010999999999967258,0.010999999999967258,0.0,1.0,0.0
4,45,6,0.019000000000005457,0.0,0.0,0.019000000000005457,1.0,0.0,0.0
4,45,7,0.010999999999967258,0.0,0.0,0.010999999999967258,1.0,0.0,0.0
4,45,8,0.0,0.0,0.009000000000014552,0.009000000000014552,0.0,1.0,0.0
4,45,9,0.0,0.0,0.04099999999993997,0.04099999999993997,0.0,1.0,0.0
4,45,10,0.2199999999997999,0.011999999999943611,0.2980000000002292,0.5299999999999727,0.41509433962228537,0.5622641509438576,0.022641509433857038
4,45,11,0.0,0.32900000000017826,0.44099999999980355,0.7699999999999818,0.0,0.5727272727270312,0.4272727272729689
4,45,12,0.0,0.01999999999998181,0.0,0.01999999999998181,0.0,0.0,1.0
4,45,13,0.0,0.021000000000185537,0.0,0.021000000000185537,0.0,0.0,1.0
4,45,14,0.0,0.028999999999996362,0.10100000000056752,0.1300000000005639,0.0,0.7769230769240725,0.22307692307592747
4,45,15,0.0,0.06899999999950523,0.4609999999993306,0.5299999999988358,0.0,0.8698113207553645,0.13018867924463545
4,45,16,0.0,0.01999999999998181,0.0,0.01999999999998181,0.0,0.0,1.0
4,45,18,0.0,0.07199999999988904,0.0,0.07199999999988904,0.0,0.0,1.0
4,45,19,0.0,0.1619999999998072,0.0,0.1619999999998072,0.0,0.0,1.0
4,45,20,0.0,0.04800000000000182,0.0,0.04800000000000182,0.0,0.0,1.0
4,45,21,0.0,0.5000000000002274,0.0,0.5000000000002274,0.0,0.0,1.0
4,45,22,0.0,0.14199999999982538,0.0,0.14199999999982538,0.0,0.0,1.0
4,45,23,0.0,0.03600000000005821,0.0,0.03600000000005821,0.0,0.0,1.0
4,45,24,0.0,0.022000000000389264,0.0,0.022000000000389264,0.0,0.0,1.0
4,45,25,0.0,0.33699999999953434,0.0,0.33699999999953434,0.0,0.0,1.0
4,45,26,0.0,0.010999999999967258,0.0,0.010999999999967258,0.0,0.0,1.0
4,45,27,0.0,0.01999999999998181,0.0,0.01999999999998181,0.0,0.0,1.0
4,45,28,0.0,0.021000000000185537,0.0,0.021000000000185537,0.0,0.0,1.0
4,45,29,0.0,0.009000000000014552,0.0,0.009000000000014552,0.0,0.0,1.0
4,45,30,0.0,0.022000000000389264,0.0,0.022000000000389264,0.0,0.0,1.0
4,45,31,0.0,0.6589999999998781,0.0,0.6589999999998781,0.0,0.0,1.0
4,45,32,0.0,0.32999999999992724,0.0,0.32999999999992724,0.0,0.0,1.0
4,45,34,0.0,0.2899999999999636,0.0,0.2899999999999636,0.0,0.0,1.0
4,45,36,0.0,0.43000000000006366,0.0,0.43000000000006366,0.0,0.0,1.0
4,46,6,0.060000000000172804,0.0,0.0,0.060000000000172804,1.0,0.0,0.0
4,46,10,0.06100000000014916,0.0,0.028999999999996362,0.09000000000014552,0.6777777777783391,0.3222222222216608,0.0
4,46,14,0.0,0.0,0.0999999999994543,0.0999999999994543,0.0,1.0,0.0
4,46,15,0.0,0.22100000000000364,0.059000000001105946,0.2800000000011096,0.0,0.2107142857174005,0.7892857142825995
4,46,16,0.0,0.010000000000218279,0.0,0.010000000000218279,0.0,0.0,1.0
4,46,17,0.0,0.009999999999990905,0.0,0.009999999999990905,0.0,0.0,1.0
4,46,18,0.0,0.3079999999999927,0.0,0.3079999999999927,0.0,0.0,1.0
4,46,19,0.0,0.17799999999988358,0.0,0.17799999999988358,0.0,0.0,1.0
4,46,20,0.0,0.07400000000006912,0.0,0.07400000000006912,0.0,0.0,1.0
4,46,21,0.0,0.009000000000014552,0.0,0.009000000000014552,0.0,0.0,1.0
4,46,22,0.0,0.020999999999958163,0.0,0.020999999999958163,0.0,0.0,1.0
4,46,24,0.0,0.009000000000014552,0.0,0.009000000000014552,0.0,0.0,1.0
4,46,26,0.0,0.011999999999943611,0.0,0.011999999999943611,0.0,0.0,1.0
4,46,28,0.0,0.010999999999967258,0.0,0.010999999999967258,0.0,0.0,1.0
4,46,29,0.0,0.016000000000076398,0.0,0.016000000000076398,0.0,0.0,1.0
4,46,30,0.0,0.011999999999943611,0.0,0.011999999999943611,0.0,0.0,1.0
4,46,31,0.0,0.14899999999988722,0.0,0.14899999999988722,0.0,0.0,1.0
4,46,34,0.0,0.28000000000065484,0.0,0.28000000000065484,0.0,0.0,1.0
4,46,36,0.0,0.27899999999999636,0.0,0.27899999999999636,0.0,0.0,1.0
4,47,0,0.72199999999998,0.0,0.06099999999992178,0.7829999999999018,0.922094508301495,0.07790549169850502,0.0
4,47,1,0.05999999999994543,0.0,0.0,0.05999999999994543,1.0,0.0,0.0
4,47,2,0.19499999999970896,0.0,0.0909999999998945,0.28599999999960346,0.6818181818181095,0.31818181818189045,0.0
4,47,3,0.17000000000030013,0.0,0.0,0.17000000000030013,1.0,0.0,0.0
4,47,4,0.431999999999789,0.0,0.0,0.431999999999789,1.0,0.0,0.0
4,47,6,0.0909999999998945,0.12100000000009459,0.318000000000211,0.5300000000002001,0.1716981132072833,0.6000000000001716,0.2283018867925451
4,47,7,0.0,0.0580000000002201,0.15099999999983993,0.20900000000006003,0.0,0.7224880382765385,0.27751196172346143
4,47,8,0.0,0.03999999999996362,0.0,0.03999999999996362,0.0,0.0,1.0
4,47,9,0.0,0.03199999999992542,0.0,0.03199999999992542,0.0,0.0,1.0
4,47,10,0.0,0.03700000000003456,0.0,0.03700000000003456,0.0,0.0,1.0
4,47,11,0.0,0.011999999999943611,0.0,0.011999999999943611,0.0,0.0,1.0
4,47,12,0.0,0.03099999999994907,0.0,0.03099999999994907,0.0,0.0,1.0
4,47,13,0.0,0.008000000000038199,0.0,0.008000000000038199,0.0,0.0,1.0
4,47,14,0.0,0.010999999999967258,0.0,0.010999999999967258,0.0,0.0,1.0
4,47,15,0.0,0.009000000000014552,0.0,0.009000000000014552,0.0,0.0,1.0
4,47,32,0.0,0.7180000000007567,0.0,0.7180000000007567,0.0,0.0,1.0
4,47,34,0.0,0.5309999999999491,0.0,0.5309999999999491,0.0,0.0,1.0
4,47,36,0.0,0.43100000000004,0.0,0.43100000000004,0.0,0.0,1.0
4,48,0,0.08799999999996544,0.0,0.08000000000015461,0.16800000000012005,0.5238095238089437,0.4761904761910562,0.0
4,48,2,0.8330000000005384,0.0,0.0,0.8330000000005384,1.0,0.0,0.0
4,48,3,0.5079999999998108,0.0,0.047000000000025466,0.5549999999998363,0.9153153153152445,0.08468468468475555,0.0
4,48,4,0.062000000000352884,0.0,0.012999999999919964,0.07500000000027285,0.8266666666683644,0.17333333333163561,0.0
4,48,5,0.06799999999975626,0.0,0.04999999999972715,0.11799999999948341,0.5762711864411352,0.4237288135588648,0.0
4,48,6,0.0,0.0,0.04899999999997817,0.04899999999997817,0.0,1.0,0.0
4,48,7,0.0,0.0,0.04899999999997817,0.04899999999997817,0.0,1.0,0.0
4,48,32,0.0,0.44099999999889405,0.0,0.44099999999889405,0.0,0.0,1.0
4,48,33,0.0,0.2000000000007276,0.0,0.2000000000007276,0.0,0.0,1.0
4,48,34,0.0,0.2069999999994252,0.0,0.2069999999994252,0.0,0.0,1.0
4,48,36,0.0,0.2799999999999727,0.0,0.2799999999999727,0.0,0.0,1.0
4,49,2,0.010999999999967258,0.0,0.0,0.010999999999967258,1.0,0.0,0.0
4,49,5,0.010999999999967258,0.0,0.0,0.010999999999967258,1.0,0.0,0.0
4,49,6,0.09100000000034925,0.1610000000009677,0.10799999999926513,0.3600000000005821,0.2527777777783392,0.2999999999974736,0.44722222222418717
4,49,7,0.0,0.07999999999901775,0.1000000000003638,0.17999999999938154,0.0,0.5555555555594854,0.4444444444405145
4,49,8,0.0,0.018000000000029104,0.0,0.018000000000029104,0.0,0.0,1.0
4,49,9,0.0,0.006000000000312866,0.0,0.006000000000312866,0.0,0.0,1.0
4,49,10,0.0,0.015000000000327418,0.0,0.015000000000327418,0.0,0.0,1.0
4,49,11,0.0,0.01099999999951251,0.0,0.01099999999951251,0.0,0.0,1.0
4,49,12,0.0,0.018000000000029104,0.0,0.018000000000029104,0.0,0.0,1.0
4,49,13,0.0,0.021999999999934516,0.0,0.021999999999934516,0.0,0.0,1.0
4,49,14,0.0,0.01900000000023283,0.0,0.01900000000023283,0.0,0.0,1.0
4,49,15,0.0,0.010000000000218279,0.0,0.010000000000218279,0.0,0.0,1.0
4,49,16,0.0,0.04199999999946158,0.0,0.04199999999946158,0.0,0.0,1.0
4,49,17,0.0,0.00800000000072032,0.0,0.00800000000072032,0.0,0.0,1.0
4,49,18,0.0,0.02099999999973079,0.0,0.02099999999973079,0.0,0.0,1.0
4,49,19,0.0,0.01900000000023283,0.0,0.01900000000023283,0.0,0.0,1.0
4,49,20,0.0,0.009999999999308784,0.0,0.009999999999308784,0.0,0.0,1.0
4,49,21,0.0,0.010000000000218279,0.0,0.010000000000218279,0.0,0.0,1.0
4,49,22,0.0,0.02099999999973079,0.0,0.02099999999973079,0.0,0.0,1.0
4,49,23,0.0,0.010000000000218279,0.0,0.010000000000218279,0.0,0.0,1.0
4,49,24,0.0,0.007999999999810825,0.0,0.007999999999810825,0.0,0.0,1.0
4,49,25,0.0,0.01300000000082946,0.0,0.01300000000082946,0.0,0.0,1.0
4,49,26,0.0,0.01099999999951251,0.0,0.01099999999951251,0.0,0.0,1.0
4,49,27,0.0,0.015000000000327418,0.0,0.015000000000327418,0.0,0.0,1.0
4,49,28,0.0,0.011999999999716238,0.0,0.011999999999716238,0.0,0.0,1.0
4,49,29,0.0,0.011000000000422006,0.0,0.011000000000422006,0.0,0.0,1.0
4,49,30,0.0,0.03099999999994907,0.0,0.03099999999994907,0.0,0.0,1.0
4,49,31,0.0,0.028999999999541615,0.0,0.028999999999541615,0.0,0.0,1.0
4,49,32,0.0,0.9100000000003092,0.0,0.9100000000003092,0.0,0.0,1.0
4,49,33,0.0,0.10000000000013642,0.0,0.10000000000013642,0.0,0.0,1.0
4,49,34,0.0,0.40200000000004366,0.0,0.40200000000004366,0.0,0.0,1.0
4,49,36,0.0,0.43899999999985084,0.0,0.43899999999985084,0.0,0.0,1.0
4,50,16,0.0,0.006999999999834472,0.0,0.006999999999834472,0.0,0.0,1.0
4,50,17,0.0,0.013000000000147338,0.0,0.013000000000147338,0.0,0.0,1.0
4,50,18,0.0,0.011000000000194632,0.0,0.011000000000194632,0.0,0.0,1.0
4,50,19,0.0,0.01799999999980173,0.0,0.01799999999980173,0.0,0.0,1.0
4,50,20,0.0,0.009999999999990905,0.0,0.009999999999990905,0.0,0.0,1.0
4,50,21,0.0,0.010999999999967258,0.0,0.010999999999967258,0.0,0.0,1.0
4,50,23,0.0,0.009999999999990905,0.0,0.009999999999990905,0.0,0.0,1.0
4,50,24,0.0,0.01999999999998181,0.0,0.01999999999998181,0.0,0.0,1.0
4,50,25,0.0,0.007000000000061846,0.0,0.007000000000061846,0.0,0.0,1.0
4,50,26,0.0,0.012999999999919964,0.0,0.012999999999919964,0.0,0.0,1.0
4,50,27,0.0,0.028999999999996362,0.0,0.028999999999996362,0.0,0.0,1.0
4,50,28,0.0,0.009999999999990905,0.0,0.009999999999990905,0.0,0.0,1.0
4,50,29,0.0,0.08200000000010732,0.0,0.08200000000010732,0.0,0.0,1.0
4,50,30,0.0,0.05099999999993088,0.0,0.05099999999993088,0.0,0.0,1.0
4,50,31,0.0,0.19900000000006912,0.0,0.19900000000006912,0.0,0.0,1.0
4,50,32,0.0,1.4279999999996562,0.0,1.4279999999996562,0.0,0.0,1.0
4,50,33,0.0,0.02200000000016189,0.0,0.02200000000016189,0.0,0.0,1.0
4,50,34,0.0,0.018999999999778083,0.0,0.018999999999778083,0.0,0.0,1.0
4,50,35,0.0,0.009999999999990905,0.0,0.009999999999990905,0.0,0.0,1.0
4,50,36,0.0,0.27100000000018554,0.0,0.27100000000018554,0.0,0.0,1.0
4,50,40,0.0,0.030000000000654836,0.0,0.030000000000654836,0.0,0.0,1.0
4,50,41,0.0,0.06999999999970896,0.0,0.06999999999970896,0.0,0.0,1.0
4,50,42,0.0,0.20899999999983265,0.0,0.20899999999983265,0.0,0.0,1.0
4,51,4,0.0,0.0,0.06899999999950523,0.06899999999950523,0.0,1.0,0.0
4,51,6,0.0,0.11999999999989086,0.3990000000001146,0.5190000000000055,0.0,0.7687861271678428,0.23121387283215722
4,51,7,0.0,0.021000000000185537,0.0,0.021000000000185537,0.0,0.0,1.0
4,51,8,0.0,0.007999999999810825,0.0,0.007999999999810825,0.0,0.0,1.0
4,51,9,0.0,0.021000000000185537,0.0,0.021000000000185537,0.0,0.0,1.0
4,51,10,0.0,0.019000000000005457,0.0,0.019000000000005457,0.0,0.0,1.0
4,51,11,0.0,0.05999999999994543,0.0,0.05999999999994543,0.0,0.0,1.0
4,51,12,0.0,0.012999999999919964,0.0,0.012999999999919964,0.0,0.0,1.0
4,51,13,0.0,0.019000000000005457,0.0,0.019000000000005457,0.0,0.0,1.0
4,51,14,0.0,0.019000000000005457,0.0,0.019000000000005457,0.0,0.0,1.0
4,51,15,0.0,0.029999999999972715,0.0,0.029999999999972715,0.0,0.0,1.0
4,51,16,0.0,0.012000000000170985,0.0,0.012000000000170985,0.0,0.0,1.0
4,51,27,0.0,0.11099999999987631,0.0,0.11099999999987631,0.0,0.0,1.0
4,51,28,0.0,0.029999999999972715,0.0,0.029999999999972715,0.0,0.0,1.0
4,51,29,0.0,0.25900000000001455,0.0,0.25900000000001455,0.0,0.0,1.0
4,51,32,0.0,0.6300000000001091,0.0,0.6300000000001091,0.0,0.0,1.0
4,51,40,0.0,0.22999999999956344,0.0,0.22999999999956344,0.0,0.0,1.0
4,52,4,0.0,0.0,0.03800000000046566,0.03800000000046566,0.0,1.0,0.0
4,52,5,0.0,0.0,0.12099999999918509,0.12099999999918509,0.0,1.0,0.0
4,52,6,0.0,0.0,0.06000000000040018,0.06000000000040018,0.0,1.0,0.0
4,52,7,0.0,0.05999999999949068,0.10100000000056752,0.1610000000000582,0.0,0.6273291925498821,0.37267080745011794
4,52,8,0.0,0.03900000000066939,0.0,0.03900000000066939,0.0,0.0,1.0
4,52,9,0.0,0.04199999999946158,0.0,0.04199999999946158,0.0,0.0,1.0
4,52,10,0.0,0.028000000000247383,0.0,0.028000000000247383,0.0,0.0,1.0
4,52,11,0.0,0.05099999999947613,0.0,0.05099999999947613,0.0,0.0,1.0
4,52,12,0.0,0.04899999999997817,0.0,0.04899999999997817,0.0,0.0,1.0
4,52,13,0.0,0.009000000000014552,0.0,0.009000000000014552,0.0,0.0,1.0
4,52,14,0.0,0.021000000000640284,0.0,0.021000000000640284,0.0,0.0,1.0
4,52,15,0.0,0.011999999999716238,0.0,0.011999999999716238,0.0,0.0,1.0
4,52,16,0.0,0.018000000000029104,0.0,0.018000000000029104,0.0,0.0,1.0
4,52,17,0.0,0.021999999999934516,0.0,0.021999999999934516,0.0,0.0,1.0
4,52,18,0.0,0.020000000000436557,0.0,0.020000000000436557,0.0,0.0,1.0
4,52,19,0.0,0.007999999999810825,0.0,0.007999999999810825,0.0,0.0,1.0
4,52,20,0.0,0.023000000000138243,0.0,0.023000000000138243,0.0,0.0,1.0
4,52,21,0.0,0.016999999999825377,0.0,0.016999999999825377,0.0,0.0,1.0
4,52,22,0.0,0.020000000000436557,0.0,0.020000000000436557,0.0,0.0,1.0
4,52,23,0.0,0.02099999999973079,0.0,0.02099999999973079,0.0,0.0,1.0
4,52,24,0.0,0.01099999999951251,0.0,0.01099999999951251,0.0,0.0,1.0
4,52,25,0.0,0.007999999999810825,0.0,0.007999999999810825,0.0,0.0,1.0
4,52,26,0.0,0.012000000000625732,0.0,0.012000000000625732,0.0,0.0,1.0
4,52,27,0.0,0.38099999999963075,0.0,0.38099999999963075,0.0,0.0,1.0
4,52,28,0.0,0.016999999999825377,0.0,0.016999999999825377,0.0,0.0,1.0
4,52,29,0.0,0.010000000000218279,0.0,0.010000000000218279,0.0,0.0,1.0
4,52,30,0.0,0.02999999999974534,0.0,0.02999999999974534,0.0,0.0,1.0
4,52,31,0.0,0.011000000000422006,0.0,0.011000000000422006,0.0,0.0,1.0
4,52,32,0.0,0.2600000000002183,0.0,0.2600000000002183,0.0,0.0,1.0
4,52,40,0.0,0.28099999999994907,0.0,0.28099999999994907,0.0,0.0,1.0
4,53,0,0.18000000000029104,0.0,0.2809999999994943,0.46099999999978536,0.3904555314541754,0.6095444685458247,0.0
4,53,40,0.0,0.2290000000002692,0.0,0.2290000000002692,0.0,0.0,1.0
4,53,45,0.0,0.08100000000013097,0.0,0.08100000000013097,0.0,0.0,1.0
4,53,47,0.0,0.02099999999973079,0.0,0.02099999999973079,0.0,0.0,1.0
4,54,0,0.09900000000016007,0.0,0.35900000000037835,0.4580000000005384,0.21615720524027007,0.78384279475973,0.0
4,54,40,0.0,0.3789999999999054,0.0,0.3789999999999054,0.0,0.0,1.0
4,54,41,0.0,0.13200000000006185,0.0,0.13200000000006185,0.0,0.0,1.0
4,54,42,0.0,0.13999999999987267,0.0,0.13999999999987267,0.0,0.0,1.0
4,54,43,0.0,0.01900000000023283,0.0,0.01900000000023283,0.0,0.0,1.0
4,54,44,0.0,0.04899999999997817,0.0,0.04899999999997817,0.0,0.0,1.0
4,54,46,0.0,0.009999999999763531,0.0,0.009999999999763531,0.0,0.0,1.0
4,54,47,0.0,0.008000000000265572,0.0,0.008000000000265572,0.0,0.0,1.0
4,55,0,0.7009999999995671,0.0,0.3800000000005639,1.081000000000131,0.6484736355221852,0.3515263644778148,0.0
4,55,39,0.0,0.25200000000040745,0.0,0.25200000000040745,0.0,0.0,1.0
4,55,40,0.0,0.7400000000004638,0.0,0.7400000000004638,0.0,0.0,1.0
4,55,41,0.0,0.4279999999998836,0.0,0.4279999999998836,0.0,0.0,1.0
4,56,0,0.29500000000007276,0.0,0.29599999999982174,0.5909999999998945,0.49915397631154895,0.5008460236884511,0.0
4,56,35,0.0,0.011000000000422006,0.0,0.011000000000422006,0.0,0.0,1.0
4,56,36,0.0,0.010000000000218279,0.0,0.010000000000218279,0.0,0.0,1.0
4,56,37,0.0,0.009999999999308784,0.0,0.009999999999308784,0.0,0.0,1.0
4,56,38,0.0,0.01700000000073487,0.0,0.01700000000073487,0.0,0.0,1.0
4,56,39,0.0,0.409999999998945,0.0,0.409999999998945,0.0,0.0,1.0
4,56,40,0.0,0.4800000000000182,0.0,0.4800000000000182,0.0,0.0,1.0
4,56,41,0.0,0.23300000000017462,0.0,0.23300000000017462,0.0,0.0,1.0
4,57,0,0.5779999999986103,0.1610000000000582,0.5720000000001164,1.310999999998785,0.4408848207468696,0.4363081617091126,0.12280701754401788
4,57,1,0.0,0.018999999999323336,0.0,0.018999999999323336,0.0,0.0,1.0
4,57,2,0.0,0.010000000000218279,0.0,0.010000000000218279,0.0,0.0,1.0
4,57,3,0.0,0.02999999999974534,0.0,0.02999999999974534,0.0,0.0,1.0
4,57,4,0.0,0.009000000000014552,0.0,0.009000000000014552,0.0,0.0,1.0
4,57,5,0.0,0.010000000000218279,0.0,0.010000000000218279,0.0,0.0,1.0
4,57,6,0.0,0.011000000000422006,0.0,0.011000000000422006,0.0,0.0,1.0
4,57,7,0.0,0.01099999999951251,0.0,0.01099999999951251,0.0,0.0,1.0
4,57,8,0.0,0.007999999999810825,0.0,0.007999999999810825,0.0,0.0,1.0
4,57,10,0.0,0.012000000000625732,0.0,0.012000000000625732,0.0,0.0,1.0
4,57,11,0.0,0.010000000000218279,0.0,0.010000000000218279,0.0,0.0,1.0
4,57,14,0.0,0.019999999999527063,0.0,0.019999999999527063,0.0,0.0,1.0
4,57,15,0.0,0.011000000000422006,0.0,0.011000000000422006,0.0,0.0,1.0
4,57,16,0.0,0.018000000000029104,0.0,0.018000000000029104,0.0,0.0,1.0
4,57,20,0.0,0.01900000000023283,0.0,0.01900000000023283,0.0,0.0,1.0
4,57,23,0.0,0.009000000000014552,0.0,0.009000000000014552,0.0,0.0,1.0
4,57,24,0.0,0.009000000000014552,0.0,0.009000000000014552,0.0,0.0,1.0
4,57,26,0.0,0.009000000000014552,0.0,0.009000000000014552,0.0,0.0,1.0
4,57,27,0.0,0.01099999999951251,0.0,0.01099999999951251,0.0,0.0,1.0
4,57,28,0.0,0.010000000000218279,0.0,0.010000000000218279,0.0,0.0,1.0
4,57,29,0.0,0.011000000000422006,0.0,0.011000000000422006,0.0,0.0,1.0
4,57,31,0.0,0.019999999999527063,0.0,0.019999999999527063,0.0,0.0,1.0
4,57,32,0.0,0.01099999999951251,0.0,0.01099999999951251,0.0,0.0,1.0
4,57,33,0.0,0.01099999999951251,0.0,0.01099999999951251,0.0,0.0,1.0
4,57,35,0.0,0.01700000000073487,0.0,0.01700000000073487,0.0,0.0,1.0
4,57,37,0.0,0.01099999999951251,0.0,0.01099999999951251,0.0,0.0,1.0
4,57,38,0.0,0.03999999999996362,0.0,0.03999999999996362,0.0,0.0,1.0
4,57,39,0.0,0.34100000000034925,0.0,0.34100000000034925,0.0,0.0,1.0
4,57,40,0.0,0.41899999999986903,0.0,0.41899999999986903,0.0,0.0,1.0
4,57,41,0.0,0.32799999999997453,0.0,0.32799999999997453,0.0,0.0,1.0
4,58,0,0.11000000000058208,0.22100000000045839,0.21900000000005093,0.5500000000010914,0.20000000000066145,0.39818181818112064,0.4018181818182179
4,58,3,0.0,0.004999999999199645,0.0,0.004999999999199645,0.0,0.0,1.0
4,58,7,0.0,0.014000000000123691,0.0,0.014000000000123691,0.0,0.0,1.0
4,58,40,0.0,0.33100000000013097,0.0,0.33100000000013097,0.0,0.0,1.0
4,58,41,0.0,0.22100000000000364,0.0,0.22100000000000364,0.0,0.0,1.0
4,59,0,0.24099999999998545,0.23300000000017462,0.23800000000028376,0.7120000000004438,0.33848314606718427,0.3342696629215385,0.3272471910112772
4,59,3,0.0,0.007000000000061846,0.0,0.007000000000061846,0.0,0.0,1.0
4,59,7,0.0,0.011999999999716238,0.3420000000000982,0.35399999999981446,0.0,0.966101694916038,0.03389830508396194
4,59,8,0.0,0.0,0.01999999999998181,0.01999999999998181,0.0,1.0,0.0
4,59,9,0.0,0.0,0.038000000000010914,0.038000000000010914,0.0,1.0,0.0
4,59,10,0.0,0.0,0.04899999999997817,0.04899999999997817,0.0,1.0,0.0
4,59,11,0.0,0.05999999999994543,0.09300000000007458,0.15300000000002,0.0,0.6078431372553099,0.3921568627446901
4,59,12,0.0,0.15799999999990177,0.0,0.15799999999990177,0.0,0.0,1.0
4,59,13,0.0,0.03199999999992542,0.0,0.03199999999992542,0.0,0.0,1.0
4,59,14,0.0,0.019000000000005457,0.0,0.019000000000005457,0.0,0.0,1.0
4,59,15,0.0,0.01999999999998181,0.0,0.01999999999998181,0.0,0.0,1.0
4,59,17,0.0,0.009999999999990905,0.0,0.009999999999990905,0.0,0.0,1.0
4,59,18,0.0,0.009999999999990905,0.0,0.009999999999990905,0.0,0.0,1.0
4,59,19,0.0,0.020000000000209184,0.0,0.020000000000209184,0.0,0.0,1.0
4,59,20,0.0,0.009999999999990905,0.0,0.009999999999990905,0.0,0.0,1.0
4,59,23,0.0,0.007999999999810825,0.0,0.007999999999810825,0.0,0.0,1.0
4,59,24,0.0,0.009000000000014552,0.0,0.009000000000014552,0.0,0.0,1.0
4,59,25,0.0,0.012000000000170985,0.0,0.012000000000170985,0.0,0.0,1.0
4,59,27,0.0,0.010999999999967258,0.0,0.010999999999967258,0.0,0.0,1.0
4,59,28,0.0,0.009000000000014552,0.0,0.009000000000014552,0.0,0.0,1.0
4,59,29,0.0,0.019000000000005457,0.0,0.019000000000005457,0.0,0.0,1.0
4,59,30,0.0,0.009999999999990905,0.0,0.009999999999990905,0.0,0.0,1.0
4,59,32,0.0,0.020999999999958163,0.0,0.020999999999958163,0.0,0.0,1.0
4,59,33,0.0,0.009999999999990905,0.0,0.009999999999990905,0.0,0.0,1.0
4,59,34,0.0,0.02200000000016189,0.0,0.02200000000016189,0.0,0.0,1.0
4,59,35,0.0,0.010999999999967258,0.0,0.010999999999967258,0.0,0.0,1.0
4,59,36,0.0,0.007000000000061846,0.0,0.007000000000061846,0.0,0.0,1.0
4,59,37,0.0,0.02099999999973079,0.0,0.02099999999973079,0.0,0.0,1.0
4,59,38,0.0,0.03700000000003456,0.0,0.03700000000003456,0.0,0.0,1.0
4,59,39,0.0,0.021999999999934516,0.0,0.021999999999934516,0.0,0.0,1.0
4,59,40,0.0,0.06200000000080763,0.0,0.06200000000080763,0.0,0.0,1.0
4,59,41,0.0,0.227999999999156,0.0,0.227999999999156,0.0,0.0,1.0
4,60,0,0.01999999999998181,0.0,0.03099999999994907,0.05099999999993088,0.3921568627452729,0.6078431372547272,0.0
4,64,0,0.15100000000029468,0.0,0.01999999999998181,0.1710000000002765,0.8830409356728101,0.1169590643271899,0.0
4,65,0,0.31899999999950523,0.0,0.6109999999998763,0.9299999999993815,0.3430107526878681,0.6569892473121318,0.0
4,66,2,0.0,0.0,0.22000000000025466,0.22000000000025466,0.0,1.0,0.0
4,67,2,0.7489999999997963,0.0,0.13100000000031287,0.8800000000001091,0.8511363636360265,0.14886363636397343,0.0
4,68,0,0.7690000000002328,0.0,0.3309999999996762,1.099999999999909,0.6990909090911785,0.30090909090882145,0.0
4,68,11,0.3569999999999709,0.0,0.7119999999999891,1.06899999999996,0.3339569691300133,0.6660430308699866,0.0
4,69,11,0.010999999999967258,0.0,0.03999999999996362,0.05099999999993088,0.21568627450945424,0.7843137254905458,0.0
4,72,0,0.0,0.0,0.1069999999999709,0.1069999999999709,0.0,1.0,0.0
4,73,0,0.28099999999994907,0.0,0.11999999999989086,0.40099999999983993,0.7007481296759632,0.29925187032403683,0.0
4,74,0,0.23900000000003274,0.0,0.04100000000016735,0.2800000000002001,0.8535714285709355,0.14642857142906446,0.0
4,75,0,0.23099999999976717,0.0,0.03000000000020009,0.26099999999996726,0.8850574712635868,0.11494252873641322,0.0
5,28,0,0.0,0.08799999999996544,0.0,0.08799999999996544,0.0,0.0,1.0
5,29,0,0.0,0.9830000000006294,0.0,0.9830000000006294,0.0,0.0,1.0
5,30,0,0.0,2.890999999999167,0.2840000000003329,3.1749999999994998,0.0,0.08944881889775673,0.9105511811022433
5,30,5,0.0,0.010000000000218279,0.0,0.010000000000218279,0.0,0.0,1.0
5,31,0,0.0,7.409000000001242,4.518999999998641,11.927999999999884,0.0,0.3788564721662211,0.6211435278337789
5,31,15,0.0,0.01999999999998181,0.031000000000176442,0.05100000000015825,0.0,0.6078431372564754,0.3921568627435245
5,32,0,0.42899999999985994,1.9539999999999509,14.844000000000733,17.227000000000544,0.024902768909261415,0.8616706333081944,0.11342659778254421
5,32,1,0.0,0.0,0.019000000000005457,0.019000000000005457,0.0,1.0,0.0
5,32,2,0.0,0.0,0.009999999999990905,0.009999999999990905,0.0,1.0,0.0
5,32,3,0.0,0.0,0.029999999999972715,0.029999999999972715,0.0,1.0,0.0
5,32,4,0.0,0.0,0.010999999999967258,0.010999999999967258,0.0,1.0,0.0
5,32,5,0.0,0.0,0.028999999999996362,0.028999999999996362,0.0,1.0,0.0
5,32,6,0.0,0.0,0.009999999999990905,0.009999999999990905,0.0,1.0,0.0
5,32,7,0.0,0.0,0.009000000000014552,0.009000000000014552,0.0,1.0,0.0
5,32,9,0.0,0.0,0.010999999999967258,0.010999999999967258,0.0,1.0,0.0
5,32,10,0.0,0.0,0.029999999999972715,0.029999999999972715,0.0,1.0,0.0
5,32,11,0.0,0.0,0.011000000000194632,0.011000000000194632,0.0,1.0,0.0
5,32,12,0.04899999999997817,0.0,0.0,0.04899999999997817,1.0,0.0,0.0
5,32,13,0.13999999999987267,0.0,0.0,0.13999999999987267,1.0,0.0,0.0
5,32,14,0.060000000000172804,0.0,0.06999999999993634,0.13000000000010914,0.4615384615394033,0.5384615384605966,0.0
5,32,15,0.09999999999990905,0.599999999999909,0.08999999999991815,0.7899999999997362,0.12658227848093978,0.11392405063284582,0.7594936708862144
5,33,0,0.4470000000003438,0.6620000000000346,11.186999999998307,12.295999999998685,0.03635328562137212,0.9098080676642406,0.05383864671438723
5,33,2,0.010000000000218279,0.0,0.0,0.010000000000218279,1.0,0.0,0.0
5,33,3,0.01099999999951251,0.0,0.0,0.01099999999951251,1.0,0.0,0.0
5,33,4,0.018000000000029104,0.0,0.0,0.018000000000029104,1.0,0.0,0.0
5,33,5,0.010000000000218279,0.0,0.0,0.010000000000218279,1.0,0.0,0.0
5,33,6,0.021999999999934516,0.0,0.0,0.021999999999934516,1.0,0.0,0.0
5,33,7,0.028000000000247383,0.0,0.007999999999810825,0.03600000000005821,0.777777777783392,0.22222222221660806,0.0
5,33,8,0.0,0.0,0.22599999999965803,0.22599999999965803,0.0,1.0,0.0
5,33,11,0.009999999999990905,0.0,0.11099999999999,0.1209999999999809,0.08264462809911144,0.9173553719008886,0.0
5,33,12,0.018999999999778083,0.0,0.03099999999994907,0.04999999999972715,0.37999999999763534,0.6200000000023647,0.0
5,33,13,0.0,0.04800000000000182,0.0,0.04800000000000182,0.0,0.0,1.0
5,33,14,0.06799999999986994,0.028999999999996362,0.03300000000001546,0.12999999999988177,0.5230769230763984,0.25384615384650366,0.22307692307709798
5,33,15,0.0,0.01999999999998181,0.009000000000014552,0.028999999999996362,0.0,0.31034482758674764,0.6896551724132524
5,33,16,0.010999999999967258,0.010000000000218279,0.07099999999945794,0.09199999999964348,0.11956521739141181,0.7717391304318814,0.10869565217670686
5,33,17,0.01900000000023283,0.0,0.009000000000014552,0.028000000000247383,0.6785714285737487,0.3214285714262513,0.0
5,34,0,0.9800000000000182,0.911000000000513,22.866000000000895,24.757000000001426,0.03958476390515659,0.9236175627095197,0.03679767338532377
5,34,1,0.010000000000218279,0.0,0.04999999999972715,0.05999999999994543,0.16666666667045624,0.8333333333295437,0.0
5,34,3,0.010999999999967258,0.0,0.08100000000001728,0.09199999999998454,0.11956521739096855,0.8804347826090314,0.0
5,34,4,0.059000000000082764,0.010000000000218279,0.037000000000261934,0.10600000000056298,0.5566037735827303,0.3490566037742021,0.09433962264306762
5,34,5,0.09899999999970532,0.018000000000029104,0.04100000000016735,0.15799999999990177,0.6265822784795372,0.2594936708872964,0.11392405063316642
5,34,6,0.04100000000005366,0.011999999999716238,0.02099999999973079,0.07399999999950069,0.5540540540585177,0.28378378378206065,0.16216216215942172
5,34,7,0.23900000000026012,0.0,0.0,0.23900000000026012,1.0,0.0,0.0
5,34,8,1.1290000000005875,0.0,0.18400000000019645,1.313000000000784,0.859862909367794,0.14013709063220608,0.0
5,34,9,0.5170000000000528,0.0,1.9390000000003056,2.4560000000003583,0.2105048859934761,0.789495114006524,0.0
5,34,10,0.009000000000014552,0.02999999999974534,0.41099999999983083,0.4499999999995907,0.020000000000050526,0.9133333333337881,0.06666666666616139
5,34,11,0.07100000000002638,2.7259999999994307,1.2980000000002292,4.094999999999686,0.017338217338225107,0.3169719169719972,0.6656898656897776
5,34,12,0.068000000000211,1.0,0.7730000000000246,1.8410000000002356,0.0369364475829453,0.4198804997283681,0.5431830526886866
5,34,13,0.04999999999972715,0.3119999999995571,0.14900000000022828,0.5109999999995125,0.09784735812089011,0.29158512720229046,0.6105675146768195
5,34,14,0.10200000000020282,0.15000000000009095,0.03099999999994907,0.28300000000024284,0.36042402826895864,0.10954063604212887,0.5300353356889125
5,34,15,0.03899999999975989,0.3640000000002601,0.09499999999979991,0.4979999999998199,0.07831325301159436,0.19076305220850254,0.730923694779903
5,34,16,0.08100000000024465,0.4590000000002874,0.047999999999774445,0.5880000000003065,0.1377551020411606,0.08163265306079834,0.780612244898041
5,34,17,0.04000000000041837,0.0,0.042000000000371074,0.08200000000078944,0.48780487804918626,0.5121951219508137,0.0
5,34,18,0.0,0.0,0.03899999999975989,0.03899999999975989,0.0,1.0,0.0
5,34,19,0.0,0.0,0.010000000000218279,0.010000000000218279,0.0,1.0,0.0
5,34,20,0.0,0.0,0.021999999999934516,0.021999999999934516,0.0,1.0,0.0
5,34,21,0.0,0.010999999999967258,0.018000000000029104,0.028999999999996362,0.0,0.6206896551734953,0.3793103448265048
5,34,22,0.0,0.028999999999996362,0.0,0.028999999999996362,0.0,0.0,1.0
5,34,23,0.0,0.01999999999998181,0.0,0.01999999999998181,0.0,0.0,1.0
5,34,24,0.0,0.03099999999994907,0.0,0.03099999999994907,0.0,0.0,1.0
5,34,25,0.0,0.01999999999998181,0.0,0.01999999999998181,0.0,0.0,1.0
5,34,26,0.0,0.03999999999996362,0.0,0.03999999999996362,0.0,0.0,1.0
5,34,27,0.0,0.06899999999995998,0.0,0.06899999999995998,0.0,0.0,1.0
5,34,28,0.0,0.05099999999993088,0.0,0.05099999999993088,0.0,0.0,1.0
5,34,29,0.0,0.03999999999996362,0.0,0.03999999999996362,0.0,0.0,1.0
5,34,30,0.0,0.051000000000385626,0.0,0.051000000000385626,0.0,0.0,1.0
5,34,31,0.0,0.009000000000014552,0.0,0.009000000000014552,0.0,0.0,1.0
5,34,32,0.0,0.028999999999996362,0.0,0.028999999999996362,0.0,0.0,1.0
5,34,34,0.0,0.011999999999716238,0.0,0.011999999999716238,0.0,0.0,1.0
5,34,35,0.0,0.008000000000265572,0.0,0.008000000000265572,0.0,0.0,1.0
5,34,36,0.0,0.02199999999947977,0.0,0.02199999999947977,0.0,0.0,1.0
5,34,37,0.0,0.008000000000265572,0.0,0.008000000000265572,0.0,0.0,1.0
5,34,38,0.0,0.010000000000218279,0.0,0.010000000000218279,0.0,0.0,1.0
5,34,39,0.0,0.010999999999967258,0.0,0.010999999999967258,0.0,0.0,1.0
5,34,40,0.0,0.03999999999996362,0.0,0.03999999999996362,0.0,0.0,1.0
5,34,41,0.0,0.02099999999973079,0.0,0.02099999999973079,0.0,0.0,1.0
5,34,42,0.0,0.028000000000247383,0.0,0.028000000000247383,0.0,0.0,1.0
5,34,43,0.0,0.04100000000016735,0.0,0.04100000000016735,0.0,0.0,1.0
5,34,44,0.0,0.058999999999741704,0.0,0.058999999999741704,0.0,0.0,1.0
5,35,0,1.0770000000006803,0.9590000000007421,15.094999999997185,17.130999999998608,0.06286848403483555,0.8811511295311665,0.05598038643399802
5,35,1,0.01900000000023283,0.0,0.09099999999978081,0.11000000000001364,0.17272727272936794,0.8272727272706321,0.0
5,35,2,0.009999999999308784,0.038000000000010914,0.11100000000055843,0.15899999999987813,0.06289308175670723,0.6981132075512171,0.23899371069207573
5,35,3,0.04100000000107684,0.052999999999883585,0.1499999999996362,0.24400000000059663,0.1680327868892483,0.6147540983576616,0.21721311475309013
5,35,4,0.08999999999991815,0.028999999999996362,0.02099999999973079,0.1399999999996453,0.642857142858187,0.14999999999845712,0.20714285714335598
5,35,5,1.2399999999986449,0.03999999999996362,0.0,1.2799999999986085,0.9687499999999944,0.0,0.03125000000000555
5,35,6,0.1169999999999618,0.12100000000054933,0.0,0.23800000000051114,0.4915966386542459,0.0,0.508403361345754
5,35,7,0.28199999999958436,0.061000000000603904,0.0,0.34300000000018827,0.8221574344006694,0.0,0.17784256559933068
5,35,8,2.191000000001395,0.04699999999957072,0.05199999999877036,2.2899999999997362,0.9567685589526845,0.02270742358025168,0.020524017467063813
5,35,9,0.32199999999977535,0.0479999999993197,0.5199999999986176,0.8899999999977126,0.3617977528096662,0.5842696629212967,0.053932584269037145
5,35,10,0.08900000000016917,0.03200000000060754,1.5020000000007485,1.6230000000015252,0.05483672211958443,0.9254467036348348,0.019716574245580695
5,35,11,0.0,1.2569999999999482,0.8960000000005266,2.1530000000004748,0.0,0.416163492800896,0.5838365071991041
5,35,12,0.0,2.0519999999994525,0.30900000000008276,2.3609999999995352,0.0,0.13087674714110276,0.8691232528588972
5,35,13,0.0,0.07699999999965712,0.3300000000001546,0.40699999999981173,0.0,0.8108108108115658,0.18918918918843425
5,35,14,0.0,2.641999999999939,0.0500000000001819,2.692000000000121,0.0,0.01857355126306822,0.9814264487369317
5,35,15,0.04100000000005366,1.1870000000011487,0.04099999999925785,1.2690000000004602,0.03230890464936075,0.032308904648733636,0.9353821907019056
5,35,74,0.018000000000029104,0.0,0.021999999999934516,0.03999999999996362,0.4500000000011369,0.5499999999988632,0.0
5,36,0,3.8599999999993315,0.4110000000000582,28.024000000000683,32.29500000000007,0.11952314599781151,0.8677504257625211,0.012726428239667357
5,36,1,0.2999999999999545,0.0,0.5350000000000819,0.8350000000000364,0.3592814371256784,0.6407185628743216,0.0
5,36,2,0.14400000000023283,0.0,0.021999999999707143,0.16599999999993997,0.8674698795197886,0.13253012048021143,0.0
5,36,3,0.3269999999997708,0.0,0.05199999999967986,0.37899999999945067,0.862796833773733,0.1372031662262671,0.0
5,36,4,0.8100000000001728,0.0,1.3720000000008667,2.1820000000010396,0.3712190650778125,0.6287809349221875,0.0
5,36,5,2.6350000000005593,0.0,0.37899999999956435,3.0140000000001237,0.8742534837426845,0.12574651625731545,0.0
5,36,6,0.06000000000005912,0.0,0.15800000000081127,0.2180000000008704,0.2752293577973374,0.7247706422026625,0.0
5,36,7,2.7410000000021455,0.010000000000218279,0.3930000000002565,3.1440000000026203,0.8718193384223477,0.12499999999997741,0.0031806615776749187
5,36,8,4.3849999999997635,0.2229999999995016,0.6209999999998672,5.228999999999132,0.8385924650985831,0.11876075731496849,0.04264677758644839
5,36,9,1.0379999999997835,0.14700000000038926,7.74400000000071,8.929000000000883,0.11625041997980523,0.8672863702542216,0.0164632097659732
5,36,10,0.0,0.2300000000000182,2.084999999998672,2.3149999999986903,0.0,0.9006479481640828,0.0993520518359172
5,36,11,0.0,1.104999999999336,0.8290000000010878,1.9340000000004238,0.0,0.4286452947264251,0.5713547052735749
5,36,12,0.0,3.0310000000013133,1.7429999999976644,4.773999999998978,0.0,0.36510263929577663,0.6348973607042233
5,36,13,0.0,2.9670000000004393,0.2480000000000473,3.2150000000004866,0.0,0.07713841368585063,0.9228615863141494
5,36,14,0.0,4.563999999998487,0.18000000000040473,4.743999999998891,0.0,0.03794266441830666,0.9620573355816934
5,36,15,0.0,5.532999999998424,0.010000000000218279,5.542999999998642,0.0,0.001804077214544602,0.9981959227854554
5,36,16,0.0,1.3100000000009686,0.011999999999716238,1.3220000000006848,0.0,0.009077155824288972,0.9909228441757111
5,36,17,0.0,0.28099999999994907,0.008000000000265572,0.28900000000021464,0.0,0.027681660900552355,0.9723183390994476
5,36,18,0.0,2.0149999999999864,0.0,2.0149999999999864,0.0,0.0,1.0
5,36,19,0.0,0.0,0.011999999999716238,0.011999999999716238,0.0,1.0,0.0
5,36,20,0.0,0.0,0.010000000000218279,0.010000000000218279,0.0,1.0,0.0
5,36,21,0.0,0.0,0.009000000000014552,0.009000000000014552,0.0,1.0,0.0
5,36,23,0.0,0.0,0.010999999999967258,0.010999999999967258,0.0,1.0,0.0
5,36,25,0.0,0.0,0.009000000000014552,0.009000000000014552,0.0,1.0,0.0
5,36,27,0.0,0.0,0.009000000000014552,0.009000000000014552,0.0,1.0,0.0
5,36,28,0.0,0.0,0.009000000000014552,0.009000000000014552,0.0,1.0,0.0
5,36,30,0.0,0.0,0.010999999999967258,0.010999999999967258,0.0,1.0,0.0
5,36,33,0.0,0.0,0.011999999999716238,0.011999999999716238,0.0,1.0,0.0
5,36,35,0.0,0.0,0.008000000000265572,0.008000000000265572,0.0,1.0,0.0
5,36,36,0.0,0.0,0.007999999999810825,0.007999999999810825,0.0,1.0,0.0
5,36,37,0.0,0.0,0.012000000000170985,0.012000000000170985,0.0,1.0,0.0
5,36,40,0.0,0.0,0.010999999999967258,0.010999999999967258,0.0,1.0,0.0
5,36,41,0.0,0.0,0.010999999999967258,0.010999999999967258,0.0,1.0,0.0
5,36,44,0.0,0.0,0.009000000000014552,0.009000000000014552,0.0,1.0,0.0
5,36,46,0.0,0.009000000000014552,0.009000000000014552,0.018000000000029104,0.0,0.5,0.5
5,36,48,0.0,0.010999999999967258,0.0,0.010999999999967258,0.0,0.0,1.0
5,36,51,0.0,0.012000000000170985,0.0,0.012000000000170985,0.0,0.0,1.0
5,36,54,0.0,0.007999999999810825,0.0,0.007999999999810825,0.0,0.0,1.0
5,36,56,0.0,0.010999999999967258,0.0,0.010999999999967258,0.0,0.0,1.0
5,36,57,0.0,0.009999999999763531,0.0,0.009999999999763531,0.0,0.0,1.0
5,36,59,0.0,0.010000000000218279,0.0,0.010000000000218279,0.0,0.0,1.0
5,36,62,0.0,0.010000000000218279,0.0,0.010000000000218279,0.0,0.0,1.0
5,36,64,0.0,0.009000000000014552,0.0,0.009000000000014552,0.0,0.0,1.0
5,36,65,0.0,0.009000000000014552,0.0,0.009000000000014552,0.0,0.0,1.0
5,36,66,0.0,0.010999999999967258,0.0,0.010999999999967258,0.0,0.0,1.0
5,36,67,0.0,0.010999999999967258,0.0,0.010999999999967258,0.0,0.0,1.0
5,36,68,0.0,0.018999999999778083,0.0,0.018999999999778083,0.0,0.0,1.0
5,36,69,0.0,0.03999999999996362,0.0,0.03999999999996362,0.0,0.0,1.0
5,36,70,0.0,0.010000000000218279,0.0,0.010000000000218279,0.0,0.0,1.0
5,36,71,0.0,0.018999999999778083,0.0,0.018999999999778083,0.0,0.0,1.0
5,36,72,0.0,0.010000000000218279,0.0,0.010000000000218279,0.0,0.0,1.0
5,36,73,0.0,0.012999999999919964,0.0,0.012999999999919964,0.0,0.0,1.0
5,36,74,0.0,0.007999999999810825,0.020000000000436557,0.028000000000247383,0.0,0.7142857142949949,0.2857142857050052
5,37,0,2.947999999999297,0.7760000000002947,30.548000000001366,34.27200000000096,0.08601774042948222,0.8913398692810607,0.022642390289457078
5,37,1,0.09999999999990905,0.0,0.010999999999967258,0.11099999999987631,0.9009009009010854,0.09909909909891455,0.0
5,37,2,0.009999999999763531,0.38099999999940337,0.5590000000001965,0.9499999999993634,0.010526315789231824,0.58842105263218,0.4010526315785881
5,37,3,0.4180000000005748,0.012000000000170985,0.46299999999973807,0.8930000000004839,0.46808510638336875,0.5184770436724381,0.01343784994419315
5,37,4,1.8709999999990714,0.0,1.4060000000004038,3.276999999999475,0.5709490387547669,0.4290509612452331,0.0
5,37,5,0.6220000000001846,0.0,0.09700000000043474,0.7190000000006194,0.865090403337481,0.13490959666251903,0.0
5,37,6,0.5180000000002565,0.009000000000014552,0.019999999999072315,0.5469999999993433,0.9469835466195216,0.03656307129633697,0.01645338208414142
5,37,7,3.3769999999971105,0.07900000000063301,0.36300000000119326,3.818999999998937,0.884262896045575,0.09505106048737741,0.020686043467047655
5,37,8,1.8900000000007822,0.21099999999955799,0.8639999999992369,2.964999999999577,0.6374367622263244,0.291399662731656,0.07116357504201959
5,37,9,0.5419999999994616,0.09699999999997999,2.895999999999958,3.5349999999993997,0.15332390381882705,0.8192362093353465,0.02743988684582644
5,37,10,0.19699999999988904,0.5480000000000018,8.45200000000193,9.197000000001822,0.021420028270071764,0.9189953245623852,0.05958464716754303
5,37,11,0.02299999999991087,0.45099999999979445,7.371000000000208,7.844999999999914,0.0029318036966107233,0.9395793499044346,0.05748884639895467
5,37,12,0.01700000000005275,4.4139999999995325,1.0740000000002965,5.504999999999882,0.003088101725713554,0.1950953678474695,0.801816530426817
5,37,13,0.04299999999943793,4.518000000000029,0.45100000000002183,5.011999999999489,0.008579409417286975,0.08998403830807418,0.9014365522746388
5,37,14,0.0,14.942000000001372,0.3959999999998445,15.338000000001216,0.0,0.025818229234568592,0.9741817707654314
5,37,15,0.0,0.9210000000003902,0.09999999999990905,1.0210000000002992,0.0,0.09794319294797232,0.9020568070520276
5,37,16,0.01799999999911961,9.709999999999582,0.0,9.727999999998701,0.0018503289472781674,0.0,0.9981496710527218
5,37,17,0.0,0.8940000000000055,0.0,0.8940000000000055,0.0,0.0,1.0
5,37,18,0.0,9.91200000000049,0.0,9.91200000000049,0.0,0.0,1.0
5,37,19,0.0,2.6730000000004566,0.0,2.6730000000004566,0.0,0.0,1.0
5,37,20,0.0,0.158999999999196,0.0,0.158999999999196,0.0,0.0,1.0
5,38,0,0.7500000000006821,3.0340000000001055,16.989999999998872,20.77399999999966,0.0361028208337679,0.8178492346201575,0.14604794454607467
5,38,1,0.12100000000009459,0.16899999999986903,2.2039999999992688,2.4939999999992324,0.04851643945474412,0.883720930232537,0.06776263031271894
5,38,2,0.009000000000014552,0.5200000000004366,5.199000000000524,5.728000000000975,0.0015712290502816026,0.9076466480446297,0.09078212290508869
5,38,3,0.5790000000015425,0.0,0.6929999999995289,1.2720000000010714,0.4551886792461123,0.5448113207538877,0.0
5,38,4,0.8209999999980937,0.0,0.2540000000024065,1.0750000000005002,0.7637209302304294,0.23627906976957053,0.0
5,38,5,0.0,0.0,0.07000000000016371,0.07000000000016371,0.0,1.0,0.0
5,38,6,0.0,0.03099999999994907,0.0420000000001437,0.07300000000009277,0.0,0.575342465754662,0.424657534245338
5,38,7,0.36899999999968713,0.03899999999975989,0.032999999999901775,0.4409999999993488,0.8367346938780771,0.07482993197267689,0.08843537414924599
5,38,8,0.5090000000000146,0.02999999999974534,0.012999999999919964,0.5519999999996799,0.9221014492759235,0.023550724637549827,0.054347826086526704
5,38,9,0.23300000000017462,0.03099999999994907,0.02099999999973079,0.2849999999998545,0.817543859650153,0.07368421052540881,0.10877192982443823
5,38,10,0.12100000000054933,0.020000000000436557,0.5890000000006239,0.7300000000016098,0.16575342465792123,0.8068493150675685,0.02739726027451021
5,38,11,0.009999999999308784,0.02999999999974534,3.594000000000051,3.633999999999105,0.0027517886624411794,0.9889928453497348,0.008255365987824087
5,38,12,0.00800000000072032,1.7339999999999236,0.5479999999993197,2.2899999999999636,0.0034934497819739943,0.23930131004337485,0.7572052401746512
5,38,13,0.010000000000218279,0.009000000000014552,0.04000000000041837,0.0590000000006512,0.16949152542555773,0.6779661016945233,0.15254237287991892
5,38,14,0.02999999999974534,2.3290000000001783,0.18999999999959982,2.5489999999995234,0.011769321302373853,0.07453903491551014,0.913691643782116
5,38,15,0.07100000000082218,2.5329999999999018,0.0,2.604000000000724,0.02726574500798865,0.0,0.9727342549920114
5,38,16,0.0430000000005748,5.99599999999964,0.0,6.039000000000215,0.007120384169659426,0.0,0.9928796158303406
5,38,17,0.027999999999337888,5.107000000000312,0.03300000000035652,5.168000000000006,0.005417956656218625,0.006385448916477647,0.9881965944273037
5,38,18,0.0,3.6210000000000946,0.021999999999934516,3.643000000000029,0.0,0.006038978863555954,0.993961021136444
5,38,19,0.0,3.470000000001505,0.0,3.470000000001505,0.0,0.0,1.0
5,38,20,0.0,0.22100000000045839,0.0,0.22100000000045839,0.0,0.0,1.0
5,38,21,0.0,0.6610000000000582,0.0,0.6610000000000582,0.0,0.0,1.0
5,38,22,0.0,0.10899999999946886,0.0,0.10899999999946886,0.0,0.0,1.0
5,38,23,0.0,0.6400000000007822,0.0,0.6400000000007822,0.0,0.0,1.0
5,38,24,0.0,0.0999999999994543,0.0,0.0999999999994543,0.0,0.0,1.0
5,38,25,0.0,0.05200000000058935,0.0,0.05200000000058935,0.0,0.0,1.0
5,39,0,2.1979999999994106,5.36899999999855,17.57499999999959,25.14199999999755,0.08742343488981086,0.6990295123697917,0.21354705274039745
5,39,1,0.34600000000000364,0.01999999999998181,0.029999999999972715,0.39599999999995816,0.8737373737374753,0.07575757575751486,0.050505050505009905
5,39,2,0.176000000000613,0.01999999999998181,0.012000000000170985,0.2080000000007658,0.846153846153678,0.05769230769291733,0.09615384615340469
5,39,3,1.9279999999996562,0.009000000000014552,0.24999999999954525,2.186999999999216,0.8815729309558058,0.11431184270673748,0.004115226337456689
5,39,4,2.0319999999994707,0.012000000000170985,0.6940000000004147,2.7380000000000564,0.7421475529581552,0.2534696859022646,0.004382761139580255
5,39,5,1.750999999999749,0.010999999999967258,0.3649999999997817,2.126999999999498,0.823225199812018,0.17160319699100512,0.005171603196976894
5,39,6,1.3760000000006585,0.009000000000014552,0.209999999999809,1.595000000000482,0.8626959247650424,0.13166144200611005,0.0056426332288475435
5,39,7,0.37800000000015643,0.008000000000038199,0.5219999999999345,0.9080000000001291,0.41629955947147873,0.5748898678412558,0.008810572687265485
5,39,8,2.976999999999407,0.011999999999943611,2.110000000001264,5.099000000000615,0.5838399686211116,0.4138066287509335,0.0023534026279549256
5,39,9,0.5740000000002965,0.009999999999990905,4.734999999999218,5.318999999999505,0.10791502162067115,0.8902049257378564,0.0018800526414724263
5,39,10,0.07199999999988904,0.22900000000004184,8.92599999999993,9.226999999999862,0.0078031863010610296,0.9673783461580215,0.024818467540917447
5,39,11,0.1430000000000291,0.31700000000012096,7.259000000000128,7.719000000000278,0.01852571576629407,0.9404067884440817,0.04106749578962424
5,39,12,0.0,2.770000000000209,5.15599999999904,7.925999999999249,0.0,0.6505172848851285,0.3494827151148715
5,39,13,0.0,8.292999999999438,0.3030000000005657,8.596000000000004,0.0,0.035248953001461795,0.9647510469985382
5,39,14,0.0,5.041000000000622,0.5370000000002619,5.578000000000884,0.0,0.09627106489784454,0.9037289351021555
5,39,15,0.0,10.094999999999686,0.038000000000010914,10.132999999999697,0.0,0.0037501233593222193,0.9962498766406778
5,39,16,0.0,19.790000000000987,0.08099999999967622,19.871000000000663,0.0,0.004076292083924992,0.995923707916075
5,39,17,0.0,13.719999999999914,0.032000000000152795,13.752000000000066,0.0,0.0023269342641181385,0.9976730657358819
5,39,18,0.0,7.542000000000485,0.19399999999950523,7.73599999999999,0.0,0.025077559462190473,0.9749224405378095
5,39,19,0.0,10.730999999997493,0.0,10.730999999997493,0.0,0.0,1.0
5,39,20,0.0,0.5899999999996908,0.0,0.5899999999996908,0.0,0.0,1.0
5,39,21,0.0,1.231000000000222,0.0,1.231000000000222,0.0,0.0,1.0
5,39,22,0.0,0.24099999999998545,0.0,0.24099999999998545,0.0,0.0,1.0
5,39,23,0.0,0.10799999999971988,0.0,0.10799999999971988,0.0,0.0,1.0
5,39,24,0.0,0.06700000000000728,0.0,0.06700000000000728,0.0,0.0,1.0
5,39,25,0.0,0.09200000000009823,0.0,0.09200000000009823,0.0,0.0,1.0
5,39,26,0.0,0.14100000000053114,0.0,0.14100000000053114,0.0,0.0,1.0
5,39,27,0.0,0.569999999999709,0.0,0.569999999999709,0.0,0.0,1.0
5,39,28,0.0,0.04899999999997817,0.0,0.04899999999997817,0.0,0.0,1.0
5,39,29,0.0,0.08100000000013097,0.0,0.08100000000013097,0.0,0.0,1.0
5,39,30,0.0,0.028999999999996362,0.0,0.028999999999996362,0.0,0.0,1.0
5,39,31,0.0,0.009999999999763531,0.0,0.009999999999763531,0.0,0.0,1.0
5,40,0,0.6899999999995998,0.9489999999989323,4.940000000001078,6.57899999999961,0.10487916096665766,0.7508739930082643,0.14424684602507806
5,40,1,0.051000000000385626,0.0,0.02500000000009095,0.07600000000047658,0.6710526315798134,0.32894736842018657,0.0
5,40,2,0.045999999999594365,0.0,0.017000000000280124,0.06299999999987449,0.7301587301537461,0.26984126984625384,0.0
5,40,3,0.07200000000034379,0.0,0.03999999999996362,0.11200000000030741,0.642857142858448,0.3571428571415521,0.0
5,40,4,2.128000000002203,0.15099999999983993,0.4699999999991178,2.7490000000011605,0.7740996726086957,0.1709712622767986,0.0549290651145057
5,40,5,0.35799999999994725,0.11799999999993815,0.1710000000000491,0.6469999999999345,0.5533230293662805,0.26429675425048904,0.18238021638323043
5,40,6,0.8389999999990323,0.05900000000019645,0.3899999999994179,1.2879999999986467,0.6513975155278834,0.30279503105576683,0.045807453416349724
5,40,7,0.17599999999993088,0.06099999999969441,0.0929999999998472,0.3299999999994725,0.5333333333339764,0.2818181818181693,0.1848484848478543
5,40,8,1.4179999999998927,0.21000000000049113,1.4130000000004657,3.0410000000008495,0.4662939822425178,0.4646497862545449,0.06905623150293734
5,40,9,0.28000000000042746,0.3199999999994816,2.5530000000005657,3.1530000000004748,0.08880431335248504,0.8097050428164229,0.1014906438310921
5,40,10,0.18199999999933425,0.32799999999997453,0.8919999999998254,1.4019999999991342,0.1298145506415454,0.6362339514981286,0.23395149786032604
5,40,11,0.0,0.20599999999944885,0.1780000000005657,0.38400000000001455,0.0,0.4635416666681223,0.5364583333318778
5,40,12,0.0,2.820000000001528,6.549999999999272,9.3700000000008,0.0,0.6990394877266503,0.30096051227334975
5,40,13,0.0,0.45499999999901775,0.10300000000006548,0.5579999999990832,0.0,0.1845878136204923,0.8154121863795077
5,40,14,0.0,2.9969999999999573,0.038000000000010914,3.034999999999968,0.0,0.012520593080728604,0.9874794069192714
5,40,15,0.0,5.152999999999679,0.038000000000010914,5.19099999999969,0.0,0.007320362165288612,0.9926796378347114
5,40,16,0.0,7.036000000000627,0.15199999999981628,7.188000000000443,0.0,0.021146355036144534,0.9788536449638555
5,40,17,0.0,4.2420000000004165,0.0,4.2420000000004165,0.0,0.0,1.0
5,40,18,0.0,3.4609999999997854,0.0,3.4609999999997854,0.0,0.0,1.0
5,40,19,0.0,6.569000000000187,0.0,6.569000000000187,0.0,0.0,1.0
5,40,20,0.0,0.8710000000000946,0.0,0.8710000000000946,0.0,0.0,1.0
5,40,21,0.0,0.5299999999997453,0.0,0.5299999999997453,0.0,0.0,1.0
5,41,0,0.6929999999994152,0.7480000000002747,6.4689999999988,7.90999999999849,0.08761061946896934,0.8178255372945683,0.09456384323646239
5,41,1,0.12700000000018008,0.1590000000001055,0.3930000000000291,0.6790000000003147,0.1870397643595305,0.5787923416787142,0.23416789396175525
5,41,2,0.06199999999989814,0.009999999999308784,0.0,0.07199999999920692,0.8611111111191815,0.0,0.13888888888081852
5,41,3,0.30100000000004457,0.023000000001047738,0.0,0.3240000000010923,0.9290123456760179,0.0,0.07098765432398209
5,41,4,4.2109999999986485,0.0,0.15800000000035652,4.368999999999005,0.9638361181047397,0.03616388189526036,0.0
5,41,5,0.3769999999999527,0.038000000000010914,0.06100000000014916,0.4760000000001128,0.792016806722402,0.12815126050448467,0.07983193277311326
5,41,6,1.3419999999989614,0.011000000000422006,0.07799999999997453,1.430999999999358,0.9378057302582554,0.05450733752621211,0.0076869322155324535
5,41,7,1.5450000000015507,0.21099999999967167,0.6879999999994197,2.444000000000642,0.632160392799159,0.28150572831392756,0.08633387888691335
5,41,8,3.7389999999991232,0.08900000000062391,1.066000000000031,4.893999999999778,0.7639967306904971,0.2178177360032855,0.0181855333062174
5,41,9,1.0399999999995089,0.1289999999999054,3.6189999999985503,4.7879999999979646,0.2172096908938912,0.7558479532163928,0.02694235588971601
5,41,10,0.4910000000013497,0.3760000000002037,7.009000000001379,7.876000000002932,0.06234128999506944,0.8899187404772434,0.047739969527687116
5,41,11,0.1790000000000873,0.5810000000003583,0.9010000000004084,1.661000000000854,0.10776640577964797,0.5424443106561981,0.3497892835641539
5,41,12,0.020000000000436557,1.0329999999993333,4.233000000000402,5.286000000000172,0.003783579266068087,0.800794551645907,0.19542186908802492
5,41,13,0.07999999999992724,0.37799999999913325,0.3879999999987831,0.8459999999978436,0.09456264775429214,0.4586288416072956,0.44680851063841226
5,41,14,0.12999999999919964,9.875000000001819,0.5900000000019645,10.595000000002983,0.012269938650227753,0.0556866446438696,0.9320434167059026
5,41,15,0.0,10.129000000000588,0.0500000000001819,10.17900000000077,0.0,0.004912073877608618,0.9950879261223914
5,41,16,0.0,9.454999999999472,0.0,9.454999999999472,0.0,0.0,1.0
5,41,17,0.0,5.092999999999279,0.0,5.092999999999279,0.0,0.0,1.0
5,41,18,0.0,10.879999999998063,0.0,10.879999999998063,0.0,0.0,1.0
5,41,19,0.0,6.922999999999888,0.0,6.922999999999888,0.0,0.0,1.0
5,41,20,0.0,4.505000000000109,0.0,4.505000000000109,0.0,0.0,1.0
5,41,21,0.0,3.415000000000532,0.0,3.415000000000532,0.0,0.0,1.0
5,41,22,0.0,0.05300000000011096,0.0,0.05300000000011096,0.0,0.0,1.0
5,41,23,0.0,0.05999999999994543,0.0,0.05999999999994543,0.0,0.0,1.0
5,41,24,0.0,0.038000000000010914,0.0,0.038000000000010914,0.0,0.0,1.0
5,41,25,0.0,0.06099999999992178,0.0,0.06099999999992178,0.0,0.0,1.0
5,41,26,0.0,0.07100000000014006,0.0,0.07100000000014006,0.0,0.0,1.0
5,41,27,0.0,0.09799999999995634,0.0,0.09799999999995634,0.0,0.0,1.0
5,41,28,0.0,0.07600000000002183,0.0,0.07600000000002183,0.0,0.0,1.0
5,41,29,0.0,0.09500000000002728,0.0,0.09500000000002728,0.0,0.0,1.0
5,41,30,0.0,0.21699999999987085,0.0,0.21699999999987085,0.0,0.0,1.0
5,41,31,0.0,0.18100000000004002,0.0,0.18100000000004002,0.0,0.0,1.0
5,42,0,0.9619999999995343,0.018999999999778083,1.3260000000000218,2.3069999999993342,0.41699176419584394,0.5747724317296942,0.008235804074461884
5,42,1,0.010000000000218279,0.0,0.0,0.010000000000218279,1.0,0.0,0.0
5,42,3,2.702000000001135,0.0,0.12899999999899592,2.831000000000131,0.9544330625224338,0.04556693747756621,0.0
5,42,4,5.446999999998297,0.0,0.14099999999962165,5.587999999997919,0.9747673586256846,0.025232641374315346,0.0
5,42,5,2.800000000000182,0.0,0.18800000000010186,2.9880000000002838,0.9370816599731981,0.06291834002680188,0.0
5,42,6,1.8580000000010841,0.0,0.08799999999973807,1.9460000000008222,0.9547790339158783,0.04522096608412173,0.0
5,42,7,0.5580000000004475,0.0,0.10800000000062937,0.6660000000010768,0.837837837837155,0.16216216216284496,0.0
5,42,8,3.4209999999989122,0.0,1.7789999999989732,5.199999999997885,0.6578846153846737,0.34211538461532626,0.0
5,42,9,0.42100000000050386,0.0,0.7160000000003492,1.137000000000853,0.3702726473176675,0.6297273526823325,0.0
5,42,10,0.3140000000003056,0.5719999999997754,7.74599999999873,8.631999999998811,0.03637627432812197,0.8973586654309311,0.06626506024094696
5,42,11,0.1700000000005275,0.46800000000018827,1.1349999999994225,1.7730000000001382,0.09588268471546207,0.6401579244215082,0.2639593908630298
5,42,12,0.9399999999991451,4.61899999999855,9.426000000001181,14.984999999998877,0.06272939606267705,0.629029029029155,0.30824157490816795
5,42,13,1.6410000000003038,3.8260000000001355,0.7100000000003774,6.177000000000817,0.2656629431763132,0.11494252873567809,0.6193945280880087
5,42,14,2.04300000000012,2.246000000000663,0.6909999999984393,4.979999999999222,0.41024096385550984,0.13875502008002957,0.4510040160644606
5,42,15,0.0,8.094999999999345,0.7910000000001673,8.885999999999513,0.0,0.08901643033988417,0.9109835696601158
5,42,16,0.0,27.84600000000023,0.0,27.84600000000023,0.0,0.0,1.0
5,42,17,0.0,5.638999999999442,0.17799999999988358,5.816999999999325,0.0,0.030599965617999696,0.9694000343820003
5,42,18,0.0,18.295000000000073,0.0,18.295000000000073,0.0,0.0,1.0
5,42,19,0.0,4.016999999999371,0.0,4.016999999999371,0.0,0.0,1.0
5,42,20,0.0,6.618000000001302,0.0,6.618000000001302,0.0,0.0,1.0
5,42,21,0.0,4.177999999999997,0.0,4.177999999999997,0.0,0.0,1.0
5,42,22,0.0,0.0809999999999036,0.0,0.0809999999999036,0.0,0.0,1.0
5,42,23,0.0,0.566999999998643,0.0,0.566999999998643,0.0,0.0,1.0
5,42,24,0.0,0.2010000000011587,0.0,0.2010000000011587,0.0,0.0,1.0
5,42,25,0.0,0.040999999999485226,0.0,0.040999999999485226,0.0,0.0,1.0
5,42,26,0.0,0.020000000000209184,0.0,0.020000000000209184,0.0,0.0,1.0
5,42,27,0.0,0.06100000000037653,0.0,0.06100000000037653,0.0,0.0,1.0
5,42,28,0.0,0.018000000000029104,0.0,0.018000000000029104,0.0,0.0,1.0
5,42,29,0.0,0.04899999999929605,0.0,0.04899999999929605,0.0,0.0,1.0
5,42,30,0.0,0.04100000000016735,0.0,0.04100000000016735,0.0,0.0,1.0
5,42,31,0.0,0.10100000000056752,0.0,0.10100000000056752,0.0,0.0,1.0
5,42,32,0.0,0.1299999999996544,0.0,0.1299999999996544,0.0,0.0,1.0
5,42,33,0.0,0.056999999999789,0.0,0.056999999999789,0.0,0.0,1.0
5,42,34,0.0,0.21100000000046748,0.0,0.21100000000046748,0.0,0.0,1.0
5,42,35,0.0,0.07400000000006912,0.0,0.07400000000006912,0.0,0.0,1.0
5,42,36,0.0,0.06899999999973261,0.0,0.06899999999973261,0.0,0.0,1.0
5,42,37,0.0,0.04099999999993997,0.0,0.04099999999993997,0.0,0.0,1.0
5,42,38,0.0,0.03800000000023829,0.0,0.03800000000023829,0.0,0.0,1.0
5,42,39,0.0,0.0500000000001819,0.0,0.0500000000001819,0.0,0.0,1.0
5,42,40,0.0,0.06099999999969441,0.0,0.06099999999969441,0.0,0.0,1.0
5,42,41,0.0,0.0829999999998563,0.0,0.0829999999998563,0.0,0.0,1.0
5,42,42,0.0,0.020000000000436557,0.0,0.020000000000436557,0.0,0.0,1.0
5,42,43,0.0,0.018999999999323336,0.0,0.018999999999323336,0.0,0.0,1.0
5,42,44,0.0,0.019999999999527063,0.0,0.019999999999527063,0.0,0.0,1.0
5,42,45,0.0,0.021000000000640284,0.0,0.021000000000640284,0.0,0.0,1.0
5,42,46,0.0,0.03099999999994907,0.0,0.03099999999994907,0.0,0.0,1.0
5,42,47,0.0,0.009000000000014552,0.0,0.009000000000014552,0.0,0.0,1.0
5,43,0,0.37100000000054933,0.16800000000012005,0.0929999999998472,0.6320000000005166,0.5870253164560856,0.14715189873381518,0.26582278481009924
5,43,2,0.0,0.010999999999967258,0.0,0.010999999999967258,0.0,0.0,1.0
5,43,3,0.8440000000000509,0.0,0.2830000000003565,1.1270000000004075,0.7488908606918774,0.2511091393081226,0.0
5,43,4,0.9840000000012878,0.012000000000170985,0.0,0.9960000000014588,0.9879518072287616,0.0,0.012048192771238362
5,43,5,1.180000000000291,0.009000000000014552,0.0,1.1890000000003056,0.9924306139613017,0.0,0.007569386038698267
5,43,6,0.5659999999998035,0.008999999999559805,0.020000000000436557,0.5949999999997999,0.9512605042016704,0.033613445378896274,0.01512605041943333
5,43,7,0.33400000000074215,0.010000000000218279,0.12099999999918509,0.4650000000001455,0.7182795698938443,0.2602150537616069,0.02150537634454871
5,43,8,0.027999999999792635,0.0,0.3000000000001819,0.32799999999997453,0.08536585365791101,0.914634146342089,0.0
5,43,9,0.2790000000004511,0.03000000000020009,0.5310000000008586,0.8400000000015098,0.33214285714279723,0.6321428571427431,0.035714285714459726
5,43,10,0.6089999999994689,0.18900000000076034,4.274999999998727,5.072999999998956,0.12004730928436708,0.8426966292134056,0.03725606150222733
5,43,11,2.3420000000000982,0.6100000000003547,4.030999999999835,6.983000000000288,0.3353859372762425,0.5772590577115378,0.08735500501221961
5,43,12,0.33599999999978536,1.3990000000011378,4.7619999999974425,6.496999999998366,0.05171617669691702,0.7329536709248331,0.21533015237824993
5,43,13,0.8619999999998527,0.8160000000005994,0.578000000000543,2.256000000000995,0.3820921985813265,0.25620567375899295,0.36170212765968063
5,43,14,1.8350000000000364,0.9629999999998518,0.9389999999996235,3.7369999999995116,0.49103559004556496,0.25127107305318336,0.2576933369012517
5,43,15,0.0,1.024000000000342,0.3079999999999927,1.3320000000003347,0.0,0.23123123123116768,0.7687687687688324
5,43,16,0.0,14.783000000000698,0.0,14.783000000000698,0.0,0.0,1.0
5,43,17,2.844000000000051,4.292999999999438,0.6410000000005311,7.77800000000002,0.3656466958086968,0.08241193108775129,0.551941373103552
5,43,18,0.0,3.5510000000008404,0.0,3.5510000000008404,0.0,0.0,1.0
5,43,19,0.0,0.1410000000000764,0.0,0.1410000000000764,0.0,0.0,1.0
5,43,20,0.0,6.2290000000001555,0.0,6.2290000000001555,0.0,0.0,1.0
5,43,21,0.0,0.49500000000080036,0.0,0.49500000000080036,0.0,0.0,1.0
5,43,23,0.0,0.7110000000002401,0.0,0.7110000000002401,0.0,0.0,1.0
5,43,24,0.0,0.68100000000004,0.0,0.68100000000004,0.0,0.0,1.0
5,43,47,0.0,0.26900000000023283,0.0,0.26900000000023283,0.0,0.0,1.0
5,44,0,0.5039999999999054,0.0,0.007999999999810825,0.5119999999997162,0.9843750000003608,0.015624999999639178,0.0
5,44,1,0.01900000000023283,0.0,0.0,0.01900000000023283,1.0,0.0,0.0
5,44,2,0.010999999999967258,0.0,0.0,0.010999999999967258,1.0,0.0,0.0
5,44,3,0.3579999999988104,0.0,0.04100000000016735,0.39899999999897773,0.8972431077687408,0.10275689223125913,0.0
5,44,4,0.2090000000002874,0.0,0.0,0.2090000000002874,1.0,0.0,0.0
5,44,5,1.1109999999994216,0.0,0.04300000000012005,1.1539999999995416,0.9627383015596732,0.037261698440326806,0.0
5,44,6,0.9100000000003092,0.0,0.02900000000045111,0.9390000000007603,0.9691160809367118,0.030883919063288207,0.0
5,44,7,2.2579999999989013,0.0,0.23200000000042564,2.489999999999327,0.9068273092367517,0.09317269076324833,0.0
5,44,8,2.5549999999998363,0.0,0.4570000000003347,3.012000000000171,0.8482735723770555,0.15172642762294447,0.0
5,44,9,0.8320000000001073,0.007000000000516593,2.4900000000002365,3.3290000000008604,0.24992490237305265,0.747972364073173,0.0021027335537743418
5,44,10,1.8529999999987012,0.042999999999665306,4.084000000000515,5.979999999998881,0.30986622073562675,0.6829431438129229,0.007190635451450393
5,44,11,1.6979999999998654,0.4079999999999018,4.3400000000006,6.446000000000367,0.26341917468193743,0.6732857586100455,0.06329506670801714
5,44,12,0.6569999999994707,0.6979999999998654,4.2289999999998145,5.5839999999991505,0.11765759312313227,0.7573424068768728,0.1249999999999949
5,44,13,2.816000000000713,0.1410000000000764,3.206999999999425,6.164000000000215,0.4568462037638895,0.5202790395845739,0.02287475665153658
5,44,14,6.42699999999968,3.5630000000005566,1.5720000000003438,11.56200000000058,0.5558726863863828,0.1359626362221298,0.30816467739148745
5,44,15,1.7199999999998,3.719999999999345,1.3380000000004202,6.777999999999565,0.2537621717320611,0.19740336382421156,0.5488344644437273
5,44,16,13.038000000000011,7.103000000000634,0.14200000000005275,20.283000000000698,0.6428043188877169,0.007000936745059797,0.35019474436722325
5,44,17,8.32600000000025,4.8760000000006585,0.049999999999954525,13.252000000000862,0.6282825233926733,0.00377301539389913,0.3679444612134275
5,44,18,0.0,2.949999999998454,0.05899999999996908,3.008999999998423,0.0,0.0196078431372549,0.9803921568627451
5,44,19,0.0,1.7440000000021882,0.4010000000000673,2.1450000000022555,0.0,0.18694638694622173,0.8130536130537782
5,44,20,0.0,10.449999999998681,0.0,10.449999999998681,0.0,0.0,1.0
5,44,21,0.0,1.2549999999991996,0.0,1.2549999999991996,0.0,0.0,1.0
5,44,22,0.0,0.32000000000061846,0.0,0.32000000000061846,0.0,0.0,1.0
5,44,23,0.0,1.3289999999997235,0.0,1.3289999999997235,0.0,0.0,1.0
5,44,24,0.0,0.9789999999998145,0.0,0.9789999999998145,0.0,0.0,1.0
5,44,25,0.0,0.8379999999997381,0.0,0.8379999999997381,0.0,0.0,1.0
5,45,0,2.052000000000362,0.0,0.4279999999998836,2.4800000000002456,0.8274193548387737,0.1725806451612263,0.0
5,45,1,0.02400000000034197,0.0,0.0,0.02400000000034197,1.0,0.0,0.0
5,45,2,0.016999999999825377,0.0,0.15800000000035652,0.1750000000001819,0.09714285714175833,0.9028571428582417,0.0
5,45,3,0.13000000000010914,0.0,0.09199999999964348,0.22199999999975262,0.5855855855867298,0.41441441441327026,0.0
5,45,4,0.1820000000006985,0.0,0.0,0.1820000000006985,1.0,0.0,0.0
5,45,5,0.2669999999998254,0.0409999999997126,0.07699999999977081,0.3849999999993088,0.693506493507285,0.19999999999976376,0.1064935064929512
5,45,6,0.44200000000091677,0.03900000000021464,0.0,0.4810000000011314,0.9189189189186634,0.0,0.0810810810813366
5,45,7,0.2749999999987267,0.010999999999967258,0.0,0.28599999999869397,0.9615384615384004,0.0,0.038461538461599616
5,45,8,3.2199999999988904,0.18900000000076034,2.569999999999027,5.978999999998678,0.538551597257,0.4298377655125598,0.03161063723044023
5,45,9,2.1879999999994197,0.12199999999938882,1.5570000000006985,3.866999999999507,0.565813291957512,0.40263770364646934,0.031549004396018716
5,45,10,1.6690000000014606,0.7369999999991705,2.0020000000017717,4.408000000002403,0.3786297640654607,0.45417422867529045,0.16719600725924882
5,45,11,1.4950000000010277,0.20699999999987995,0.30199999999990723,2.004000000000815,0.7460079840321456,0.1506986027943036,0.10329341317355079
5,45,12,3.1789999999984957,0.7789999999995416,1.7509999999995216,5.708999999997559,0.5568400770712656,0.30670870555268354,0.13645121737605093
5,45,13,22.723999999999705,1.0860000000006949,3.151000000000522,26.961000000000922,0.8428470754051752,0.11687251956531339,0.04028040502951143
5,45,14,12.084000000000287,3.7429999999988013,3.879999999999427,19.706999999998516,0.613183132897001,0.19688435581264116,0.1899325112903579
5,45,15,21.94400000000155,0.7220000000002074,2.3940000000006876,25.060000000002447,0.8756584197924744,0.09553072625700135,0.028810853950524216
5,45,16,9.838999999998805,3.605000000000018,1.5769999999988613,15.020999999997684,0.6550163104986566,0.10498635243985782,0.23999733706148552
5,45,17,7.187000000000353,9.195999999999685,0.8830000000002656,17.266000000000304,0.41625159272560097,0.05114097069386366,0.5326074365805353
5,45,18,5.9520000000002256,7.791000000001077,0.5119999999999436,14.255000000001246,0.41753770606802565,0.035917222027351724,0.5465450719046226
5,45,19,0.6109999999998763,4.713999999999032,0.20900000000006003,5.533999999998969,0.11040838453198232,0.03776653415252963,0.8518250813154881
5,45,20,0.40800000000012915,6.588999999998691,0.010999999999967258,7.007999999998788,0.05821917808222028,0.0015696347031919466,0.9402111872145877
5,45,21,0.0,1.0740000000002965,0.029999999999972715,1.1040000000002692,0.0,0.02717391304344692,0.972826086956553
5,45,22,0.0,0.15800000000035652,0.0,0.15800000000035652,0.0,0.0,1.0
5,45,23,0.0,0.652000000000271,0.0,0.652000000000271,0.0,0.0,1.0
5,45,24,0.0,0.5790000000001783,0.0,0.5790000000001783,0.0,0.0,1.0
5,45,25,0.0,0.6999999999998181,0.0,0.6999999999998181,0.0,0.0,1.0
5,45,26,0.0,0.3289999999997235,0.0,0.3289999999997235,0.0,0.0,1.0
5,46,0,1.181999999999789,0.32999999999992724,0.040000000000190994,1.5519999999999072,0.7615979381442395,0.025773195876413264,0.21262886597934727
5,46,1,0.4299999999998363,0.0,0.0,0.4299999999998363,1.0,0.0,0.0
5,46,2,0.012000000000170985,0.0,0.0,0.012000000000170985,1.0,0.0,0.0
5,46,3,0.0,0.009999999999990905,0.0,0.009999999999990905,0.0,0.0,1.0
5,46,5,0.0,0.008000000000038199,0.0,0.008000000000038199,0.0,0.0,1.0
5,46,6,0.28099999999994907,0.0,0.05999999999994543,0.3409999999998945,0.82404692082122,0.17595307917878003,0.0
5,46,7,0.2699999999999818,0.012999999999919964,0.3510000000001128,0.6340000000000146,0.4258675078863969,0.5536277602525311,0.020504731861072028
5,46,8,1.9090000000014697,0.22800000000006548,0.6310000000000855,2.7680000000016207,0.6896676300579306,0.22796242774556216,0.08236994219650721
5,46,9,0.6869999999987613,0.06299999999987449,0.14900000000056934,0.8989999999992051,0.7641824249158717,0.16573971079054625,0.07007786429358197
5,46,10,0.5840000000005148,0.03399999999987813,0.16200000000026193,0.7800000000006548,0.7487179487179801,0.20769230769246913,0.04358974358955075
5,46,11,0.8099999999992633,0.022000000000389264,0.08799999999973807,0.9199999999993906,0.8804347826084781,0.09565217391282212,0.02391304347869982
5,46,12,3.7590000000011514,0.17099999999982174,0.7150000000001455,4.645000000001119,0.8092572658773404,0.1539289558665174,0.03681377825614221
5,46,13,7.018999999999096,0.08700000000021646,0.5410000000001673,7.64699999999948,0.9178762913560315,0.07074669805155016,0.011377010592418253
5,46,14,24.297999999999547,0.07099999999968531,2.3750000000004547,26.743999999999687,0.908540233323356,0.08880496559977874,0.002654801076865321
5,46,15,9.068999999998823,1.8290000000010878,0.8399999999999181,11.737999999999829,0.7726188447775563,0.07156244675412594,0.1558187084683178
5,46,16,16.451999999999316,3.2799999999992906,4.671000000002323,24.40300000000093,0.6741794041715645,0.1914108921035178,0.13440970372491767
5,46,17,1.6499999999994088,1.3799999999998818,0.650000000000091,3.6799999999993815,0.44836956521730603,0.1766304347826631,0.3750000000000309
5,46,18,2.2980000000009113,2.0820000000003347,0.1499999999996362,4.530000000000882,0.507284768212023,0.0331125827813702,0.4596026490066069
5,46,19,0.047999999999774445,1.6079999999992651,0.028999999999996362,1.684999999999036,0.028486646884155434,0.01721068249258929,0.9543026706232552
5,46,20,0.7459999999994125,3.810000000000059,0.11000000000012733,4.665999999999599,0.15987998285458135,0.023574796399514954,0.8165452207459037
5,46,21,0.02099999999973079,0.9030000000002474,0.020000000000436557,0.9440000000004147,0.02224576271156945,0.02118644067841925,0.9565677966100113
5,46,22,0.06900000000041473,0.009999999999990905,0.07899999999995089,0.15800000000035652,0.43670886076113313,0.49999999999856093,0.06329113924030595
5,46,23,0.13899999999966894,0.01999999999998181,0.010999999999967258,0.169999999999618,0.8176470588234193,0.06470588235289397,0.11764705882368677
5,46,24,0.01900000000023283,1.4820000000004256,0.0,1.5010000000006585,0.01265822784825083,0.0,0.9873417721517491
5,46,25,0.011999999999716238,0.0,0.0,0.011999999999716238,1.0,0.0,0.0
5,46,26,0.020000000000436557,0.5799999999999272,0.0,0.6000000000003638,0.03333333333404072,0.0,0.9666666666659592
5,46,27,0.028000000000247383,0.0,0.0,0.028000000000247383,1.0,0.0,0.0
5,46,28,0.02099999999973079,0.0,0.0,0.02099999999973079,1.0,0.0,0.0
5,46,29,0.030000000000654836,0.0,0.0,0.030000000000654836,1.0,0.0,0.0
5,46,30,0.010000000000218279,0.0,0.0500000000001819,0.06000000000040018,0.16666666666919305,0.833333333330807,0.0
5,46,31,0.0,0.028999999999541615,0.0,0.028999999999541615,0.0,0.0,1.0
5,47,0,0.8479999999999563,0.0,0.0,0.8479999999999563,1.0,0.0,0.0
5,47,1,0.06799999999975626,0.0,0.0,0.06799999999975626,1.0,0.0,0.0
5,47,2,0.6080000000006294,0.0,0.42099999999982174,1.029000000000451,0.5908649173958822,0.40913508260411774,0.0
5,47,3,0.012000000000170985,0.27899999999999636,0.058999999999741704,0.34999999999990905,0.03428571428621172,0.16857142857073437,0.7971428571430539
5,47,4,0.18200000000001637,0.021000000000185537,0.24999999999977263,0.45299999999997453,0.40176600441506977,0.5518763796904783,0.04635761589445191
5,47,5,0.9660000000001219,0.02999999999974534,0.6919999999993252,1.6879999999991924,0.5722748815169337,0.40995260663486743,0.01777251184819887
5,47,6,0.45699999999987995,0.09000000000014552,0.4500000000007276,0.9970000000007531,0.4583751253756618,0.45135406218694857,0.09027081243738971
5,47,7,2.2310000000018135,0.1269999999999527,0.6719999999986612,3.0300000000004275,0.736303630363531,0.22178217821734866,0.041914191419120395
5,47,8,0.8530000000002929,0.08299999999962893,0.30799999999976535,1.2439999999996871,0.6856913183283821,0.2475884244371727,0.06672025723444518
5,47,9,0.32999999999901775,0.09200000000009823,0.03200000000038017,0.45399999999949614,0.7268722466946784,0.07048458149871296,0.20264317180660865
5,47,10,5.489999999999554,0.1089999999999236,0.11899999999945976,5.717999999998938,0.9601259181533008,0.020811472542756535,0.019062609303942612
5,47,11,8.234999999999673,0.11700000000064392,0.062000000000352884,8.41400000000067,0.9787259329687447,0.007368671262223432,0.013905395769031924
5,47,12,18.763999999999214,0.10799999999994725,1.5439999999987322,20.415999999997894,0.9190830721003698,0.0756269592475946,0.00528996865203558
5,47,13,1.7110000000009222,0.09600000000000364,0.6469999999997071,2.454000000000633,0.6972290138551267,0.26365118174390395,0.039119804400969384
5,47,14,36.66000000000008,1.3170000000000073,2.3960000000008677,40.37300000000096,0.9080325960418897,0.059346593020107766,0.03262081093800253
5,47,15,17.49799999999982,0.9739999999999327,2.651999999999589,21.12399999999934,0.8283469039954727,0.12554440446883505,0.04610869153569225
5,47,16,19.400000000001228,0.14900000000056934,0.6769999999996799,20.226000000001477,0.9591614753287754,0.03347176901016664,0.007366755661057968
5,47,17,4.580999999998994,0.07899999999972351,0.3149999999998272,4.974999999998545,0.9208040201005696,0.06331658291455665,0.015879396984873693
5,47,18,8.262999999999465,2.0329999999999018,1.3700000000001182,11.665999999999485,0.7082976170066715,0.11743528201613053,0.17426710097719797
5,47,19,1.4700000000000273,0.9100000000001955,0.041999999999916326,2.422000000000139,0.6069364161849475,0.017341040462392203,0.3757225433526603
5,47,20,0.5040000000003602,3.1280000000004975,0.049999999999954525,3.682000000000812,0.13688212927763416,0.013579576317203556,0.8495382944051623
5,47,21,0.009000000000014552,0.019999999999527063,0.049999999999954525,0.07899999999949614,0.1139240506338222,0.6329113924085243,0.25316455695765344
5,47,22,0.009999999999763531,0.01900000000023283,0.0580000000002201,0.08700000000021646,0.11494252873262817,0.6666666666675378,0.218390804599834
5,47,23,0.06899999999995998,0.03999999999996362,0.04299999999989268,0.15199999999981628,0.45394736842133804,0.28289473684174116,0.26315789473692086
5,47,24,0.0,2.5289999999999964,0.0,2.5289999999999964,0.0,0.0,1.0
5,47,26,0.0,1.0300000000002,0.0,1.0300000000002,0.0,0.0,1.0
5,47,28,0.009999999999308784,0.0,0.0,0.009999999999308784,1.0,0.0,0.0
5,47,29,0.03099999999994907,0.0,0.0,0.03099999999994907,1.0,0.0,0.0
5,47,31,0.0,0.06099999999969441,0.0,0.06099999999969441,0.0,0.0,1.0
5,47,32,0.0,0.5,0.0,0.5,0.0,0.0,1.0
5,47,34,0.0,0.08900000000016917,0.0,0.08900000000016917,0.0,0.0,1.0
5,47,35,0.0,0.19899999999984175,0.0,0.19899999999984175,0.0,0.0,1.0
5,48,4,0.4669999999996435,0.0,0.0,0.4669999999996435,1.0,0.0,0.0
5,48,5,0.04100000000016735,0.0,0.0,0.04100000000016735,1.0,0.0,0.0
5,48,6,0.019999999999527063,0.0,0.0,0.019999999999527063,1.0,0.0,0.0
5,48,7,0.06900000000041473,0.0,0.0,0.06900000000041473,1.0,0.0,0.0
5,48,8,0.31100000000014916,0.0,0.0,0.31100000000014916,1.0,0.0,0.0
5,48,9,0.8769999999997253,0.08799999999996544,0.5650000000000546,1.5299999999997453,0.5732026143790009,0.3692810457517311,0.05751633986926803
5,48,10,1.269000000000915,0.0,0.2579999999999245,1.5270000000008395,0.8310412573675293,0.16895874263247065,0.0
5,48,11,2.4680000000005293,0.1609999999991487,0.2560000000000855,2.8849999999997635,0.8554592720973073,0.08873483535532287,0.05580589254736981
5,48,12,0.9439999999995052,0.14000000000032742,0.8110000000013997,1.8950000000012324,0.4981530343002065,0.427968337731331,0.07387862796846247
5,48,13,1.2539999999985412,0.3029999999998836,0.37800000000004275,1.9349999999984675,0.6480620155036353,0.19534883720947913,0.15658914728688555
5,48,14,17.037000000000944,0.7869999999993524,0.8789999999987685,18.702999999999065,0.9109233812758272,0.046997807838251214,0.04207881088592161
5,48,15,3.3080000000004475,0.12100000000100408,0.0,3.4290000000014516,0.9647127442400254,0.0,0.03528725575997459
5,48,16,3.76299999999992,0.03099999999994907,0.25,4.043999999999869,0.9305143422354208,0.06181998021760833,0.0076656775469708385
5,48,17,2.2820000000010623,0.009000000000014552,0.10099999999999909,2.392000000001076,0.9540133779264364,0.042224080267539155,0.003762541806024458
5,48,18,2.907000000001517,0.8279999999992924,0.2019999999998845,3.937000000000694,0.7383794767592087,0.05130810261616685,0.21031242062462446
5,48,19,0.057999999999992724,0.0,0.0,0.057999999999992724,1.0,0.0,0.0
5,48,20,0.512000000000171,0.021999999999934516,0.24899999999979627,0.7829999999999018,0.6538952745852301,0.31800766283502874,0.028097062579741094
5,48,21,0.0,0.02900000000045111,0.0,0.02900000000045111,0.0,0.0,1.0
5,48,24,0.0,0.5809999999999036,0.0,0.5809999999999036,0.0,0.0,1.0
5,48,26,0.0,0.581000000000131,0.0,0.581000000000131,0.0,0.0,1.0
5,48,30,0.0,0.04899999999997817,0.0,0.04899999999997817,0.0,0.0,1.0
5,48,34,0.0,0.35999999999989996,0.0,0.35999999999989996,0.0,0.0,1.0
5,49,0,0.5610000000001492,0.15699999999992542,0.07200000000011642,0.790000000000191,0.7101265822784981,0.09113924050645444,0.19873417721504744
5,49,1,0.0,0.02400000000034197,0.0,0.02400000000034197,0.0,0.0,1.0
5,49,2,0.0,0.01799999999980173,0.0,0.01799999999980173,0.0,0.0,1.0
5,49,3,0.0,0.020999999999958163,0.0,0.020999999999958163,0.0,0.0,1.0
5,49,4,0.0,0.009000000000014552,0.0,0.009000000000014552,0.0,0.0,1.0
5,49,5,0.0,0.020999999999958163,0.0,0.020999999999958163,0.0,0.0,1.0
5,49,6,0.0,0.23799999999982901,0.40000000000009095,0.63799999999992,0.0,0.626959247649124,0.37304075235087597
5,49,7,0.42999999999938154,0.07000000000039108,0.44099999999980355,0.9409999999995762,0.45696068012707247,0.46865037194474196,0.07438894792818555
5,49,8,0.0,0.04300000000012005,0.0,0.04300000000012005,0.0,0.0,1.0
5,49,9,0.2720000000001619,0.027999999999792635,0.3289999999997235,0.628999999999678,0.43243243243291113,0.523052464228763,0.04451510333832586
5,49,10,0.6999999999998181,0.05999999999994543,0.028999999999996362,0.7889999999997599,0.8871989860583411,0.036755386565279075,0.07604562737637983
5,49,11,1.3650000000009186,0.04199999999968895,0.10900000000015098,1.5160000000007585,0.9003957783642715,0.07189973614782087,0.02770448548790761
5,49,12,1.0019999999992706,0.08800000000019281,0.39799999999991087,1.4879999999993743,0.6733870967739866,0.26747311827962245,0.05913978494639101
5,49,13,2.2180000000007567,0.031000000000176442,0.8279999999997472,3.0770000000006803,0.7208319792006065,0.2690932726680416,0.010074748131351832
5,49,14,1.2049999999981083,0.02899999999976899,0.6680000000002337,1.901999999998111,0.633543638275134,0.351209253417927,0.015247108306938902
5,49,15,0.398000000000593,0.01900000000023283,0.12200000000007094,0.5390000000008968,0.7384044526900386,0.22634508348769566,0.03525046382226572
5,49,16,3.1579999999996744,0.03099999999994907,0.01999999999998181,3.2089999999996053,0.9841071985042265,0.006232471174815915,0.009660330320957582
5,49,17,0.10100000000011278,0.021999999999934516,0.0,0.1230000000000473,0.821138211382715,0.0,0.17886178861728502
5,49,18,2.207999999999174,0.02700000000027103,0.0,2.234999999999445,0.9879194630871241,0.0,0.012080536912875943
5,49,19,0.9110000000000582,0.021999999999934516,0.0,0.9329999999999927,0.9764201500536606,0.0,0.02357984994633943
5,49,20,0.0,0.29799999999977445,0.0,0.29799999999977445,0.0,0.0,1.0
5,49,21,0.0,0.10199999999986176,0.0,0.10199999999986176,0.0,0.0,1.0
5,49,22,0.0,0.06899999999995998,0.0,0.06899999999995998,0.0,0.0,1.0
5,49,23,0.0,0.22900000000004184,0.0,0.22900000000004184,0.0,0.0,1.0
5,49,24,0.0,0.5610000000001492,0.0,0.5610000000001492,0.0,0.0,1.0
5,49,25,0.0,0.057999999999992724,0.0,0.057999999999992724,0.0,0.0,1.0
5,49,26,0.0,0.05099999999993088,0.0,0.05099999999993088,0.0,0.0,1.0
5,49,30,0.0,0.2199999999997999,0.0,0.2199999999997999,0.0,0.0,1.0
5,49,31,0.0,0.011000000000422006,0.0,0.011000000000422006,0.0,0.0,1.0
5,49,32,0.0,0.018999999999778083,0.0,0.018999999999778083,0.0,0.0,1.0
5,49,34,0.0,0.010999999999967258,0.0,0.010999999999967258,0.0,0.0,1.0
5,49,36,0.0,0.010000000000218279,0.0,0.010000000000218279,0.0,0.0,1.0
5,49,38,0.0,0.018000000000029104,0.0,0.018000000000029104,0.0,0.0,1.0
5,49,39,0.0,0.010999999999967258,0.0,0.010999999999967258,0.0,0.0,1.0
5,49,41,0.0,0.011999999999716238,0.0,0.011999999999716238,0.0,0.0,1.0
5,49,42,0.0,0.008000000000265572,0.0,0.008000000000265572,0.0,0.0,1.0
5,49,44,0.0,0.009999999999763531,0.0,0.009999999999763531,0.0,0.0,1.0
5,49,45,0.0,0.009999999999763531,0.0,0.009999999999763531,0.0,0.0,1.0
5,49,46,0.0,0.010000000000218279,0.0,0.010000000000218279,0.0,0.0,1.0
5,49,49,0.0,0.010000000000218279,0.0,0.010000000000218279,0.0,0.0,1.0
5,49,50,0.0,0.010999999999967258,0.0,0.010999999999967258,0.0,0.0,1.0
5,49,52,0.0,0.01999999999998181,0.0,0.01999999999998181,0.0,0.0,1.0
5,49,53,0.0,0.009000000000014552,0.0,0.009000000000014552,0.0,0.0,1.0
5,49,54,0.0,0.010999999999967258,0.0,0.010999999999967258,0.0,0.0,1.0
5,49,56,0.0,0.009000000000014552,0.0,0.009000000000014552,0.0,0.0,1.0
5,49,57,0.0,0.021999999999934516,0.0,0.021999999999934516,0.0,0.0,1.0
5,49,58,0.0,0.009000000000014552,0.0,0.009000000000014552,0.0,0.0,1.0
5,49,59,0.0,0.009000000000014552,0.0,0.009000000000014552,0.0,0.0,1.0
5,49,60,0.0,0.009999999999763531,0.0,0.009999999999763531,0.0,0.0,1.0
5,49,61,0.0,0.010000000000218279,0.0,0.010000000000218279,0.0,0.0,1.0
5,49,62,0.0,0.009000000000014552,0.0,0.009000000000014552,0.0,0.0,1.0
5,49,63,0.0,0.021999999999934516,0.0,0.021999999999934516,0.0,0.0,1.0
5,49,64,0.0,0.009000000000014552,0.0,0.009000000000014552,0.0,0.0,1.0
5,49,65,0.0,0.0500000000001819,0.0,0.0500000000001819,0.0,0.0,1.0
5,49,66,0.0,0.10999999999967258,0.0,0.10999999999967258,0.0,0.0,1.0
5,50,0,0.19099999999980355,0.0,0.09900000000016007,0.2899999999999636,0.6586206896545777,0.3413793103454224,0.0
5,50,1,0.555000000000291,0.0,0.0,0.555000000000291,1.0,0.0,0.0
5,50,4,0.0,0.028999999999996362,0.0,0.028999999999996362,0.0,0.0,1.0
5,50,5,0.0,0.020999999999958163,0.0,0.020999999999958163,0.0,0.0,1.0
5,50,6,0.07400000000006912,0.0,0.21000000000003638,0.2840000000001055,0.26056338028183673,0.7394366197181633,0.0
5,50,9,0.08899999999994179,0.0,0.2510000000002037,0.3400000000001455,0.2617647058820697,0.7382352941179303,0.0
5,50,10,0.40099999999983993,0.0,0.0500000000001819,0.45100000000002183,0.8891352549885155,0.11086474501148444,0.0
5,50,11,0.04100000000016735,0.0,0.0,0.04100000000016735,1.0,0.0,0.0
5,50,12,0.02999999999974534,0.0,0.0,0.02999999999974534,1.0,0.0,0.0
5,50,13,0.01900000000023283,0.0,0.0,0.01900000000023283,1.0,0.0,0.0
5,50,14,0.020000000000436557,0.0,0.0,0.020000000000436557,1.0,0.0,0.0
5,50,15,0.019999999999527063,0.0,0.0,0.019999999999527063,1.0,0.0,0.0
5,50,16,0.04100000000016735,0.0,0.0,0.04100000000016735,1.0,0.0,0.0
5,50,17,0.028999999999541615,0.0,0.0,0.028999999999541615,1.0,0.0,0.0
5,50,18,0.5,0.0,0.0,0.5,1.0,0.0,0.0
5,50,23,0.0,0.07799999999997453,0.0,0.07799999999997453,0.0,0.0,1.0
5,50,24,0.0,0.041999999999916326,0.0,0.041999999999916326,0.0,0.0,1.0
5,50,25,0.0,0.07000000000016371,0.0,0.07000000000016371,0.0,0.0,1.0
5,50,26,0.0,0.18100000000004002,0.0,0.18100000000004002,0.0,0.0,1.0
5,50,27,0.0,0.15999999999985448,0.0,0.15999999999985448,0.0,0.0,1.0
5,50,66,0.0,0.27100000000018554,0.0,0.27100000000018554,0.0,0.0,1.0
5,51,0,0.13999999999987267,0.1390000000001237,0.08199999999987995,0.3609999999998763,0.38781163434881066,0.22714681440417742,0.38504155124701195
5,51,1,0.3059999999986758,0.0,0.0,0.3059999999986758,1.0,0.0,0.0
5,51,2,0.040000000000873115,0.0,0.02999999999974534,0.07000000000061846,0.5714285714359959,0.4285714285640041,0.0
5,51,3,0.0,0.0,0.03900000000066939,0.03900000000066939,0.0,1.0,0.0
5,51,6,0.2999999999999545,0.0,0.26799999999980173,0.5679999999997563,0.5281690140846537,0.4718309859153464,0.0
5,51,27,0.0,0.4780000000000655,0.0,0.4780000000000655,0.0,0.0,1.0
5,52,0,0.692000000000462,0.23999999999978172,0.05999999999994543,0.9920000000001892,0.697580645161623,0.06048387096767539,0.24193548387070157
5,52,1,0.07699999999999818,0.0,0.0,0.07699999999999818,1.0,0.0,0.0
5,52,2,0.009000000000014552,0.0,0.0,0.009000000000014552,1.0,0.0,0.0
5,52,3,0.010999999999967258,0.03099999999994907,0.04199999999968895,0.08399999999960528,0.13095238095260653,0.4999999999986466,0.3690476190487469
5,52,4,0.0,0.019000000000005457,0.0,0.019000000000005457,0.0,0.0,1.0
5,52,5,0.0,0.08200000000010732,0.0,0.08200000000010732,0.0,0.0,1.0
5,52,6,0.0,0.01700000000005275,0.0,0.01700000000005275,0.0,0.0,1.0
5,52,7,0.0,0.020999999999958163,0.0,0.020999999999958163,0.0,0.0,1.0
5,52,8,0.0,0.011999999999943611,0.0,0.011999999999943611,0.0,0.0,1.0
5,52,10,0.0,0.009000000000014552,0.0,0.009000000000014552,0.0,0.0,1.0
5,52,11,0.0,0.009999999999990905,0.0,0.009999999999990905,0.0,0.0,1.0
5,52,14,0.0,0.009000000000014552,0.0,0.009000000000014552,0.0,0.0,1.0
5,52,15,0.0,0.010999999999967258,0.0,0.010999999999967258,0.0,0.0,1.0
5,52,16,0.0,0.009999999999990905,0.0,0.009999999999990905,0.0,0.0,1.0
5,52,18,0.0,0.009999999999990905,0.0,0.009999999999990905,0.0,0.0,1.0
5,52,21,0.0,0.009999999999990905,0.0,0.009999999999990905,0.0,0.0,1.0
5,52,23,0.0,0.010999999999967258,0.0,0.010999999999967258,0.0,0.0,1.0
5,52,24,0.0,0.24200000000018917,0.0,0.24200000000018917,0.0,0.0,1.0
5,52,25,0.0,0.1879999999998745,0.0,0.1879999999998745,0.0,0.0,1.0
5,52,26,0.0,0.05799999999976535,0.0,0.05799999999976535,0.0,0.0,1.0
5,52,27,0.0,0.7800000000002001,0.0,0.7800000000002001,0.0,0.0,1.0
5,53,0,0.04899999999997817,0.0,0.0,0.04899999999997817,1.0,0.0,0.0
5,53,23,0.0,0.028999999999996362,0.0,0.028999999999996362,0.0,0.0,1.0
5,53,24,0.0,0.4499999999998181,0.0,0.4499999999998181,0.0,0.0,1.0
5,53,25,0.0,0.6909999999998035,0.0,0.6909999999998035,0.0,0.0,1.0
5,54,0,0.030000000000654836,0.0,0.009999999999308784,0.03999999999996362,0.750000000017053,0.24999999998294697,0.0
5,54,13,0.0,0.45200000000022555,0.0,0.45200000000022555,0.0,0.0,1.0
5,54,14,0.0,0.3009999999999309,0.0,0.3009999999999309,0.0,0.0,1.0
5,54,15,0.0,0.057999999999992724,0.0,0.057999999999992724,0.0,0.0,1.0
5,54,16,0.0,0.04899999999997817,0.0,0.04899999999997817,0.0,0.0,1.0
5,54,17,0.0,0.032000000000152795,0.0,0.032000000000152795,0.0,0.0,1.0
5,54,18,0.0,0.419999999999618,0.0,0.419999999999618,0.0,0.0,1.0
5,54,19,0.0,0.04100000000016735,0.0,0.04100000000016735,0.0,0.0,1.0
5,54,20,0.0,0.07899999999972351,0.0,0.07899999999972351,0.0,0.0,1.0
5,54,21,0.0,0.09000000000060027,0.0,0.09000000000060027,0.0,0.0,1.0
5,54,22,0.0,0.07999999999992724,0.0,0.07999999999992724,0.0,0.0,1.0
5,54,23,0.0,0.34999999999990905,0.0,0.34999999999990905,0.0,0.0,1.0
5,54,24,0.0,0.03000000000020009,0.0,0.03000000000020009,0.0,0.0,1.0
5,54,25,0.0,1.0,0.0,1.0,0.0,0.0,1.0
5,55,0,0.6230000000000473,0.0,0.8989999999994325,1.5219999999994798,0.4093298291723129,0.5906701708276871,0.0
5,55,1,0.0,0.0,0.011000000000422006,0.011000000000422006,0.0,1.0,0.0
5,55,2,0.0,0.0,0.009999999999308784,0.009999999999308784,0.0,1.0,0.0
5,55,3,0.0,0.0,0.010000000000218279,0.010000000000218279,0.0,1.0,0.0
5,55,5,0.0,0.13000000000010914,0.07900000000017826,0.2090000000002874,0.0,0.3779904306223427,0.6220095693776573
5,55,6,0.010000000000218279,0.03099999999994907,0.13799999999991996,0.1790000000000873,0.05586592178890168,0.7709497206695679,0.17318435754153044
5,55,7,0.12000000000034561,0.01999999999998181,0.0,0.14000000000032742,0.8571428571433212,0.0,0.14285714285667883
5,55,8,0.010000000000218279,0.027000000000043656,0.0,0.037000000000261934,0.2702702702742564,0.0,0.7297297297257437
5,55,9,0.018999999999323336,0.04399999999986903,0.0,0.06299999999919237,0.3015873015804271,0.0,0.6984126984195729
5,55,10,0.032000000000152795,0.028999999999996362,0.0,0.06100000000014916,0.5245901639356484,0.0,0.47540983606435167
5,55,11,0.01900000000023283,0.010000000000218279,0.0,0.02900000000045111,0.6551724137909406,0.0,0.34482758620905946
5,55,12,0.02099999999973079,0.03099999999994907,0.0,0.05199999999967986,0.403846153843463,0.0,0.596153846156537
5,55,13,0.020000000000436557,0.028999999999996362,0.0,0.04900000000043292,0.4081632653114256,0.0,0.5918367346885743
5,55,14,0.009000000000014552,0.07899999999972351,0.0,0.08799999999973807,0.10227272727319706,0.0,0.897727272726803
5,55,15,0.01099999999951251,0.042000000000371074,0.011000000000422006,0.06400000000030559,0.1718749999915623,0.17187500000577316,0.6562500000026645
5,55,16,0.0,0.018999999999778083,0.009000000000014552,0.027999999999792635,0.0,0.3214285714314716,0.6785714285685284
5,55,17,0.0,0.009000000000014552,0.018000000000029104,0.027000000000043656,0.0,0.6666666666666666,0.3333333333333333
5,55,18,0.0,0.03000000000020009,0.011999999999716238,0.041999999999916326,0.0,0.2857142857080987,0.7142857142919014
5,55,19,0.0,0.009000000000014552,0.010000000000218279,0.01900000000023283,0.0,0.5263157894787229,0.473684210521277
5,55,20,0.0,0.020999999999276042,0.0,0.020999999999276042,0.0,0.0,1.0
5,55,21,0.0,0.028999999999996362,0.0,0.028999999999996362,0.0,0.0,1.0
5,55,22,0.0,0.010999999999967258,0.0,0.010999999999967258,0.0,0.0,1.0
5,56,0,0.3470000000006621,0.0,0.09999999999990905,0.44700000000057116,0.7762863534680509,0.22371364653194917,0.0
5,56,1,0.018000000000029104,0.0,0.0,0.018000000000029104,1.0,0.0,0.0
5,56,2,0.011999999999716238,0.0,0.0,0.011999999999716238,1.0,0.0,0.0
5,56,3,0.01099999999951251,0.0,0.0,0.01099999999951251,1.0,0.0,0.0
5,56,4,0.00800000000072032,0.0,0.0,0.00800000000072032,1.0,0.0,0.0
5,56,6,0.01099999999951251,0.0,0.0,0.01099999999951251,1.0,0.0,0.0
5,56,7,0.0180000000009386,0.0,0.0,0.0180000000009386,1.0,0.0,0.0
5,56,8,0.011999999999716238,0.0,0.0,0.011999999999716238,1.0,0.0,0.0
5,56,9,0.01099999999951251,0.0,0.0,0.01099999999951251,1.0,0.0,0.0
5,56,10,0.03999999999996362,0.0,0.0,0.03999999999996362,1.0,0.0,0.0
5,56,11,0.07900000000063301,0.0,0.0,0.07900000000063301,1.0,0.0,0.0
5,56,12,0.08999999999923602,0.0,0.0,0.08999999999923602,1.0,0.0,0.0
5,56,13,0.0,0.03800000000046566,0.03099999999994907,0.06900000000041473,0.0,0.44927536231540205,0.550724637684598
5,56,14,0.0,0.01099999999951251,0.0,0.01099999999951251,0.0,0.0,1.0
5,57,0,0.9329999999990832,0.0,0.12100000000100408,1.0540000000000873,0.8851992409857742,0.11480075901422586,0.0
5,58,0,0.2600000000002183,0.0,0.018000000000029104,0.2780000000002474,0.935251798561104,0.064748201438896,0.0
5,59,0,0.7869999999998072,0.0,0.018999999999778083,0.8059999999995853,0.9764267990077073,0.02357320099229263,0.0
5,59,7,0.03799999999978354,0.0,0.1510000000000673,0.18899999999985084,0.20105820105721445,0.7989417989427856,0.0
5,59,8,0.09100000000012187,0.0,0.5620000000001255,0.6530000000002474,0.1393568147015121,0.8606431852984879,0.0
5,59,9,0.08899999999994179,0.0,0.0,0.08899999999994179,1.0,0.0,0.0
5,60,0,0.19099999999980355,0.0,0.04100000000016735,0.2319999999999709,0.823275862068222,0.17672413793177796,0.0
5,61,0,0.0,0.06000000000040018,0.06899999999950523,0.1289999999999054,0.0,0.5348837209267894,0.4651162790732106
5,62,0,0.0,0.32999999999992724,0.0,0.32999999999992724,0.0,0.0,1.0
5,63,0,0.058999999999741704,0.13000000000010914,0.009000000000014552,0.1979999999998654,0.297979797978696,0.04545454545464985,0.6565656565666541
5,64,0,0.0500000000001819,0.01999999999998181,0.09200000000009823,0.16200000000026193,0.3086419753092658,0.5679012345675893,0.1234567901231449
5,65,0,0.0,0.0,0.0409999999997126,0.0409999999997126,0.0,1.0,0.0
5,65,1,0.0,0.0,0.028000000000247383,0.028000000000247383,0.0,1.0,0.0
5,65,2,0.01999999999998181,0.0,0.262000000000171,0.2820000000001528,0.07092198581549991,0.9290780141845001,0.0
5,65,3,0.09000000000014552,0.0,0.0,0.09000000000014552,1.0,0.0,0.0
5,66,2,0.32899999999926877,0.0,0.03999999999996362,0.3689999999992324,0.891598915989033,0.10840108401096701,0.0
5,66,3,0.34100000000034925,0.0,0.0,0.34100000000034925,1.0,0.0,0.0
5,67,0,0.3599999999996726,0.0,0.07799999999951979,0.43799999999919237,0.8219178082199461,0.1780821917800539,0.0
5,67,1,0.021000000000185537,0.0,0.0,0.021000000000185537,1.0,0.0,0.0
5,67,2,0.010000000000218279,0.0,0.0,0.010000000000218279,1.0,0.0,0.0
5,67,3,0.1089999999999236,0.0,0.0,0.1089999999999236,1.0,0.0,0.0
5,67,4,0.14800000000013824,0.0,0.05999999999994543,0.20800000000008367,0.7115384615388399,0.28846153846116007,0.0
5,67,10,0.0,0.17800000000033833,0.19000000000005457,0.3680000000003929,0.0,0.516304347825684,0.483695652174316
5,67,11,0.0,0.0,0.20200000000022555,0.20200000000022555,0.0,1.0,0.0
5,68,0,0.38000000000010914,0.0,0.07300000000077489,0.45300000000088403,0.8388520971288468,0.16114790287115327,0.0
5,68,4,0.06199999999989814,0.0,0.0,0.06199999999989814,1.0,0.0,0.0
5,68,11,0.0,0.0,0.557999999999538,0.557999999999538,0.0,1.0,0.0
5,69,0,0.17000000000007276,0.0,0.0,0.17000000000007276,1.0,0.0,0.0
5,70,0,0.38000000000010914,0.0,0.0,0.38000000000010914,1.0,0.0,0.0
5,71,0,0.19899999999961437,0.0,0.08100000000013097,0.27999999999974534,0.7107142857135549,0.2892857142864451,0.0
5,72,0,0.08100000000013097,0.0,0.03999999999996362,0.12100000000009459,0.6694214876038649,0.3305785123961351,0.0
6,38,0,0.0,0.0820000000003347,0.0,0.0820000000003347,0.0,0.0,1.0
6,39,0,0.0,2.38300000000163,0.07099999999877582,2.4540000000004056,0.0,0.028932355337719675,0.9710676446622803
6,40,0,0.02999999999974534,1.6180000000013024,2.3270000000009077,3.9750000000019554,0.007547169811252977,0.5854088050313869,0.4070440251573601
6,40,4,0.0,0.028999999999541615,0.0,0.028999999999541615,0.0,0.0,1.0
6,41,0,0.8870000000008531,1.1800000000000637,8.95799999999872,11.024999999999636,0.08045351473930906,0.8125170068026317,0.1070294784580592
6,41,1,0.0,0.021000000000185537,0.0,0.021000000000185537,0.0,0.0,1.0
6,41,2,0.0,0.009000000000014552,0.0,0.009000000000014552,0.0,0.0,1.0
6,41,3,0.0,0.009999999999763531,0.0,0.009999999999763531,0.0,0.0,1.0
6,41,4,1.1270000000004075,0.19900000000006912,0.42399999999997817,1.7500000000004547,0.6440000000000655,0.24228571428563886,0.11371428571429566
6,41,5,0.0,0.07999999999992724,0.0,0.07999999999992724,0.0,0.0,1.0
6,42,0,0.8969999999997071,1.3649999999997817,10.018000000001166,12.280000000000655,0.07304560260583545,0.8157980456026573,0.11115635179150724
6,42,1,0.030000000000654836,0.0,0.11099999999987631,0.14100000000053114,0.21276595745065124,0.7872340425493487,0.0
6,42,2,0.018000000000029104,0.0,0.028999999999996362,0.047000000000025466,0.38297872340466704,0.617021276595333,0.0
6,42,3,0.07000000000061846,0.0,0.018999999999778083,0.08900000000039654,0.7865168539360289,0.21348314606397112,0.0
6,42,4,2.7789999999995416,0.0,0.012000000000170985,2.7909999999997126,0.9957004657828118,0.004299534217188184,0.0
6,42,5,0.0,0.0,0.02099999999973079,0.02099999999973079,0.0,1.0,0.0
6,42,6,0.028000000000247383,0.0,0.0,0.028000000000247383,1.0,0.0,0.0
6,42,7,0.010999999999967258,0.0,0.0,0.010999999999967258,1.0,0.0,0.0
6,42,8,0.010999999999967258,0.0,0.45100000000002183,0.4619999999999891,0.023809523809453503,0.9761904761905466,0.0
6,42,9,0.009000000000014552,0.0,0.10900000000003729,0.11800000000005184,0.07627118644076777,0.9237288135592322,0.0
6,42,10,0.24899999999979627,0.4899999999997817,0.3260000000001355,1.0649999999997135,0.23380281690128005,0.30610328638518614,0.46009389671353385
6,42,11,0.0,0.0,0.09800000000007003,0.09800000000007003,0.0,1.0,0.0
6,42,12,0.0,0.0,0.14999999999997726,0.14999999999997726,0.0,1.0,0.0
6,42,13,0.0,0.0,0.13999999999998636,0.13999999999998636,0.0,1.0,0.0
6,42,14,0.0,0.008000000000265572,0.1309999999999718,0.13900000000023738,0.0,0.9424460431636553,0.05755395683634468
6,42,15,0.0,0.010999999999967258,0.010999999999967258,0.021999999999934516,0.0,0.5,0.5
6,42,16,0.0,0.01999999999998181,0.0,0.01999999999998181,0.0,0.0,1.0
6,42,17,0.0,0.6109999999998763,0.0,0.6109999999998763,0.0,0.0,1.0
6,43,0,0.9000000000003183,0.9379999999991924,6.199999999999591,8.037999999999101,0.11196815128146541,0.7713361532719936,0.11669569544654108
6,43,2,0.0,0.0,0.009000000000014552,0.009000000000014552,0.0,1.0,0.0
6,43,3,0.4609999999993306,0.0,0.009000000000014552,0.46999999999934516,0.9808510638297296,0.019148936170270407,0.0
6,43,4,1.2500000000009095,0.0,0.11899999999968713,1.3690000000005966,0.9130752373998281,0.08692476260017186,0.0
6,43,5,0.0,0.0,0.01999999999998181,0.01999999999998181,0.0,1.0,0.0
6,43,6,0.0,0.0,0.01999999999998181,0.01999999999998181,0.0,1.0,0.0
6,43,7,0.0,0.0,0.04100000000016735,0.04100000000016735,0.0,1.0,0.0
6,43,8,0.0,0.0,1.1709999999999354,1.1709999999999354,0.0,1.0,0.0
6,43,10,0.0,0.818000000000211,0.0,0.818000000000211,0.0,0.0,1.0
6,43,12,0.0,0.0,0.008000000000038199,0.008000000000038199,0.0,1.0,0.0
6,43,13,0.08699999999998909,0.04299999999989268,0.18599999999992178,0.31599999999980355,0.27531645569633917,0.5886075949368272,0.1360759493668336
6,43,14,0.0,0.0,0.05300000000011096,0.05300000000011096,0.0,1.0,0.0
6,44,0,2.6439999999995507,2.44199999999978,12.167000000001053,17.253000000000384,0.1532487103691817,0.7052106879963359,0.14154060163448245
6,44,1,0.009999999999763531,0.10900000000037835,0.10999999999967258,0.22899999999981446,0.043668122269745126,0.48034934497712534,0.4759825327531295
6,44,2,1.1020000000016807,0.0,0.6769999999987704,1.779000000000451,0.61944912872479,0.38055087127521003,0.0
6,44,3,0.46999999999934516,0.0,0.06099999999969441,0.5309999999990396,0.8851224105465071,0.11487758945349293,0.0
6,44,4,2.688999999999396,0.0,0.20100000000002183,2.889999999999418,0.9304498269895978,0.06955017301040219,0.0
6,44,5,1.7280000000000655,0.0,0.009000000000014552,1.73700000000008,0.9948186528497328,0.005181347150267206,0.0
6,44,6,0.03099999999994907,0.0,0.0,0.03099999999994907,1.0,0.0,0.0
6,44,7,0.0420000000001437,0.0,1.7799999999997453,1.821999999999889,0.02305159165759948,0.9769484083424005,0.0
6,44,8,0.038000000000010914,0.0,0.008000000000038199,0.04600000000004911,0.8260869565210944,0.1739130434789056,0.0
6,44,9,0.03899999999998727,1.3810000000001992,0.8399999999998045,2.259999999999991,0.017256637168136028,0.3716814159291185,0.6110619469027455
6,44,10,0.0809999999999036,1.7399999999997817,0.010999999999967258,1.8319999999996526,0.0442139737990824,0.00600436681221034,0.9497816593887073
6,44,11,0.0,0.0,0.05900000000019645,0.05900000000019645,0.0,1.0,0.0
6,44,12,0.0,0.0,0.0809999999999036,0.0809999999999036,0.0,1.0,0.0
6,44,13,0.0,2.6360000000006494,0.14900000000056934,2.7850000000012187,0.0,0.05350089766624924,0.9464991023337508
6,45,0,4.557000000000244,1.552000000000362,9.141000000000531,15.250000000001137,0.29881967213114125,0.5994098360655639,0.10177049180329484
6,45,1,0.17799999999988358,0.021999999999934516,1.3189999999995052,1.5189999999993233,0.11718235681366879,0.8683344305464732,0.014483212639858009
6,45,2,0.5220000000003893,0.009000000000014552,0.7119999999997617,1.2430000000001655,0.4199517296865002,0.5728077232499331,0.007240547063566656
6,45,3,0.11999999999989086,0.019999999999527063,0.07000000000016371,0.20999999999958163,0.5714285714291901,0.333333333334777,0.0952380952360329
6,45,4,3.255000000000564,0.02099999999973079,0.06099999999992178,3.3370000000002165,0.9754270302668123,0.01827989211864484,0.006293077614542831
6,45,5,2.649999999999636,0.01900000000023283,0.9019999999998163,3.5709999999996853,0.7420890506860458,0.2525903108372713,0.005320638476682863
6,45,6,0.03899999999998727,0.0,0.009999999999763531,0.0489999999997508,0.7959183673507267,0.20408163264927323,0.0
6,45,7,0.1410000000000764,0.03099999999994907,2.566000000000031,2.7380000000000564,0.05149744338936212,0.9371804236669021,0.01132213294373573
6,45,8,0.0,0.0,0.12100000000009459,0.12100000000009459,0.0,1.0,0.0
6,45,9,0.0,1.1090000000003783,4.722000000000094,5.831000000000472,0.0,0.8098096381409212,0.1901903618590788
6,45,10,0.021999999999934516,1.8979999999999109,0.16399999999998727,2.0839999999998327,0.010556621880967506,0.07869481765834954,0.910748560460683
6,45,11,0.03200000000038017,0.2819999999999254,0.049999999999954525,0.3640000000002601,0.08791208791306951,0.13736263736241427,0.7747252747245162
6,45,12,0.01799999999980173,0.24100000000021282,0.14199999999982538,0.40099999999983993,0.04488778054815191,0.3541147132166635,0.6009975062351846
6,45,13,0.01999999999998181,5.223999999997886,0.09000000000014552,5.333999999998014,0.0037495313085844128,0.016872890888672484,0.9793775778027431
6,45,14,0.028999999999996362,1.9210000000002765,0.03999999999996362,1.9900000000002365,0.01457286432160448,0.020100502512542143,0.9653266331658533
6,45,15,0.03399999999987813,6.414000000000897,0.0,6.448000000000775,0.0052729528535784805,0.0,0.9947270471464216
6,45,16,0.015000000000100044,4.742999999998801,0.0,4.757999999998901,0.0031525851198199893,0.0,0.99684741488018
6,45,17,0.021999999999934516,0.21600000000034925,0.019000000000005457,0.2570000000002892,0.08560311284011579,0.0739299610894322,0.840466926070452
6,45,18,0.0,0.7229999999999563,0.08100000000013097,0.8040000000000873,0.0,0.10074626865686837,0.8992537313431316
6,45,19,0.0,0.2889999999997599,0.0,0.2889999999997599,0.0,0.0,1.0
6,45,20,0.0,0.1020000000003165,0.0,0.1020000000003165,0.0,0.0,1.0
6,45,21,0.0,0.06799999999975626,0.0,0.06799999999975626,0.0,0.0,1.0
6,45,22,0.0,0.03999999999996362,0.0,0.03999999999996362,0.0,0.0,1.0
6,45,23,0.0,0.11900000000014188,0.0,0.11900000000014188,0.0,0.0,1.0
6,45,24,0.0,0.02999999999974534,0.0,0.02999999999974534,0.0,0.0,1.0
6,45,25,0.0,0.06000000000040018,0.0,0.06000000000040018,0.0,0.0,1.0
6,46,0,0.25099999999929423,0.4899999999997817,3.539000000000442,4.279999999999518,0.05864485981292582,0.826869158878701,0.1144859813083731
6,46,1,0.8220000000005712,0.0,0.6419999999998254,1.4640000000003965,0.5614754098363036,0.4385245901636964,0.0
6,46,2,0.14200000000028012,0.3489999999997053,0.27899999999999636,0.7699999999999818,0.18441558441595257,0.3623376623376662,0.45324675324638125
6,46,3,0.5579999999997654,0.0,0.23300000000017462,0.79099999999994,0.7054361567633473,0.29456384323665274,0.0
6,46,4,1.2330000000001746,0.0,0.03199999999969805,1.2649999999998727,0.9747035573124891,0.025296442687510884,0.0
6,46,5,2.071999999999889,0.0,0.7060000000008131,2.778000000000702,0.7458603311732777,0.25413966882672234,0.0
6,46,6,0.08500000000003638,0.0,0.22100000000000364,0.30600000000004,0.27777777777786034,0.7222222222221396,0.0
6,46,7,0.21399999999948704,0.0,2.042000000000371,2.255999999999858,0.09485815602814739,0.9051418439718526,0.0
6,46,8,0.04100000000016735,0.0,2.4049999999997453,2.4459999999999127,0.016762060507019137,0.9832379394929809,0.0
6,46,9,0.020999999999958163,1.0400000000000773,2.7440000000005966,3.805000000000632,0.005519053876466406,0.7211563731932039,0.2733245729303297
6,46,10,0.0,2.0130000000001473,0.4959999999998672,2.5090000000000146,0.0,0.19768832204059958,0.8023116779594004
6,46,11,0.0,0.661000000000513,0.09600000000023101,0.757000000000744,0.0,0.1268163804493219,0.8731836195506781
6,46,12,0.032000000000152795,1.0970000000015716,0.364999999999327,1.4940000000010514,0.0214190093709038,0.24431057563525443,0.7342704149938418
6,46,13,0.0,1.509999999999991,0.038000000000010914,1.5480000000000018,0.0,0.024547803617578082,0.9754521963824219
6,46,14,0.0,10.775000000001228,0.03099999999994907,10.806000000001177,0.0,0.0028687766055844614,0.9971312233944155
6,46,15,0.0,9.044000000000096,0.029999999999972715,9.07400000000007,0.0,0.0033061494379515634,0.9966938505620484
6,46,16,0.0,11.277000000002545,0.029999999999972715,11.307000000002517,0.0,0.0026532236667521037,0.9973467763332479
6,46,17,0.0,0.18100000000049477,0.049999999999954525,0.2310000000004493,0.0,0.2164502164495986,0.7835497835504014
6,46,18,0.0,0.084999999999809,0.0,0.084999999999809,0.0,0.0,1.0
6,46,19,0.0,0.1690000000000964,0.0,0.1690000000000964,0.0,0.0,1.0
6,46,20,0.0,0.12400000000002365,0.0,0.12400000000002365,0.0,0.0,1.0
6,46,21,0.0,0.06899999999995998,0.0,0.06899999999995998,0.0,0.0,1.0
6,46,22,0.0,0.019000000000005457,0.0,0.019000000000005457,0.0,0.0,1.0
6,47,0,1.4550000000008367,1.2850000000005366,6.374999999998863,9.115000000000236,0.15962698848061427,0.6993965990124738,0.14097641250691204
6,47,1,0.5670000000000073,0.0,0.010999999999967258,0.5779999999999745,0.9809688581315437,0.0190311418684563,0.0
6,47,2,0.8560000000002219,0.04100000000016735,0.5489999999995234,1.4459999999999127,0.5919778699863579,0.37966804979222446,0.028354080221417582
6,47,3,0.06500000000028194,0.0,0.0,0.06500000000028194,1.0,0.0,0.0
6,47,4,1.80399999999986,0.0,0.18999999999959982,1.9939999999994598,0.9047141424274567,0.09528585757254328,0.0
6,47,5,1.6320000000000618,0.0,0.9549999999999272,2.586999999999989,0.6308465403943057,0.36915345960569435,0.0
6,47,6,0.5589999999997417,0.0,2.845000000001164,3.404000000000906,0.16421856639235985,0.8357814336076401,0.0
6,47,7,0.33099999999944885,0.009000000000014552,4.291000000001077,4.63100000000054,0.07147484344621254,0.9265817318075095,0.0019434247462780181
6,47,8,0.09999999999990905,0.04999999999972715,0.8599999999999,1.0099999999995362,0.09900990099005443,0.8514851485151435,0.049504950494802094
6,47,9,0.0,3.3089999999995143,4.724999999999909,8.033999999999423,0.0,0.5881254667662743,0.41187453323372564
6,47,10,0.0,4.139999999999418,0.9789999999993597,5.118999999998778,0.0,0.19124829068169438,0.8087517093183056
6,47,11,0.0,0.20700000000078944,0.38400000000001455,0.591000000000804,0.0,0.6497461928925418,0.3502538071074583
6,47,12,0.006999999999834472,0.8909999999996217,0.1169999999999618,1.014999999999418,0.006896551723978804,0.1152709359606196,0.8778325123154016
6,47,13,0.0,1.7259999999987485,0.03899999999998727,1.7649999999987358,0.0,0.02209631728046187,0.9779036827195381
6,47,14,0.0,9.721999999999525,0.12100000000009459,9.84299999999962,0.0,0.012293000101605127,0.9877069998983948
6,47,15,0.0,1.9269999999994525,0.0,1.9269999999994525,0.0,0.0,1.0
6,47,16,0.0,3.3399999999983265,0.0,3.3399999999983265,0.0,0.0,1.0
6,47,17,0.0,0.5649999999995998,0.0,0.5649999999995998,0.0,0.0,1.0
6,47,18,0.0,2.951999999999771,0.0,2.951999999999771,0.0,0.0,1.0
6,47,19,0.0,0.009999999999990905,0.0,0.009999999999990905,0.0,0.0,1.0
6,47,20,0.0,0.018000000000029104,0.0,0.018000000000029104,0.0,0.0,1.0
6,47,21,0.0,0.009000000000014552,0.0,0.009000000000014552,0.0,0.0,1.0
6,47,22,0.0,0.010999999999967258,0.0,0.010999999999967258,0.0,0.0,1.0
6,47,23,0.0,0.01999999999998181,0.0,0.01999999999998181,0.0,0.0,1.0
6,47,24,0.0,0.009999999999990905,0.0,0.009999999999990905,0.0,0.0,1.0
6,47,25,0.0,0.009999999999990905,0.0,0.009999999999990905,0.0,0.0,1.0
6,47,26,0.0,0.010999999999967258,0.0,0.010999999999967258,0.0,0.0,1.0
6,47,27,0.0,0.019000000000005457,0.0,0.019000000000005457,0.0,0.0,1.0
6,47,28,0.0,0.009999999999990905,0.0,0.009999999999990905,0.0,0.0,1.0
6,47,29,0.0,0.029999999999972715,0.0,0.029999999999972715,0.0,0.0,1.0
6,47,30,0.0,0.019000000000005457,0.0,0.019000000000005457,0.0,0.0,1.0
6,47,31,0.0,0.010999999999967258,0.0,0.010999999999967258,0.0,0.0,1.0
6,47,32,0.0,0.029999999999972715,0.0,0.029999999999972715,0.0,0.0,1.0
6,47,33,0.0,0.019000000000005457,0.0,0.019000000000005457,0.0,0.0,1.0
6,47,34,0.0,0.032000000000152795,0.0,0.032000000000152795,0.0,0.0,1.0
6,47,35,0.0,0.20100000000002183,0.0,0.20100000000002183,0.0,0.0,1.0
6,48,0,1.4220000000004802,0.19299999999975626,2.958999999999378,4.573999999999614,0.310887625710669,0.6469173589854892,0.04219501530384183
6,48,2,0.5710000000003674,0.0,0.13999999999941792,0.7109999999997854,0.8030942334747395,0.19690576652526046,0.0
6,48,3,0.45899999999983265,0.0,0.0,0.45899999999983265,1.0,0.0,0.0
6,48,4,0.12800000000015643,0.0,0.020000000000436557,0.148000000000593,0.8648648648624566,0.1351351351375434,0.0
6,48,5,0.29099999999925785,0.0,0.9530000000004293,1.2439999999996871,0.23392282958145583,0.7660771704185442,0.0
6,48,6,0.09300000000030195,0.0,0.6979999999994106,0.7909999999997126,0.11757269279435618,0.8824273072056438,0.0
6,48,7,0.1990000000002965,0.0,4.187999999998965,4.3869999999992615,0.045361294734517894,0.9546387052654821,0.0
6,48,8,0.18200000000001637,0.0,0.2970000000004802,0.4790000000004966,0.37995824634619557,0.6200417536538044,0.0
6,48,9,0.019000000000005457,3.1990000000007512,3.427000000000021,6.645000000000778,0.002859292701279644,0.5157261098569782,0.4814145974417422
6,48,11,0.0,0.8909999999996217,0.0,0.8909999999996217,0.0,0.0,1.0
6,48,12,0.0,0.6190000000005966,0.0,0.6190000000005966,0.0,0.0,1.0
6,48,13,0.0,0.15099999999983993,0.11599999999998545,0.2669999999998254,0.0,0.43445692883918097,0.565543071160819
6,48,14,0.0,0.33100000000013097,0.0,0.33100000000013097,0.0,0.0,1.0
6,48,15,0.0,0.052000000000134605,0.0,0.052000000000134605,0.0,0.0,1.0
6,48,16,0.0,0.0409999999997126,0.0,0.0409999999997126,0.0,0.0,1.0
6,48,17,0.0,0.07800000000042928,0.0,0.07800000000042928,0.0,0.0,1.0
6,48,18,0.0,1.8200000000001637,0.0,1.8200000000001637,0.0,0.0,1.0
6,48,19,0.0,0.018000000000029104,0.0,0.018000000000029104,0.0,0.0,1.0
6,48,20,0.0,0.023000000000138243,0.0,0.023000000000138243,0.0,0.0,1.0
6,48,21,0.0,0.018000000000029104,0.0,0.018000000000029104,0.0,0.0,1.0
6,48,22,0.0,0.01999999999998181,0.0,0.01999999999998181,0.0,0.0,1.0
6,48,23,0.0,0.02999999999974534,0.0,0.02999999999974534,0.0,0.0,1.0
6,48,24,0.0,0.01999999999998181,0.0,0.01999999999998181,0.0,0.0,1.0
6,48,25,0.0,0.01999999999998181,0.0,0.01999999999998181,0.0,0.0,1.0
6,48,26,0.0,0.010999999999967258,0.0,0.010999999999967258,0.0,0.0,1.0
6,48,27,0.0,0.028999999999996362,0.0,0.028999999999996362,0.0,0.0,1.0
6,48,28,0.0,0.010000000000218279,0.0,0.010000000000218279,0.0,0.0,1.0
6,48,29,0.0,0.0409999999997126,0.0,0.0409999999997126,0.0,0.0,1.0
6,48,30,0.0,0.24000000000023647,0.0,0.24000000000023647,0.0,0.0,1.0
6,49,0,2.2199999999988904,2.509000000000924,6.947000000000344,11.676000000000158,0.19013360739969684,0.5949811579308196,0.21488523466948356
6,49,1,0.593000000000302,0.09999999999990905,0.8920000000005075,1.5850000000007185,0.37413249211358557,0.5627760252366582,0.0630914826497563
6,49,2,0.8719999999998436,0.0,0.10900000000015098,0.9809999999999945,0.8888888888887344,0.11111111111126563,0.0
6,49,3,0.0,0.0,0.010999999999967258,0.010999999999967258,0.0,1.0,0.0
6,49,4,0.0,0.0,0.010999999999967258,0.010999999999967258,0.0,1.0,0.0
6,49,5,0.056999999999789,0.009000000000014552,0.09600000000045839,0.16200000000026193,0.35185185184998047,0.592592592594464,0.05555555555555555
6,49,6,0.4000000000005457,0.012000000000170985,0.9499999999984539,1.3619999999991705,0.2936857562414018,0.6975036710712426,0.008810572687355574
6,49,7,0.12600000000111322,0.0,3.209999999999127,3.33600000000024,0.03776978417299285,0.9622302158270072,0.0
6,49,8,0.0,0.39900000000034197,0.2460000000000946,0.6450000000004366,0.0,0.3813953488370978,0.6186046511629022
6,49,9,0.03099999999994907,0.520999999999276,4.719999999999345,5.27199999999857,0.005880121396046562,0.8952959028832749,0.09882397572067855
6,49,10,0.09099999999943975,0.6000000000008185,0.08899999999994179,0.7800000000002001,0.11666666666591848,0.11410256410246021,0.7692307692316214
6,49,11,0.068000000000211,2.4530000000004293,0.11200000000053478,2.633000000001175,0.02582605393094594,0.042537030003982075,0.931636916065072
6,49,12,0.009000000000014552,1.0460000000002765,0.12000000000034561,1.1750000000006366,0.007659574468093341,0.10212765957470689,0.8902127659571998
6,49,13,0.03099999999994907,2.7839999999982865,0.0,2.8149999999982356,0.011012433392528774,0.0,0.9889875666074712
6,49,14,0.16900000000032378,6.6380000000008295,0.06999999999970896,6.877000000000862,0.02457466918718956,0.010178857059720835,0.9652464737530896
6,49,15,0.0,7.274000000001706,0.010999999999967258,7.2850000000016735,0.0,0.0015099519560692837,0.9984900480439307
6,49,16,0.0,7.878999999999451,0.0,7.878999999999451,0.0,0.0,1.0
6,49,17,0.0,0.4110000000000582,0.009000000000014552,0.42000000000007276,0.0,0.021428571428602362,0.9785714285713977
6,49,18,0.0,0.432999999999538,0.0,0.432999999999538,0.0,0.0,1.0
6,49,19,0.0,0.03899999999975989,0.0,0.03899999999975989,0.0,0.0,1.0
6,49,20,0.0,0.03599999999960346,0.009000000000014552,0.04499999999961801,0.0,0.2000000000020211,0.7999999999979789
6,49,21,0.0,0.030000000000654836,0.0,0.030000000000654836,0.0,0.0,1.0
6,49,22,0.0,0.018000000000029104,0.0,0.018000000000029104,0.0,0.0,1.0
6,49,23,0.0,0.011999999999716238,0.009999999999763531,0.02199999999947977,0.0,0.45454545454545453,0.5454545454545454
6,49,24,0.0,0.018000000000029104,0.0,0.018000000000029104,0.0,0.0,1.0
6,49,25,0.0,0.03300000000035652,0.010000000000218279,0.0430000000005748,0.0,0.23255813953685125,0.7674418604631488
6,49,26,0.0,0.011999999999716238,0.008999999999559805,0.020999999999276042,0.0,0.42857142856524155,0.5714285714347584
6,49,27,0.0,0.03499999999985448,0.012000000000170985,0.047000000000025466,0.0,0.25531914893966984,0.7446808510603301
6,49,28,0.0,0.010000000000218279,0.010000000000218279,0.020000000000436557,0.0,0.5,0.5
6,49,29,0.0,0.022000000000389264,0.01999999999998181,0.042000000000371074,0.0,0.47619047618583593,0.5238095238141641
6,49,30,0.0,0.027999999999337888,0.03900000000021464,0.06699999999955253,0.0,0.5820895522458972,0.41791044775410285
6,49,31,0.0,0.08000000000083674,0.02999999999974534,0.11000000000058208,0.0,0.2727272727235145,0.7272727272764855
6,49,32,0.0,0.07099999999945794,0.0,0.07099999999945794,0.0,0.0,1.0
6,49,33,0.0,0.06899999999995998,0.0,0.06899999999995998,0.0,0.0,1.0
6,49,34,0.0,0.08100000000058571,0.0,0.08100000000058571,0.0,0.0,1.0
6,49,35,0.0,0.023999999999887223,0.0,0.023999999999887223,0.0,0.0,1.0
6,49,36,0.0,0.036000000000512955,0.0,0.036000000000512955,0.0,0.0,1.0
6,49,37,0.0,0.041999999999916326,0.0,0.041999999999916326,0.0,0.0,1.0
6,49,38,0.0,0.12899999999945067,0.0,0.12899999999945067,0.0,0.0,1.0
6,49,39,0.0,0.02099999999973079,0.0,0.02099999999973079,0.0,0.0,1.0
6,49,40,0.0,0.028000000000247383,0.0,0.028000000000247383,0.0,0.0,1.0
6,49,41,0.0,0.3029999999998836,0.0,0.3029999999998836,0.0,0.0,1.0
6,50,0,1.3920000000002801,1.1499999999998636,3.9309999999998126,6.472999999999956,0.21504711880121882,0.6072918275915092,0.17766105360727194
6,50,1,0.29700000000025284,0.0,0.1879999999998745,0.48500000000012733,0.6123711340209791,0.3876288659790209,0.0
6,50,2,0.47000000000025466,0.0,0.1289999999999054,0.5990000000001601,0.7846410684476278,0.21535893155237218,0.0
6,50,3,0.07999999999992724,0.0,0.03999999999996362,0.11999999999989086,0.6666666666666666,0.3333333333333333,0.0
6,50,4,0.019999999999527063,0.0,0.011000000000194632,0.030999999999721695,0.6451612903131166,0.3548387096868834,0.0
6,50,5,0.04100000000016735,0.0,0.04899999999997817,0.09000000000014552,0.45555555555667837,0.5444444444433216,0.0
6,50,6,0.4750000000001364,0.0,0.35999999999989996,0.8350000000000364,0.5688622754492404,0.4311377245507596,0.0
6,50,7,0.03099999999994907,0.0,0.05999999999994543,0.0909999999998945,0.3406593406591759,0.6593406593408241,0.0
6,50,8,0.07200000000011642,0.0,0.020000000000436557,0.09200000000055297,0.7826086956487354,0.21739130435126464,0.0
6,50,9,0.0,0.0,0.2699999999999818,0.2699999999999818,0.0,1.0,0.0
6,50,10,0.0,0.8719999999998436,0.12900000000036016,1.0010000000002037,0.0,0.12887112887146243,0.8711288711285375
6,50,11,0.0,0.656999999999698,0.21000000000003638,0.8669999999997344,0.0,0.24221453287208847,0.7577854671279115
6,50,12,0.0,0.07200000000011642,0.0,0.07200000000011642,0.0,0.0,1.0
6,50,13,0.0,0.4459999999999127,0.0,0.4459999999999127,0.0,0.0,1.0
6,50,14,0.0,0.5540000000005421,0.0,0.5540000000005421,0.0,0.0,1.0
6,50,15,0.0,1.126999999997679,0.0,1.126999999997679,0.0,0.0,1.0
6,50,16,0.0,0.13000000000010914,0.0,0.13000000000010914,0.0,0.0,1.0
6,50,17,0.0,0.05999999999994543,0.0,0.05999999999994543,0.0,0.0,1.0
6,50,18,0.0,0.07099999999991269,0.0,0.07099999999991269,0.0,0.0,1.0
6,50,19,0.0,0.06899999999995998,0.0,0.06899999999995998,0.0,0.0,1.0
6,50,20,0.0,0.07100000000036744,0.0,0.07100000000036744,0.0,0.0,1.0
6,50,21,0.0,0.09999999999990905,0.0,0.09999999999990905,0.0,0.0,1.0
6,50,22,0.0,0.3409999999998945,0.0,0.3409999999998945,0.0,0.0,1.0
6,50,23,0.0,0.057999999999992724,0.0,0.057999999999992724,0.0,0.0,1.0
6,50,42,0.0,0.01900000000023283,0.0,0.01900000000023283,0.0,0.0,1.0
6,51,0,1.998999999999569,0.3480000000001837,1.5650000000005093,3.912000000000262,0.5109918200407554,0.4000511247444797,0.08895705521476494
6,51,1,0.05099999999993088,0.0,0.0,0.05099999999993088,1.0,0.0,0.0
6,51,2,0.5090000000000146,0.0,0.0,0.5090000000000146,1.0,0.0,0.0
6,51,3,0.017999999999574356,0.0,0.0,0.017999999999574356,1.0,0.0,0.0
6,51,4,0.05200000000058935,0.0,0.0,0.05200000000058935,1.0,0.0,0.0
6,51,5,0.2699999999999818,0.0,0.0,0.2699999999999818,1.0,0.0,0.0
6,51,6,0.10899999999969623,0.0,0.0,0.10899999999969623,1.0,0.0,0.0
6,51,7,0.03199999999969805,0.1999999999998181,0.5289999999999964,0.7609999999995125,0.04204993429660781,0.6951379763473525,0.2628120893560397
6,51,8,0.028999999999996362,0.2919999999999163,0.010999999999967258,0.33199999999987995,0.08734939759038207,0.03313253012039529,0.8795180722892226
6,51,9,0.19700000000057116,0.047000000000025466,0.02900000000045111,0.27300000000104774,0.7216117216110444,0.10622710622835095,0.1721611721606047
6,51,10,0.06100000000014916,0.041999999999916326,0.0,0.10300000000006548,0.5922330097098095,0.0,0.40776699029019053
6,51,11,0.028999999999996362,0.010999999999967258,0.0,0.03999999999996362,0.7250000000005684,0.0,0.2749999999994316
6,51,12,0.1610000000000582,0.02900000000045111,0.0,0.19000000000050932,0.8473684210506665,0.0,0.15263157894933355
6,51,13,0.010000000000218279,0.08999999999969077,0.0,0.09999999999990905,0.10000000000227374,0.0,0.8999999999977263
6,51,14,0.012000000000170985,0.17000000000007276,0.0,0.18200000000024374,0.06593406593491712,0.0,0.9340659340650829
6,51,15,0.038000000000010914,0.03000000000020009,0.0,0.068000000000211,0.5588235294101912,0.0,0.4411764705898088
6,51,16,0.009000000000014552,0.08899999999994179,0.06099999999969441,0.15899999999965075,0.05660377358512151,0.3836477987410591,0.5597484276738194
6,52,0,5.880999999999858,0.0,0.27999999999974534,6.1609999999996035,0.954552832332452,0.04544716766754802,0.0
6,52,1,0.08199999999987995,0.0,0.0,0.08199999999987995,1.0,0.0,0.0
6,52,2,0.19000000000005457,0.0,0.0,0.19000000000005457,1.0,0.0,0.0
6,52,3,0.09999999999990905,0.0,0.0,0.09999999999990905,1.0,0.0,0.0
6,52,4,0.48199999999951615,0.0,0.0,0.48199999999951615,1.0,0.0,0.0
6,52,5,1.3099999999999454,0.0,0.01900000000023283,1.3290000000001783,0.9857035364934309,0.014296463506569062,0.0
6,52,8,0.03099999999994907,0.0,0.0,0.03099999999994907,1.0,0.0,0.0
6,52,9,0.03099999999994907,0.0,0.0500000000001819,0.08100000000013097,0.38271604938146847,0.6172839506185316,0.0
6,52,10,0.0,0.0,0.14899999999988722,0.14899999999988722,0.0,1.0,0.0
6,52,11,0.0,0.07200000000011642,0.009000000000014552,0.08100000000013097,0.0,0.1111111111111111,0.8888888888888888
6,52,12,2.1289999999999054,0.11099999999987631,0.0,2.2399999999997817,0.950446428571479,0.0,0.049553571428521036
6,52,13,0.01999999999998181,0.007999999999810825,0.0,0.027999999999792635,0.7142857142903546,0.0,0.2857142857096454
6,52,14,0.20800000000008367,0.03000000000020009,0.0,0.23800000000028376,0.8739495798312423,0.0,0.12605042016875764
6,52,15,0.0,0.02099999999973079,0.0,0.02099999999973079,0.0,0.0,1.0
6,52,16,0.0,0.05999999999994543,0.0,0.05999999999994543,0.0,0.0,1.0
6,52,17,0.0,0.013000000000374712,0.0,0.013000000000374712,0.0,0.0,1.0
6,52,18,0.0,0.03799999999955617,0.0,0.03799999999955617,0.0,0.0,1.0
6,52,19,0.0,0.010000000000218279,0.0,0.010000000000218279,0.0,0.0,1.0
6,52,20,0.0,0.03900000000021464,0.0,0.03900000000021464,0.0,0.0,1.0
6,52,21,0.0,0.02099999999973079,0.0,0.02099999999973079,0.0,0.0,1.0
6,52,22,0.0,0.0,0.028999999999996362,0.028999999999996362,0.0,1.0,0.0
6,52,23,0.021000000000185537,0.0,0.04100000000016735,0.062000000000352884,0.3387096774204195,0.6612903225795804,0.0
6,52,24,0.08799999999973807,0.0,0.0,0.08799999999973807,1.0,0.0,0.0
6,52,25,0.08100000000013097,0.2990000000004329,0.05199999999967986,0.43200000000024374,0.18750000000019737,0.12037037036956139,0.6921296296302413
6,53,0,2.675000000000182,0.19900000000006912,0.15099999999983993,3.025000000000091,0.8842975206611906,0.04991735537184641,0.06578512396696302
6,53,1,0.03999999999996362,0.010000000000218279,0.0,0.0500000000001819,0.7999999999963621,0.0,0.200000000003638
6,53,2,0.06599999999980355,0.01999999999998181,0.0,0.08599999999978536,0.7674418604647474,0.0,0.23255813953525264
6,53,3,0.0,0.02999999999974534,0.07000000000016371,0.09999999999990905,0.0,0.7000000000022737,0.29999999999772625
6,53,4,1.110000000000582,0.0,0.01999999999998181,1.1300000000005639,0.9823008849557772,0.01769911504422286,0.0
6,53,5,0.20100000000002183,0.0,0.0,0.20100000000002183,1.0,0.0,0.0
6,53,6,0.10999999999967258,0.0,0.0,0.10999999999967258,1.0,0.0,0.0
6,53,7,0.18299999999999272,0.0,0.027000000000043656,0.21000000000003638,0.8714285714283858,0.1285714285716142,0.0
6,53,8,0.09900000000016007,0.0,0.06199999999989814,0.1610000000000582,0.6149068322989085,0.3850931677010914,0.0
6,53,9,0.7600000000002183,0.0,0.08999999999969077,0.849999999999909,0.894117647059176,0.105882352940824,0.0
6,53,10,1.0730000000012296,0.0,0.2790000000004511,1.3520000000016807,0.7936390532543608,0.20636094674563926,0.0
6,53,11,0.09000000000014552,0.4279999999998836,0.6119999999996253,1.1299999999996544,0.07964601769926818,0.5415929203538163,0.3787610619469155
6,53,12,3.6499999999987267,0.0,0.5709999999994579,4.220999999998185,0.8647239990524275,0.1352760009475725,0.0
6,53,13,0.12099999999963984,0.0,0.02999999999974534,0.15099999999938518,0.8013245033121358,0.1986754966878642,0.0
6,53,14,2.311000000000149,0.0,0.16900000000032378,2.480000000000473,0.9318548387095599,0.06814516129044014,0.0
6,53,15,0.03999999999996362,0.0,0.15200000000004366,0.19200000000000728,0.20833333333313597,0.791666666666864,0.0
6,53,16,0.7000000000002728,0.0,0.09999999999990905,0.8000000000001819,0.8750000000001421,0.12499999999985789,0.0
6,53,17,0.010000000000218279,0.0,0.0,0.010000000000218279,1.0,0.0,0.0
6,53,18,0.03899999999975989,0.0,0.0,0.03899999999975989,1.0,0.0,0.0
6,53,19,0.012000000000170985,0.0,0.0,0.012000000000170985,1.0,0.0,0.0
6,53,20,0.03000000000020009,0.0,0.0,0.03000000000020009,1.0,0.0,0.0
6,53,21,0.007999999999810825,0.0,0.0,0.007999999999810825,1.0,0.0,0.0
6,53,22,0.009999999999763531,0.0,0.0,0.009999999999763531,1.0,0.0,0.0
6,53,23,0.010000000000218279,0.0,0.0,0.010000000000218279,1.0,0.0,0.0
6,53,24,0.018999999999778083,0.0,0.0,0.018999999999778083,1.0,0.0,0.0
6,53,25,0.010999999999967258,0.0,0.0,0.010999999999967258,1.0,0.0,0.0
6,53,27,0.010999999999967258,0.0,0.0,0.010999999999967258,1.0,0.0,0.0
6,53,28,0.009000000000014552,0.0,0.0,0.009000000000014552,1.0,0.0,0.0
6,53,29,0.011000000000422006,0.0,0.0,0.011000000000422006,1.0,0.0,0.0
6,53,30,0.01999999999998181,0.0,0.0,0.01999999999998181,1.0,0.0,0.0
6,53,31,0.009999999999763531,0.0,0.0,0.009999999999763531,1.0,0.0,0.0
6,53,32,0.009000000000014552,0.0,0.0,0.009000000000014552,1.0,0.0,0.0
6,53,33,0.020000000000436557,0.0,0.0,0.020000000000436557,1.0,0.0,0.0
6,53,34,0.009999999999763531,0.0,0.0,0.009999999999763531,1.0,0.0,0.0
6,53,36,0.0,0.0,0.021999999999934516,0.021999999999934516,0.0,1.0,0.0
6,53,37,0.0,0.0,0.021999999999934516,0.021999999999934516,0.0,1.0,0.0
6,53,38,0.0,0.041999999999916326,0.007000000000061846,0.04899999999997817,0.0,0.14285714285846865,0.8571428571415314
6,53,39,0.0,0.028000000000247383,0.0,0.028000000000247383,0.0,0.0,1.0
6,53,40,0.0,0.02099999999973079,0.0,0.02099999999973079,0.0,0.0,1.0
6,53,41,0.0,0.028000000000247383,0.0,0.028000000000247383,0.0,0.0,1.0
6,53,42,0.0,0.010999999999967258,0.0,0.010999999999967258,0.0,0.0,1.0
6,53,43,0.0,0.01900000000023283,0.0,0.01900000000023283,0.0,0.0,1.0
6,53,44,0.0,0.02099999999973079,0.0,0.02099999999973079,0.0,0.0,1.0
6,53,45,0.0,0.010999999999967258,0.0,0.010999999999967258,0.0,0.0,1.0
6,53,46,0.0,0.01900000000023283,0.0,0.01900000000023283,0.0,0.0,1.0
6,53,47,0.0,0.24299999999993815,0.0,0.24299999999993815,0.0,0.0,1.0
6,54,0,6.7059999999992215,0.44800000000032014,0.07000000000016371,7.223999999999705,0.928294573643341,0.009689922480643213,0.062015503876015836
6,54,1,0.011000000000422006,0.23299999999971988,0.5970000000002074,0.8410000000003492,0.013079667063516572,0.7098692033293216,0.27705112960716183
6,54,2,0.018000000000029104,0.0,0.009999999999763531,0.027999999999792635,0.6428571428629432,0.3571428571370568,0.0
6,54,3,0.07099999999945794,0.0,0.1380000000003747,0.20899999999983265,0.3397129186579655,0.6602870813420345,0.0
6,54,4,0.6339999999995598,0.0,0.0,0.6339999999995598,1.0,0.0,0.0
6,54,5,0.056999999999789,0.0,0.0,0.056999999999789,1.0,0.0,0.0
6,54,6,0.04900000000043292,0.0,0.0,0.04900000000043292,1.0,0.0,0.0
6,54,7,0.09000000000014552,0.0,0.03199999999969805,0.12199999999984357,0.7377049180349255,0.2622950819650744,0.0
6,54,8,0.08900000000039654,0.0,0.012000000000170985,0.10100000000056752,0.8811881188108559,0.11881188118914413,0.0
6,54,9,0.14000000000032742,1.2510000000002037,0.1499999999996362,1.5410000000001673,0.09085009733959261,0.09733939000624264,0.8118105126541647
6,54,10,4.101999999999407,0.12599999999974898,1.236000000000331,5.463999999999487,0.7507320644216311,0.22620790629583584,0.02306002928253309
6,54,11,0.9489999999996144,0.0,0.9630000000001928,1.9119999999998072,0.4963389121337396,0.5036610878662604,0.0
6,54,12,12.031000000000859,0.318000000000211,1.5090000000000146,13.858000000001084,0.8681627940539701,0.10889017174194664,0.022947034204083283
6,54,13,0.11099999999942156,0.18899999999985084,0.5990000000001601,0.8989999999994325,0.1234705228025491,0.6662958843165052,0.21023359288094567
6,54,14,0.6889999999998508,0.0,0.032000000000152795,0.7210000000000036,0.9556171983354332,0.04438280166456676,0.0
6,54,15,0.15100000000029468,0.027999999999792635,0.0409999999997126,0.2199999999997999,0.6863636363656,0.1863636363624995,0.12727272727190045
6,54,16,2.326999999999771,0.25900000000001455,0.062000000000352884,2.6480000000001382,0.8787764350451848,0.02341389728109881,0.0978096676737164
6,54,21,0.0,0.011000000000422006,0.0,0.011000000000422006,0.0,0.0,1.0
6,54,22,0.0,0.009999999999308784,0.0,0.009999999999308784,0.0,0.0,1.0
6,54,23,0.0,0.010000000000218279,0.0,0.010000000000218279,0.0,0.0,1.0
6,54,24,0.0,0.010000000000218279,0.0,0.010000000000218279,0.0,0.0,1.0
6,54,25,0.0,0.009000000000014552,0.0,0.009000000000014552,0.0,0.0,1.0
6,54,26,0.0,0.012999999999919964,0.0,0.012999999999919964,0.0,0.0,1.0
6,54,27,0.0,0.02900000000045111,0.0,0.02900000000045111,0.0,0.0,1.0
6,54,29,0.0,0.006999999999607098,0.0,0.006999999999607098,0.0,0.0,1.0
6,54,32,0.0,0.0,0.03099999999994907,0.03099999999994907,0.0,1.0,0.0
6,54,33,0.0,0.0,0.010000000000218279,0.010000000000218279,0.0,1.0,0.0
6,54,34,0.0,0.0,0.018999999999323336,0.018999999999323336,0.0,1.0,0.0
6,54,35,0.010999999999967258,0.0,0.04100000000016735,0.052000000000134605,0.2115384615372843,0.7884615384627157,0.0
6,54,36,0.030000000000654836,0.0,0.016999999999825377,0.04700000000048021,0.6382978723478365,0.3617021276521635,0.0
6,54,37,0.04100000000016735,0.0,0.0,0.04100000000016735,1.0,0.0,0.0
6,54,38,0.018999999999323336,0.021999999999934516,0.00800000000072032,0.04899999999997817,0.3877551020271796,0.16326530613722212,0.4489795918355983
6,54,39,0.0,0.018999999999323336,0.0,0.018999999999323336,0.0,0.0,1.0
6,54,47,0.0,0.018000000000029104,0.0,0.018000000000029104,0.0,0.0,1.0
6,55,0,6.223999999998114,0.2929999999996653,0.2000000000007276,6.716999999998507,0.9266041387523444,0.029775197260796794,0.043620663986858786
6,55,1,0.010999999999967258,0.22100000000000364,1.3099999999999454,1.5419999999999163,0.007133592736684731,0.849546044098584,0.1433203631647313
6,55,7,0.03099999999994907,0.0,0.009999999999763531,0.0409999999997126,0.7560975609796676,0.24390243902033243,0.0
6,55,8,0.21000000000003638,0.0,0.11999999999989086,0.32999999999992724,0.6363636363638869,0.36363636363611307,0.0
6,55,9,0.5099999999997635,0.2199999999997999,0.9649999999996908,1.6949999999992542,0.30088495575220525,0.5693215339233719,0.12979351032442285
6,55,10,4.233000000000175,0.2410000000004402,0.07100000000036744,4.545000000000982,0.9313531353133685,0.01562156215629309,0.053025302530338415
6,55,11,0.3400000000001455,0.0,0.018000000000029104,0.3580000000001746,0.9497206703910047,0.05027932960899532,0.0
6,55,12,3.049000000000433,0.0,0.8219999999996617,3.8710000000000946,0.7876517695686795,0.21234823043132048,0.0
6,55,13,0.0,0.17000000000007276,0.9659999999998945,1.1359999999999673,0.0,0.850352112675988,0.14964788732401202
6,55,14,0.009999999999763531,0.5489999999999782,0.362999999999829,0.9219999999995707,0.010845986984564194,0.3937093275488048,0.595444685466631
6,55,15,0.03000000000020009,0.010000000000218279,0.02099999999973079,0.06100000000014916,0.4918032786906022,0.34426229507671213,0.16393442623268567
6,55,16,2.6399999999998727,0.0,0.01900000000023283,2.6590000000001055,0.9928544565625302,0.007145543437469755,0.0
6,55,17,0.6019999999998618,0.0,0.3409999999998945,0.9429999999997563,0.6383881230116834,0.3616118769883167,0.0
6,55,18,0.12800000000015643,0.0,0.1590000000001055,0.28700000000026193,0.445993031359023,0.554006968640977,0.0
6,55,19,0.02999999999974534,0.0,0.0,0.02999999999974534,1.0,0.0,0.0
6,55,20,0.07000000000016371,0.0,0.0,0.07000000000016371,1.0,0.0,0.0
6,55,21,0.04899999999997817,0.0,0.0,0.04899999999997817,1.0,0.0,0.0
6,55,22,0.04100000000016735,0.0,0.0,0.04100000000016735,1.0,0.0,0.0
6,55,29,0.0,0.011999999999716238,0.0,0.011999999999716238,0.0,0.0,1.0
6,55,30,0.0,0.010000000000218279,0.010000000000218279,0.020000000000436557,0.0,0.5,0.5
6,55,31,0.0,0.0,0.009000000000014552,0.009000000000014552,0.0,1.0,0.0
6,55,38,0.02999999999974534,0.0,0.021999999999934516,0.05199999999967986,0.5769230769217315,0.4230769230782685,0.0
6,55,39,0.0,0.4390000000003056,0.0,0.4390000000003056,0.0,0.0,1.0
6,55,55,0.01999999999998181,0.0,0.0,0.01999999999998181,1.0,0.0,0.0
6,55,58,0.03800000000046566,0.0,0.0,0.03800000000046566,1.0,0.0,0.0
6,56,0,2.1530000000004748,0.250999999999749,0.9770000000003165,3.3810000000005402,0.6367938479740108,0.2889677610174979,0.07423839100849124
6,56,1,0.5910000000003492,0.0,0.3589999999999236,0.9500000000002728,0.6221052631580837,0.3778947368419163,0.0
6,56,3,0.4830000000001746,0.0,0.0,0.4830000000001746,1.0,0.0,0.0
6,56,4,0.01999999999998181,0.0,0.0,0.01999999999998181,1.0,0.0,0.0
6,56,5,0.04100000000016735,0.0,0.0,0.04100000000016735,1.0,0.0,0.0
6,56,6,0.03099999999994907,0.0,0.0,0.03099999999994907,1.0,0.0,0.0
6,56,7,0.04800000000022919,0.0,0.0,0.04800000000022919,1.0,0.0,0.0
6,56,8,0.29999999999972715,0.0,0.0,0.29999999999972715,1.0,0.0,0.0
6,56,9,0.10300000000006548,0.0,0.6220000000002983,0.7250000000003638,0.14206896551726042,0.8579310344827396,0.0
6,56,10,2.486000000000331,0.0,0.569999999999709,3.05600000000004,0.8134816753927678,0.18651832460723217,0.0
6,56,14,0.0,0.13100000000031287,0.0,0.13100000000031287,0.0,0.0,1.0
6,56,17,0.9700000000002547,0.0,0.0,0.9700000000002547,1.0,0.0,0.0
6,56,18,0.010999999999967258,0.0,0.0,0.010999999999967258,1.0,0.0,0.0
6,56,19,0.007999999999810825,0.0,0.0,0.007999999999810825,1.0,0.0,0.0
6,56,20,0.010999999999967258,0.0,0.0,0.010999999999967258,1.0,0.0,0.0
6,56,22,0.047999999999774445,0.0,0.01999999999998181,0.06799999999975626,0.7058823529403897,0.2941176470596103,0.0
6,56,23,0.1890000000003056,0.2460000000000946,0.1929999999993015,0.6279999999997017,0.30095541401336845,0.30732484076336497,0.39171974522326664
6,56,24,0.012000000000170985,0.0,0.0,0.012000000000170985,1.0,0.0,0.0
6,56,26,0.012999999999919964,0.0,0.0,0.012999999999919964,1.0,0.0,0.0
6,56,29,0.007000000000061846,0.0,0.0,0.007000000000061846,1.0,0.0,0.0
6,56,30,0.009000000000014552,0.0,0.0,0.009000000000014552,1.0,0.0,0.0
6,56,32,0.012000000000170985,0.0,0.0,0.012000000000170985,1.0,0.0,0.0
6,56,36,0.010999999999967258,0.0,0.0,0.010999999999967258,1.0,0.0,0.0
6,56,40,0.009000000000014552,0.0,0.0,0.009000000000014552,1.0,0.0,0.0
6,56,43,0.009999999999763531,0.0,0.0,0.009999999999763531,1.0,0.0,0.0
6,56,46,0.009000000000014552,0.0,0.0,0.009000000000014552,1.0,0.0,0.0
6,56,47,0.009000000000014552,0.0,0.0,0.009000000000014552,1.0,0.0,0.0
6,56,49,0.012000000000170985,0.0,0.0,0.012000000000170985,1.0,0.0,0.0
6,56,51,0.010999999999967258,0.0,0.0,0.010999999999967258,1.0,0.0,0.0
6,56,53,0.008000000000265572,0.0,0.0,0.008000000000265572,1.0,0.0,0.0
6,56,54,0.18999999999959982,0.0,0.0,0.18999999999959982,1.0,0.0,0.0
6,56,55,0.05099999999993088,0.0,0.0,0.05099999999993088,1.0,0.0,0.0
6,56,56,0.017000000000280124,0.0,0.012999999999919964,0.03000000000020009,0.5666666666722247,0.4333333333277753,0.0
6,56,57,0.011999999999716238,0.0,0.0,0.011999999999716238,1.0,0.0,0.0
6,56,58,0.2029999999995198,0.0,0.01900000000023283,0.22199999999975262,0.9144144144132702,0.08558558558672974,0.0
6,57,0,3.2900000000011005,0.32999999999992724,0.7150000000001455,4.335000000001173,0.7589388696655617,0.1649365628604272,0.07612456747401106
6,57,1,0.12199999999938882,0.0,0.05999999999994543,0.18199999999933425,0.6703296703287642,0.3296703296712358,0.0
6,57,2,0.07600000000047658,0.0,0.010000000000218279,0.08600000000069485,0.8837209302309595,0.11627906976904048,0.0
6,57,3,1.45699999999988,0.0,0.018999999999778083,1.475999999999658,0.9871273712738601,0.012872628726139895,0.0
6,57,4,0.010999999999967258,0.0,0.0,0.010999999999967258,1.0,0.0,0.0
6,57,5,0.03900000000021464,0.0,0.0,0.03900000000021464,1.0,0.0,0.0
6,57,6,0.05299999999942884,0.0,0.0,0.05299999999942884,1.0,0.0,0.0
6,57,7,0.05999999999994543,0.0,0.0,0.05999999999994543,1.0,0.0,0.0
6,57,8,0.04800000000022919,0.0,0.0,0.04800000000022919,1.0,0.0,0.0
6,57,9,0.3589999999999236,0.0,0.0,0.3589999999999236,1.0,0.0,0.0
6,57,10,8.692000000000007,0.0,0.09000000000014552,8.782000000000153,0.9897517649737937,0.010248235026206327,0.0
6,57,11,0.8709999999996398,0.0,0.0,0.8709999999996398,1.0,0.0,0.0
6,57,12,2.6860000000010587,0.0,0.0,2.6860000000010587,1.0,0.0,0.0
6,57,13,0.8229999999994106,0.0,0.06999999999970896,0.8929999999991196,0.9216125419935297,0.07838745800647029,0.0
6,57,14,1.4190000000003238,0.0,0.5799999999999272,1.999000000000251,0.7098549274638047,0.2901450725361953,0.0
6,57,23,0.0,1.2499999999995453,0.3720000000002983,1.6219999999998436,0.0,0.22934648582018138,0.7706535141798186
6,57,56,0.01999999999998181,0.0,0.0,0.01999999999998181,1.0,0.0,0.0
6,57,57,0.016999999999825377,0.0,0.0,0.016999999999825377,1.0,0.0,0.0
6,57,58,0.010000000000218279,0.0,0.0,0.010000000000218279,1.0,0.0,0.0
6,58,0,0.6450000000004366,0.1770000000001346,0.6479999999996835,1.4700000000002547,0.4387755102043026,0.44081632653032055,0.12040816326537683
6,58,1,0.02999999999974534,0.0,0.011999999999943611,0.04199999999968895,0.7142857142849409,0.2857142857150591,0.0
6,58,2,0.01900000000023283,0.0,0.0,0.01900000000023283,1.0,0.0,0.0
6,58,3,0.009000000000014552,0.0,0.009999999999990905,0.019000000000005457,0.47368421052694565,0.5263157894730544,0.0
6,58,4,0.01900000000023283,0.0,0.0,0.01900000000023283,1.0,0.0,0.0
6,58,5,0.021999999999934516,0.0,0.008000000000038199,0.029999999999972715,0.7333333333318175,0.2666666666681825,0.0
6,58,6,0.02099999999973079,0.0,0.0,0.02099999999973079,1.0,0.0,0.0
6,58,7,0.012000000000170985,0.0,0.02299999999991087,0.035000000000081855,0.3428571428612263,0.6571428571387737,0.0
6,58,8,0.009999999999763531,0.0,1.2639999999998963,1.2739999999996598,0.007849293563395763,0.9921507064366042,0.0
6,58,9,0.03000000000020009,0.0,0.0,0.03000000000020009,1.0,0.0,0.0
6,58,10,3.0189999999993233,0.0,0.08900000000039654,3.10799999999972,0.9713642213640912,0.028635778635908802,0.0
6,58,11,4.5210000000001855,0.009999999999763531,0.03099999999994907,4.561999999999898,0.9910127137221145,0.006795265234535239,0.002192021043350231
6,58,12,1.0199999999999818,0.03099999999994907,0.0,1.0509999999999309,0.9705042816365832,0.0,0.02949571836341685
6,58,13,0.009999999999763531,0.028999999999996362,0.0,0.03899999999975989,0.2564102564057717,0.0,0.7435897435942282
6,58,14,0.09999999999990905,0.13999999999987267,0.03900000000021464,0.27899999999999636,0.35842293906777906,0.1397849462373303,0.5017921146948907
6,58,15,0.0,0.17000000000007276,0.0,0.17000000000007276,0.0,0.0,1.0
6,58,20,0.0,0.2270000000003165,0.0,0.2270000000003165,0.0,0.0,1.0
6,58,23,0.0,1.029000000000451,0.0,1.029000000000451,0.0,0.0,1.0
6,59,0,1.0579999999999927,0.36200000000008004,0.021999999999934516,1.4420000000000073,0.7337031900138609,0.015256588072076563,0.25104022191406256
6,59,6,0.7120000000004438,0.0,0.13200000000006185,0.8440000000005057,0.8436018957346176,0.15639810426538242,0.0
6,59,7,0.028000000000247383,0.0,0.38000000000010914,0.4080000000003565,0.06862745098093852,0.9313725490190615,0.0
6,59,8,0.02099999999973079,0.0,0.2300000000000182,0.250999999999749,0.08366533864442945,0.9163346613555705,0.0
6,59,9,0.028000000000247383,0.0,0.6610000000000582,0.6890000000003056,0.04063860667668355,0.9593613933233165,0.0
6,59,10,1.3659999999995307,0.0,0.03899999999975989,1.4049999999992906,0.9722419928827192,0.027758007117280842,0.0
6,59,11,7.832000000000789,0.0,0.5520000000001346,8.384000000000924,0.9341603053435027,0.06583969465649735,0.0
6,59,12,0.03899999999975989,0.0,0.011999999999716238,0.05099999999947613,0.7647058823560882,0.23529411764391178,0.0
6,59,13,0.021999999999934516,0.0,0.03000000000020009,0.052000000000134605,0.4230769230745686,0.5769230769254314,0.0
6,59,14,0.05999999999994543,0.0,0.06899999999995998,0.1289999999999054,0.46511627906968545,0.5348837209303146,0.0
6,59,15,0.009000000000014552,0.0,0.12000000000034561,0.12900000000036016,0.06976744186038314,0.9302325581396169,0.0
6,59,20,0.022999999999683496,0.4630000000001928,0.7760000000002947,1.262000000000171,0.018225039619398083,0.6148969889066478,0.3668779714739541
6,59,21,0.0,0.02099999999973079,0.0,0.02099999999973079,0.0,0.0,1.0
6,59,23,0.0,0.02999999999974534,0.0,0.02999999999974534,0.0,0.0,1.0
6,60,0,1.668999999999869,0.0,0.058999999999741704,1.7279999999996107,0.9658564814816233,0.034143518518376735,0.0
6,60,1,0.01999999999998181,0.0,0.0,0.01999999999998181,1.0,0.0,0.0
6,60,2,0.03099999999994907,0.0,0.0,0.03099999999994907,1.0,0.0,0.0
6,60,3,0.021000000000185537,0.0,0.0,0.021000000000185537,1.0,0.0,0.0
6,60,4,0.6179999999999382,0.0,0.0,0.6179999999999382,1.0,0.0,0.0
6,60,5,0.41000000000030923,0.0,0.05099999999993088,0.4610000000002401,0.8893709327550883,0.11062906724491174,0.0
6,60,6,1.007999999999356,0.0,0.05999999999994543,1.0679999999993015,0.9438202247191155,0.056179775280884525,0.0
6,60,7,0.0,0.009000000000014552,0.021000000000185537,0.03000000000020009,0.0,0.7000000000015159,0.2999999999984842
6,60,8,0.0,0.009999999999763531,0.0,0.009999999999763531,0.0,0.0,1.0
6,60,9,0.0,0.13000000000010914,0.058999999999741704,0.18899999999985084,0.0,0.3121693121681919,0.6878306878318081
6,60,10,0.010000000000218279,0.0,0.032000000000152795,0.042000000000371074,0.2380952380983316,0.7619047619016683,0.0
6,60,11,4.0809999999992215,0.0,0.009000000000014552,4.089999999999236,0.997799511002441,0.002200488997558981,0.0
6,60,12,0.08800000000019281,0.0,0.0,0.08800000000019281,1.0,0.0,0.0
6,60,13,0.041999999999916326,0.0,0.0,0.041999999999916326,1.0,0.0,0.0
6,60,14,0.018000000000029104,0.0,0.023000000000138243,0.04100000000016735,0.43902439024282036,0.5609756097571796,0.0
6,60,15,0.0,0.0,0.016999999999825377,0.016999999999825377,0.0,1.0,0.0
6,60,16,0.0,0.0,0.021000000000185537,0.021000000000185537,0.0,1.0,0.0
6,60,17,0.0,0.0,0.010999999999967258,0.010999999999967258,0.0,1.0,0.0
6,60,18,0.0,0.0,0.2889999999997599,0.2889999999997599,0.0,1.0,0.0
6,60,19,0.0,0.0,0.03900000000021464,0.03900000000021464,0.0,1.0,0.0
6,60,20,0.0,0.0,0.48099999999976717,0.48099999999976717,0.0,1.0,0.0
6,61,0,1.5049999999996544,0.0,0.0,1.5049999999996544,1.0,0.0,0.0
6,61,1,0.009000000000014552,0.0,0.0,0.009000000000014552,1.0,0.0,0.0
6,61,3,0.010999999999967258,0.0,0.0,0.010999999999967258,1.0,0.0,0.0
6,61,4,0.012999999999919964,0.0,0.0,0.012999999999919964,1.0,0.0,0.0
6,61,5,0.008000000000265572,0.0,0.0,0.008000000000265572,1.0,0.0,0.0
6,61,7,0.007000000000061846,0.0,0.0,0.007000000000061846,1.0,0.0,0.0
6,61,9,0.01999999999998181,0.0,0.0,0.01999999999998181,1.0,0.0,0.0
6,61,10,0.009999999999763531,0.0,0.0,0.009999999999763531,1.0,0.0,0.0
6,61,11,2.8640000000004875,0.0,0.15300000000024738,3.017000000000735,0.9492873715610838,0.05071262843891618,0.0
6,61,12,1.2390000000004875,0.0,0.038000000000010914,1.2770000000004984,0.9702427564604572,0.029757243539542743,0.0
6,61,13,0.03899999999975989,0.0,0.13099999999985812,0.169999999999618,0.22941176470498545,0.7705882352950145,0.0
6,62,0,2.5060000000012224,0.0,0.0,2.5060000000012224,1.0,0.0,0.0
6,62,11,0.01999999999998181,0.0,0.0,0.01999999999998181,1.0,0.0,0.0
6,62,12,0.009999999999763531,0.0,0.0,0.009999999999763531,1.0,0.0,0.0
6,63,0,1.3809999999989486,0.0,0.0,1.3809999999989486,1.0,0.0,0.0
6,64,0,1.674000000000433,0.0,0.9810000000006767,2.6550000000011096,0.6305084745761708,0.36949152542382924,0.0
6,65,0,0.6169999999997344,0.020000000000436557,1.5569999999993342,2.1939999999995052,0.2812215132178093,0.7096627164994008,0.009115770282789912
6,66,0,0.7450000000003456,0.0,0.6059999999997672,1.3510000000001128,0.551443375277782,0.448556624722218,0.0
6,66,1,0.0,0.0,0.010000000000218279,0.010000000000218279,0.0,1.0,0.0
6,66,3,0.0,0.0,0.009000000000014552,0.009000000000014552,0.0,1.0,0.0
6,66,5,0.0,0.0,0.03199999999969805,0.03199999999969805,0.0,1.0,0.0
6,66,6,0.0,0.0,0.018000000000029104,0.018000000000029104,0.0,1.0,0.0
6,66,7,0.0,0.0,0.4010000000002947,0.4010000000002947,0.0,1.0,0.0
6,67,0,0.04999999999972715,0.0999999999994543,0.44000000000005457,0.589999999999236,0.08474576271151169,0.745762711865465,0.16949152542302337
6,67,1,0.0,0.020000000000436557,0.0,0.020000000000436557,0.0,0.0,1.0
6,67,3,0.7279999999996107,0.0,0.20100000000002183,0.9289999999996326,0.7836383207749178,0.21636167922508215,0.0
6,67,4,0.007999999999810825,0.0,0.1730000000002292,0.18100000000004002,0.044198895026569374,0.9558011049734306,0.0
6,67,5,0.0,0.009000000000014552,0.03000000000020009,0.03900000000021464,0.0,0.7692307692316662,0.23076923076833383
6,67,6,0.06199999999989814,0.0,0.009000000000014552,0.07099999999991269,0.8732394366193574,0.12676056338064254,0.0
6,67,7,0.13000000000010914,0.012999999999919964,0.16899999999986903,0.31199999999989814,0.4166666666671525,0.5416666666664237,0.04166666666642375
6,67,9,0.0,0.4259999999999309,0.01900000000023283,0.4450000000001637,0.0,0.04269662921399065,0.9573033707860094
6,67,10,0.0,0.12399999999979627,0.1999999999998181,0.3239999999996144,0.0,0.6172839506174572,0.3827160493825428
6,68,0,0.14199999999982538,0.0,0.03900000000021464,0.18100000000004002,0.7845303867391933,0.21546961326080674,0.0
6,69,0,0.06899999999995998,0.0,0.0,0.06899999999995998,1.0,0.0,0.0
