gear,old_tcc_state,new_tcc_state,time_s,speed_mph,slip_rpm,abs_slip_rpm,tcc_line_psi,tcc_desired_slip,brake_pressure,pedal_pct,throttle_pct,delivered_engine_torque,trans_engine_torque,driver_axle_tq_req,tcs_request,tcs_system,tcs_desired_torque,tcs_engine_torque_req,trans_fluid_temp,reason,pre_mean_speed_mph,pre_mean_pedal_pct,pre_mean_pedal_rate,pre_mean_throttle_pct,pre_mean_slip_rpm,pre_mean_tcc_line_psi,pre_mean_brake_pressure,pre_max_brake_pressure,pre_mean_delivered_engine_torque,pre_mean_trans_engine_torque,pre_mean_driver_axle_tq_req,pre_mean_tcs_desired_torque,pre_mean_tcs_engine_torque_req,pre_any_tcs_request,post_mean_speed_mph,post_mean_pedal_pct,post_mean_pedal_rate,post_mean_throttle_pct,post_mean_slip_rpm,post_mean_tcc_line_psi,post_mean_brake_pressure,post_max_brake_pressure,post_mean_delivered_engine_torque,post_mean_trans_engine_torque,post_mean_driver_axle_tq_req,post_mean_tcs_desired_torque,post_mean_tcs_engine_torque_req,post_any_tcs_request
4,OPEN,PARTIAL,711.959,41.0104986877,117.5,117.5,18.1903392317,12.0,0.0,21.1764705882,28.6509803922,173.4716340537,94.4817113224,443.444650196,No,On,27.40234375,23.6019887769,73.4,TRACTION,40.439083203062,21.176470588200004,0.0,29.014398710443,250.20937825021596,23.817632060556,0.0,0.0,173.67515135133502,166.08879332822096,457.8708858657639,27.40234375,23.60198877689999,1.0,41.11472691069597,21.176470588200004,0.0,27.85637218092222,410.190195916697,11.487020857549496,0.0,0.0,173.26884677586565,165.99770918971413,440.6591626129182,27.40234375,23.60198877689999,1.0
4,PARTIAL,OPEN,711.969,41.0104986877,125.0234375,125.0234375,17.9212262303,12.0,0.0,21.1764705882,28.5725490196,173.4552058995,95.6064936001,443.2551429634,No,On,27.40234375,23.6019887769,73.4,TRACTION,40.451510626906995,21.176470588200004,0.0,29.001005582895,247.734378250216,23.742472048625004,0.0,0.0,173.69304640280902,165.29849548527,457.49219654903493,27.40234375,23.60198877689999,1.0,41.12611205231,21.176470588200004,0.0,27.857181008132002,415.05656764704605,11.305633812449999,0.0,0.0,173.274768130457,166.855992080682,440.82894406172693,27.40234375,23.60198877689999,1.0
4,OPEN,PARTIAL,711.98,41.0104986877,118.8235294118,118.8235294118,17.9642843105,12.0,0.0,21.1764705882,28.4862745098,173.4371349299,98.8333280032,443.0466850076,No,On,27.40234375,23.6019887769,73.4,TRACTION,40.46850882620909,21.176470588200004,0.0,28.975593982435356,244.12996791094346,23.632242245622223,0.0,0.0,173.72899226421313,164.39555675610808,456.88317687139795,27.40234375,23.60198877689999,1.0,41.132325764232,21.176470588200004,0.0,27.856004537544003,419.027877807473,11.181838741526,0.0,0.0,173.27712723007897,167.600929851452,440.90732701313294,27.40234375,23.60198877689999,1.0
4,PARTIAL,OPEN,711.989,41.0104986877,124.7794117647,124.7794117647,17.8539708249,12.0,0.0,21.1764705882,28.4156862745,173.4223495911,97.9113753166,442.8761284982,No,On,27.40234375,23.6019887769,73.4,TRACTION,40.473928724824,21.176470588200004,0.0,28.970700787709003,242.876903525952,23.575562666270997,0.0,0.0,173.72607369087,163.739934468579,456.7448119527599,27.40234375,23.60198877689999,1.0,41.138539476154,21.176470588200004,0.0,27.856318263034005,422.97258368982597,11.058685321728001,0.0,0.0,173.27973729222597,168.355893857688,440.99044142562997,27.40234375,23.60198877689999,1.0
4,OPEN,PARTIAL,1211.087,41.4703133699,109.625,109.625,16.5705622403,12.0,0.0,16.4705882353,15.2630557173,117.4109138001,37.9153042363,352.0444394353,No,On,27.40234375,23.6019887769,95.0,TRACTION,41.202808024126,20.282762335711002,-7.081872376014812,26.224270475720004,288.44555987292495,22.722914276247998,0.0,0.0,165.57587589553202,168.797552725036,496.51982830919803,27.40234375,23.60198877689999,1.0,41.09331312828301,16.901960784323,0.7189542483852276,20.432360381763996,245.192258385262,11.139598884783004,0.0,0.0,107.03559405023601,98.15756047620502,258.922182285739,27.40234375,23.60198877689999,1.0
4,PARTIAL,OPEN,1211.147,41.6318698799,130.875,130.875,15.8091140848,12.0,0.0,16.4705882353,19.9223451757,111.1935011511,35.7717642399,331.9998341789,No,On,27.40234375,23.6019887769,95.0,TRACTION,41.238474730558,19.906291747477002,-7.081872376014812,25.454089928251996,270.937205118221,22.332895337002,0.0,0.0,160.99736936181796,159.774528178053,482.97615032347693,27.40234375,23.60198877689999,1.0,41.056030856751,16.949019607853,0.7189542483852276,20.614771564056,257.918049769891,10.316902791137002,0.0,0.0,107.20967554440398,103.050497215815,253.99475263826199,27.40234375,23.60198877689999,1.0
4,OPEN,PARTIAL,1304.146,38.5250139187,119.875,119.875,0.0,12.0,0.0,12.5490196078,16.2026790914,81.166629708,74.770362883,131.3686815494,No,On,27.40234375,23.6019887769,100.4,TRACTION,38.495129199541104,17.146236842319997,20.38596238010103,22.261771811154443,338.7842669022589,0.5534275113511111,0.0,0.0,108.06728194039223,136.4281871654711,301.98154017798,27.40234375,23.601988776899994,1.0,38.52501391869999,12.179215120390905,-0.5841026339544821,12.7532448947,115.5931255137485,0.0,0.0,0.0,70.97832458270808,56.52980548894646,114.18662915963031,27.40234375,23.60198877689999,1.0
4,PARTIAL,OPEN,1304.176,38.5250139187,121.75,121.75,0.0,12.0,0.0,12.5490196078,16.0784313725,80.5205632505,72.7569371771,130.332188916,No,On,27.40234375,23.6019887769,100.4,TRACTION,38.49609322273978,16.997939512174188,19.728350690420353,22.06364521333656,331.7246097710032,0.5355750109849462,0.0,0.0,107.19234044896022,134.40360055861828,296.4663829922419,27.40234375,23.601988776899987,1.0,38.52501391869999,12.151540616249,-0.5782616076149373,12.627986955558999,115.010147887643,0.0,0.0,0.0,70.38884579694201,56.22895915306301,113.102905845413,27.40234375,23.60198877689999,1.0
4,OPEN,PARTIAL,1304.216,38.5250139187,116.0,116.0,0.0,12.0,0.0,12.5490196078,16.0784313725,79.6591413073,71.1632229967,128.9501987381,No,On,27.40234375,23.6019887769,100.4,TRACTION,38.497285828758756,16.814478897560825,18.914810455763842,21.816832271446387,323.04210087073096,0.5134894435216495,0.0,0.0,106.07893037414432,131.82614954139072,289.5937612259917,27.40234375,23.601988776899994,1.0,38.52501391869999,12.120168067233,-0.5782616076149373,12.463555583012,114.404056505067,0.0,0.0,0.0,69.719266358487,55.836512147766996,111.89116517660901,27.40234375,23.60198877689999,1.0
4,PARTIAL,OPEN,1304.308,38.5250139187,122.0,122.0,0.0,12.0,0.0,12.5490196078,15.8648806057,77.6778708379,47.6096367358,125.771621329,No,On,27.40234375,23.6019887769,100.4,TRACTION,38.51668421284285,16.0346592849551,-8.789202216629196,20.69725869344184,296.2705081533653,0.508249755322449,0.0,0.0,100.47528523154286,122.26194801170715,257.9326299292684,27.40234375,23.601988776899994,1.0,38.52501391869999,12.049579831946996,-0.5782616076149373,12.083214678337999,113.51324554771199,0.0,0.0,0.0,68.291839241036,55.42084977901799,109.32485131012899,27.40234375,23.60198877689999,1.0
4,OPEN,PARTIAL,1304.366,38.5250139187,113.875,113.875,0.0,12.0,0.0,12.5490196078,15.4486036839,76.4288090202,24.3752394172,123.7677355711,No,On,27.40234375,23.6019887769,100.4,TRACTION,38.52501391869999,15.604162177683998,-8.613418172296612,20.067495074985004,280.878437204007,0.498084760216,0.0,0.0,97.645363594474,114.78461768051497,242.07448120903197,27.40234375,23.60198877689999,1.0,38.52501391869999,12.00492318141313,-0.5841026339544823,11.84874605900808,112.99713321046262,0.0,0.0,0.0,67.45646522195051,57.22319712233334,107.83554523674444,27.40234375,23.60198877689999,1.0
4,PARTIAL,OPEN,1304.467,38.5250139187,120.125,120.125,0.0,12.0,0.0,12.5490196078,13.453698311,74.2537186135,15.8575862095,120.278210372,No,On,27.40234375,23.6019887769,100.4,TRACTION,38.52501391869999,14.644727095694947,-8.30430435302652,18.513778583235354,248.7215511530374,0.503115919410101,0.0,0.0,91.82393711926062,98.27214136455959,209.9939695491111,27.40234375,23.60198877689999,1.0,38.51292912156325,11.927342365545915,-0.5900628649132014,11.547010883572451,112.50213570811124,0.0,0.0,0.0,66.12102657451939,61.72256873726632,105.46922453663265,27.40234375,23.601988776899994,1.0
4,OPEN,PARTIAL,1304.476,38.5250139187,119.8185483871,119.8185483871,0.0,12.0,0.0,12.5490196078,13.2789749563,74.0598986763,19.1766158812,119.9672625819,No,On,27.40234375,23.6019887769,100.4,TRACTION,38.52501391869999,14.623770020815996,-8.221261309496255,18.463177780513,247.43558564150703,0.498084760216,0.0,0.0,91.648234934203,97.447995813009,209.09681195734,27.40234375,23.60198877689999,1.0,38.50895075458673,11.919339164266324,-0.5900628649132014,11.520914900625508,112.4086718562949,0.0,0.0,0.0,65.98795894346836,62.16908077183368,105.23647608457757,27.40234375,23.601988776899994,1.0
4,PARTIAL,OPEN,1304.487,38.5250139187,121.0390625,121.0390625,0.0,12.0,0.0,12.5490196078,13.0654241895,73.8230076419,26.9210184486,119.587215283,No,On,27.40234375,23.6019887769,100.4,TRACTION,38.52501391869999,14.470435156696967,-8.30430435302652,18.20194347815657,242.66557268556667,0.503115919410101,0.0,0.0,90.81065080034544,95.06486353361113,204.479665291903,27.40234375,23.60198877689999,1.0,38.506215627289784,11.911335962986731,-0.5900628649132014,11.495797526942857,112.30249094643061,0.0,0.0,0.0,65.85648480086428,62.53409877428266,105.00685976485919,27.40234375,23.601988776899994,1.0
4,OPEN,PARTIAL,1361.995,41.4289731641,61.875,61.875,0.0,11.625,0.0,7.0588235294,8.4833933573,84.9543797102,38.1803656337,495.3216054909,No,On,27.40234375,23.6019887769,105.8,TRACTION,41.0954785123279,19.737743636504653,-12.454132929306525,27.748209448932553,544.5224185274093,0.0,0.0,0.0,136.0808870245139,191.79509000554881,706.9664889710513,27.40234375,23.601988776900004,1.0,41.507915104324,7.358169934670998,0.4664289959162398,10.177599200013999,39.973826948881,0.46884071970300006,0.0,0.0,30.736308029240003,23.419107894981003,148.424113587063,27.40234375,23.60198877689999,1.0
4,PARTIAL,LOCKED,1362.026,41.4491136469,33.0,33.0,0.0,11.625,0.0,7.0588235294,5.1340536214,77.7057481159,28.0734593069,465.3149441764,No,On,27.40234375,23.6019887769,105.8,TRACTION,41.12499030344565,18.910857542563043,-11.641906868699577,26.416647900497818,513.4330356921718,0.0,0.0,0.0,132.58388745141085,181.40895946392607,692.4902005238436,27.40234375,23.601988776900004,1.0,41.50900133112122,7.369115996598989,0.47114039991539375,10.280637669546463,40.46786039150606,0.47357648454848483,0.0,0.0,29.244478820179804,22.821134387579797,136.57609364342525,27.40234375,23.60198877689999,1.0
4,LOCKED,PARTIAL,1362.413,41.6318698799,52.75,52.75,0.0,11.625,0.0,7.4509803922,13.7568627451,18.0901295732,21.0205212544,90.7156561533,No,On,27.40234375,23.6019887769,105.8,TRACTION,41.20730793848334,13.625475831359527,-5.820057337720913,17.304442647715476,288.6597193190072,0.5581437139321429,0.0,0.0,89.94632043037382,107.94572334980003,508.6886281962928,27.40234375,23.6019887769,1.0,41.600681825828,7.517647058859,0.7922360862629836,10.953568627445998,50.16320393139101,0.0,0.0,0.0,28.766194326456002,26.294199523843997,51.505154691359,27.40234375,23.60198877689999,1.0
4,PARTIAL,LOCKED,1362.467,41.6318698799,49.875,49.875,0.0,11.625,0.0,7.4509803922,14.0549019608,19.2425685976,23.7804312323,44.3360816354,No,On,27.40234375,23.6019887769,105.8,TRACTION,41.23561206791112,13.213842802082223,-5.432053515206186,17.079179150940003,272.8882287904822,0.5209341330033334,0.0,0.0,85.18341448162889,102.19194991092665,479.41484847149,27.40234375,23.601988776899994,1.0,41.600681825828,7.568627451011,1.148742325165767,10.656710635761996,48.961529788246,0.0,0.0,0.0,30.115779028511007,27.575166534684996,51.258510557796995,27.40234375,23.60198877689999,1.0
4,LOCKED,PARTIAL,1362.476,41.6318698799,50.1975806452,50.1975806452,0.0,11.625,0.0,7.4509803922,13.9843137255,19.4346417683,24.3149655212,44.4596106535,No,On,27.40234375,23.6019887769,105.8,TRACTION,41.23996654936155,13.150514643731869,-5.372360619434689,17.04594533566374,270.43753396860876,0.5152095820912088,0.0,0.0,84.45878980158462,101.33028487050218,474.6337631216429,27.40234375,23.60198877689999,1.0,41.60036679497879,7.569815805140405,1.160345782995724,10.623098483340401,48.94904442605455,0.0,0.0,0.0,30.22366930386667,27.60809785805353,51.327186314406056,27.40234375,23.60198877689999,1.0
4,PARTIAL,LOCKED,1362.487,41.6318698799,49.078125,49.078125,0.0,11.625,0.0,7.4509803922,13.8980392157,19.6693978659,25.4458941501,44.6105905646,No,On,27.40234375,23.6019887769,105.8,TRACTION,41.244226368171745,13.08856318447609,-5.313965395310399,17.012666731205435,268.0436214324847,0.5096094779380436,0.0,0.0,83.75200558383152,100.49316183409674,469.95795711655444,27.40234375,23.60198877689999,1.0,41.600681825828,7.603921568657,1.9766290354209735,10.561527431166999,48.63387353824601,0.0,0.0,0.0,30.573216474771,27.94580688057399,51.535165545615,27.40234375,23.60198877689999,1.0
4,LOCKED,PARTIAL,1362.867,41.6318698799,57.1625,57.1625,0.0,11.625,0.0,7.4509803922,12.8156862745,27.7791539634,33.2824919861,49.8262602196,No,On,27.40234375,23.6019887769,105.8,TRACTION,41.446353915886,7.507717445976999,-5.316932522719787,10.834245193067003,70.22961248315501,0.46884071970300006,0.0,0.0,40.637480259783,30.575277386301995,219.31419904250504,27.40234375,23.60198877689999,1.0,41.600681825828005,8.917747611879001,4.546745919323543,10.340284157819001,45.962860427679,0.0,0.0,0.0,39.969643448606,33.375836972019,60.81022980402399,27.40234375,23.60198877689999,1.0
4,OPEN,PARTIAL,1369.346,47.22421061,101.625,101.625,0.0,11.625,0.0,6.2745098039,8.2352941176,96.3939154865,54.087890947,87.870058525,No,On,27.40234375,23.6019887769,105.8,TRACTION,46.576926106928006,22.450657185942,-23.81025292789085,28.605686843169007,513.097947886119,0.0,0.0,0.0,179.51478943484994,236.16291688544902,586.4708688158759,27.40234375,23.60198877689999,1.0,46.996119084171006,6.454901960787002,0.6228373702290522,10.634308242664996,52.731580443111,0.557858156867,0.0,0.0,62.95504302601899,31.675380345340002,54.772789077511,27.40234375,23.60198877689999,1.0
4,PARTIAL,LOCKED,1369.406,47.22421061,45.0,45.0,0.0,11.625,0.0,6.2745098039,9.8235294118,92.3506580973,37.4967079762,50.3551240315,No,On,27.40234375,23.6019887769,105.8,TRACTION,46.65149064999201,20.944774832999997,-23.81025292789085,26.963528395953993,481.25562868968996,0.0,0.0,0.0,168.97725626714598,221.64048144685702,529.266689797097,27.40234375,23.60198877689999,1.0,46.971455181160614,6.49309494229596,0.6585919823244475,10.693400696849496,52.01079783619999,0.5634930877444445,0.0,0.0,59.897944467981816,31.1500651888303,54.922921987515146,27.40234375,23.60198877689999,1.0
4,LOCKED,PARTIAL,1369.556,47.22421061,54.4090909091,54.4090909091,0.0,11.625,0.0,6.2745098039,12.860438293,82.2425146244,17.5516742711,51.7248823087,No,On,27.40234375,23.6019887769,105.8,TRACTION,46.80664581830901,17.180068950645,-23.81025292789085,23.307369226413996,396.433968529621,0.0,0.0,0.0,144.644045392896,183.53576814156807,394.270129312658,27.40234375,23.60198877689999,1.0,46.95895311149701,6.817379679151002,2.1222134150883423,10.666660414903,55.78857466355699,0.557858156867,0.0,0.0,52.967789403337,28.347776369099,56.444569776896,27.40234375,23.60198877689999,1.0
4,OPEN,PARTIAL,1400.655,45.3600970333,112.75,112.75,8.5328650814,10.25,0.0,10.5882352941,16.9617746088,36.7352575837,51.2367770474,104.700506168,No,On,27.40234375,23.6019887769,108.7398797595,TRACTION,45.5713632387,10.5882352941,882.3529411791462,16.862745098,128.3146551724,8.4943394307,0.0,0.0,36.95198091,51.6293504494,103.9250814854,27.40234375,23.6019887769,1.0,45.965316928213994,7.067194570132001,-10.816650669564059,13.905014593969,66.364255266041,9.624442490024999,0.0,0.0,23.196969844734994,42.712564943268,59.987135028123,27.40234375,23.60198877689999,1.0
4,PARTIAL,LOCKED,1400.746,45.9814682256,10.875,10.875,7.7668844964,10.3515625,0.0,10.5882352941,14.9019607843,34.2700297463,49.4548137679,104.3639023857,No,On,27.40234375,23.6019887769,109.0681362725,TRACTION,45.71303587053,10.5882352941,88.23529411791462,16.23343236284,86.80038061884,8.463959359899999,0.0,0.0,35.76542069821,52.92439563768001,106.70835107466,27.40234375,23.601988776899997,1.0,45.98184540192901,6.114253393663001,-10.816650669564059,13.070896946912999,64.230568560989,9.590235805987998,0.0,0.0,21.034647797254003,39.537315093557005,50.76828355474199,27.40234375,23.60198877689999,1.0
4,LOCKED,PARTIAL,1401.025,46.4661377555,50.0967741935,50.0967741935,10.7149557452,10.0322580645,0.0,10.5882352941,16.862745098,26.7118037395,49.5468220279,74.6330689999,No,On,27.40234375,23.6019887769,109.4,TRACTION,45.884022516534216,10.5882352941,23.21981424155648,16.239778266684212,37.02563937630789,9.58029529561579,0.0,0.0,31.97162183782368,48.20224232902631,94.39195227981054,27.40234375,23.601988776900008,1.0,45.956670336933,3.149547511315,-10.816650669564059,10.570605268373997,77.69783256043101,7.615854740615999,0.0,0.0,15.140620408355998,30.731685585224,25.151982247593,27.40234375,23.60198877689999,1.0
4,PARTIAL,LOCKED,1401.316,45.9814682256,48.875,48.875,11.4579817679,9.875,0.0,7.0588235294,15.9930110658,18.8284927432,55.340210013,43.6234900922,No,On,27.40234375,23.6019887769,109.4,TRACTION,45.94196664473731,10.377524143980597,9.592560075434642,16.42075504354627,45.77498271592985,10.186419116150747,0.0,0.0,28.043277459125378,49.85994947591195,79.34249103772986,27.40234375,23.601988776900004,1.0,45.950953721965,0.255429864253,-7.350617791765165,8.191480979475,77.80966000842001,4.4240358849020005,0.0,0.0,10.364637466098,18.594609636073,4.263710801221,27.40234375,23.60198877689999,1.0
4,LOCKED,PARTIAL,1401.346,45.9814682256,52.875,52.875,8.9651455447,10.375,0.0,4.7058823529,15.2941176471,18.0157802694,55.6859422704,40.4266262873,No,On,27.40234375,23.6019887769,109.374749499,TRACTION,45.943659569631436,10.220642102989999,7.184318949134963,16.396210772841428,45.92684981612286,10.23962020068143,0.0,0.0,27.637521947838575,50.10123852656715,77.76905186076287,27.40234375,23.601988776900004,1.0,45.950645494655554,0.07823331352727272,-5.154035902642323,7.956396134764648,77.32216316499596,4.147606984321212,0.0,0.0,10.004551146772727,17.189310598155554,2.655364524002021,27.40234375,23.60198877689999,1.0
4,PARTIAL,OPEN,1401.436,45.9814682256,143.625,143.625,8.2184277851,12.0,0.0,0.0,8.5294117647,15.5776428478,15.9765478464,30.8360348726,No,On,27.40234375,23.6019887769,109.0501002004,TRACTION,45.94796688486836,9.213872501283545,-2.5229383009779682,15.993255133851902,50.24209436544937,10.062455243746834,0.0,0.0,26.41860999896709,49.88567610215444,73.03194968903672,27.40234375,23.601988776900004,1.0,45.950953721965,0.0,0.0,7.507531529629,68.571801290188,3.3319925899910006,0.0,0.0,8.783051209307,13.536278054204999,-2.703173555274,27.40234375,23.60198877689999,1.0
4,OPEN,PARTIAL,1401.587,45.9814682256,119.4,119.4,7.9952056323,12.0,0.0,0.0,7.2470588235,12.6440454779,14.7512429855,14.7451537212,No,On,27.40234375,23.6019887769,108.5054108216,TRACTION,45.953312843495745,7.743573697887234,-2.1203417635878683,14.559579669230851,64.3845161324883,9.739466047406383,0.0,0.0,24.417802497999993,44.91787221683084,65.1105046766383,27.40234375,23.601988776899987,1.0,45.947563221561104,0.0,0.0,7.558612418983335,53.56142029453334,2.364962632796667,0.0,0.0,7.640873908016666,12.099808382772224,-8.089354994216666,27.40234375,23.601988776899994,1.0
4,OPEN,PARTIAL,1431.256,39.7677563032,111.375,111.375,0.0,12.0,0.0,1.568627451,2.462745098,110.1546571602,48.1584697469,243.7006589019,No,On,27.40234375,23.6019887769,111.2,BRAKE,39.315143148372,18.641125541131,-24.261583421287515,25.521699709778996,508.69021386427596,0.171745671752,0.0,0.0,190.82715198120306,187.20576534475202,479.7202826563899,27.40234375,23.60198877689999,1.0,39.54265983886566,0.03443179913737374,-1.664735313450233,6.960897705933333,59.05863014183333,0.0,196.98765034794746,753.00018825,33.9471870755596,13.225612187861614,70.6172298081303,27.40234375,23.60198877689999,1.0
4,PARTIAL,LOCKED,1431.346,39.7677563032,42.375,42.375,0.0,12.0,0.0,0.0,5.0980392157,92.2061969053,14.8004137955,209.0865648991,No,On,27.40234375,23.6019887769,111.2,BRAKE,39.426989962977004,16.185016943845998,-26.266177620415114,22.782287945074998,456.9652735065149,0.171745671752,0.0,0.0,179.78043766929903,167.768754103098,433.9597015379991,27.40234375,23.60198877689999,1.0,39.48277368428901,0.0,0.0,7.349445591623999,60.176201184064006,0.0,287.687797011978,1053.0002632501,25.103948368244,11.400212086407,47.539115779233995,27.40234375,23.60198877689999,1.0
4,LOCKED,PARTIAL,1431.596,40.3038412534,54.625,54.625,0.0,12.0,0.0,0.0,8.768627451,42.3493628641,13.2047417048,112.9363037803,No,On,27.40234375,23.6019887769,111.2,BRAKE,39.672047909848494,9.455590952919191,-22.48751821075384,16.302568924559594,303.1135624612151,0.1734804765171717,0.0,0.0,140.68699361466162,108.49038396259292,313.4405492858808,27.40234375,23.60198877689999,1.0,39.19918795033799,0.0,0.0,7.226748266994,78.24944181285801,0.0,620.3296448783261,1425.0003562501,9.366846756222001,8.469664411101997,1.542499494385999,27.40234375,23.60198877689999,1.0
4,PARTIAL,LOCKED,1541.434,48.4669529945,47.703125,47.703125,0.0,12.0,0.0,0.0,7.5843137255,102.1837666625,34.2966399414,454.3109668382,No,On,27.40234375,23.6019887769,120.2,TRACTION,48.384966517766664,0.0,0.0,7.071895424833333,54.458333333333336,0.0,0.0,0.0,108.09815926809999,39.55352635533333,473.6879082414,27.40234375,23.6019887769,1.0,47.8602896959,0.22149321266899996,3.0679913767499603,10.870021543573998,25.458481567889,12.388093871450994,0.0,0.0,26.807829155456997,14.260831368406004,92.74498824268798,27.40234375,23.60198877689999,1.0
4,LOCKED,PARTIAL,1541.665,47.3704155964,-50.125,50.125,9.8316210319,12.0,0.0,0.0,11.7647058824,28.9931581678,18.0940649847,214.5213169731,No,On,27.40234375,23.6019887769,120.2,TRACTION,48.04977900015385,0.0,0.0,10.056319161346153,24.100073989353845,4.0280713505153845,0.0,0.0,71.71814541093846,24.40216347509231,354.4984252692962,27.40234375,23.601988776900004,1.0,47.82664033711801,1.2999245852090002,4.402414034697922,10.317108805236998,24.852188571463003,14.284805704518003,0.0,0.0,16.151702316256003,12.689183074454002,19.077790488907002,27.40234375,23.60198877689999,1.0
4,PARTIAL,LOCKED,1541.675,47.22421061,-45.73046875,45.73046875,9.7265937001,12.0,0.0,0.0,11.7647058824,25.8247335576,17.6364125695,204.14081265,No,On,27.40234375,23.6019887769,120.2,TRACTION,48.02461739260742,0.0,0.0,10.119592743607406,25.063960137896295,4.243017635011111,0.0,0.0,70.1357384760074,24.168530197670375,349.31408792499263,27.40234375,23.601988776900004,1.0,47.832854049041,1.3469834087380002,4.402414034697922,10.285580946568,24.553842217296,14.320158654593001,0.0,0.0,16.072826765058,12.661164110073,17.163999843040003,27.40234375,23.60198877689999,1.0
4,LOCKED,PARTIAL,1541.685,47.4230493916,-51.7983870968,51.7983870968,9.7315950016,12.0,0.0,0.0,11.7647058824,22.6563089474,16.2263672841,193.7603083268,No,On,27.40234375,23.6019887769,120.2,TRACTION,47.99603143608572,0.0,0.0,10.17834678427857,25.802049731185715,4.438859637335715,0.0,0.0,68.55320258606429,23.935240282378572,344.12932809374286,27.40234375,23.601988776900008,1.0,47.83707937314801,1.394042232267,4.402414034697923,10.253664813778,24.198438991489002,14.355467634892001,0.0,0.0,16.026033758606,12.650100677834,15.357791327762005,27.40234375,23.60198877689999,1.0
4,PARTIAL,LOCKED,1541.785,47.8455818023,-49.3970588235,49.3970588235,18.6709777935,8.5201612903,0.0,0.0,11.8185313341,14.3923205098,18.0226880025,89.9552650952,No,On,27.40234375,23.6019887769,120.2,TRACTION,48.00737551307895,0.0,0.0,10.596214407481579,33.3530183677921,7.769513375423683,0.0,0.0,54.523293459905254,21.85465474411579,292.18387958035527,27.40234375,23.601988776900008,1.0,47.81250414249701,1.8646304675570002,4.402414034697922,9.910476169649,22.126517979626996,13.920227659658998,0.0,0.0,16.406352904334,12.579692702123,3.244620287776,27.40234375,23.60198877689999,1.0
4,OPEN,PARTIAL,1974.163,51.5738089557,108.625,108.625,0.0,12.0,0.0,6.2745098039,10.8694791048,192.1137318279,91.7313182754,136.5624687162,No,On,27.40234375,23.6019887769,123.8,TRACTION,50.84363439960199,24.954123182557996,-33.59101360431126,32.915909564301,542.463093206097,0.0,0.0,0.0,275.009692695546,273.383134319951,511.2063684505509,27.40234375,23.60198877689999,1.0,51.51033003841817,6.551792434162628,0.4401311591463145,12.684970061684844,64.20386433907173,8.308683282513131,0.0,0.0,92.52900156914846,38.69453793393536,94.58344798498284,27.40234375,23.60198877689999,1.0
4,PARTIAL,LOCKED,2085.072,48.4669529945,48.25,48.25,0.8509270862,0.0,0.0,3.9215686275,9.9647058824,60.3452561716,30.9776102696,98.1085342414,No,On,27.40234375,23.6019887769,125.6,TRACTION,48.4669529945,5.5867269985,85.3636726932434,8.455686274520001,90.44947916666,0.0,0.0,0.0,65.13155123432,35.68878849814,103.5553781381,27.40234375,23.6019887769,1.0,48.38258196284701,2.689215686271001,-1.254703901823993,10.917406169480996,27.039516923531,14.499492531452,0.0,0.0,19.554266151735998,16.053544948632,31.285479192838,27.40234375,23.60198877689999,1.0
4,LOCKED,PARTIAL,2085.081,48.4669529945,55.6538461538,55.6538461538,5.2757479343,0.0,0.0,3.9215686275,10.4235294118,58.8899637539,29.704720754,96.4523992728,No,On,27.40234375,23.6019887769,125.6,TRACTION,48.4669529945,5.309200603333333,54.79652463241194,8.707189542500002,83.41623263888333,0.14182118103333333,0.0,0.0,64.33383539053334,34.90359212671667,102.64757082198332,27.40234375,23.6019887769,1.0,48.38172973020404,2.676767676763637,-1.267377678610094,10.922394823598989,26.750483294942427,14.592661668796971,0.0,0.0,19.15693587292626,15.915654283931312,30.62722747485859,27.40234375,23.60198877689999,1.0
4,PARTIAL,LOCKED,2085.092,48.4669529945,48.25,48.25,4.2546354309,0.0,0.0,3.5294117647,10.9843137255,57.1112730212,24.7083320008,94.4282343112,No,On,27.40234375,23.6019887769,125.6,TRACTION,48.4669529945,5.110967463928572,46.968449684924515,8.952380952400002,79.45017742672857,0.8752392886428572,0.0,0.0,63.55613944244286,34.160896216328574,101.76254631495713,27.40234375,23.601988776900004,1.0,48.37545325351516,2.6688453159000005,-0.9072703665796371,10.910471670498985,26.69366511312424,14.693349833746469,0.0,0.0,18.690293683713133,15.818802688571715,29.75976418607576,27.40234375,23.60198877689999,1.0
4,LOCKED,PARTIAL,2086.163,47.8455818023,50.3602941176,50.3602941176,14.3446357541,12.0,0.0,2.7450980392,9.8039215686,10.4872894287,15.1200240602,7.7489902746,No,On,27.40234375,23.6019887769,125.6,TRACTION,48.332872267471004,2.662745098033001,0.3267973855786771,10.763175922923997,27.990747279197002,15.003946086148,0.0,0.0,16.163621140718,15.332985391322998,24.751358174888004,27.40234375,23.60198877689999,1.0,47.742239480950516,2.7450980392000006,0.0,6.781819862660607,50.45302106667678,9.73681822268687,0.0,0.0,12.836473397075757,14.256633994411112,4.2629472835676765,27.40234375,23.60198877689999,1.0
4,PARTIAL,LOCKED,2405.511,48.4669529945,48.5,48.5,7.9589461964,8.25,0.0,3.9215686275,12.0448179272,18.0388077446,23.2657472088,50.6585727224,No,On,27.40234375,23.6019887769,137.8256,TRACTION,48.4669529945,3.9215686275,122.5490196122729,11.942777110849999,68.425852272725,8.067782987249998,0.0,0.0,18.17759155755,23.0369210012,50.89572291877501,27.40234375,23.6019887769,1.0,48.25005876362001,4.577516339895001,3.1075932056045463,12.009139621605001,28.605717586568,9.680236748989,0.0,0.0,17.686839190868,18.461311746735,46.570098576172,27.40234375,23.60198877689999,1.0
4,LOCKED,PARTIAL,2406.35,48.8933842049,52.875,52.875,9.6654790056,11.8306451613,0.0,5.2026143791,11.8470588235,20.4916294643,17.5349452909,44.397105524,No,On,27.40234375,23.6019887769,136.4,TRACTION,48.275709753221584,4.139928698785227,7.383325231079849,11.513730907995456,23.11515385708182,9.494183208948863,0.0,0.0,16.78849877464432,17.524026861992045,47.039514977018186,27.40234375,23.601988776899997,1.0,47.86260539533132,7.00732818378788,1.8502656648374982,11.042755933349497,51.24198805313636,5.018445125655556,0.0,0.0,32.821368817780815,40.77712352256565,50.61280557382929,27.40234375,23.60198877689999,1.0
4,PARTIAL,OPEN,2406.63,47.8455818023,132.125,132.125,10.3298454454,12.0,0.0,7.0588235294,11.7254901961,27.3666294643,51.7483120864,47.8712300402,No,On,27.40234375,23.6019887769,136.4,TRACTION,48.18866728983001,4.922614379104001,3.1075932056045463,12.168911530365996,37.244930043803,9.959340983893,0.0,0.0,18.588376424863,21.053042234187,46.243663385057,27.40234375,23.60198877689999,1.0,47.81431702020318,7.058823529400001,0.0,9.981026771409473,40.48639211830527,2.211729713158947,0.0,0.0,39.346031264116846,33.84880131715579,54.836017372902106,27.40234375,23.601988776899983,1.0
4,OPEN,PARTIAL,2523.641,42.2532410721,103.875,103.875,12.9335068802,12.0,0.0,10.9803921569,5.0505050505,121.430132772,26.5641335377,177.6614209204,No,On,27.40234375,23.6019887769,138.2,TRACTION,42.07676131578889,17.975125818260608,-12.386639936666693,23.58871438949495,336.8576423908839,15.003237498689897,0.0,0.0,164.6318881827808,158.1926453187192,306.4853099095859,27.40234375,23.60198877689999,1.0,42.223800758635,13.660743178402004,4.986603809992303,15.326461471166999,110.769513825599,8.038073460174,0.0,0.0,87.874196408247,65.440692794397,186.90093975874697,27.40234375,23.60198877689999,1.0
4,PARTIAL,OPEN,2523.802,42.2532410721,120.625,120.625,13.7785856702,12.0,0.0,10.9803921569,14.1176470588,104.7690050194,13.0917281497,179.4939441616,No,On,27.40234375,23.6019887769,138.2,TRACTION,42.17718494281112,15.947001437202022,-12.386639936666693,20.31178895481717,279.20086571034443,16.303495793957577,0.0,0.0,152.49048328274546,127.41251056992323,252.42373657783236,27.40234375,23.60198877689999,1.0,42.223800758635,14.586233374469998,5.422333657436045,16.658034565732,120.84931737520901,5.736638444922001,0.0,0.0,85.01507327149801,79.242486012181,192.674646337632,27.40234375,23.60198877689999,1.0
4,OPEN,PARTIAL,2523.821,42.2532410721,115.7862903226,115.7862903226,13.7434593416,12.0,0.0,10.9803921569,14.1176470588,102.8027849741,38.4915246654,179.7102046683,No,On,27.40234375,23.6019887769,138.2,TRACTION,42.189737896188895,15.693485889569699,-12.386639936666693,19.97112743768384,272.57175199252123,16.372546376425255,0.0,0.0,150.86005366139895,124.04691763117576,246.70592387030402,27.40234375,23.60198877689999,1.0,42.22350338173131,14.68207371950707,5.477104704480854,16.75195538718182,121.36498333761718,5.515322609677778,0.0,0.0,84.780247153199,80.17165508686969,193.21908190489697,27.40234375,23.60198877689999,1.0
4,OPEN,PARTIAL,2577.521,45.9814682256,115.5,115.5,0.0,12.0,0.0,11.3725490196,18.8856532712,106.2808480145,92.1952686597,492.3724170875,No,On,27.40234375,23.6019887769,138.2,TRACTION,45.620312071394004,24.079144385007993,-20.586540365974198,30.414808774993993,558.007373655912,0.0,0.0,0.0,240.41512164429295,243.98088457715394,845.0293671020589,27.40234375,23.60198877689999,1.0,45.82911278902599,11.884565108090001,3.880353488189756,16.077654752205998,97.24631195014501,2.04624337717,0.0,0.0,65.819940165864,59.05045054791799,244.70065842337698,27.40234375,23.60198877689999,1.0
4,PARTIAL,OPEN,2577.961,45.9814682256,126.5,126.5,0.0,12.0,0.0,11.3725490196,16.7426970788,42.5812056388,18.0356994315,132.0189318544,No,On,27.40234375,23.6019887769,138.2,TRACTION,45.971477099440406,14.598888930434342,-19.933305509776552,21.671265861159586,300.6620819247586,0.0,0.0,0.0,130.90916973467878,132.7536486957313,543.9603943687122,27.40234375,23.60198877689999,1.0,45.555709464414,14.518124685763,5.76945567139148,19.719508420844,141.009730644789,14.102210028933,0.0,0.0,97.86891168614402,92.230534341263,253.87235037562598,27.40234375,23.60198877689999,1.0
4,PARTIAL,LOCKED,2615.019,38.5250139187,47.125,47.125,13.0284685885,12.0,0.0,11.3725490196,14.6509803922,23.8439594834,13.1452608863,131.4954552154,No,On,27.40234375,23.6019887769,136.4,TRACTION,38.46971188259499,11.3725490196,63.18082788656451,14.894430207710002,82.83102318548501,13.825703838659999,0.0,0.0,25.410482633485003,42.38140910078501,156.01314615221003,27.40234375,23.601988776899997,1.0,38.50607782431836,11.3725490196,0.0,11.405367467522447,88.13833833937244,5.5968303384234686,0.0,0.0,45.71140129071122,50.876547036833664,107.70209093629387,27.40234375,23.601988776899994,1.0
4,LOCKED,PARTIAL,2615.029,38.5250139187,52.0362903226,52.0362903226,12.7905160399,12.0,0.0,11.3725490196,14.6117647059,24.2795618099,12.4909718829,129.1515077071,No,On,27.40234375,23.6019887769,136.4,TRACTION,38.47234531288571,11.3725490196,60.17221703482334,14.882837359352383,81.13073636712858,13.787740255319047,0.0,0.0,25.335886293004766,40.98921156676191,154.84563705998096,27.40234375,23.601988776899997,1.0,38.50607782431835,11.3725490196,0.0,11.36239027664592,88.59290000274693,5.4663148686285705,0.0,0.0,46.081258380169395,51.360188257258166,107.43035247754287,27.40234375,23.601988776899994,1.0
4,PARTIAL,LOCKED,2615.041,38.5250139187,45.1491935484,45.1491935484,12.810345419,12.0,0.0,11.3725490196,14.5098039216,24.8022846017,10.3258700899,126.3387706972,No,On,27.40234375,23.6019887769,136.4,TRACTION,38.47473934042272,11.3725490196,57.43711626051319,14.870515875104546,79.80826154692274,13.74241188189091,0.0,0.0,25.287871543772727,39.69383703567728,153.67772208939547,27.40234375,23.601988776899997,1.0,38.50607782431836,11.3725490196,0.0,11.318372669603065,89.12054977233164,5.335597058230611,0.0,0.0,46.444451387421424,51.85315071417244,107.18731541685204,27.40234375,23.601988776899994,1.0
4,LOCKED,PARTIAL,2615.119,38.5250139187,50.125,50.125,11.6755383837,12.0,0.0,11.3725490196,12.7351950881,28.1999827484,6.9146451495,110.5385659323,No,On,27.40234375,23.6019887769,136.4,TRACTION,38.488145894630016,11.3725490196,42.120551924376336,14.612307139206667,68.98774781586332,13.347217845769999,0.0,0.0,25.54897177865667,31.36511954089,144.14466843077665,27.40234375,23.601988776900008,1.0,38.50607782431836,11.3725490196,0.0,11.07245289155102,93.68293136215611,4.346324946636735,0.0,0.0,49.15294917489898,55.87694858573265,106.0319625301347,27.40234375,23.601988776899994,1.0
4,PARTIAL,LOCKED,2615.129,38.5250139187,49.7903225806,49.7903225806,11.7389923967,12.0,0.0,11.3725490196,12.4579124579,28.6355850749,5.5317161196,110.4515146057,No,On,27.40234375,23.6019887769,136.4,TRACTION,38.48933518572905,11.3725490196,40.76182444294484,14.551755137558064,68.37927207986773,13.293292701832256,0.0,0.0,25.634488261551617,30.576394560522576,143.06060060824515,27.40234375,23.60198877690001,1.0,38.50607782431835,11.3725490196,0.0,11.061100415767346,94.1372972727439,4.226539309935714,0.0,0.0,49.46626453675204,56.4113048367398,105.93625386284388,27.40234375,23.601988776899994,1.0
4,LOCKED,PARTIAL,2615.14,38.5250139187,53.9140625,53.9140625,11.6404120551,12.0,0.0,11.3725490196,11.7647058824,29.1147476341,5.9465948285,110.3557581464,No,On,27.40234375,23.6019887769,136.4,TRACTION,38.49045014613437,11.3725490196,39.48801742910282,14.486322553818749,67.79836740801562,13.244720817296876,0.0,0.0,25.728272536968753,29.79374835924375,142.04156667066562,27.40234375,23.6019887769,1.0,38.505882606850506,11.3725490196,0.0,11.053846751162887,94.55196979617422,4.150107632150516,0.0,0.0,49.67607398935669,56.93155957909279,105.8906919630134,27.40234375,23.601988776899994,1.0
4,LOCKED,PARTIAL,2741.279,41.7561441183,-68.875,68.875,9.8149760753,12.0,849.4900082909,0.0,8.8651218063,3.4190848214,-31.4831972268,-12.9319230173,No,On,27.40234375,23.6019887769,140.0,BRAKE,42.11121337102857,0.0,0.0,9.242848654614287,24.505148329485714,5.1850993443,825.6561830904787,834.1838820154,2.5298487784642867,-27.05947067524286,-11.09328594520714,27.40234375,23.601988776899994,1.0,40.930024922702984,0.0,0.0,9.341434623031,59.630856290560004,19.247694265829,735.0895715274922,900.0002250001,6.414563994637,-1.27930675249,-23.026707201251998,27.40234375,23.60198877689999,1.0
4,PARTIAL,OPEN,2741.379,41.6318698799,-121.75,121.75,23.5686333833,12.0,900.0002250001,0.0,8.062745098,4.6081301511,-24.0718872429,-15.3904635149,No,On,27.40234375,23.6019887769,140.0,BRAKE,42.041457057425,0.0,0.0,8.860308972070834,51.572585099983336,12.045647575529168,852.7425601244582,900.0002250001,3.1218234890166667,-28.298928784466668,-12.317287892933335,27.40234375,23.6019887769,1.0,40.658813173382,0.0,0.0,9.208198734738001,55.253106481483,18.274765179710002,705.5181355631972,900.0002250001,6.672666885554,1.0297163159890006,-24.547752335762,27.40234375,23.60198877689999,1.0
4,OPEN,PARTIAL,2741.408,41.6318698799,-115.75,115.75,23.3420119085,12.0,900.0002250001,0.0,8.5176470588,4.9529532967,-17.5171010453,-16.1034402592,No,On,27.40234375,23.6019887769,140.0,BRAKE,41.99594737103334,0.0,0.0,8.78911995774074,59.29122259783333,13.326709353633335,857.9934117773075,900.0002250001,3.3001802884666667,-27.419060153818517,-12.686068967570371,27.40234375,23.601988776900004,1.0,40.60504898093535,0.0,0.0,9.182216983001013,54.16727163737273,18.002402180433336,697.4930624375698,900.0002250001,6.726910344011112,1.4736815883000003,-24.920996594069695,27.40234375,23.60198877689999,1.0
4,PARTIAL,LOCKED,2741.6,41.2484706336,-47.25,47.25,21.0939268781,12.0,900.0002250001,0.0,9.8039215686,7.1231092088,7.2804521832,-20.8238380146,No,On,27.40234375,23.6019887769,139.3975951904,BRAKE,41.83809498871087,0.0,0.0,9.055770583819564,71.21831403533477,17.071345440852173,875.344052021504,900.0002250001,4.43184125657174,-15.01815453811304,-15.019544578978264,27.40234375,23.601988776900004,1.0,40.180400524879005,0.0,0.0,8.62116498316,65.232879666966,15.785215942578997,639.5181190631749,900.0002250001,6.7756486066359995,1.29702014024,-27.335085258260996,27.40234375,23.60198877689999,1.0
4,LOCKED,PARTIAL,2742.029,40.8862244492,53.125,53.125,16.8243782921,12.0,600.00015,0.0,9.8039215686,6.8467835771,6.2692782689,-26.8318930546,No,On,27.40234375,23.6019887769,138.2,BRAKE,41.33657949758427,0.0,0.0,9.41723678994944,54.41043495220674,18.068998791889886,790.0857283629979,900.0002250001,5.667097285474157,-4.2214377856550565,-19.606066610638198,27.40234375,23.601988776899994,1.0,39.35487599987199,0.0,0.0,7.433999207767001,97.51333476991199,9.121146443545001,600.28515007125,621.00015525,5.446963290689,-1.407885694313,-30.772835704098,27.40234375,23.60198877689999,1.0
4,PARTIAL,LOCKED,2742.04,40.7495227869,47.546875,47.546875,16.6158865352,12.0,600.00015,0.0,9.8039215686,6.8396983045,5.4625696681,-26.9277523673,No,On,27.40234375,23.6019887769,138.2,BRAKE,41.331575552602224,0.0,0.0,9.421533287490002,54.39615234162667,18.055169675225553,787.973666381187,900.0002250001,5.680204910936666,-4.104874273937778,-19.686353571126663,27.40234375,23.601988776899994,1.0,39.33263091119,0.0,0.0,7.406548227375001,98.032382148944,8.954987578193,600.6601501649999,637.500159375,5.397346289826,-1.4665449339980003,-30.833944289643004,27.40234375,23.60198877689999,1.0
4,LOCKED,PARTIAL,2742.05,40.6252485485,54.9416666667,54.9416666667,16.6340162532,12.0,600.00015,0.0,9.8039215686,6.8332571476,2.5814675225,-27.0148971969,No,On,27.40234375,23.6019887769,138.2,BRAKE,41.32517936836374,0.0,0.0,9.425735356513188,54.32088555765275,18.039353376983513,785.9080233440311,900.0002250001,5.692946596580219,-3.9997375273219786,-19.765929382073622,27.40234375,23.60198877689999,1.0,39.311628564892,0.0,0.0,7.379097246983001,98.48522354679301,8.788647415661,601.4101503525,675.00016875,5.346879243979999,-1.473920555491,-30.894341940962004,27.40234375,23.60198877689999,1.0
4,PARTIAL,LOCKED,2934.078,38.5250139187,42.75,42.75,0.0,12.0,0.0,0.0,10.9960784314,19.353485882,30.1805673019,51.9030228473,No,On,266.640625,265.5223737398,143.6,TRACTION,38.5250139187,0.0,0.0,11.21333333334,82.60445205584,0.0,0.0,0.0,19.70547073286,27.69804612099,53.87003971589,266.640625,265.5223737398,1.0,38.469312276364704,0.0,0.0,9.004497468270587,19.52699932795647,0.5311585232176471,0.0,0.0,16.777347551934117,19.613752662325886,46.17093943640589,266.640625,265.52237373980006,1.0
4,LOCKED,PARTIAL,2934.918,38.5250139187,51.125,51.125,0.0,12.0,0.0,0.0,8.4876722966,15.9238056753,14.7512429855,41.1666441606,No,On,266.640625,265.5223737398,143.6,TRACTION,38.482697865338885,0.0,0.0,9.313582581637778,24.629981493360003,0.5016497163722222,0.0,0.0,17.17003095991111,20.948974090971113,47.44685306509667,266.640625,265.52237373980006,1.0,38.3397749595,0.0,0.0,8.36031838476,52.15322580646,0.0,0.0,0.0,16.25122861154,14.834218727319998,40.74997041628,266.640625,265.5223737398,1.0
4,PARTIAL,LOCKED,2941.387,38.5250139187,49.625,49.625,0.0,12.0,0.0,13.3333333333,13.4773909564,43.5909231086,33.3330506819,443.5870182117,No,On,266.640625,265.5223737398,145.4,TRACTION,38.52501391869999,7.184514831566666,181.11227915229514,12.774509803900001,85.1978326613,0.0,0.0,0.0,54.98625102796666,29.7048119123,435.5689785142333,266.640625,265.5223737398,1.0,38.84737850840298,29.252664655604995,17.15257146637706,31.46844795021,382.823784862233,0.0,0.0,0.0,161.908047755327,200.73262980795494,704.252373805166,266.640625,265.52237373980006,1.0
4,LOCKED,PARTIAL,2941.399,38.5250139187,52.8427419355,52.8427419355,0.0,12.0,0.0,15.6862745098,14.0536214486,36.2890625,34.510770888,446.3894398535,No,On,266.640625,265.5223737398,145.4,TRACTION,38.52501391869999,8.062917474671428,186.36265695112328,12.874921397114287,80.11599942397142,0.0,0.0,0.0,53.35834703948571,30.22313173652857,436.71441275672856,266.640625,265.5223737398,1.0,38.85980593224799,29.401684263447997,15.191787152580696,31.680852912194997,389.538099378362,0.0,0.0,0.0,164.295936618771,203.12260998794994,710.08898800209,266.640625,265.52237373980006,1.0
4,PARTIAL,LOCKED,2941.407,38.5250139187,48.6975806452,48.6975806452,0.0,12.0,0.0,17.6470588235,14.43777511,36.9528680099,36.5093263892,448.257720948,No,On,266.640625,265.5223737398,145.4,TRACTION,38.5250139187,9.0158371040625,187.57712875468746,13.02225890355,76.7068422379125,0.0,0.0,0.0,51.22468647205,30.759086630462498,437.923791143825,266.640625,265.5223737398,1.0,38.872233356092984,29.531096028153993,12.74080676053706,31.889416337566,396.29987357191004,0.0,0.0,0.0,166.677816302539,205.50124791936895,715.9594717306111,266.640625,265.52237373980006,1.0
4,LOCKED,PARTIAL,2941.607,38.5250139187,57.25,57.25,0.0,12.0,0.0,30.1960784314,28.5799168152,87.9433358434,83.9036425621,509.7826683849,No,On,266.640625,265.5223737398,145.4,TRACTION,38.5250139187,20.548822092942856,106.9008152345892,18.446248813696428,39.42800799252143,0.0,0.0,0.0,58.04974510849643,47.31904403063929,462.11828731650354,266.640625,265.5223737398,1.0,39.12560062999399,30.490849673195996,0.2657291872707132,34.683649494383,536.7004950000601,0.0,0.0,0.0,209.206934394819,249.27015931387902,834.010353376025,266.640625,265.52237373980006,1.0
4,PARTIAL,OPEN,2941.698,38.5250139187,125.875,125.875,0.0,12.0,0.0,30.1960784314,33.5197049117,111.6834311679,154.1504891989,569.5609580259,No,On,266.640625,265.5223737398,145.4,TRACTION,38.52501391870001,22.895452013108105,80.89791423158103,21.55512275214054,48.92028048714865,0.0,0.0,0.0,67.89470667822974,64.91666823694864,480.19259792356485,266.640625,265.5223737397999,1.0,39.291341884739,30.526143790838997,0.2657291872707132,35.000276451199994,594.501957953688,0.0,0.0,0.0,225.042595963888,262.62765519566693,881.0074144329687,266.640625,265.52237373980006,1.0
4,OPEN,PARTIAL,2941.707,38.5250139187,117.49609375,117.49609375,0.0,12.0,0.0,30.1960784314,33.6245389245,114.0313526835,160.8599255246,575.4730965618,No,On,266.640625,265.5223737398,145.4,TRACTION,38.52501391870001,23.087573760957895,78.76902175180258,21.869980177392105,50.94540468485527,0.0,0.0,0.0,69.04704153322105,67.26492668331579,482.54439687362634,266.640625,265.5223737397999,1.0,39.309983020505996,30.530065359465993,0.2657291872707132,35.016972238426,600.584575141188,0.0,0.0,0.0,226.67727362927403,263.7738505679719,885.8948423499891,266.640625,265.52237373980006,1.0
4,PARTIAL,OPEN,2941.718,38.5250139187,125.875,125.875,0.0,12.0,0.0,30.1960784314,33.7526693846,116.9010345359,183.2841940954,582.6990436613,No,On,266.640625,265.5223737398,145.4,TRACTION,38.52501391870002,23.26984311148205,76.7493032453461,22.17137911962564,52.65183260960256,0.0,0.0,0.0,70.20048540886923,69.66479844847693,484.92718404511794,266.640625,265.52237373979983,1.0,39.328624156273,30.533986928092997,0.2657291872707132,35.032386721051,606.567075141188,0.0,0.0,0.0,228.284119179842,264.69580325456894,890.7076825093179,266.640625,265.52237373980006,1.0
4,OPEN,PARTIAL,2943.948,42.4143373072,115.46875,115.46875,15.9468414585,12.0,0.0,5.8823529412,14.8784313725,115.1562931153,51.9750827069,1063.8575574346,No,On,266.640625,265.5223737398,145.4,TRACTION,41.89357708184401,19.719607843129996,-27.39285768701393,29.152371578319002,623.613037922428,4.993515011568,0.0,0.0,220.567804988016,227.221901350747,1056.0529859025212,266.640625,265.52237373980006,1.0,43.328185469036995,30.045680463329994,39.871384310011,46.116029609419,176.37081552419204,43.74236691090398,0.0,0.0,190.16518642961597,255.117733382252,1240.942969090494,266.640625,265.52237373980006,1.0
4,PARTIAL,LOCKED,2943.979,42.8746122644,47.5,47.5,16.2003650956,12.0,0.0,10.1960784314,15.9725490196,108.1807050221,58.2674097929,1064.579068177,No,On,266.640625,265.5223737398,145.4,TRACTION,41.94840833029395,18.888888888881816,-24.72067445337505,28.471518132188887,603.9482054609081,5.53476837889293,0.0,0.0,214.92611723877476,219.93421175999597,1056.185209469086,266.640625,265.52237373980006,1.0,43.371336246277004,31.203523600586003,37.40951067169627,47.60540215843901,178.576909274192,43.43241014043299,0.0,0.0,197.17488801847,263.9373977422449,1256.824370893416,266.640625,265.52237373980006,1.0
4,LOCKED,PARTIAL,2943.988,42.8746122644,61.0282258065,61.0282258065,15.2652225452,12.0,0.0,11.7647058824,16.5725490196,106.1555342853,58.2674097929,1064.7885390376,No,On,266.640625,265.5223737398,145.4,TRACTION,41.957670369635004,18.801960784307,-21.205493852514024,28.346528441063,598.3837234062989,5.641424346060001,0.0,0.0,213.858663116608,218.31754374032502,1056.2691480561652,266.640625,265.52237373980006,1.0,43.383763670122,31.564307914310998,36.15678736005782,48.10051922308701,180.40787701612703,43.331246314065,0.0,0.0,199.61374287441902,266.86753100800996,1262.253299409155,266.640625,265.52237373980006,1.0
4,PARTIAL,LOCKED,2943.999,42.8746122644,47.5,47.5,15.4810246722,12.0,0.0,13.3333333333,17.4784313725,103.6803256071,57.8986287183,1065.0445589785,No,On,266.640625,265.5223737398,145.4,TRACTION,41.976311505402,18.61372549019,-19.46257446251684,28.155391186161,591.844005664364,5.794076571512001,0.0,0.0,212.12313801801503,216.1267536688,1056.334351705874,266.640625,265.52237373980006,1.0,43.39619109396701,31.913327522154006,35.05755979028099,48.592634540502004,182.339830141127,43.22792446642699,0.0,0.0,202.114844710941,269.825490482134,1267.771161936759,266.640625,265.52237373980006,1.0
4,LOCKED,PARTIAL,2944.048,42.8746122644,50.875,50.875,14.2114326872,12.0,0.0,15.6862745098,21.5137254902,92.6543960403,58.2674097929,1066.1850114421,No,On,266.640625,265.5223737398,145.4,TRACTION,42.069517184237,17.801659125184,-15.707603942850465,27.323234323416003,558.5347808659769,6.531177904685999,0.0,0.0,203.09619265475,205.14093447997402,1056.727031128578,266.640625,265.52237373980006,1.0,43.460399450497995,33.613302383892,33.407213948828954,51.00730780782701,195.171951908368,42.742690971428004,0.0,0.0,215.37836236276905,284.91816021511903,1296.424889772355,266.640625,265.52237373980006,1.0
4,PARTIAL,OPEN,2944.238,42.8746122644,131.125,131.125,32.6606869539,12.0,0.0,23.9215686275,35.2505446623,116.0103911356,151.3073060751,1070.6071740564,No,On,266.640625,265.5223737398,145.4,TRACTION,42.37715684313999,15.550061050060002,-7.705127116844974,25.908208534567997,437.327759228592,10.989927094470001,0.0,0.0,167.24433208248402,169.621241026664,1059.229584672607,266.640625,265.52237373980006,1.0,43.7679467329212,40.038409468000005,34.426929804612975,60.110105285223234,267.14558146642827,38.484292160582825,0.0,0.0,265.57760012106365,338.48306965679103,1419.2447523713222,266.640625,265.52237373980006,1.0
4,OPEN,PARTIAL,2944.728,43.4959834566,65.375,65.375,64.6879668856,5.125,0.0,38.431372549,48.0738177624,269.1145407816,324.0396029704,1410.2063846125,No,On,266.640625,265.5223737398,145.4,TRACTION,42.985973801095994,20.554040730513,36.77111856267486,35.870922342976,244.41768741599503,37.631017735688,0.0,0.0,152.574844570605,197.993386012315,1141.44821406539,266.640625,265.52237373980006,1.0,44.239903668486,47.350444326916005,39.795884943089945,67.278980072404,239.50136924708,18.97996937296,0.0,0.0,335.63263584863404,356.033614977568,1606.2575209733259,266.640625,265.5223737398,1.0
4,PARTIAL,LOCKED,2944.767,43.8980471692,42.125,42.125,57.1086116596,5.125,0.0,39.299719888,56.4705882353,281.3003812636,328.8259500833,1439.9420032764,No,On,266.640625,265.5223737398,145.4,TRACTION,43.035683496474995,22.114825044239,38.93483719707869,37.227526725906,225.729770329301,39.563590674768996,0.0,0.0,157.075493386054,204.988917639833,1155.950489437487,266.640625,265.52237373980006,1.0,44.284727574626075,48.05598777465652,41.44311097635506,68.57087874576739,254.87402293686742,15.195266405147827,0.0,0.0,340.74435525930215,358.5290232126631,1621.6645170851239,266.640625,265.5223737397999,1.0
4,LOCKED,PARTIAL,2944.887,44.1173546489,65.5,65.5,30.3633926889,5.125,0.0,43.137254902,60.9882352941,318.7952750545,339.2555398504,1531.4362145501,No,On,266.640625,265.5223737398,145.4,TRACTION,43.21944885918587,27.28078088149596,42.36190156911512,43.00775421034545,181.82583487767374,43.54463486924545,0.0,0.0,176.19508994320097,236.50686912768685,1207.9946673863062,266.640625,265.52237373980006,1.0,44.34380037194118,50.51244411105883,44.787736612958795,72.08484246348529,331.82945667265005,5.268586766317647,0.0,0.0,354.46454066592355,366.80522224215883,1668.0860839915795,266.640625,265.52237373979995,1.0
4,PARTIAL,OPEN,2944.959,44.1173546489,134.375,134.375,5.1488399084,5.125,0.0,46.6666666667,64.6588235294,341.292211329,347.5464224377,1586.3327413143,No,On,266.640625,265.5223737398,145.4,TRACTION,43.33625394805253,30.26598739611515,37.89741730672966,46.42799584235252,177.2874399234263,44.01875243322222,0.0,0.0,190.9455812076141,257.15353036106967,1242.7293596587274,266.640625,265.52237373980006,1.0,44.40250852235925,51.8781920089074,43.00527802705202,74.42361425685185,393.85780371322966,1.7375720994259263,0.0,0.0,360.41396609284817,373.0283958597963,1695.465726003263,266.640625,265.5223737398,1.0
4,OPEN,PARTIAL,3111.867,38.5250139187,113.3359375,113.3359375,0.0,12.0,0.0,0.0,6.7921568627,113.1938061683,15.9884440101,21.9438723524,No,On,266.640625,265.5223737398,145.4,TRACTION,38.46228501739047,0.33377453544761904,-3.2310256398246495,3.343819451400001,283.24644777266195,0.0,0.0,0.0,133.6217794409476,55.22853005554762,29.188427216128566,266.640625,265.5223737398,1.0,38.55758679832903,0.0,0.0,7.804403261319354,28.1028111992742,0.0,0.0,0.0,77.8511589447645,12.699648822177418,13.10049883156774,266.640625,265.52237373979995,1.0
4,PARTIAL,LOCKED,3111.897,38.5250139187,47.6125,47.6125,0.0,12.0,0.0,0.0,8.5963890507,107.6369740605,13.9660961815,20.5534518327,No,On,266.640625,265.5223737398,145.4,TRACTION,38.47012613005416,0.29205271851666664,-2.827147434846568,3.913096921933333,257.4275558635792,0.0,0.0,0.0,130.8213124659625,50.16986051877083,28.221061390620832,266.640625,265.5223737398,1.0,38.561076749717856,0.0,0.0,7.729933973782144,25.243737399196426,0.0,0.0,0.0,74.47459387401071,12.55121214400357,12.255620802217857,266.640625,265.5223737398,1.0
4,OPEN,PARTIAL,4311.842,39.146385111,98.625,98.625,0.0,12.0,0.0,8.5671191554,12.3005241701,55.5573168597,54.6256966808,271.1359166632,No,On,266.640625,265.5223737398,149.0,TRACTION,39.031368035199996,16.882830241656,-11.873882537846487,22.954376110532998,325.231030653242,1.8220338249460002,0.0,0.0,123.34412589496898,133.33531303921902,450.39898003912595,266.640625,265.52237373980006,1.0,39.239223039528,8.105882352909003,-0.2765208647832477,8.393245850084,54.085079108153,0.0,0.0,0.0,23.739899013554,28.695522735816002,105.29971441442302,266.640625,265.52237373980006,1.0
4,PARTIAL,LOCKED,4312.122,39.146385111,48.75,48.75,0.0,12.0,0.0,7.8431372549,11.7647058824,13.2830997009,11.012565884,142.4548608318,No,On,266.640625,265.5223737398,149.0,TRACTION,39.146385111,13.293991629282003,-12.173865778912996,17.130263903248,245.52147932948702,1.8220338249460002,0.0,0.0,89.18225411810499,100.61138691878001,364.790164213802,266.640625,265.52237373980006,1.0,39.239223039528,8.188235294076001,0.39215686272710676,8.897638403061,42.547452915135,0.0,0.0,0.0,24.780007734602,28.943395764692003,64.121046150692,266.640625,265.52237373980006,1.0
4,LOCKED,PARTIAL,4312.402,39.146385111,53.625,53.625,0.0,12.0,0.0,8.2352941176,7.5215686275,16.8843244674,31.358287508,56.1902992047,No,On,266.640625,265.5223737398,149.0,TRACTION,39.207732922209,9.777745130676003,-10.811927064095148,12.015675667973001,156.283535893049,0.579856367673,0.0,0.0,52.585945544739,57.18552005285301,247.211465376029,266.640625,265.52237373980006,1.0,39.177875228318996,8.235294117600002,0.0,8.425136972518999,48.111806234377,0.0,0.0,0.0,33.807294335809004,39.606967480158005,57.226166928425,266.640625,265.52237373980006,1.0
4,OPEN,PARTIAL,4341.872,40.3891274954,117.7392857143,117.7392857143,0.0,12.0,0.0,9.8039215686,11.3448207566,114.79672492,36.8781074639,107.4233356077,No,On,266.640625,265.5223737398,149.6768,TRACTION,40.3891274954,9.8039215686,363.1082062438573,9.163530732166665,131.43556067586667,0.0,0.0,0.0,116.97474069503333,37.95794953696667,107.7683286418,266.640625,265.5223737398,1.0,40.51340247980299,9.985620915031,0.36838978017334223,13.02050980392,53.124999896701,0.15482048124,0.0,0.0,66.880464814124,34.810651990372,99.939817861045,266.640625,265.52237373980006,1.0
4,PARTIAL,LOCKED,4341.962,40.3891274954,46.5,46.5,0.0,12.0,0.0,9.8039215686,14.1176470588,104.8295340848,40.6888452351,105.844553926,No,On,266.640625,265.5223737398,149.3528,TRACTION,40.38912749539999,9.803921568600002,90.77705156096432,12.611078101266665,93.73389016896668,1.2901706769999999,0.0,0.0,111.96345863626665,37.83480453459166,106.97455229628332,266.640625,265.5223737398,1.0,40.539127247164,10.020915032683,0.36838978017334223,12.641028718558998,51.919440505702,0.0,0.0,0.0,61.328717031974996,35.796761396781,99.720404946955,266.640625,265.52237373980006,1.0
4,LOCKED,PARTIAL,4342.402,40.4139823431,50.0416666667,50.0416666667,0.0,12.0,0.0,9.8039215686,13.3491780551,56.1010455576,41.6722614342,98.1260657043,No,On,266.640625,265.5223737398,149.0,TRACTION,40.3891274954,9.803921568600002,19.452225334492358,13.37254194605893,50.40993830747857,0.27646514507142855,0.0,0.0,87.5708685257125,41.692198073782144,103.11081826402501,266.640625,265.5223737398,1.0,40.689945000909,10.193464052314999,0.36838978017334223,11.320829475109,55.75303472443599,0.0,0.0,0.0,47.959939625253995,40.268146948245,105.24806474501,266.640625,265.52237373980006,1.0
4,PARTIAL,LOCKED,4342.433,40.7992324823,48.8508064516,48.8508064516,0.0,12.0,0.0,10.1960784314,13.4719746484,52.6679020478,42.0410425088,97.5822631251,No,On,266.640625,265.5223737398,149.0,TRACTION,40.39671033028983,9.812783870584749,18.68468668065947,13.373368111144071,50.4105158323339,0.2624075953220339,0.0,0.0,85.91439622318136,41.69361510672204,102.84843659894577,266.640625,265.5223737398,1.0,40.700259762700995,10.196078431399998,0.0,11.244290754571,55.894844760279,0.0,0.0,0.0,47.87856892623199,40.539610794854,106.02360840553798,266.640625,265.52237373980006,1.0
4,LOCKED,PARTIAL,4342.502,40.4015549193,50.125,50.125,0.0,12.0,0.0,10.1960784314,13.7254901961,45.0263890742,43.8373632272,96.3718638358,No,On,266.640625,265.5223737398,149.0,TRACTION,40.43645582168636,9.853436324004548,17.063084799225848,13.397090332909093,50.126743808572726,0.23457648672727274,0.0,0.0,82.0190976854303,41.815398871998475,102.23488489917425,266.640625,265.52237373980006,1.0,40.720969699028,10.232277526422,1.2678062677475703,11.095218066908998,56.426225136622996,0.0,0.0,0.0,48.231503692264,41.14828461944301,108.031194125,266.640625,265.52237373980006,1.0
4,PARTIAL,LOCKED,4342.753,40.3891274954,49.625,49.625,0.0,12.0,0.0,10.1960784314,10.9647058824,46.2630345395,5.2462081908,97.4597747633,No,On,266.640625,265.5223737398,149.0,TRACTION,40.52569341232637,9.947568771091209,12.375424140097868,13.349365667008794,57.090594765098906,0.17013239696703297,0.0,0.0,71.94176134105494,38.33063412431429,100.30129649751977,266.640625,265.52237373980006,1.0,40.783398482288,10.832277526413003,3.312765665599289,11.463342844091999,53.29869391862601,0.0,0.0,0.0,53.980907324116004,49.762178513533996,119.43091427342401,266.640625,265.52237373980006,1.0
4,LOCKED,PARTIAL,4342.761,40.3891274954,52.2620967742,52.2620967742,0.0,12.0,0.0,10.1960784314,10.6823529412,46.3212582237,4.5175681643,97.7723010977,No,On,266.640625,265.5223737398,149.0,TRACTION,40.52420900018586,9.950269963051086,12.240908660314195,13.3234454519587,57.009446995913045,0.1682831317826087,0.0,0.0,71.66264474538586,37.97102079895,100.27041039171303,266.640625,265.52237373980006,1.0,40.7873810175091,10.838703779897983,3.346227945049788,11.471231630989896,53.309164596852526,0.0,0.0,0.0,54.05827751704949,50.219194779687875,119.64968814388584,266.640625,265.52237373980006,1.0
4,PARTIAL,LOCKED,4342.773,40.3891274954,48.560483871,48.560483871,0.0,12.0,0.0,10.1960784314,10.2588235294,46.40859375,2.2126864478,98.2410905994,No,On,266.640625,265.5223737398,149.0,TRACTION,40.52275651088709,9.95291306486129,12.109285986547377,13.295046607756992,56.95840021933548,0.1664736357419355,0.0,0.0,71.39015671827096,37.6113062544914,100.24354900145482,266.640625,265.52237373980006,1.0,40.795825906134006,10.900370218035002,3.498941145959588,11.559813432327996,53.967970632335,0.0,0.0,0.0,54.68108891648999,51.16286256774899,120.815266548913,266.640625,265.52237373980006,1.0
4,LOCKED,PARTIAL,4342.843,40.3891274954,51.375,51.375,0.0,12.0,0.0,10.1960784314,9.4117647059,46.9180509868,14.4062542383,100.9756960257,No,On,266.640625,265.5223737398,149.0,TRACTION,40.514657782675755,9.971611540235353,0.37211088906398204,13.083049548763634,55.440730853240396,0.1563843244848485,0.0,0.0,69.16721192822929,35.25345119354444,100.10698900446262,266.640625,265.52237373980006,1.0,40.839321889595006,11.206252570974998,4.769108886669267,12.000519314681,57.283402839996995,0.0,0.0,0.0,57.416868311966994,56.076215197081,126.23528150393899,266.640625,265.52237373980006,1.0
4,OPEN,PARTIAL,4568.492,43.4959834566,118.625,118.625,0.0,12.0,0.0,15.2941176471,20.0,42.9466456496,76.7421520159,220.8172322644,No,On,266.640625,265.5223737398,149.0,TRACTION,43.495983456599994,15.2941176471,509.8039216052385,20.0,132.87809806033331,0.0,0.0,0.0,41.302488546000006,76.55577878466667,219.16817387673336,266.640625,265.5223737398,1.0,43.21166349305,16.176470588244,1.1734997028144694,21.482816866005997,108.97670857241599,12.194082835301002,0.0,0.0,83.12822902928,92.206629872021,261.6665622604221,266.640625,265.52237373980006,1.0
4,PARTIAL,OPEN,4569.333,42.8746122644,121.125,121.125,20.2351045921,12.0,0.0,16.4705882353,23.2,109.1999390806,105.4483385295,289.0233685294,No,On,266.640625,265.5223737398,149.0,TRACTION,43.22135615542301,16.078431372559773,18.928295805714512,21.03222132446322,99.64535682670115,9.802597938086206,0.0,0.0,75.23755356428275,90.24594764166206,253.25492854299083,266.640625,265.5223737398001,1.0,43.06131588284299,17.044645550534998,0.7974160915406491,24.340052405705997,182.534978286324,29.876003635550006,0.0,0.0,137.86698749328602,131.79696732548,317.54004226902396,266.640625,265.52237373980006,1.0
4,OPEN,PARTIAL,4603.422,49.0883241867,113.5681818182,113.5681818182,0.0,12.0,0.0,6.6666666667,8.7106357695,66.0119642857,67.5702098048,366.7077054857,No,On,266.640625,265.5223737398,149.0,TRACTION,48.75015231938689,24.277400819290914,-28.48936395613379,30.386467552248487,530.7365024164475,0.0,0.0,0.0,217.28669532835153,256.2114116606323,868.2273560387939,266.640625,265.52237373980006,1.0,49.152104487528014,6.968627450979002,0.49019607838659085,12.562854489376996,61.74232094609201,0.5058127352680001,0.0,0.0,40.949047767855994,35.308110533117,104.88178447774303,266.640625,265.52237373980006,1.0
4,PARTIAL,LOCKED,4603.493,49.0883241867,45.25,45.25,0.0,12.0,0.0,6.6666666667,10.679342444,40.5078125,43.1473857327,286.1208455421,No,On,266.640625,265.5223737398,149.0,TRACTION,48.82809858112401,22.45423465423901,-28.20447031657245,28.490089507745,492.23231701421304,0.0,0.0,0.0,200.02532428905604,238.62413051912998,815.351928615428,266.640625,265.52237373980006,1.0,49.152104487528014,6.996078431368001,0.49019607838659085,12.703912124553002,61.58943974180699,0.5058127352680001,0.0,0.0,39.991626384098,34.146134358934,86.80612071559601,266.640625,265.52237373980006,1.0
4,LOCKED,PARTIAL,4603.581,49.709695379,57.5,57.5,0.0,12.0,0.0,6.6666666667,13.3294505921,40.425,33.3516384376,186.23854026,No,On,266.640625,265.5223737398,149.0,TRACTION,48.93880156548899,19.98364641895,-28.20447031657245,26.170558338944993,437.18090824405203,0.0,0.0,0.0,175.14406593207002,213.52108529386103,736.5352112152527,266.640625,265.52237373980006,1.0,49.127125365597024,7.031372549011,0.49019607838659085,12.586974548442,65.533423612774,0.5058127352680001,0.0,0.0,39.952412694351,31.476034592751,71.72700547532301,266.640625,265.52237373980006,1.0
4,PARTIAL,OPEN,4603.612,49.709695379,127.5,127.5,0.0,12.0,0.0,6.6666666667,14.2923704135,40.3920873397,32.61928086,151.052728172,No,On,266.640625,265.5223737398,149.0,TRACTION,48.97608383702398,19.160117007186997,-28.20447031657245,25.456250437568002,419.672121701713,0.0,0.0,0.0,166.864781490129,205.04185669482303,708.429417507157,266.640625,265.52237373980006,1.0,49.108484229828015,7.0431372548920015,0.49019607838659085,12.451000951082003,64.78116554825901,0.5058127352680001,0.0,0.0,39.961137935588994,30.36641992381699,68.731056923593,266.640625,265.52237373980006,1.0
4,OPEN,PARTIAL,4603.622,49.709695379,107.1774193548,107.1774193548,0.0,12.0,0.0,6.6666666667,14.5098039216,40.3814703526,30.9315126353,139.7024662081,No,On,266.640625,265.5223737398,149.0,TRACTION,48.98851126086898,18.889528771892998,-27.847964077767937,25.222703553467994,414.63087170171303,0.0,0.0,0.0,164.10854611352596,202.21623900020703,698.84793615075,266.640625,265.52237373980006,1.0,49.10227051790502,7.047058823519,0.49019607838659085,12.400020558925,64.13886716116302,0.5058127352680001,0.0,0.0,39.96623197541399,30.020167209181995,67.96096008839801,266.640625,265.52237373980006,1.0
4,PARTIAL,OPEN,4603.631,49.6544623841,127.5,127.5,0.0,12.0,0.0,6.6666666667,14.5098039216,40.3719150641,16.2263672841,129.4872304406,No,On,266.640625,265.5223737398,149.0,TRACTION,49.00093868471399,18.618940536599,-27.847964077767937,24.991331004449002,409.36256777026097,0.0,0.0,0.0,161.35158604052,199.376163749146,689.163618712514,266.640625,265.52237373980006,1.0,49.09660913593101,7.050980392146,0.49019607838659085,12.349040166767999,63.21386716116301,0.5058127352680001,0.0,0.0,39.972307954426995,29.837620577236,67.293225233804,266.640625,265.52237373980006,1.0
4,OPEN,PARTIAL,4603.711,49.0883241867,110.375,110.375,0.0,12.0,0.0,7.0588235294,14.5098039216,40.2869791667,14.0505589437,69.1421813981,No,On,266.640625,265.5223737398,149.0,TRACTION,49.064594711295015,16.473842497381995,-27.35776799938135,23.140350612297,369.67245688316297,0.0,0.0,0.0,140.28575348557402,175.53391013676,608.180251289672,266.640625,265.52237373980006,1.0,49.0812945328101,7.058823529400001,0.0,11.966746850962627,56.07932629656465,0.5109219548161616,0.0,0.0,40.043687994492934,30.224291933435357,65.63719568926768,266.640625,265.52237373980006,1.0
4,OPEN,PARTIAL,4679.031,45.9814682256,113.625,113.625,0.0,12.0,0.0,14.9019607843,18.1556979227,184.1951028206,79.2879310473,245.423805172,No,On,266.640625,265.5223737398,150.6084337349,TRACTION,45.9814682256,14.9019607843,1655.7734204751007,17.9421871842,123.2943548387,0.0,0.0,0.0,185.3570762922,81.7861254239,245.5039749708,266.640625,265.5223737398,1.0,46.158282037443,15.219607843167996,0.4357298475548514,21.202857309267003,106.077259010395,16.286638071459,0.0,0.0,130.493969762925,82.872901882511,241.486110680417,266.640625,265.52237373980006,1.0
4,PARTIAL,OPEN,4679.752,46.2731322546,131.875,131.875,21.0848620191,11.125,0.0,15.2941176471,22.3529411765,98.90625,99.1898163753,239.643562676,No,On,266.640625,265.5223737398,150.8,TRACTION,46.06958873526164,15.181305398897257,23.27871787987104,20.98705453173836,83.75793876810548,13.746174829679454,0.0,0.0,143.4559945549411,87.36724178254246,242.61303006054248,266.640625,265.5223737398,1.0,46.224725042131006,15.294117647099995,0.0,21.467130089481003,171.19435718734502,24.887632809617,0.0,0.0,109.30407085220102,102.67904470891999,242.449626701386,266.640625,265.52237373980006,1.0
4,OPEN,PARTIAL,4983.651,41.0104986877,106.875,106.875,0.0,12.0,0.0,15.2941176471,21.137254902,131.6777630372,68.4197358477,222.2538555373,No,On,266.640625,265.5223737398,149.0,TRACTION,41.0104986877,15.2941176471,637.2549019775691,21.02040816323333,132.8552951389,0.0,0.0,0.0,134.5070782014333,65.41163923886667,222.97577942066667,266.640625,265.5223737398,1.0,41.01049868770001,15.450584274115153,1.8752731170106023,19.963123787607067,105.31554325887171,0.32797180783636365,0.0,0.0,97.93605904126765,73.09912346910203,226.73532760458684,266.640625,265.52237373980006,1.0
4,PARTIAL,OPEN,4984.39,41.0104986877,120.2137096774,120.2137096774,0.0,12.0,0.0,16.862745098,21.9567827131,96.0132018717,77.8128067488,236.8035475523,No,On,266.640625,265.5223737398,149.0,TRACTION,41.0104986877,14.9656226126987,27.23917850021762,19.29359395833896,100.78985989177143,0.42167803864675324,0.0,0.0,97.66408942217794,79.15752178332598,214.43494276715845,266.640625,265.52237373980006,1.0,41.021220386702005,18.579185520359,2.9113914408871824,23.737420151179002,266.712709778221,0.0,0.0,0.0,126.733198624561,114.40187279767298,337.333054960984,266.640625,265.52237373980006,1.0
4,OPEN,PARTIAL,4984.49,41.0104986877,113.75,113.75,0.0,12.0,0.0,16.862745098,22.8124381066,102.6057820856,41.2297241446,257.3938242197,No,On,266.640625,265.5223737398,149.0,TRACTION,41.0104986877,15.18368266848046,24.108238442721344,19.686929307625288,103.5793202861184,0.3732092985724138,0.0,0.0,97.81608552860918,76.79006929768966,218.07342777430233,266.640625,265.5223737398001,1.0,41.052623999404005,18.853695324289003,2.9113914408871824,24.083926822771,302.251221883684,0.0,0.0,0.0,131.802166616431,123.96564870527398,353.7840097544879,266.640625,265.52237373980006,1.0
4,PARTIAL,OPEN,4984.59,41.0104986877,122.625,122.625,0.0,12.0,0.0,16.862745098,21.384083045,109.1983622995,46.8351964791,277.984100887,No,On,266.640625,265.5223737398,149.0,TRACTION,41.01049868770001,15.356781888018558,21.622853036255226,19.96046190435464,104.41163532348763,0.33473411315257734,0.0,0.0,98.61638967638454,73.00439415455773,223.08441862196497,266.640625,265.52237373980006,1.0,41.072727185034,19.143891402727,3.401587519218043,24.533507177790003,339.70585220525294,0.0,0.0,0.0,136.520698167409,134.967517801622,368.6442848849259,266.640625,265.52237373980006,1.0
4,OPEN,PARTIAL,5026.38,51.9217768234,78.9798387097,78.9798387097,0.0,12.0,0.0,4.7058823529,13.4420500874,13.755863258,15.7029360814,45.6210269105,No,On,266.640625,265.5223737398,149.0,TRACTION,,,,,,,,,,,,,,,51.168494004703106,2.2302116722773193,-2.869959813553305,8.18422231145567,20.352574655798968,0.8066532715257732,0.0,0.0,10.604279041516497,11.227529673949483,17.67194048436907,266.640625,265.52237373980006,1.0
4,OPEN,PARTIAL,5325.55,38.5250139187,107.125,107.125,27.1583175448,12.0,0.0,18.431372549,23.4937611408,126.0789331897,149.2044841979,442.8643152196,No,On,266.640625,265.5223737398,141.8,TRACTION,38.32306828122,18.431372549,409.5860566437822,24.311942959,125.27228923828,27.59939238332,0.0,0.0,128.19133890083998,150.68115799677997,445.0976337580199,266.640625,265.5223737398,1.0,38.644638229402,18.91885369533,1.1982570807254576,24.096032665010004,162.55565741899102,22.152356098359,0.0,0.0,96.46368549877099,130.06289421191002,406.542142573559,266.640625,265.52237373980006,1.0
4,PARTIAL,OPEN,5326.05,38.5250139187,126.75,126.75,22.1726450983,12.0,0.0,18.8235294118,25.2160670093,91.5625,142.1325647666,406.3721822392,No,On,266.640625,265.5223737398,141.8,TRACTION,38.50665522438364,18.467023172890908,38.02733214498902,23.973702927345457,97.71612558727634,25.278930187405457,0.0,0.0,110.93061201998363,137.85635519252543,426.8489132944945,266.640625,265.5223737397999,1.0,38.92514976847273,19.48230418822121,0.7702295284551579,24.788490853879797,312.316215766197,15.998162149781818,0.0,0.0,98.34630887850302,137.49446326021211,390.78823636156164,266.640625,265.52237373980006,1.0
5,OPEN,PARTIAL,724.088,48.4669529945,117.5,117.5,38.3177255196,12.0,0.0,18.0392156863,26.9518716578,185.2285916688,188.5261536563,338.8416234181,No,On,27.40234375,23.6019887769,77.0,TRACTION,48.339754656332026,18.705882352963,-0.7625272331397192,28.632394945376,298.45091961831804,32.06609631208,0.0,0.0,171.77528428867402,176.97813559336794,364.2297350581349,27.40234375,23.60198877689999,1.0,48.718435700568705,14.90632703049697,-6.034642645881675,20.58158578781111,88.02235953551414,30.401663460531317,0.0,0.0,134.22900995545353,138.04946275310505,242.6286939283111,27.40234375,23.60198877689999,1.0
5,PARTIAL,LOCKED,725.369,48.4669529945,48.625,48.625,19.3953598515,12.0,0.0,9.8039215686,12.1568627451,65.8501233553,63.3827601831,100.6337818298,No,On,27.40234375,23.6019887769,77.0,TRACTION,48.74674088464301,13.015792812838995,-7.401017646112414,17.515752918443,80.605792953366,27.041587785227,0.0,0.0,108.029110788867,110.26266936067799,184.03038297360595,27.40234375,23.60198877689999,1.0,48.51489994732272,9.60784313725,-0.5401609679079443,14.284073232645454,58.59906676758182,16.364189360684854,0.0,0.0,42.56896196166819,48.43900802147425,83.70602262967424,27.40234375,23.6019887769,1.0
5,LOCKED,PARTIAL,725.709,48.4669529945,52.75,52.75,15.8657694535,12.0,0.0,9.4117647059,13.7254901961,42.0836759868,55.8643847259,83.4611364206,No,On,27.40234375,23.6019887769,77.0,TRACTION,48.62204724407701,11.103266776779996,-4.05129547285807,14.925809559401003,63.762516288110994,22.626999483915,0.0,0.0,78.969070732111,80.007196572981,128.328068548952,27.40234375,23.60198877689999,1.0,48.56584358469688,9.4117647059,0.0,15.430066966275,92.37856100362188,14.845131387978125,0.0,0.0,30.845294798409377,37.071229629162495,75.12261751469688,27.40234375,23.6019887769,1.0
5,PARTIAL,LOCKED,725.718,48.4669529945,49.7661290323,49.7661290323,15.8363086618,12.0,0.0,9.4117647059,13.8419724325,41.4545641447,54.6152875376,83.0065663951,No,On,27.40234375,23.6019887769,77.0,TRACTION,48.622047244077024,11.064051090505998,-4.1609897001311245,14.893272188017,63.48751628811099,22.521383575664,0.0,0.0,78.170288191262,79.32114481251601,127.00087390651599,27.40234375,23.60198877689999,1.0,48.56903360373547,9.4117647059,0.0,15.481295822203224,93.75315558334195,14.813157927532256,0.0,0.0,30.503060303367747,36.50529227727742,74.86829658307096,27.40234375,23.60198877690001,1.0
5,LOCKED,PARTIAL,725.73,48.4669529945,53.3676470588,53.3676470588,15.8419741987,12.0,0.0,9.4117647059,14.1215298,40.6157483553,49.7854450762,82.4004730277,No,On,27.40234375,23.6019887769,77.0,TRACTION,48.62204724407701,11.024835404231998,-4.1609897001311245,14.863064461362,63.18025822359499,22.421851423915,0.0,0.0,77.374383613383,78.642587635181,125.68969452712501,27.40234375,23.60198877689999,1.0,48.572436290709994,9.4117647059,0.0,15.526621356276667,95.09933920082669,14.778864051826666,0.0,0.0,30.16597070163667,36.062620517313334,74.61722403491667,27.40234375,23.601988776900008,1.0
5,PARTIAL,OPEN,725.839,48.803529057,145.0,145.0,15.2737380188,12.0,0.0,9.4117647059,16.2764903941,32.9965049342,49.4675303567,76.8951249407,No,On,27.40234375,23.6019887769,77.0,TRACTION,48.620346835259014,10.609584859573,-3.783357165686336,14.686743299838001,62.903162530201996,21.318385169449996,0.0,0.0,68.834321158462,71.95383837845601,112.46252766114598,27.40234375,23.60198877689999,1.0,48.478535571547376,9.4117647059,0.0,15.563167361147368,100.35018451938421,14.255789106110527,0.0,0.0,26.50378121518421,28.08898892337895,71.83637196641051,27.40234375,23.601988776899997,1.0
5,OPEN,PARTIAL,725.93,48.4669529945,113.625,113.625,14.4695618574,12.0,0.0,9.4117647059,16.3346922928,26.6354851974,14.4285595452,72.2989169047,No,On,27.40234375,23.6019887769,77.0,TRACTION,48.56998987822501,10.304607484010003,-3.343437608054436,14.638210603428,67.42050376004299,20.312802159941,0.0,0.0,62.134851769355,65.78729794545399,103.24215007046199,27.40234375,23.60198877689999,1.0,48.4669529945,9.4117647059,0.0,14.637760054520001,66.15093526424,13.72232981326,0.0,0.0,23.81986934176,30.371898575059998,69.56644597339,27.40234375,23.601988776899997,1.0
5,PARTIAL,LOCKED,725.999,48.4669529945,45.5,45.5,13.4885101824,12.0,0.0,9.4117647059,13.7254901961,22.7799677052,25.1693083441,68.8138800422,No,On,27.40234375,23.6019887769,77.0,TRACTION,48.53004895409395,10.065062025840406,-3.179150683618226,14.482707646892932,66.5366373701192,19.385016271652525,0.0,0.0,56.73676750195152,60.08279277558991,96.52908160743029,27.40234375,23.60198877689999,1.0,48.4669529945,9.4117647059,0.0,13.660196751966666,45.269853709500005,13.4107473383,0.0,0.0,23.5448658076,60.383381596133326,67.78688850306666,27.40234375,23.6019887769,1.0
5,LOCKED,PARTIAL,738.238,42.2532410721,75.6325757576,75.6325757576,0.0,12.0,0.0,15.2941176471,16.5490196078,70.2818619233,82.5831683917,118.900105099,No,On,27.40234375,23.6019887769,77.0,TRACTION,,,,,,,,,,,,,,,42.222912090921,16.399999999987,2.2974846503462696,19.624544476369,161.392961668831,0.0,0.0,0.0,91.87480745245101,93.68039399081297,187.07944689017998,27.40234375,23.60198877689999,1.0
5,PARTIAL,OPEN,738.499,42.2532410721,120.25,120.25,0.0,12.0,0.0,15.6862745098,17.6470588235,77.9775725925,78.2886532967,152.0904018165,No,On,27.40234375,23.6019887769,77.0,TRACTION,42.376723462519244,15.62594268476923,29.956427015033203,17.761733652746152,84.6207164349423,0.0,0.0,0.0,74.00837316100768,71.41802081286538,134.89855198418846,27.40234375,23.601988776900004,1.0,42.05792882985,17.059803921552994,2.6861754802515545,21.172023138421995,216.69585339192105,0.0,0.0,0.0,104.99439802499603,107.86598425845901,224.34301631146099,27.40234375,23.60198877689999,1.0
5,OPEN,PARTIAL,738.51,42.2532410721,119.6439393939,119.6439393939,0.0,12.0,0.0,15.6862745098,17.6662821992,78.4479139226,81.5006174951,153.4892265824,No,On,27.40234375,23.6019887769,77.0,TRACTION,42.37215004065187,15.628177196807407,28.84692971818012,17.757486436848147,85.94031952994443,0.0,0.0,0.0,74.15538054735926,71.67248868263704,135.53528716316296,27.40234375,23.601988776900004,1.0,42.051715117928,17.087254901944995,2.6861754802515545,21.245870120351995,218.81675774798202,0.0,0.0,0.0,105.50674840760003,108.37674604683397,225.806480728741,27.40234375,23.60198877689999,1.0
5,PARTIAL,OPEN,738.519,42.2532410721,121.5333333333,121.5333333333,0.0,12.0,0.0,15.6862745098,17.6629035453,78.9322848064,80.4299627623,154.6337195726,No,On,27.40234375,23.6019887769,77.0,TRACTION,42.367903291775015,15.630252100842856,27.816682228245117,17.754229142646427,87.14402023937141,0.0,0.0,0.0,74.30868531076071,72.02349328308215,136.17649928527857,27.40234375,23.601988776900008,1.0,42.04574995448301,17.114705882336995,2.6861754802515545,21.320064614311,220.92842441464902,0.0,0.0,0.0,106.01493400548203,108.90743390940298,227.27049154912598,27.40234375,23.60198877689999,1.0
5,OPEN,PARTIAL,746.561,41.6318698799,116.625,116.625,0.0,12.0,0.0,11.7647058824,13.4941176471,70.247130102,59.3520600124,101.9345488099,No,On,27.40234375,23.6019887769,77.0,TRACTION,41.99277522615354,12.852049910864647,-1.6384882694310452,14.565613352792932,138.7827071908818,0.0,0.0,0.0,74.95783258192323,72.50695557353839,119.34267393971109,27.40234375,23.60198877689999,1.0,41.40132306601901,10.781975867287,-0.3357209239714405,11.838067077298001,99.27068718371402,0.0,0.0,0.0,64.16658850126501,58.074655730788,79.96937748557801,27.40234375,23.60198877689999,1.0
5,PARTIAL,OPEN,746.829,41.4827407938,120.4677419355,120.4677419355,0.0,12.0,0.0,12.9411764706,14.1770647653,66.9580759936,74.1249960024,86.5511096964,No,On,27.40234375,23.6019887769,77.0,TRACTION,41.827361114242,12.710256410259003,-0.10025921784065829,14.436475726011999,130.974683939079,0.0,0.0,0.0,72.844294089122,69.83507285695599,111.65538990645199,27.40234375,23.60198877689999,1.0,41.235292683463,10.281523378607,-1.8575650928675167,11.209191479937,94.81030029294999,0.0,0.0,0.0,60.964261353299996,55.62877218307899,75.740906722045,27.40234375,23.60198877689999,1.0
5,OPEN,PARTIAL,747.079,41.6318698799,117.5362903226,117.5362903226,0.0,12.0,0.0,8.2352941176,4.7969895029,63.9470145697,44.9912911059,72.2008866428,No,On,27.40234375,23.6019887769,77.0,TRACTION,41.642062804201004,11.547435897447004,-5.378227437012331,12.727807212104,129.703120543021,0.0,0.0,0.0,70.082686151489,67.68779332003001,100.77447677826304,27.40234375,23.60198877689999,1.0,41.17072368797,11.028657616921,3.6864116276556684,12.318161439675004,85.99830101229198,0.0,0.0,0.0,58.673559677207,53.65843603562601,76.594592211289,27.40234375,23.60198877689999,1.0
5,PARTIAL,OPEN,748.559,40.3891274954,121.0,121.0,0.0,12.0,0.0,13.3333333333,14.9019607843,70.8056061219,74.493777077,122.3869520489,No,On,27.40234375,23.6019887769,77.9270541082,TRACTION,40.90814788695499,11.895324283574006,1.9652787299526802,13.382242561505997,100.44928725759401,0.0,0.0,0.0,60.418974495556,62.286751340406006,91.328678201392,27.40234375,23.60198877689999,1.0,40.38912749539998,14.859828228834338,2.0686164477803004,17.09085065369899,159.3666264845111,0.0,0.0,0.0,81.44921378166869,83.03968816862425,149.93721544997777,27.40234375,23.60198877689999,1.0
5,OPEN,PARTIAL,767.778,42.8746122644,118.75,118.75,0.0,12.0,0.0,12.5490196078,15.8901960784,78.5945777849,61.2414507174,112.4074854247,No,On,27.40234375,23.6019887769,78.8,TRACTION,42.87461226439999,13.129889391619999,-4.611753533360092,15.850155258657,242.43342127337502,0.0,0.0,0.0,83.41195469582098,84.74148611410301,143.767278577417,27.40234375,23.60198877689999,1.0,42.87461226439999,12.549019607799998,0.0,14.679011685492997,121.51740909010199,0.0,0.0,0.0,74.53837415071499,72.68011681696201,110.93611172595799,27.40234375,23.60198877689999,1.0
5,PARTIAL,OPEN,767.97,42.8746122644,122.5,122.5,0.0,12.0,0.0,12.5490196078,15.2156862745,78.4765625,77.4901233084,111.4430454747,No,On,27.40234375,23.6019887769,78.8,TRACTION,42.87461226439999,12.591251885327997,-0.764812529538273,15.128297029694,185.791357295814,0.0,0.0,0.0,79.656532646596,74.199097453875,124.37071677970101,27.40234375,23.60198877689999,1.0,42.87461226439999,12.549019607799998,0.0,14.595266954156997,121.211752977565,0.0,0.0,0.0,72.459120875197,72.262849966006,110.69560451342299,27.40234375,23.60198877689999,1.0
5,OPEN,PARTIAL,768.339,42.8746122644,118.875,118.875,0.0,12.0,0.0,12.5490196078,14.5098039216,74.1036845205,72.09075201,110.6343223916,No,On,27.40234375,23.6019887769,78.8,TRACTION,42.87461226439999,12.5490196078,0.0,14.833934607560604,127.5683315012707,0.0,0.0,0.0,77.84191097413536,72.0941314881697,112.204733844302,27.40234375,23.60198877689999,1.0,42.87461226439999,12.549019607799998,0.0,14.783326128708998,120.224106286349,0.0,0.0,0.0,69.191913022642,71.33064503159498,110.704356806741,27.40234375,23.60198877689999,1.0
5,PARTIAL,OPEN,768.75,42.8746122644,120.75,120.75,0.0,12.0,0.0,12.5490196078,14.7843137255,68.9686763789,68.1769141534,110.6343223916,No,On,27.40234375,23.6019887769,78.8,TRACTION,42.87461226439999,12.5490196078,0.0,14.702586570809089,121.55426372330301,0.0,0.0,0.0,74.89379992670403,72.54980484901616,110.99426225930807,27.40234375,23.60198877689999,1.0,42.815479744669,12.549019607799998,0.0,14.737817883754996,121.17598631926599,0.0,0.0,0.0,67.751305687708,71.259837328137,111.04706828835802,27.40234375,23.60198877689999,1.0
5,OPEN,PARTIAL,768.771,42.8746122644,119.9516129032,119.9516129032,0.0,12.0,0.0,12.5490196078,14.9490196078,68.7063037001,66.7493745096,110.6343223916,No,On,27.40234375,23.6019887769,78.8,TRACTION,42.87461226439999,12.549019607799998,0.0,14.696188156081998,121.53489296106999,0.0,0.0,0.0,74.737053359998,72.568768724748,110.97192660535198,27.40234375,23.60198877689999,1.0,42.815357907180015,12.549019607799998,0.0,14.741739452383001,121.042882740637,0.0,0.0,0.0,67.747299543466,71.269389947587,111.071115533547,27.40234375,23.60198877689999,1.0
5,PARTIAL,OPEN,769.028,42.8746122644,120.125,120.125,0.0,12.0,0.0,12.5490196078,14.8509803922,67.3647940751,74.4429107219,110.6343223916,No,On,27.40234375,23.6019887769,78.8,TRACTION,42.87461226439999,12.549019607799998,0.0,14.611007649795999,120.91195179750201,0.0,0.0,0.0,71.90956066490502,72.016285665861,110.66245189014198,27.40234375,23.60198877689999,1.0,42.751259204383,12.631372548981004,0.7189542483821302,14.779296270814,118.47052704550899,0.0,0.0,0.0,69.62072776714498,71.00827113844201,112.19686352079502,27.40234375,23.60198877689999,1.0
5,OPEN,PARTIAL,769.038,42.8746122644,119.875,119.875,0.0,12.0,0.0,12.5490196078,14.8117647059,67.3763096098,74.4043756044,110.6343223916,No,On,27.40234375,23.6019887769,78.8,TRACTION,42.87461226439999,12.549019607799998,0.0,14.615528545022999,120.833201797502,0.0,0.0,0.0,71.80344055549,71.961074476239,110.65732830290798,27.40234375,23.60198877689999,1.0,42.751259204383,12.639215686236005,0.7189542483821302,14.796795577607,118.35111037884198,0.0,0.0,0.0,69.75434827535399,70.975142124992,112.35668875802601,27.40234375,23.60198877689999,1.0
5,PARTIAL,OPEN,769.049,42.8746122644,120.86328125,120.86328125,0.0,12.0,0.0,12.5490196078,14.768627451,67.388976698,74.1249960024,110.6343223916,No,On,27.40234375,23.6019887769,78.8,TRACTION,42.87461226439999,12.549019607799998,0.0,14.620370295865,120.757986280261,0.0,0.0,0.0,71.698560055759,71.90578525300401,110.65265679689998,27.40234375,23.60198877689999,1.0,42.75125920438299,12.650980392119006,1.0754604872922824,14.815161986796998,118.23532912884198,0.0,0.0,0.0,69.89273174352299,70.953015260513,112.53063624248402,27.40234375,23.60198877689999,1.0
5,OPEN,PARTIAL,769.399,42.8746122644,119.5,119.5,0.0,12.0,0.0,12.5490196078,14.5098039216,67.7920204118,76.0149990099,111.2155349608,No,On,27.40234375,23.6019887769,78.8,TRACTION,42.87461226439999,12.549019607799998,0.0,14.783326128709,120.440625103554,0.0,0.0,0.0,68.89345681646999,71.431107142678,110.730851262748,27.40234375,23.60198877689999,1.0,42.559268187007994,13.505268261127,4.321321380175466,16.05654137178,119.87889227738701,0.0,0.0,0.0,77.46089558327898,73.087426124362,126.59566645640301,27.40234375,23.60198877689999,1.0
5,PARTIAL,OPEN,769.47,42.8746122644,120.625,120.625,0.0,12.0,0.0,12.5490196078,14.2941176471,67.8737807081,74.493777077,111.3361960498,No,On,27.40234375,23.6019887769,78.8,TRACTION,42.87461226439999,12.549019607799998,0.0,14.778737893413,120.58758041269401,0.0,0.0,0.0,68.53236103006002,71.589919303569,110.77505400814499,27.40234375,23.60198877689999,1.0,42.51842403315757,13.776365246930302,4.364971091086329,16.50537379346566,121.74299078401715,0.0,0.0,0.0,79.40678254896667,74.26850616136565,130.7608794956586,27.40234375,23.60198877689999,1.0
5,OPEN,PARTIAL,769.589,42.6431210359,119.125,119.125,0.0,12.0,0.0,12.5490196078,14.1176470588,68.0108155708,72.2810906292,111.5384308326,No,On,27.40234375,23.6019887769,78.8,TRACTION,42.87363756449,12.549019607799998,0.0,14.736110442426998,121.15052812316598,0.0,0.0,0.0,68.070111315333,71.47909849529299,110.87030829032699,27.40234375,23.60198877689999,1.0,42.4464291534798,14.299241063924242,4.364971091086329,17.377546500936365,127.28693369553838,0.0,0.0,0.0,83.57622044584748,78.00924682532222,140.1641812827798,27.40234375,23.60198877689999,1.0
5,PARTIAL,OPEN,769.628,42.3438577043,120.75,120.75,0.0,12.0,0.0,12.5490196078,14.2263638129,68.0557261561,71.0795780957,111.604709459,No,On,27.40234375,23.6019887769,78.8,TRACTION,42.85694582854,12.549019607799998,0.0,14.720812442036998,121.20189270649902,0.0,0.0,0.0,67.95963664635501,71.412610092876,110.90747530462299,27.40234375,23.60198877689999,1.0,42.44120644799899,14.473533002922222,4.364971091086329,17.633255601256565,130.1990033164788,0.0,0.0,0.0,85.10586509394344,79.50165535851818,143.70770289479293,27.40234375,23.60198877689999,1.0
5,OPEN,PARTIAL,769.65,42.6286528341,119.375,119.375,0.0,12.0,0.0,12.5490196078,14.3972044263,68.0810603324,70.556146893,111.642097402,No,On,27.40234375,23.6019887769,78.8,TRACTION,42.8474834245889,12.5490196078,0.0,14.71808060981212,121.30060510273232,0.0,0.0,0.0,67.88897757487878,71.38622988809695,110.93002703209088,27.40234375,23.60198877689999,1.0,42.433242534649,14.583699633677002,4.3213213801754655,17.781597865666,132.51271318810802,0.0,0.0,0.0,86.121514120115,80.53091550802299,146.152524786253,27.40234375,23.60198877689999,1.0
5,PARTIAL,OPEN,770.118,42.2532410721,121.0,121.0,0.0,12.0,0.0,14.1176470588,16.862745098,84.2944555884,74.2590982113,136.8875713709,No,On,27.40234375,23.6019887769,78.8,TRACTION,42.739465832775,12.721568627417005,1.0754604872922824,14.943173870336002,117.561919770643,0.0,0.0,0.0,70.812137678428,70.96786383574701,113.83597123433299,27.40234375,23.60198877689999,1.0,42.2532410721,16.418472594913133,2.8825293234215015,20.156396423954543,193.6766012155515,0.0,0.0,0.0,101.89300855630404,99.61115866862728,194.48450111542726,27.40234375,23.60198877689999,1.0
5,OPEN,PARTIAL,770.129,42.2532410721,119.90625,119.90625,0.0,12.0,0.0,14.1176470588,16.862745098,84.7834186726,74.7396311268,138.2997960937,No,On,27.40234375,23.6019887769,78.8,TRACTION,42.73182424061414,12.739156268534346,1.4824417676648276,14.971318427155555,117.36326071108687,0.0,0.0,0.0,71.01574432897374,70.98767658960303,114.13121235263435,27.40234375,23.60198877689999,1.0,42.253241072099996,16.450366300336,2.8537040301872874,20.201891283245,195.801022703396,0.0,0.0,0.0,102.203948262699,100.13720088098101,195.65218031622396,27.40234375,23.60198877689999,1.0
5,PARTIAL,OPEN,770.139,42.2532410721,121.0725806452,121.0725806452,0.0,12.0,0.0,14.1176470588,16.862745098,85.2279305673,76.3376824502,139.5836367507,No,On,27.40234375,23.6019887769,78.8,TRACTION,42.72703840892899,12.752941176437002,1.4676173499881793,14.990232693864,117.38869060397599,0.0,0.0,0.0,71.15342107241001,71.02519613497499,114.37289819004499,27.40234375,23.60198877689999,1.0,42.253241072099996,16.477817280728,2.8537040301872874,20.241106969519997,197.22133261123,0.0,0.0,0.0,102.44088667225802,100.50229414487302,196.50527769427998,27.40234375,23.60198877689999,1.0
5,OPEN,PARTIAL,781.909,43.4959834566,118.125,118.125,0.0,12.0,0.0,11.3725490196,13.6066547831,77.9371491139,60.4484864343,89.8692991856,No,On,27.40234375,23.6019887769,80.6,TRACTION,43.495983456599994,14.451914098953,-5.479963028952362,16.896787281035,223.86194435957702,0.0,0.0,0.0,92.87296269083603,95.20385137816201,143.256458097158,27.40234375,23.60198877689999,1.0,43.495983456599994,11.3725490196,0.0,13.999838874094998,99.53824597337201,0.0,0.0,0.0,64.789839778335,60.724234298210014,90.76794544050301,27.40234375,23.60198877689999,1.0
5,PARTIAL,OPEN,783.409,43.4959834566,120.25,120.25,0.0,12.0,0.0,13.3333333333,16.862745098,76.017093515,76.7696831376,122.3901599137,No,On,27.40234375,23.6019887769,80.6,TRACTION,43.495983456599994,11.901960784308002,1.861754802915364,14.909088999094,101.79378337729003,0.0,0.0,0.0,65.207582365895,61.089934407715,101.26170609804,27.40234375,23.60198877689999,1.0,43.45310884433899,14.493514328814003,2.542316071739404,17.469881172428003,149.37619809851,0.0,0.0,0.0,86.73770887764599,83.359093687612,146.589396599525,27.40234375,23.60198877689999,1.0
5,OPEN,PARTIAL,804.03,42.2532410721,119.375,119.375,0.0,12.0,0.0,12.5490196078,14.9019607843,72.3500664894,69.2118803951,112.1257335515,No,On,27.40234375,23.6019887769,82.4,TRACTION,42.253241072099996,13.527364792066997,-3.0512461395221275,15.715060309950998,181.119482945557,0.0,0.0,0.0,77.842277234671,79.286741149456,137.051549292513,27.40234375,23.60198877689999,1.0,42.253241072099996,12.549019607799998,0.0,14.97981378668,123.01209958093501,0.0,0.0,0.0,71.46526975537103,67.082070645504,109.574191598418,27.40234375,23.60198877689999,1.0
5,PARTIAL,OPEN,804.038,42.2532410721,120.22265625,120.22265625,0.0,12.0,0.0,12.5490196078,14.9019607843,72.3254654255,69.4691349351,112.0760974026,No,On,27.40234375,23.6019887769,82.4,TRACTION,42.253241072099996,13.495992243046997,-3.0512461395221275,15.681177957009998,179.741982945557,0.0,0.0,0.0,77.66135285073699,78.93405707132099,136.326521011805,27.40234375,23.60198877689999,1.0,42.253241072099996,12.549019607799998,0.0,14.97981378668,123.02918336326302,0.0,0.0,0.0,71.458856722633,67.08370501617499,109.54077857518698,27.40234375,23.60198877689999,1.0
5,OPEN,PARTIAL,804.048,42.2532410721,119.6169354839,119.6169354839,0.0,12.0,0.0,12.5490196078,14.9019607843,72.2947140957,70.0684041813,112.0140522166,No,On,27.40234375,23.6019887769,82.4,TRACTION,42.253241072099996,13.464619694026997,-3.051246139522127,15.648354427597999,178.37395950805697,0.0,0.0,0.0,77.48309383311698,78.589261636739,135.610791382865,27.40234375,23.60198877689999,1.0,42.253241072099996,12.549019607799998,0.0,14.979813786679998,123.05754525842401,0.0,0.0,0.0,71.45288221777,67.076329394683,109.50806219825199,27.40234375,23.60198877689999,1.0
5,PARTIAL,OPEN,804.06,42.2532410721,121.875,121.875,0.0,12.0,0.0,12.5490196078,14.9019607843,72.2578125,69.9762089127,111.9395979933,No,On,27.40234375,23.6019887769,82.4,TRACTION,42.2532410721,13.414450473268687,-2.7219594956594793,15.593029823876767,176.2200796594909,0.0,0.0,0.0,77.18423710488787,78.01731683921415,134.43385091765657,27.40234375,23.60198877689999,1.0,42.253241072099996,12.549019607799998,0.0,14.979813786679998,123.06004525842401,0.0,0.0,0.0,71.44742084489799,67.070546236921,109.47617417743099,27.40234375,23.60198877689999,1.0
5,OPEN,PARTIAL,804.798,42.2532410721,119.9838709677,119.9838709677,0.0,12.0,0.0,12.5490196078,15.6862745098,71.3697271672,64.5366880618,108.5519284309,No,On,27.40234375,23.6019887769,82.4,TRACTION,42.253241072099996,12.572549019567997,-0.392156862800357,14.924283832301,125.51045284276799,0.0,0.0,0.0,71.74959618262699,67.027774209312,110.58323995856199,27.40234375,23.60198877689999,1.0,42.414106738672,12.549019607799998,0.0,14.988498968915996,124.26863180735802,0.0,0.0,0.0,71.55571147558598,68.133216320351,108.20830271095403,27.40234375,23.60198877689999,1.0
5,PARTIAL,OPEN,805.019,42.2532410721,120.1293103448,120.1293103448,0.0,12.0,0.0,12.5490196078,14.9019607843,71.6592693821,69.6996231067,108.7203181364,No,On,27.40234375,23.6019887769,82.4,TRACTION,42.253241072099996,12.549019607799998,0.0,14.97981378668,123.004790852487,0.0,0.0,0.0,71.47927984610901,67.073267484368,109.64289858988599,27.40234375,23.60198877689999,1.0,42.55080840097799,12.549019607799998,0.0,14.901960784299996,124.96221408956099,0.0,0.0,0.0,71.06051828274299,67.764184522906,106.030287694121,27.40234375,23.60198877689999,1.0
5,OPEN,PARTIAL,805.929,42.8746122644,119.6666666667,119.6666666667,0.0,12.0,0.0,12.5490196078,14.9019607843,69.1751606706,62.3240016139,98.2518805205,No,On,27.40234375,23.6019887769,82.4,TRACTION,42.48867128174799,12.549019607799998,0.0,14.918146866576999,124.91942595217199,0.0,0.0,0.0,71.33182030764698,68.28894888667,107.22065758353101,27.40234375,23.60198877689999,1.0,42.84350143463636,11.285403050104039,-3.035476000391897,13.433985035527273,108.35878568082626,0.0,0.0,0.0,62.334845525831305,60.59096783208382,81.07457620775352,27.40234375,23.60198877689999,1.0
5,PARTIAL,OPEN,806.219,42.8746122644,120.75,120.75,0.0,12.0,0.0,11.7647058824,14.5098039216,67.3200107114,68.1990656306,88.7814550832,No,On,27.40234375,23.6019887769,82.4,TRACTION,42.626511701872,12.494117647022001,-1.0504201679552037,14.883673073177997,123.32921944526599,0.0,0.0,0.0,70.331997776199,67.468910174423,102.84604150504798,27.40234375,23.60198877689999,1.0,42.87461226439999,10.321568627445002,-3.5748238690318077,11.918365857240001,100.50690120321002,0.0,0.0,0.0,55.514904943358005,56.98459913701199,69.74758369505899,27.40234375,23.60198877689999,1.0
5,OPEN,PARTIAL,806.469,42.8746122644,114.75,114.75,0.0,12.0,0.0,10.9803921569,11.9568627451,63.4113809122,62.3898553773,80.6172952235,No,On,27.40234375,23.6019887769,82.4,TRACTION,42.73084726017299,12.243137254882,-1.7226890755433484,14.316357565159999,122.037282392832,0.0,0.0,0.0,68.84585038567499,67.544546425468,96.81773191149802,27.40234375,23.60198877689999,1.0,42.85749285399901,9.501960784290002,-2.902554961443663,11.165014698595005,86.55259032308601,0.0,0.0,0.0,48.886210692906005,50.07550713727701,59.45875062907899,27.40234375,23.60198877689999,1.0
5,PARTIAL,LOCKED,807.469,42.2532410721,49.25,49.25,0.0,12.0,0.0,8.2352941176,10.5882352941,40.0956969377,39.4595749863,38.3580524301,No,On,27.40234375,23.6019887769,82.4,TRACTION,42.863706565922,9.529411764683003,-2.902554961443663,11.178700973105002,87.20759032308601,0.0,0.0,0.0,49.119367532651,50.304809941187,59.881343057013,27.40234375,23.60198877689999,1.0,42.56723564484445,8.235294117600002,0.0,9.733251935568687,50.463622280637374,0.0,0.0,0.0,44.07493302485758,41.14194470698787,39.1543596032596,27.40234375,23.60198877689999,1.0
5,LOCKED,PARTIAL,807.738,42.8746122644,50.5113636364,50.5113636364,0.0,12.0,0.0,8.2352941176,9.3302271404,42.3703553986,44.9912911059,38.7903056287,No,On,27.40234375,23.6019887769,82.4,TRACTION,42.812380357560606,8.869082986697983,-2.491742539281628,10.457265259864645,71.9248987762899,0.0,0.0,0.0,44.06057764597373,46.58835549339697,49.71149223184747,27.40234375,23.60198877689999,1.0,42.440815654565995,8.235294117600002,0.0,9.636791977232,51.353172123490005,0.0,0.0,0.0,45.37169828448499,40.400244388826,39.448690858573,27.40234375,23.60198877689999,1.0
5,PARTIAL,LOCKED,808.059,42.2532410721,48.75,48.75,0.0,12.0,0.0,8.2352941176,10.3584868291,45.0847247888,37.2468885385,39.3061170664,No,On,27.40234375,23.6019887769,82.4,TRACTION,42.77683887323699,8.294117647016002,-1.1843929491552934,9.585516077845,61.101866778667,0.0,0.0,0.0,41.936368525293,42.16508976783,42.271488786560994,27.40234375,23.60198877689999,1.0,42.28466866426667,8.235294117600002,0.0,9.843336561816162,47.60894917315454,0.0,0.0,0.0,45.92875105777271,40.58037649364748,39.56719570849899,27.40234375,23.60198877689999,1.0
5,LOCKED,PARTIAL,808.33,42.2532410721,50.046875,50.046875,0.0,12.0,0.0,8.2352941176,9.0196078431,46.4896651544,42.4098235834,39.7415840434,No,On,27.40234375,23.6019887769,82.4,TRACTION,42.606386392597976,8.235294117600002,0.0,9.90710814472323,50.844416417592925,0.0,0.0,0.0,43.10842391567981,40.595081799221205,39.32262651978485,27.40234375,23.60198877689999,1.0,42.284354388345,8.235294117600002,0.0,9.479353947158002,49.079776316450996,0.0,0.0,0.0,45.560075362972,40.792440500407,39.47140856656901,27.40234375,23.60198877689999,1.0
5,PARTIAL,LOCKED,808.59,42.2532410721,46.875,46.875,0.0,12.0,0.0,8.2352941176,9.8039215686,46.0385207882,39.5104413415,39.6662025895,No,On,27.40234375,23.6019887769,82.4,TRACTION,42.540235045334,8.235294117600002,0.0,9.638037063272002,51.101192676032,0.0,0.0,0.0,44.70605864679,41.19820052784499,39.298955776815994,27.40234375,23.60198877689999,1.0,42.253241072099996,8.235294117600002,0.0,9.531187480576,46.557260531911,0.0,0.0,0.0,44.80583743986101,40.878530839234,39.269215773843,27.40234375,23.60198877689999,1.0
5,LOCKED,PARTIAL,809.09,42.2532410721,54.0,54.0,0.0,12.0,0.0,8.2352941176,8.1639928699,45.1709354686,45.6779869001,39.2726262025,No,On,27.40234375,23.6019887769,82.4,TRACTION,42.284354388345,8.235294117600002,0.0,9.788793075382001,47.601211495939005,0.0,0.0,0.0,45.92135156765599,40.786587465118004,39.563570095225,27.40234375,23.60198877689999,1.0,42.253241072099996,8.235294117600002,0.0,8.947440788257,47.888523816017,0.0,0.0,0.0,42.609421017749,42.72807558366801,38.872988322588,27.40234375,23.60198877689999,1.0
5,PARTIAL,LOCKED,809.31,42.2532410721,49.0,49.0,0.0,12.0,0.0,8.2352941176,9.3185789167,44.2255544355,40.5659182102,39.0907939117,No,On,27.40234375,23.6019887769,82.4,TRACTION,42.284354388345,8.235294117600002,0.0,9.468798381797003,49.09508377612799,0.0,0.0,0.0,45.63011840867399,40.868441530436996,39.49048220558701,27.40234375,23.60198877689999,1.0,42.253241072099996,8.235294117600002,0.0,9.175525632038003,44.224574781739,0.0,0.0,0.0,41.45333241044101,42.499701707283,38.69964674103699,27.40234375,23.60198877689999,1.0
5,LOCKED,PARTIAL,809.81,42.2532410721,51.0,51.0,0.0,12.0,0.0,8.2352941176,9.4392156863,41.4008736559,45.1924444194,38.7013037486,No,On,27.40234375,23.6019887769,82.4,TRACTION,42.253241072099996,8.235294117600002,0.0,9.399775715865001,46.608776771394,0.0,0.0,0.0,44.002923811222,42.191822278128,39.103037342043,27.40234375,23.60198877689999,1.0,42.055289963729,8.235294117600002,0.0,8.979659616949002,44.426056681535,0.0,0.0,0.0,39.385887154987,42.64108925002801,38.427665005226,27.40234375,23.60198877689999,1.0
5,PARTIAL,LOCKED,809.93,42.2532410721,49.8625,49.8625,0.0,12.0,0.0,8.2352941176,7.501456028,40.7229502688,47.2039775537,38.6057233405,No,On,27.40234375,23.6019887769,82.4,TRACTION,42.2532410721,8.235294117600002,0.0,9.111348137249495,47.62528229790404,0.0,0.0,0.0,43.446749851554536,42.99105195351616,39.00403987715252,27.40234375,23.60198877689999,1.0,41.980725420665,8.235294117600002,0.0,9.007170779828,42.877919428169,0.0,0.0,0.0,39.010082064205996,42.689221514210004,38.3920374081,27.40234375,23.60198877689999,1.0
5,LOCKED,PARTIAL,810.529,41.6318698799,50.875,50.875,0.0,12.0,0.0,8.2352941176,9.0666666667,38.7392973747,39.4941482121,38.3532317624,No,On,27.40234375,23.6019887769,82.4,TRACTION,42.23548760946701,8.235294117600002,0.0,9.090443930666998,44.668513636650005,0.0,0.0,0.0,40.486407799353,42.881178113548,38.561135080128,27.40234375,23.60198877689999,1.0,41.63186987990001,8.125682991951516,-1.7884560367795026,9.164001823044444,42.260846160372736,0.0,0.0,0.0,34.28674072507273,41.40882972240505,34.62754149595657,27.40234375,23.60198877689999,1.0
5,PARTIAL,LOCKED,810.559,41.6318698799,50.0,50.0,0.0,12.0,0.0,8.2352941176,9.1843137255,38.6668360208,39.7707340181,38.3532317624,No,On,27.40234375,23.6019887769,82.4,TRACTION,42.21684647370099,8.235294117600002,0.0,9.069385107139,44.979433095771,0.0,0.0,0.0,40.35992255564,42.89501483894901,38.544209382857,27.40234375,23.60198877689999,1.0,41.6318698799,8.028739887523,-2.8608863902523667,9.05577356952,41.738057822981,0.0,0.0,0.0,33.688672476381,41.411218185471995,33.709910848087006,27.40234375,23.60198877689999,1.0
5,LOCKED,PARTIAL,810.57,41.6318698799,50.1411290323,50.1411290323,0.0,12.0,0.0,8.2352941176,9.2274509804,38.6402668577,40.1233809207,38.3532317624,No,On,27.40234375,23.6019887769,82.4,TRACTION,42.210632761778996,8.235294117600002,0.0,9.063189028708,45.034433095771,0.0,0.0,0.0,40.318402281775,42.896167279808004,38.538729439458,27.40234375,23.60198877689999,1.0,41.6318698799,7.997367338504001,-3.217392629067926,9.017616706775001,41.56289653265801,0.0,0.0,0.0,33.521007814931,41.40826793687499,33.453168976124005,27.40234375,23.60198877689999,1.0
5,PARTIAL,LOCKED,810.579,41.6318698799,49.75,49.75,0.0,12.0,0.0,8.2352941176,9.262745098,38.6185284515,41.3034803595,38.3532317624,No,On,27.40234375,23.6019887769,82.4,TRACTION,42.204419049856995,8.235294117600002,0.0,9.057424322826002,45.09904751109399,0.0,0.0,0.0,40.27723774605101,42.89697621894,38.533337111433,27.40234375,23.60198877689999,1.0,41.6318698799,7.968709721612003,-2.9157335038423806,8.975577491089,41.3883889569,0.0,0.0,0.0,33.350933455923006,41.37507764015799,33.19024882382,27.40234375,23.60198877689999,1.0
5,LOCKED,PARTIAL,812.031,41.5177404772,-56.25,56.25,0.0,12.0,0.0,0.0,7.7956030897,10.5717905405,10.3020777625,-18.9674802934,No,On,27.40234375,23.6019887769,82.4,TRACTION,41.60066581972223,4.616381835615152,-8.278620875079014,7.392046707149497,33.91259273865253,0.0,0.0,0.0,23.145249538939392,31.456667242575758,14.588001443779797,27.40234375,23.60198877689999,1.0,40.962544048907006,0.0,0.0,7.464052287620999,104.82450152624101,0.0,0.0,0.0,8.749178073078,9.503036841511,-30.610057217972003,27.40234375,23.60198877689999,1.0
5,PARTIAL,OPEN,813.219,40.3891274954,-120.625,120.625,0.0,12.0,0.0,0.0,7.4509803922,8.9176888629,12.880996107,-36.1359211005,No,On,27.40234375,23.6019887769,82.4,TRACTION,40.84203805334342,0.0,0.0,7.450980392199999,108.22271350534443,0.0,0.0,0.0,8.42424234849697,9.029596907444446,-32.98233190691415,27.40234375,23.60198877689999,1.0,40.091863517052005,0.0,0.0,7.591372549045002,109.26130662597001,0.0,0.0,0.0,10.932141783156,11.25742325547,-32.305076420493,27.40234375,23.60198877689999,1.0
5,OPEN,PARTIAL,813.338,40.3891274954,-119.125,119.125,0.0,12.0,0.0,0.0,7.4509803922,9.455903589,11.8931896571,-35.2187853036,No,On,27.40234375,23.6019887769,82.4,TRACTION,40.76915811661099,0.0,0.0,7.450980392199999,110.514238653709,0.0,0.0,0.0,8.382039538515,9.175157717375,-33.937392548295996,27.40234375,23.60198877689999,1.0,40.019819607026264,0.0,0.0,7.63636363638384,106.18972530034546,0.0,0.0,0.0,11.27347177483333,11.0586133324798,-31.49153170031212,27.40234375,23.60198877689999,1.0
5,PARTIAL,OPEN,813.348,40.3891274954,-120.921875,120.921875,0.0,12.0,0.0,0.0,7.4509803922,9.5011317173,11.7518235785,-35.1417150685,No,On,27.40234375,23.6019887769,82.4,TRACTION,40.762944404687985,0.0,0.0,7.450980392199999,110.689238653709,0.0,0.0,0.0,8.382678388593998,9.195870921067,-34.008672497422,27.40234375,23.60198877689999,1.0,40.013543130337375,0.0,0.0,7.640324816815153,105.88874676499192,0.0,0.0,0.0,11.300606173634344,11.023349418271717,-31.422150268690917,27.40234375,23.60198877689999,1.0
5,OPEN,PARTIAL,813.359,40.3891274954,-119.0678571429,119.0678571429,0.0,12.0,0.0,0.0,7.4509803922,9.5508826584,11.0634322392,-35.05693781,No,On,27.40234375,23.6019887769,82.4,TRACTION,40.75673069276499,0.0,0.0,7.450980392199999,110.88069225219401,0.0,0.0,0.0,8.384153810496999,9.22048011837,-34.07779932341,27.40234375,23.60198877689999,1.0,40.004871550144,0.0,0.0,7.646274509823002,105.47308927370699,0.0,0.0,0.0,11.33609039772,11.002218190187,-31.321385836616,27.40234375,23.60198877689999,1.0
5,PARTIAL,OPEN,971.548,38.0900540841,576.1022727273,576.1022727273,0.0,12.0,0.0,19.6078431373,26.6666666667,157.9086914063,153.3322561896,419.6728629388,No,On,27.40234375,23.6019887769,87.8,TRACTION,,,,,,,,,,,,,,,38.500342816762235,19.607843137299998,0.0,26.782593037233674,576.0709909658939,0.0,0.0,0.0,157.52833958479692,155.33027042096123,418.98160277485607,27.40234375,23.601988776899994,1.0
5,OPEN,PARTIAL,976.848,39.146385111,118.625,118.625,0.0,12.0,0.0,11.3725490196,11.5725490196,71.5986328125,56.1699674309,116.1183577258,No,On,27.40234375,23.6019887769,87.8,TRACTION,39.333487759639006,13.841327300144,-6.234517116858269,15.666767453206,345.4956078147081,0.0,0.0,0.0,107.61946849289801,95.49258124531299,171.601857811522,27.40234375,23.60198877689999,1.0,39.086702146898,11.3725490196,0.0,11.113852844116998,104.948667595791,0.0,0.0,0.0,61.066052198361994,61.929950590973995,90.14457927941201,27.40234375,23.60198877689999,1.0
5,PARTIAL,OPEN,976.859,39.146385111,121.675,121.675,0.0,12.0,0.0,11.3725490196,11.7019607843,70.7964764031,55.6859422704,115.0775755818,No,On,27.40234375,23.6019887769,87.8,TRACTION,39.333487759639,13.778582202105,-6.23451711685827,15.539434119872999,341.209357814708,0.0,0.0,0.0,106.97920084317198,94.573010269823,170.20417008851902,27.40234375,23.60198877689999,1.0,39.080488434974995,11.3725490196,0.0,11.096580858094999,104.71800630546801,0.0,0.0,0.0,60.95440147185598,61.978724862136,89.84421343202801,27.40234375,23.60198877689999,1.0
5,OPEN,PARTIAL,976.868,39.146385111,118.2840909091,118.2840909091,0.0,12.0,0.0,11.3725490196,11.8078431373,70.1401666135,55.6859422704,114.2260265549,No,On,27.40234375,23.6019887769,87.8,TRACTION,39.333487759639,13.715837104065999,-6.234517116858269,15.415983139481,336.956994911482,0.0,0.0,0.0,106.333073193761,93.659028012904,168.82139751120098,27.40234375,23.60198877689999,1.0,39.07982281198485,11.3725490196,0.0,11.089396390628282,104.58097514785557,0.0,0.0,0.0,60.86161596537473,62.04228832265859,89.59793249139292,27.40234375,23.60198877689999,1.0
5,PARTIAL,OPEN,987.448,38.0776266603,313.25,313.25,0.0,12.0,0.0,16.4705882353,19.6078431373,108.2197641988,108.4216359438,233.5491687424,No,On,27.40234375,23.6019887769,87.8,TRACTION,,,,,,,,,,,,,,,38.468048611113154,16.470588235300003,0.0,19.50402476782632,313.0677360570289,0.0,0.0,0.0,108.27426140127632,107.4661776860276,247.3136477300105,27.40234375,23.6019887769,1.0
5,OPEN,PARTIAL,998.637,39.7677563032,119.5,119.5,0.0,12.0,0.0,12.5490196078,13.7254901961,72.3233982774,69.7472077615,114.2265660465,No,On,27.40234375,23.6019887769,89.6,TRACTION,40.248032299434335,12.64218352450101,-1.1516508843360584,13.49445911118788,175.66053648408484,0.0,0.0,0.0,79.74577703585555,73.64327718910201,123.7477676085384,27.40234375,23.60198877689999,1.0,39.7677563032,12.549019607799998,0.0,13.559679858179004,126.82657552042501,0.0,0.0,0.0,71.8956248298,70.14585702420399,112.44014666969001,27.40234375,23.60198877689999,1.0
5,PARTIAL,OPEN,998.669,39.7677563032,120.5,120.5,0.0,12.0,0.0,12.5490196078,13.7254901961,71.89453125,71.2461243874,113.9799412944,No,On,27.40234375,23.6019887769,89.6,TRACTION,40.22920286936767,12.611484376153534,-1.0256133251262174,13.418996623367676,168.99577537187983,0.0,0.0,0.0,79.25460582548081,73.1259517825293,122.03604623037677,27.40234375,23.60198877689999,1.0,39.7677563032,12.549019607799998,0.0,13.533209269943002,127.18289175260001,0.0,0.0,0.0,71.89229370863,70.17132224962,112.36523874389398,27.40234375,23.60198877689999,1.0
5,OPEN,PARTIAL,1029.717,40.3891274954,119.62109375,119.62109375,0.0,12.0,0.0,10.5882352941,9.4117647059,65.4896343185,59.3737530168,88.4744212753,No,On,27.40234375,23.6019887769,89.6,TRACTION,40.17392945801599,13.397091144132006,-5.69413413714511,14.484465548517,229.140169577639,0.0,0.0,0.0,79.282304231902,83.24903767673503,149.694877082556,27.40234375,23.60198877689999,1.0,39.82365046950301,10.295525389628999,-2.2845346375190814,10.351713606654,90.643106404196,0.0,0.0,0.0,58.34159543452,55.625509336022,75.697517296395,27.40234375,23.60198877689999,1.0
5,PARTIAL,LOCKED,1030.917,39.7677563032,46.875,46.875,0.0,12.0,0.0,7.0588235294,7.4509803922,36.825392649,30.8623661838,34.5869890492,No,On,27.40234375,23.6019887769,89.6,TRACTION,39.77173307883,9.665258924073001,-3.605131252222261,9.247192315311999,83.24768432561599,0.0,0.0,0.0,53.848563837399,53.28936241345599,67.564597880758,27.40234375,23.60198877689999,1.0,39.637434344455016,2.43647333059,-7.826247826256291,5.670702933046,51.460469924613,0.0,0.0,0.0,21.437197847668003,17.546238960562,-3.759032144869,27.40234375,23.60198877689999,1.0
5,LOCKED,PARTIAL,1031.508,39.7677563032,-50.25,50.25,0.0,12.0,0.0,0.0,2.5626092021,18.0513192365,12.4241072387,-16.595517509,No,On,27.40234375,23.6019887769,89.6,BRAKE,39.737842856700006,5.9460761460740015,-10.970968029873736,6.331412623622,37.712261106216005,0.0,0.0,0.0,33.796777981847,33.751103047486,26.96176742613,27.40234375,23.60198877689999,1.0,39.300738787557,0.0,0.0,6.41642516016,109.36401588202202,0.0,38.438244903678,450.0001125,12.036396743594999,9.08574146442,-25.906592802690998,27.40234375,23.60198877689999,1.0
5,PARTIAL,LOCKED,1031.517,39.7677563032,-47.6541666667,47.6541666667,0.0,12.0,0.0,0.0,2.3529411765,17.9407980913,11.8816652485,-16.7616351102,No,On,27.40234375,23.6019887769,89.6,BRAKE,39.737842856700006,5.84411536176,-10.970968029873736,6.262921068584001,37.347261106216,0.0,0.0,0.0,33.446524294354006,33.294882708392,26.087529782501,27.40234375,23.60198877689999,1.0,39.294525075635,0.0,0.0,6.463483983689,109.91670808632301,0.0,42.938246028677995,450.0001125,11.935212460043,9.052320679530999,-26.084022270769996,27.40234375,23.60198877689999,1.0
5,LOCKED,PARTIAL,1031.527,39.7677563032,-51.03125,51.03125,0.0,12.0,0.0,0.0,2.4150650359,17.8179968189,10.3258700899,-16.9462102226,No,On,27.40234375,23.6019887769,89.6,BRAKE,39.737842856700006,5.742154577446001,-10.970968029873735,6.192332833290001,36.95114148256,0.0,0.0,0.0,33.098351923907,32.837171614191995,25.218083076225003,27.40234375,23.60198877689999,1.0,39.288311363713,0.0,0.0,6.509921568624001,110.43389558632302,0.0,47.43824715367799,450.0001125,11.835229120319,9.037569436545,-26.259069857398003,27.40234375,23.60198877689999,1.0
5,PARTIAL,OPEN,1031.696,39.6663079453,-123.375,123.375,0.0,12.0,0.0,0.0,5.9215686275,15.7426553144,9.7191657413,-20.0655296227,No,On,27.40234375,23.6019887769,89.6,BRAKE,39.737842856700006,4.143461766991001,-9.582574288514323,5.350666490184998,37.944047136332,0.0,0.0,0.0,27.603867115997,25.305197461126994,11.524211936357998,27.40234375,23.60198877689999,1.0,39.184069589402014,0.0,0.0,6.987839176066668,113.5783927686495,0.0,127.78757120501517,525.00013125,10.346298906969698,8.993343741350504,-28.82053353447374,27.40234375,23.60198877689999,1.0
5,OPEN,PARTIAL,1031.909,39.146385111,-119.9090909091,119.9090909091,0.0,12.0,0.0,0.0,6.9607843137,13.1269882111,8.113183642,-23.9969795175,No,On,27.40234375,23.6019887769,89.6,BRAKE,39.64986176829902,2.577649801178,-7.826247826256291,5.670702933046999,50.080697197339994,0.0,0.0,0.0,21.915334875103003,17.997681474942002,-2.578756963342,27.40234375,23.60198877689999,1.0,39.08826493685151,0.0,0.0,7.145612992668687,109.81053272198587,0.0,224.356859416596,525.00013125,8.94138359000707,8.925435784784847,-31.126632378599,27.40234375,23.60198877689999,1.0
5,PARTIAL,OPEN,1031.977,39.146385111,-121.125,121.125,0.0,12.0,0.0,0.0,7.0588235294,12.2919395584,8.4149136122,-25.252090282,No,On,27.40234375,23.6019887769,89.6,BRAKE,39.61389393582901,2.1031399972550004,-7.434090963555934,5.641526462457,55.31168735212,0.0,0.0,0.0,20.28939653643,16.608110993235,-6.587883267276001,27.40234375,23.60198877689999,1.0,39.039136443209,0.0,0.0,7.176392156863999,108.66356039950402,0.0,264.1133013224299,532.500133125,8.582806835609,8.974090182973999,-31.663502772445,27.40234375,23.60198877689999,1.0
5,OPEN,PARTIAL,1032.097,39.146385111,-119.3387096774,119.3387096774,0.0,12.0,0.0,0.0,7.0588235294,10.8183242889,9.9570890152,-27.4669916312,No,On,27.40234375,23.6019887769,89.6,BRAKE,39.561714688281,1.330590977647,-6.9983611160010835,5.486796118832001,67.442501211012,0.0,0.0,0.0,17.815692492526,14.506229916827001,-12.657760625956998,27.40234375,23.60198877689999,1.0,38.964571900132995,0.0,0.0,7.223450980399998,106.996762136278,0.0,335.9033192699299,636.000159,8.126270894048002,9.023217421344999,-32.289927382026,27.40234375,23.60198877689999,1.0
5,OPEN,PARTIAL,1242.676,39.7677563032,113.25,113.25,0.0,12.0,0.0,0.0,2.6169675791,33.6187961901,28.4967194039,65.185311082,No,On,27.40234375,23.6019887769,96.8,TRACTION,39.7677563032,11.167290552577,-14.629382055903916,13.160677895216004,191.017801754949,0.0,0.0,0.0,67.385171876592,79.838738306004,138.88170460119503,27.40234375,23.60198877689999,1.0,39.200213609703994,0.0,0.0,6.680106183165002,56.50014390121,0.0,0.0,0.0,13.980579554193,12.747202969792,2.930823398225,27.40234375,23.60198877689999,1.0
5,PARTIAL,LOCKED,1242.797,39.146385111,46.390625,46.390625,0.0,12.0,0.0,0.0,5.8551737527,24.9341591807,17.4278798176,44.0222639431,No,On,27.40234375,23.6019887769,96.8,TRACTION,39.758560009555005,9.363368983948998,-14.237225193103558,11.689662558393001,177.67409207752996,0.0,0.0,0.0,60.47728647067502,71.671826429184,125.110048113918,27.40234375,23.60198877689999,1.0,39.068396685841996,0.0,0.0,6.895210046496001,54.079007308467,0.0,0.0,0.0,10.998283415541,10.724340136374002,-6.665448129663,27.40234375,23.60198877689999,1.0
5,LOCKED,PARTIAL,1243.028,39.146385111,-50.125,50.125,0.0,12.0,0.0,0.0,7.1830712483,14.7671274038,15.3103626794,3.6200830415,No,On,27.40234375,23.6019887769,96.8,TRACTION,39.61410815385556,5.845351914865657,-14.381035548589454,9.19567482989798,137.6602192193192,0.0,0.0,0.0,44.63099104243433,55.11418070452122,91.02904550962421,27.40234375,23.60198877689999,1.0,38.925481311613,0.0,0.0,6.954150058155002,67.140465893815,0.0,0.0,0.0,7.314192842843999,7.372703823438999,-19.3265992559,27.40234375,23.60198877689999,1.0
5,OPEN,PARTIAL,1304.736,38.5250139187,118.5322580645,118.5322580645,0.0,12.0,0.0,12.1568627451,11.3725490196,68.4606560453,66.4876589082,110.9843264258,No,On,27.40234375,23.6019887769,100.4,TRACTION,38.52501391869999,12.928338001849001,-3.9660611719725836,14.765042661126001,173.844590429812,0.0,0.0,0.0,80.56826644798201,69.87724984676498,150.888121725362,27.40234375,23.60198877689999,1.0,38.49247329955384,11.764705882399998,-0.45705928053749134,11.303501436124357,106.23795332551538,0.0,0.0,0.0,63.86675014812565,61.93897361831028,101.24699992966794,27.40234375,23.601988776900004,1.0
5,PARTIAL,LOCKED,1363.216,41.6318698799,40.875,40.875,0.0,11.625,0.0,7.4509803922,8.3294117647,35.2273246951,33.2616736997,54.6164410344,No,On,27.40234375,23.6019887769,105.8,TRACTION,41.59119831095455,7.44437842481313,0.47114039991539375,11.367072987751515,51.67122427531818,0.4603817629414142,0.0,0.0,25.173926903733324,22.806280307533335,76.07944797173941,27.40234375,23.60198877689999,1.0,41.600681825828005,10.533433886377997,4.903252158142786,11.891392762797002,53.101600568310005,0.0,0.0,0.0,49.812036525570996,49.061347856695996,76.205322039902,27.40234375,23.60198877689999,1.0
5,LOCKED,PARTIAL,1363.776,41.6318698799,54.125,54.125,0.0,11.625,0.0,11.3725490196,13.8039215686,51.4488036867,29.5024859711,78.0762218021,No,On,27.40234375,23.6019887769,105.8,TRACTION,41.600681825828005,8.502061337371,4.056549840825883,10.342251931069002,44.390475011013,0.0,0.0,0.0,37.365992972974,32.52222229346001,57.617552951650005,27.40234375,23.60198877689999,1.0,41.60073855552222,12.45669363317273,1.6231760141659355,13.869065234902022,103.81118371646365,0.0,0.0,0.0,64.92334205849494,64.45341785568485,113.76231763564847,27.40234375,23.60198877689999,1.0
5,PARTIAL,OPEN,1364.626,41.4578859461,121.625,121.625,0.0,11.625,0.0,12.9411764706,14.9019607843,71.9410114082,69.3097688278,142.0000083035,No,On,27.40234375,23.6019887769,105.8,TRACTION,41.63149705718501,12.200000000006003,2.053948230400177,13.716256935493998,88.71869352489702,0.0,0.0,0.0,61.219345037197,60.178517324862014,101.69544408748202,27.40234375,23.60198877689999,1.0,41.57117758099798,14.489134685207073,6.62225548345782,16.780330998048488,139.3236343154111,0.0,0.0,0.0,83.42183732602122,77.89138711554646,207.70200188940805,27.40234375,23.60198877689999,1.0
5,PARTIAL,LOCKED,1369.966,47.22421061,45.125,45.125,0.0,11.625,0.0,6.6666666667,9.4661230829,54.6135891318,32.1910189668,55.4688882665,No,On,27.40234375,23.6019887769,105.8,TRACTION,47.14462560416,7.501235365928003,-12.092149168190213,13.343052630823998,189.16530896064302,0.557858156867,0.0,0.0,92.81648136780997,77.06507028935499,140.18858314425302,27.40234375,23.60198877689999,1.0,46.79669113460001,7.419334005023188,3.3096953192173935,10.443638401926085,38.92060080053043,0.0,0.0,0.0,42.79537501580869,28.889229915666668,59.15480777144782,27.40234375,23.601988776900004,1.0
5,LOCKED,PARTIAL,1370.376,46.7581822159,55.5,55.5,0.0,11.625,0.0,7.0588235294,9.7882352941,39.6853320119,36.1405453146,59.2128942243,No,On,27.40234375,23.6019887769,105.8,TRACTION,46.984080017322,6.467379679147001,0.652006062501203,10.657525513411997,52.03992904224899,0.557858156867,0.0,0.0,61.836435488850995,31.418621478858,54.683424642622995,27.40234375,23.60198877689999,1.0,46.81756800126071,8.476890756289286,6.6513007688839085,11.656063435475001,51.39582878883929,0.0,0.0,0.0,42.79472263578929,17.876226019710714,61.74143351485001,27.40234375,23.601988776900008,1.0
5,PARTIAL,LOCKED,1370.527,46.6028394178,47.125,47.125,0.0,11.625,0.0,8.6274509804,12.0301049713,42.9209961905,2.6149930747,61.8023923462,No,On,27.40234375,23.6019887769,105.8,TRACTION,46.98380795918499,6.723262032091001,2.1222134150883423,10.692256630810999,55.733365963655,0.557858156867,0.0,0.0,54.568409024178,29.149545847721992,56.02367821195201,27.40234375,23.60198877689999,1.0,46.60283941779999,8.929110105553848,3.0165912515411937,11.987552752261537,37.12705842543846,0.0,0.0,0.0,44.3995447225,17.34930329206923,63.33067427712307,27.40234375,23.601988776899994,1.0
5,LOCKED,PARTIAL,1370.536,46.6028394178,50.5443548387,50.5443548387,0.0,11.625,0.0,8.6274509804,12.0657555952,43.1138503469,1.8184721956,62.0017334676,No,On,27.40234375,23.6019887769,105.8,TRACTION,46.977594247263006,6.746791443856001,2.1222134150883427,10.687298164953,55.77461596365501,0.557858156867,0.0,0.0,54.155651429125,28.846528928945,56.12710151166301,27.40234375,23.60198877689999,1.0,46.6028394178,8.954248365983334,3.2679738558362934,11.981035848683332,36.008950391000006,0.0,0.0,0.0,44.50668592046666,18.643539216775,63.44141934458333,27.40234375,23.601988776899997,1.0
5,PARTIAL,LOCKED,1370.545,46.6028394178,46.7310606061,46.7310606061,0.0,11.625,0.0,8.6274509804,12.1568627451,43.3067045032,4.7941539703,62.201074589,No,On,27.40234375,23.6019887769,105.8,TRACTION,46.97138053534101,6.770320855621001,2.1222134150883423,10.68165814305,55.890392845375,0.5578581568669999,0.0,0.0,53.75088726171999,28.567038177216,56.231696367621,27.40234375,23.60198877689999,1.0,46.602839417800006,8.983957219218183,3.5650623881850474,11.965051585372725,35.034213098718176,0.0,0.0,0.0,44.61577514021818,19.902574239181817,63.55417795872727,27.40234375,23.601988776899997,1.0
5,LOCKED,OPEN,1372.776,45.9814682256,252.125,252.125,0.0,11.625,0.0,18.8235294118,24.1700640652,124.3796591722,139.1226604074,281.9806442857,No,On,27.40234375,23.6019887769,105.8,TRACTION,,,,,,,,,,,,,,,45.981468225600004,18.487815126037,-0.9116727499519555,25.244215492138,332.30281230649,3.3936014466999995,0.0,0.0,140.393528330192,139.238582963182,302.108608720568,27.40234375,23.60198877689999,1.0
5,OPEN,PARTIAL,1375.346,45.9814682256,118.125,118.125,35.9784253455,12.0,0.0,17.6470588235,25.4901960784,162.3712995288,165.6050528809,259.1441914002,No,On,27.40234375,23.6019887769,105.8,TRACTION,45.981468225600004,17.393363499246004,0.2259806558280808,25.792352941187,179.11548894800399,32.69656529147099,0.0,0.0,160.25668463418302,161.314272826814,302.418009608531,27.40234375,23.60198877689999,1.0,45.981468225600004,14.863348416297999,-3.294330941378157,20.117006904619007,100.47336541791802,30.567541877490996,0.0,0.0,142.76852772678401,130.558437295474,227.13185094116199,27.40234375,23.60198877689999,1.0
5,PARTIAL,LOCKED,1376.845,45.3600970333,48.75,48.75,31.3372175408,12.0,0.0,13.7254901961,17.6470588235,100.826664126,99.5597149684,192.9739086799,No,On,27.40234375,23.6019887769,105.8,TRACTION,45.70174587191201,13.729411764727,-0.3921568627003552,18.101853832443997,84.33524593907701,29.140488805643994,0.0,0.0,117.93405759933098,103.77924166885498,207.84863425589398,27.40234375,23.60198877689999,1.0,44.948769482510095,13.7254901961,0.0,17.726202408299997,22.902271047483836,31.783678368165656,0.0,0.0,96.82404559132017,96.72258402115655,191.34008556913938,27.40234375,23.60198877689999,1.0
5,LOCKED,PARTIAL,1380.936,41.6318698799,51.625,51.625,15.7479262866,12.0,0.0,8.2352941176,8.9811610919,43.6795454545,40.1462707805,47.6819656253,No,On,27.40234375,23.6019887769,105.8,TRACTION,41.946210600661,8.565438483042001,-3.8624494086208387,8.043058981330999,18.988026089066,21.238971995389,0.0,0.0,61.89719034091,50.663797685013016,56.970743226018996,27.40234375,23.60198877689999,1.0,40.79195222143938,6.518122400467677,-7.808827030455069,8.11744090490202,50.01931286683031,6.803126027383838,0.0,0.0,32.38705776196263,36.115388446760605,33.64591502048585,27.40234375,23.60198877689999,1.0
5,PARTIAL,LOCKED,1380.967,41.5938267457,49.375,49.375,15.4501456687,12.0,0.0,8.2352941176,9.4117647059,42.5610795455,40.1971371356,47.1674645761,No,On,27.40234375,23.6019887769,105.8,TRACTION,41.92427985270102,8.40240369647677,-3.505346005980284,7.9453779343899,20.207848472238382,20.862079573739393,0.0,0.0,60.63401629935758,49.18239263236971,55.95589875991717,27.40234375,23.60198877689999,1.0,40.750895323538984,6.205882352935,-7.730738760150518,7.925656730377,49.28115658568,6.269381593075,0.0,0.0,31.651936111111,35.469374495881,32.495108411158,27.40234375,23.60198877689999,1.0
5,LOCKED,PARTIAL,1381.025,41.0104986877,51.0,51.0,14.6669418516,12.0,0.0,8.2352941176,9.4117647059,40.6743402778,40.9346992849,46.2048497098,No,On,27.40234375,23.6019887769,105.8,TRACTION,41.86910984864901,8.253393665112004,-1.4397367338767,7.949688860930003,22.262058270452,20.264307128890003,0.0,0.0,58.64437282196901,47.29262721323899,54.689274442224004,27.40234375,23.60198877689999,1.0,40.68550830044241,5.769459298867677,-7.808827030455069,7.680104837573737,48.191470507822224,5.433044888094949,0.0,0.0,30.53134259259192,34.40384393374141,30.680429328419187,27.40234375,23.60198877689999,1.0
5,PARTIAL,LOCKED,1381.315,41.0104986877,50.0,50.0,11.4035926139,12.0,0.0,7.8431372549,8.6039215686,34.8038541667,38.0074995049,38.7660810158,No,On,27.40234375,23.6019887769,105.8,TRACTION,41.508714557173015,8.152941176433004,-0.35650623881924326,8.734555171095998,34.523264780949,17.051512868327,0.0,0.0,48.887954987372986,42.705818878617,49.595168538336985,27.40234375,23.60198877689999,1.0,40.315935488964996,3.4098039215690004,-7.374232521331276,6.933673367327,41.62925936093699,1.614189675508,0.0,0.0,24.622852973068998,28.162040718933003,19.981044673516998,27.40234375,23.60198877689999,1.0
5,LOCKED,PARTIAL,1381.326,41.0104986877,50.109375,50.109375,11.4579817679,12.0,0.0,7.8431372549,8.5176470588,34.5811805556,38.3532317624,38.3578705181,No,On,27.40234375,23.6019887769,105.8,TRACTION,41.49628713332901,8.149019607806004,-0.35650623881924326,8.738241445606,34.998264780949,16.938655373857,0.0,0.0,48.575144097222,42.61062726372501,49.402943514316995,27.40234375,23.60198877689999,1.0,40.30350806511999,3.33137254902,-7.374232521331276,6.9190851320330005,41.60746248593699,1.499609857829,0.0,0.0,24.428007567111003,27.929708641911006,19.612003325197996,27.40234375,23.60198877689999,1.0
5,PARTIAL,LOCKED,1381.566,40.3891274954,48.875,48.875,0.0,12.0,0.0,7.8431372549,9.3960784314,29.7228472222,33.5352854647,29.4514596589,No,On,27.40234375,23.6019887769,105.8,BRAKE,41.26016608028901,8.054901960758002,-0.35650623881924326,8.665221837757002,46.22329973271499,13.448139667122,0.0,0.0,41.547414078283,41.004719282437,44.168773215645984,27.40234375,23.60198877689999,1.0,39.97445733244301,1.4490196078439999,-7.374232521331276,6.499559991292001,41.104547566945,0.0,84.61766821323599,600.00015,19.866218603653998,22.165518716097004,10.95139878301,27.40234375,23.60198877689999,1.0
5,LOCKED,PARTIAL,1381.687,40.3891274954,50.5,50.5,0.0,12.0,0.0,6.6666666667,8.4254307784,27.2734375,34.322073119,24.961144184,No,On,27.40234375,23.6019887769,105.8,BRAKE,41.111036994148996,7.937254901941002,-1.6389384035798855,8.691808884695,49.818522766989,11.156170232127,0.0,0.0,38.376167392675,39.419648478376004,41.110106126594,27.40234375,23.60198877689999,1.0,39.82532824631501,0.5901960784310001,-6.091800356570633,6.2114637346120025,43.649032407792,0.0,167.61288704126898,750.0001875,17.669438344404,19.099430464041998,6.765641179594,27.40234375,23.60198877689999,1.0
5,PARTIAL,LOCKED,1381.715,40.3891274954,48.5,48.5,0.0,12.0,0.0,6.6666666667,7.7599524658,26.7066319444,34.2966399414,23.9220629171,No,On,27.40234375,23.6019887769,105.8,BRAKE,41.07375472261399,7.890196078414002,-1.6389384035798855,8.695169550173999,50.35235341215,10.605276088941,0.0,0.0,37.61906253156499,38.959975585428,40.298554488511,27.40234375,23.60198877689999,1.0,39.788045974783,0.39019607843000004,-6.091800356570632,6.172248048338003,44.549541480373,0.0,190.11289266626906,750.0001875,17.129343356624,18.284193800918,5.734882942527,27.40234375,23.60198877689999,1.0
5,LOCKED,PARTIAL,1382.346,39.7677563032,-51.0,51.0,0.0,12.0,0.0,0.0,7.0588235294,14.7540023356,15.0724394054,0.8162170464,No,On,27.40234375,23.6019887769,105.8,BRAKE,40.291080641274995,3.252941176471,-7.374232521331276,6.905281210464,41.586152116619,1.3862537961139998,0.0,0.0,24.233391698201004,27.700555071126,19.243333598053,27.40234375,23.60198877689999,1.0,39.05917854176154,0.0,0.0,6.702208682433848,76.27977390888616,0.0,645.47159917378,900.0002250001,9.36844173004,8.316906160813847,-9.204268240506154,27.40234375,23.6019887769,1.0
5,PARTIAL,LOCKED,1382.366,39.7677563032,-49.9553571429,49.9553571429,0.0,12.0,0.0,0.0,7.0394098233,14.4276807888,13.6448997616,0.2090564371,No,On,27.40234375,23.6019887769,105.8,BRAKE,40.266225793585,3.0960784313730003,-7.374232521331276,6.8812812104639995,41.538179815483,1.1677000457789999,0.0,0.0,23.845338053846,27.231563687537005,18.508019748196,27.40234375,23.60198877689999,1.0,39.036684009652376,0.0,0.0,6.691195730246032,77.10466005235396,0.0,665.9627610523125,900.0002250001,9.205241112723808,8.132657267203175,-9.507922679550793,27.40234375,23.601988776900008,1.0
5,LOCKED,PARTIAL,1382.495,39.3746439163,-52.125,52.125,0.0,12.0,525.00013125,0.0,6.6666666667,12.3229068117,11.8009943884,-3.707129493,No,On,27.40234375,23.6019887769,105.8,BRAKE,40.10010410749401,2.076470588236,-7.374232521331276,6.691599206975001,40.833565964122,0.0,40.500010124999996,525.00013125,21.361277403124003,24.098053329053997,13.794311868237996,27.40234375,23.60198877689999,1.0,38.863597813279995,0.0,0.0,6.6666666667,85.08576171493,0.0,747.613056050914,900.0002250001,8.144033083014,6.908394409338,-11.482428256004,27.40234375,23.6019887769,1.0
5,PARTIAL,LOCKED,1401.716,45.9814682256,34.75,34.75,7.9952056323,12.0,0.0,0.0,6.6666666667,11.2224394591,17.7629550951,4.1384597174,No,On,27.40234375,23.6019887769,108.0400801603,TRACTION,45.98184540192901,6.537782805427001,-10.816650669564059,13.420504790049,65.001145941942,9.589979029237,0.0,0.0,21.979688683394006,40.925918419506004,54.86528725636199,27.40234375,23.60198877689999,1.0,45.9418390001,0.0,0.0,7.685671251114289,48.87217550659609,1.4144021263870128,0.0,0.0,6.924847036796105,10.938478028168829,-10.793091628062337,27.40234375,23.6019887769,1.0
5,LOCKED,PARTIAL,1401.846,45.7577745964,-58.5,58.5,0.0,12.0,0.0,0.0,6.6666666667,9.7898132387,17.332710508,-0.8412114126,No,On,27.40234375,23.6019887769,107.6,TRACTION,45.957595240462986,5.161312217193999,-10.816650669564059,12.279092263877997,65.50508783204,9.637233637476,0.0,0.0,19.002113377802,36.60025321366,41.948529251255,27.40234375,23.60198877689999,1.0,45.9814682256,0.0,0.0,7.892656557323439,53.69065229151562,0.0457208825484375,0.0,0.0,6.208592068867187,10.102670552134375,-13.281411465267187,27.40234375,23.6019887769,1.0
5,PARTIAL,LOCKED,1402.186,45.9814682256,-41.625,41.625,0.0,12.0,0.0,0.0,8.5294117647,6.0429446621,11.3013555131,-13.8649666758,No,On,27.40234375,23.6019887769,107.6,TRACTION,45.950953721965,1.608371040724,-10.489853283979189,9.360828678952,82.667168413924,5.99233507727,0.0,0.0,12.501691720771,25.121644123962,13.631452703278,27.40234375,23.60198877689999,1.0,45.98146822560002,0.0,0.0,7.577999603883332,10.799248901016664,0.0,0.0,0.0,4.33113999872,5.612297566786666,-19.798436353086664,27.40234375,23.601988776900008,1.0
5,LOCKED,OPEN,1405.025,45.4658623426,202.9166666667,202.9166666667,0.0,12.0,0.0,19.6078431373,25.8823529412,101.7606649341,147.0008948164,304.5666547232,No,On,27.40234375,23.6019887769,107.6,TRACTION,,,,,,,,,,,,,,,45.81866998394748,19.607843137299998,0.0,26.9291427255899,364.62086612330705,0.0,0.0,0.0,144.1980495409869,151.0063781947899,364.0848054930091,27.40234375,23.60198877689999,1.0
5,OPEN,PARTIAL,1408.246,46.6028394178,73.25,73.25,0.0,12.0,0.0,0.0,9.4117647059,96.5963224085,21.9127335318,90.6592379198,No,On,27.40234375,23.6019887769,107.6,TRACTION,46.602839417800006,12.499579831911001,-19.853809672702937,21.265408824923007,435.279595196464,1.101563931115,0.0,0.0,153.27063556184802,139.083857006057,174.092242215416,27.40234375,23.60198877689999,1.0,46.47117585282,0.0,0.0,8.190013989634,19.401418261464,0.0,0.0,0.0,42.210406810963995,22.360674301737006,49.67139420715401,27.40234375,23.60198877689999,1.0
5,PARTIAL,LOCKED,1408.286,46.6028394178,35.875,35.875,0.0,12.0,0.0,0.0,9.4117647059,90.6420541159,22.495645553,86.9751409808,No,On,27.40234375,23.6019887769,107.6,TRACTION,46.602839417800006,11.683893557403001,-19.853809672702937,20.496781373942998,419.50795541151797,1.101563931115,0.0,0.0,150.278604965157,133.26382817472,166.120924766725,27.40234375,23.60198877689999,1.0,46.45101648775354,0.0,0.0,8.141622330184848,17.54993906479293,0.0,0.0,0.0,39.777108814198996,22.347738614407074,47.50232102767878,27.40234375,23.60198877689999,1.0
5,LOCKED,OPEN,1415.726,39.7677563032,-220.125,220.125,0.0,12.0,825.0002062501,0.0,5.9716559891,18.0305953454,15.8114885751,-10.0330492579,No,On,27.40234375,23.6019887769,107.6,BRAKE,,,,,,,,,,,,,,,39.07985646814839,0.0,0.0,8.259057746375804,137.73169293858547,0.0,1205.6328140907128,1578.0003945001,15.561235562264514,15.173262918262905,-8.545940253693548,27.40234375,23.601988776900008,1.0
5,OPEN,PARTIAL,1416.056,39.146385111,-117.6875,117.6875,0.0,12.0,1200.0003000001,0.0,8.6078431373,15.4202444632,14.3824619109,-7.7016239628,No,On,27.40234375,23.6019887769,107.6,BRAKE,39.46131655897576,0.0,0.0,7.905909414457576,170.19800383418487,0.0,1061.893759234606,1200.0003000001,17.20736118332424,17.96100802169697,-7.999930247709091,27.40234375,23.6019887769,1.0,38.66720778521379,0.0,0.0,8.570013187931036,104.31959778152415,0.0,1356.2669077631795,1578.0003945001,13.778070230789655,12.050278030362067,-9.247655960334482,27.40234375,23.601988776900008,1.0
5,PARTIAL,LOCKED,1431.806,39.146385111,49.4375,49.4375,0.0,12.0,0.0,0.0,7.0588235294,10.2942916569,9.219526866,32.1700844405,No,On,27.40234375,23.6019887769,111.2,BRAKE,39.760698446248,4.886826898592,-19.284172697224772,11.543739383648994,198.438393318458,0.17174567175199995,0.0,0.0,101.334725938335,66.06445367059999,226.94387947419702,27.40234375,23.60198877689999,1.0,38.984863296794444,0.0,0.0,7.229475583733334,81.13254278408778,0.0,870.6491457183545,1575.0003937501,5.523042261155555,6.833745175014444,-18.22986473811,27.40234375,23.601988776899994,1.0
5,LOCKED,PARTIAL,1431.935,39.361475139,-57.625,57.625,0.0,12.0,164.7059235294,0.0,7.0588235294,8.9409028104,7.958533514,-14.882504046,No,On,27.40234375,23.6019887769,111.2,BRAKE,39.71184456418501,2.555193825783,-14.210205270348794,8.961839479964,134.593895922626,0.0,0.6176472132349999,61.7647213235,78.155041070056,43.05926172065901,176.34547798293403,27.40234375,23.60198877689999,1.0,38.953558502240256,0.0,0.0,7.258286969529871,90.62706111790519,0.0,1014.7006814259612,1575.0003937501,4.840133243254545,6.497524319036362,-22.211936581825977,27.40234375,23.6019887769,1.0
5,OPEN,PARTIAL,1490.995,38.5250139187,-119.25,119.25,0.0,12.0,1725.0004312501,0.0,7.5490196078,4.6924729713,6.6380593435,-21.363036882,No,On,27.40234375,23.6019887769,114.8,BRAKE,38.73604564438636,0.0,-277.56557168968044,6.840782901818182,166.59055918420458,0.0,1725.0004312500996,1725.0004312501,5.010656860145455,8.927635654795452,-21.526050442981816,27.40234375,23.601988776899997,1.0,38.381295411633324,0.0,0.0,7.696078431366668,92.27016129033335,0.0,1725.0004312501003,1725.0004312501,4.595481049549999,5.734695914733333,-21.313345495583334,27.40234375,23.6019887769,1.0
5,PARTIAL,LOCKED,1542.855,47.22421061,48.5,48.5,14.2622397598,12.0,0.0,4.7058823529,7.0588235294,21.8851011528,23.6466895132,19.5605053053,No,On,27.40234375,23.6019887769,120.2,TRACTION,47.781311308644,2.146983408731,4.402414034697923,9.653356859102999,23.216191226512006,13.675763043784002,0.0,0.0,16.749367048631,12.973352927919,1.133413113024,27.40234375,23.60198877689999,1.0,47.16195462493903,6.34390637257805,9.404566967238809,8.301013912960975,49.11589605649024,6.643529391240244,0.0,0.0,41.67111840418414,22.071480047090244,46.47072102722073,27.40234375,23.6019887769,1.0
5,LOCKED,PARTIAL,1542.865,47.22421061,50.4285714286,50.4285714286,14.3587366458,12.0,0.0,4.7058823529,7.1520093186,22.3615506329,23.3985233564,19.9382140409,No,On,27.40234375,23.6019887769,120.2,TRACTION,47.775097596721004,2.19404223226,4.402414034697922,9.602376466946,23.359941226512,13.646334417683999,0.0,0.0,16.821506764556,13.054714841659,1.156100817746,27.40234375,23.60198877689999,1.0,47.161186032530864,6.364128891339506,9.52067273226645,8.315199154866667,49.09969018769877,6.548279918961728,0.0,0.0,41.90950812975556,22.055096796358026,46.79828284186667,27.40234375,23.601988776899997,1.0
5,PARTIAL,LOCKED,1542.875,47.22421061,45.4821428571,45.4821428571,14.3499642016,12.0,0.0,4.7058823529,6.9954446425,22.838000113,22.8644266276,20.3159227766,No,On,27.40234375,23.6019887769,120.2,TRACTION,47.76888388479801,2.241101055789,4.402414034697922,9.552635506690999,23.516334083655007,13.615671801101,0.0,0.0,16.898012676638,13.129742715465,1.286370653056,27.40234375,23.60198877689999,1.0,47.1603982253125,6.384856973070001,9.63968114141978,8.33169608627125,49.14490952933125,6.45075886542875,0.0,0.0,42.147901979965,22.0449801734675,47.129312342682496,27.40234375,23.601988776899997,1.0
5,LOCKED,PARTIAL,1543.007,47.22421061,-70.875,70.875,11.5234826845,12.0,0.0,4.7058823529,4.8823529412,29.1271332505,24.2473556575,26.9062672056,No,On,27.40234375,23.6019887769,120.2,TRACTION,47.686514961389896,2.8816825875414143,4.446882863331235,8.785050745125252,22.872496258216167,13.171415680795963,0.0,0.0,18.322196047719192,14.020840096922225,6.380727350731314,27.40234375,23.60198877689999,1.0,47.14801671783583,6.710628168028358,11.51006703453108,8.965581135222386,54.9996404965403,5.177727196011941,0.0,0.0,45.243214694776114,22.079777300914923,51.74370071509552,27.40234375,23.601988776900004,1.0
5,PARTIAL,LOCKED,1543.295,47.22421061,-45.125,45.125,8.6025511849,12.0,0.0,6.2745098039,7.916909338,42.8488782776,31.4891453087,48.0536491497,No,On,27.40234375,23.6019887769,120.2,TRACTION,47.50790798403201,4.310144430701999,5.567001081634673,7.697877513243001,42.86253712276801,12.397908703869001,0.0,0.0,24.05937469901299,19.142686724866,19.042112619241,27.40234375,23.60198877689999,1.0,47.08986874749999,7.955673497455263,16.54705421463668,10.249620410950001,32.9282426594579,1.2902554516421052,0.0,0.0,52.153435098326305,18.575077620213158,62.39344459991315,27.40234375,23.601988776900008,1.0
5,LOCKED,OPEN,1544.654,46.6028394178,210.3669354839,210.3669354839,0.0,12.0,0.0,16.4705882353,19.6078431373,104.635440869,128.7045950489,162.9671722708,No,On,27.40234375,23.6019887769,120.2,TRACTION,46.6028394178,12.418300653566666,13.071895423345232,16.655665566533333,40.958333333333336,0.0,0.0,0.0,60.4775090416,12.038917662400001,75.2221606751,27.40234375,23.6019887769,1.0,46.634243652124006,15.869079939673998,-1.109435227035781,20.611807027748995,197.59271986044396,10.272994002593,0.0,0.0,114.812433345691,111.26735002397001,203.750811520321,27.40234375,23.60198877689999,1.0
5,OPEN,PARTIAL,1547.134,47.22421061,115.25,115.25,28.7658192063,12.0,0.0,15.2941176471,20.3921568627,119.47265625,120.1717639771,240.777990495,No,On,27.40234375,23.6019887769,120.2,TRACTION,47.05496463152601,15.294117647099995,0.0,21.16580081535301,162.28106981974398,26.618153655688,0.0,0.0,115.96602313701902,117.36192831621098,239.68522179896206,27.40234375,23.60198877689999,1.0,47.22421061000001,15.294117647099995,0.0,20.634548243053995,78.692431507918,30.198119801944994,0.0,0.0,120.10483667101101,116.15638117448097,241.76988354252796,27.40234375,23.60198877689999,1.0
5,PARTIAL,LOCKED,1548.134,47.22421061,46.5,46.5,31.6723426309,12.0,0.0,15.2941176471,20.7843137255,120.7405570354,115.3267436516,242.7305367086,No,On,27.40234375,23.6019887769,120.2,TRACTION,47.22421061000001,15.294117647099995,0.0,20.630626674425997,79.379931507918,30.169054567699,0.0,0.0,120.092157663157,116.20483137773597,241.75035808039195,27.40234375,23.60198877689999,1.0,47.22421061000001,15.215686274539996,-0.32679738566820254,20.368113289740002,37.616949089755,33.114231055675006,0.0,0.0,119.92643786708499,119.54887692485099,241.96976896908703,27.40234375,23.60198877689999,1.0
5,LOCKED,PARTIAL,1548.287,47.22421061,51.375,51.375,32.6788166719,12.0,0.0,15.2941176471,20.7254901961,120.9375,120.9601924815,243.0280244297,No,On,27.40234375,23.6019887769,120.2,TRACTION,47.22421061000001,15.294117647099995,0.0,20.69170054260505,69.87219090602828,30.713490084131315,0.0,0.0,120.29169818378283,116.4044468133909,242.05250107923126,27.40234375,23.60198877689999,1.0,47.22421061000001,15.156862745119998,-0.32679738566820254,20.193694989091004,33.097381501211004,33.241907558655,0.0,0.0,119.55850251165798,119.752382327922,241.383778517899,27.40234375,23.60198877689999,1.0
5,PARTIAL,LOCKED,1548.475,47.22421061,47.0,47.0,32.8372954136,12.0,0.0,15.2941176471,20.3921568627,120.4222635435,117.7958129378,243.3935648973,No,On,27.40234375,23.6019887769,120.654509018,TRACTION,47.22421061000001,15.294117647099995,0.0,20.646665890115,62.85376667373099,31.405766240614003,0.0,0.0,120.462331207814,117.11285716289701,242.41236095263602,27.40234375,23.60198877689999,1.0,47.22421061000001,15.084175084186867,-0.33009836936182074,20.03653088620101,25.853804840966667,33.35364277076869,0.0,0.0,119.05145956650505,119.43311614323737,240.41613684832527,27.40234375,23.60198877689999,1.0
5,LOCKED,PARTIAL,1581.726,44.7387258411,53.6008064516,53.6008064516,23.0304073806,12.0,0.0,13.3333333333,16.862745098,88.3432655635,90.2086093221,157.9444972568,No,On,27.40234375,23.6019887769,122.0,TRACTION,44.73872584109999,11.382271917032323,4.395309802330347,14.666135577715151,10.835129038758586,24.129768100417174,0.0,0.0,71.49116191595354,67.79431950877475,129.5174200409273,27.40234375,23.60198877689999,1.0,44.73872584109999,13.777896613179998,1.5844721727481876,17.565193843953,80.819194877214,24.564701153887,0.0,0.0,95.936469649669,93.164009158058,192.700400089596,27.40234375,23.60198877689999,1.0
5,PARTIAL,LOCKED,1583.825,45.3600970333,48.25,48.25,45.8091187167,12.0,0.0,19.2156862745,30.0059417706,216.547721161,215.7369286636,438.1640891871,No,On,27.40234375,23.6019887769,122.0,TRACTION,44.842287706467,18.211588738078,4.203751948843854,26.922292409396004,64.586134912291,38.91456764804,0.0,0.0,159.77812036349803,165.11974175231302,327.17138880291697,27.40234375,23.60198877689999,1.0,45.532092579327,19.027450980404,-0.3565062388192448,29.806330829166008,24.148025823359003,49.497326922694,0.0,0.0,214.27868616892596,214.634132983654,467.5120194211629,27.40234375,23.60198877689999,1.0
5,LOCKED,PARTIAL,1583.854,45.3600970333,51.875,51.875,45.9387224416,12.0,0.0,19.2156862745,29.8910675381,216.5278050883,215.7369286636,444.6513485175,No,On,27.40234375,23.6019887769,122.0,TRACTION,44.86092884223301,18.337078934156,3.876954563175651,27.214319119068,63.878433299388,39.38657158767101,0.0,0.0,163.11391756229102,168.491138336659,333.22006360255307,27.40234375,23.60198877689999,1.0,45.550733715096,19.015686274523002,-0.3565062388192448,29.790803001875005,23.22310646852,49.602311879542015,0.0,0.0,214.136172328776,214.51243522902405,467.94852397808097,27.40234375,23.60198877689999,1.0
5,PARTIAL,LOCKED,1583.886,45.3600970333,45.375,45.375,47.3024811321,12.0,0.0,19.2156862745,29.8039215686,216.3765466179,216.4053443614,451.8097036407,No,On,27.40234375,23.6019887769,122.0,TRACTION,44.879569977999,18.454725992978002,3.876954563175651,27.498543111694993,63.313957492936,39.884479201953,0.0,0.0,166.34998532747701,171.84892570973497,339.40184765598906,27.40234375,23.60198877689999,1.0,45.569374850865,19.003921568642003,-0.3565062388192448,29.778959072385007,22.274195178198003,49.661578421092,0.0,0.0,213.989754573487,214.35056561660497,468.15274554511706,27.40234375,23.60198877689999,1.0
5,LOCKED,PARTIAL,1586.186,47.22421061,50.5887096774,50.5887096774,25.3682911704,12.0,0.0,10.9803921569,11.1395845467,152.7313350394,124.6480032279,176.2788377057,No,On,27.40234375,23.6019887769,122.0,TRACTION,46.62063408122324,17.127153891868687,-7.756811529916195,25.926223539372728,12.857004622477778,44.14742643265758,0.0,0.0,194.63306159617372,194.64589993311006,288.9648340946545,27.40234375,23.60198877689999,1.0,46.78227387832199,8.083470074416484,-3.1210619445678827,9.336216037873626,61.04678399569342,18.83754177662967,0.0,0.0,85.11642234196923,49.995653562329686,115.1070374101165,27.40234375,23.60198877689999,1.0
5,PARTIAL,LOCKED,1586.514,46.7840726822,47.0,47.0,19.8611060549,12.0,0.0,7.8431372549,8.4050939964,101.4552668807,45.3600721806,132.4703172899,No,On,27.40234375,23.6019887769,122.0,TRACTION,46.78726936031,13.770663650071004,-10.846207169758673,18.725632592571,36.38220986988,35.511581623773004,0.0,0.0,169.328079272291,154.431746691259,217.87322511042206,27.40234375,23.60198877689999,1.0,46.709675033341384,7.8431372549,0.0,10.439663005037932,47.7046216119431,16.980488284806896,0.0,0.0,61.664279613996555,31.851254047681035,93.1336096008845,27.40234375,23.601988776900004,1.0
5,LOCKED,PARTIAL,1586.855,46.6028394178,56.5,56.5,16.1059882168,12.0,0.0,7.8431372549,9.4117647059,48.1469155328,47.3023191736,86.9254835649,No,On,27.40234375,23.6019887769,122.0,TRACTION,46.85355349069697,10.071377424315154,-9.635371340611346,12.269156345996967,42.288245980783834,25.203202411339397,0.0,0.0,126.21463182006262,99.87385735146565,156.10313036679395,27.40234375,23.60198877689999,1.0,46.6028394178,7.8431372549,0.0,10.906094285904166,78.13228272034166,15.303133058725,0.0,0.0,44.21324013859999,11.755454386783333,70.65811993326251,27.40234375,23.6019887769,1.0
5,PARTIAL,OPEN,1590.866,44.9179675312,179.10546875,179.10546875,0.0,12.0,0.0,19.2156862745,23.5294117647,118.0233021152,135.8185009403,352.2697401605,No,On,27.40234375,23.6019887769,122.0,TRACTION,,,,,,,,,,,,,,,45.15186105062301,20.161358902550003,-0.0759081150859457,27.396574634878007,359.86960551279697,0.0,0.0,0.0,133.99782361282098,156.517741307585,396.7174048122781,27.40234375,23.60198877689999,1.0
5,OPEN,PARTIAL,1596.326,46.6028394178,106.75,106.75,21.0882613412,12.0,0.0,8.2352941176,12.1568627451,93.5663635799,42.421347992,75.2723149012,No,On,27.40234375,23.6019887769,122.0,TRACTION,46.602839417800006,14.775062845653002,-8.234393029657218,20.064100217852996,354.638894776286,10.504796606706,0.0,0.0,120.12742154019898,121.92138385880702,177.93681820636996,27.40234375,23.60198877689999,1.0,46.338383838399004,8.260224089593002,0.3692386045917189,10.954950710767001,56.29371086014,18.975009525844,0.0,0.0,63.58282114265099,45.431530249414,71.314237797364,27.40234375,23.60198877689999,1.0
5,PARTIAL,LOCKED,1596.445,46.6028394178,49.875,49.875,20.3976872244,12.0,0.0,8.2352941176,11.6339869281,85.6035485973,45.4522674492,74.2970938372,No,On,27.40234375,23.6019887769,122.0,TRACTION,46.602839417800006,13.450746784071718,-8.317568716825471,18.275334449655553,313.82331135760506,13.143734376382827,0.0,0.0,114.3071422525808,108.4280683714586,149.20056619413634,27.40234375,23.60198877689999,1.0,46.263819295335,8.307282913129002,0.3692386045917189,10.965866704328999,52.712139229361995,18.731446214039003,0.0,0.0,58.62734370468899,45.28368211091801,70.61881783055499,27.40234375,23.60198877689999,1.0
5,LOCKED,PARTIAL,1596.455,46.6028394178,50.5732758621,50.5732758621,20.1239869657,12.0,0.0,8.2352941176,11.5547633195,84.9344044811,45.7288532552,74.2151424873,No,On,27.40234375,23.6019887769,122.0,TRACTION,46.602839417800006,13.398592257407001,-8.234393029657218,18.208920974439998,311.183828244029,13.216273904862998,0.0,0.0,114.02010631602799,107.79831036223601,148.45153147056698,27.40234375,23.60198877689999,1.0,46.257605583413,8.311204481757002,0.3692386045917189,10.971887698584997,52.64640647074099,18.718664762859003,0.0,0.0,58.255901281945,45.249190233937,70.567118121873,27.40234375,23.60198877689999,1.0
5,PARTIAL,LOCKED,1596.464,46.6028394178,49.875,49.875,20.1976754969,12.0,0.0,8.2352941176,11.3725490196,84.3321747766,45.7288532552,74.1413862723,No,On,27.40234375,23.6019887769,122.0,TRACTION,46.602839417800006,13.292709904465001,-8.234393029657218,18.061723509596,307.60206100265003,13.417513774519998,0.0,0.0,113.52683708353901,106.73275656021198,146.38341044959202,27.40234375,23.60198877689999,1.0,46.251391871491,8.315126050385002,0.3692386045917189,10.979730835839998,52.587698137408,18.705265402641004,0.0,0.0,57.890183891766995,45.210793616166,70.51628549845,27.40234375,23.60198877689999,1.0
5,LOCKED,PARTIAL,1596.545,46.6028394178,51.625,51.625,18.8367769887,12.0,0.0,8.2352941176,10.5763517528,78.9121074355,46.0861099212,73.477580338,No,On,27.40234375,23.6019887769,122.0,TRACTION,46.602839417800006,12.445651080929002,-8.234393029657218,16.847106753805,278.74093437600004,14.973981025285,0.0,0.0,109.46108744727196,98.18173580970999,130.862999681282,27.40234375,23.60198877689999,1.0,46.201682176115,8.346498599409001,0.3692386045917189,11.093416714231003,52.637031470743004,18.651782476565003,0.0,0.0,55.197865846713995,44.68331348747901,70.14499671250601,27.40234375,23.60198877689999,1.0
5,PARTIAL,LOCKED,1597.235,45.9814682256,49.875,49.875,18.8549067066,12.0,0.0,8.2352941176,10.3149138443,48.5168087121,46.1193273342,68.7285595746,No,On,27.40234375,23.6019887769,122.0,TRACTION,46.39847733680909,8.235294117600002,0.0,11.042955101620203,65.43179857264647,19.178089986945455,0.0,0.0,68.0941295181606,45.32318073277171,71.95917829675656,27.40234375,23.60198877689999,1.0,45.981468225600004,8.617086834741,0.3692386045917189,11.961249386003999,52.676430179598,19.349782950264004,0.0,0.0,46.850803932789006,43.618403751233984,69.453646764834,27.40234375,23.60198877689999,1.0
5,LOCKED,PARTIAL,1597.244,45.9814682256,50.0362903226,50.0362903226,18.8845735179,12.0,0.0,8.2352941176,10.4575163399,48.4870822642,45.9959016196,68.7415118855,No,On,27.40234375,23.6019887769,122.0,TRACTION,46.394307245697,8.235294117600002,0.0,11.035674689047001,65.27623058692001,19.174858154142,0.0,0.0,67.8983563101,45.33114219878599,71.926872109535,27.40234375,23.60198877689999,1.0,45.9814682256,8.620943326833332,0.3729682874663827,11.976438608691918,52.70309825896161,19.354482035439396,0.0,0.0,46.83427586883535,43.594388621250495,69.46084004644344,27.40234375,23.60198877689999,1.0
5,PARTIAL,LOCKED,1597.255,45.9814682256,49.4453125,49.4453125,18.8565548628,12.0,0.0,8.2352941176,10.6318082789,48.4507499389,45.7288532552,68.7573424877,No,On,27.40234375,23.6019887769,122.0,TRACTION,46.388093533775006,8.235294117600002,0.0,11.029034166170998,63.773624740146,19.152787282688,0.0,0.0,67.39269367941499,45.316848752997,71.854844068684,27.40234375,23.60198877689999,1.0,45.981468225600004,8.624929971997,0.3692386045917189,11.977807120207999,52.897463445727,19.381130880821,0.0,0.0,46.785215358565004,43.620650348584995,69.481241112975,27.40234375,23.60198877689999,1.0
5,LOCKED,PARTIAL,1597.514,45.9814682256,50.75,50.75,18.6010906548,12.0,0.0,8.6274509804,12.4420677362,47.5952888258,38.4422478839,69.1300812129,No,On,27.40234375,23.6019887769,122.0,TRACTION,46.2227359895202,8.33177715527374,0.3729682874663827,11.02181669940707,52.62782869710707,18.66686130729495,0.0,0.0,56.24603302180808,44.97858884834343,70.28855833622525,27.40234375,23.60198877689999,1.0,45.90949272915799,8.6274509804,0.0,11.697400255988,56.305642099694005,19.909071244439,0.0,0.0,45.93762886853499,44.580164466698996,69.813399669596,27.40234375,23.60198877689999,1.0
5,PARTIAL,LOCKED,1597.575,45.9814682256,50.0,50.0,18.5758790158,12.0,0.0,8.6274509804,12.9253317489,47.3938095674,41.1131417404,69.217869098,No,On,27.40234375,23.6019887769,122.0,TRACTION,46.18925475227101,8.354341736665,0.3692386045917189,11.143961376540004,52.607252740903995,18.64458600689,0.0,0.0,54.58859812382399,44.585527021881006,70.06181489304899,27.40234375,23.60198877689999,1.0,45.87221045762001,8.6274509804,0.0,11.603203385320999,56.699753605375,20.063489155303998,0.0,0.0,45.74288027304699,44.92974513312901,69.883250649909,27.40234375,23.60198877689999,1.0
5,LOCKED,PARTIAL,1597.585,45.9814682256,50.01953125,50.01953125,18.7008041038,12.0,0.0,8.6274509804,12.8790526111,47.3607801808,41.874496217,69.2322605545,No,On,27.40234375,23.6019887769,122.0,TRACTION,46.183041040348996,8.358263305293,0.3692386045917189,11.171016238889,52.574752740904,18.642622231830998,0.0,0.0,54.293489468629,44.549481645876014,70.021676321147,27.40234375,23.60198877689999,1.0,45.865996745697,8.6274509804,0.0,11.588138349406,56.749597355375,20.086513897147,0.0,0.0,45.710453712102,44.95999112933201,69.894641875791,27.40234375,23.60198877689999,1.0
5,PARTIAL,LOCKED,1598.855,45.3600970333,48.0,48.0,21.5233745729,12.0,0.0,8.6274509804,11.3725490196,43.2546372442,43.6232322806,70.5666201822,No,On,27.40234375,23.6019887769,122.0,TRACTION,45.704440235699,8.6274509804,0.0,11.393198726029,56.09655333319799,20.645873459834,0.0,0.0,44.870940751692004,45.574707567895004,70.16574520700499,27.40234375,23.60198877689999,1.0,45.3600970333,8.714596949895961,1.0863237244415138,11.128885301936366,45.44560388860909,22.541004844742424,0.0,0.0,47.79562851132121,46.512859020465655,82.08935702056363,27.40234375,23.60198877689999,1.0
5,LOCKED,PARTIAL,1598.885,45.3600970333,50.75,50.75,21.3705512848,12.0,0.0,8.6274509804,11.4823529412,43.1586942617,41.9603716487,70.5883131866,No,On,27.40234375,23.6019887769,122.0,TRACTION,45.68579909993,8.6274509804,0.0,11.370717654393001,55.79715071833999,20.718327178107998,0.0,0.0,44.774574747904,45.69801502217599,70.193889710902,27.40234375,23.60198877689999,1.0,45.3600970333,8.755340520051515,1.2435134241936308,11.204669673914143,45.03530370322626,22.599295447260605,0.0,0.0,48.16091420244748,46.75702127152323,83.1432992849707,27.40234375,23.60198877689999,1.0
5,PARTIAL,LOCKED,1598.894,45.3600970333,49.925,49.925,21.2933537759,12.0,0.0,8.6274509804,11.6235294118,43.129911367,41.5295074698,70.5948210879,No,On,27.40234375,23.6019887769,122.0,TRACTION,45.679585388007,8.6274509804,0.0,11.363972556354,55.72590071834,20.742199435531997,0.0,0.0,44.74246270469499,45.72786324040399,70.203132800251,27.40234375,23.60198877689999,1.0,45.3600970333,8.785434173675,1.4857256034069988,11.262262032797,44.77527097869401,22.634864612825996,0.0,0.0,48.360384935780004,46.946000333302,83.73823568798,27.40234375,23.60198877689999,1.0
5,LOCKED,PARTIAL,1598.906,45.3600970333,50.9545454545,50.9545454545,21.3030034645,12.0,0.0,8.6274509804,11.8117647059,43.091534174,40.5659182102,70.6034982896,No,On,27.40234375,23.6019887769,122.0,TRACTION,45.67025958972525,8.6274509804,0.0,11.350576359161614,55.62315786517374,20.78264324668283,0.0,0.0,44.69426434234746,45.78589209950908,70.2175591655111,27.40234375,23.60198877689999,1.0,45.3600970333,8.805042016812,1.812522988991868,11.289642585018,44.61243006960401,22.660474301556995,0.0,0.0,48.48808403809901,47.09720057390399,84.10649812527299,27.40234375,23.60198877689999,1.0
5,PARTIAL,LOCKED,1598.986,45.3600970333,47.625,47.625,21.2752240579,12.0,0.0,8.6274509804,12.9098039216,42.8356862208,39.4595749863,70.6613463013,No,On,27.40234375,23.6019887769,122.0,TRACTION,45.620047776206064,8.6274509804,0.0,11.368477757146467,55.465950234206055,20.909767722316165,0.0,0.0,44.437810106552526,45.3079815707202,70.28793457104344,27.40234375,23.60198877689999,1.0,45.3600970333,8.977591036420003,2.018921337833914,11.508415176404998,43.639914353488,22.741882459560994,0.0,0.0,49.572831425127006,48.263021117439,87.224000783613,27.40234375,23.60198877689999,1.0
5,LOCKED,PARTIAL,1599.014,45.3600970333,50.5,50.5,21.3904010899,12.0,0.0,8.6274509804,12.8,42.7461394371,42.6641553591,70.6815931054,No,On,27.40234375,23.6019887769,122.0,TRACTION,45.605020844931005,8.6274509804,0.0,11.399638252337002,55.323199754041,20.937569728362,0.0,0.0,44.358333333335004,45.15374159135801,70.30851512282399,27.40234375,23.60198877689999,1.0,45.3600970333,9.048179271715004,2.018921337833914,11.5970187904,43.406747770827,22.771232696601,0.0,0.0,50.012043404119,48.636507329927,88.47671069767098,27.40234375,23.60198877689999,1.0
5,PARTIAL,LOCKED,1599.044,45.3600970333,49.625,49.625,21.619063537,12.0,0.0,8.6274509804,12.6823529412,42.7970287273,42.7786046581,70.7032861098,No,On,27.40234375,23.6019887769,122.0,TRACTION,45.586379709162,8.6274509804,0.0,11.423307442786,55.16061280847599,20.981198361471,0.0,0.0,44.262102521932,45.073233278001005,70.333215377266,27.40234375,23.60198877689999,1.0,45.35937282445151,9.099963217617173,2.039314482660519,11.649748493715151,43.240151045394946,22.79941598500606,0.0,0.0,50.391019300106066,48.975509188573746,89.52581614494846,27.40234375,23.60198877689999,1.0
5,LOCKED,PARTIAL,1599.065,45.3600970333,50.0120967742,50.0120967742,21.6650129947,12.0,0.0,8.6274509804,12.5490196078,43.1153033552,43.1473857327,70.7184712129,No,On,27.40234375,23.6019887769,122.0,TRACTION,45.57395228531601,8.6274509804,0.0,11.439015460646,55.05049184073499,21.015047795279003,0.0,0.0,44.203279663169006,45.033819800649006,70.34933860577799,27.40234375,23.60198877689999,1.0,45.35005949865799,9.165826330540003,2.018921337833914,11.761569347878998,43.26530245832801,22.811135546341006,0.0,0.0,50.78832133105902,49.428301250646,90.66651850621798,27.40234375,23.60198877689999,1.0
5,PARTIAL,LOCKED,1599.419,45.3600970333,48.7462121212,48.7462121212,22.9270752984,12.0,0.0,8.6274509804,9.8039215686,48.4805042255,48.9765059448,82.6578270742,No,On,27.40234375,23.6019887769,121.7520958084,TRACTION,45.3600970333,8.6274509804,0.0,11.236762155118178,53.33340314979696,21.769403561130297,0.0,0.0,44.357859566379794,45.72441975360808,71.87723378236868,27.40234375,23.60198877689999,1.0,45.194119945561,10.161904761919997,2.731933815555939,13.154865749029,46.399534146136006,22.883326632807997,0.0,0.0,57.775254630674,56.759253100123,109.62598894757899,27.40234375,23.60198877689999,1.0
5,LOCKED,PARTIAL,1600.134,44.7767689753,52.125,52.125,22.5080448811,12.0,0.0,10.9803921569,15.2069716776,61.6816843659,66.6898936911,119.0272709868,No,On,27.40234375,23.6019887769,120.2,TRACTION,45.312777227126,9.307002801130002,2.018921337833914,11.968546081768,43.100060522844,22.846588191588,0.0,0.0,51.793881315885,50.66420931094701,93.458750521793,27.40234375,23.60198877689999,1.0,44.799885773931,12.742584213175,4.579200755622297,16.374867929769003,70.892802947481,24.292663389149,0.0,0.0,80.47738087911199,80.117106681663,172.24565137744602,27.40234375,23.60198877689999,1.0
5,PARTIAL,LOCKED,1602.045,44.7387258411,49.0,49.0,33.101239101,12.0,0.0,15.2941176471,19.6078431373,118.59375,118.3668287953,237.8353700152,No,On,27.40234375,23.6019887769,122.0,TRACTION,44.73872584109999,15.257616892948995,0.6913021618576717,19.976572305802,80.944969274155,29.800398941637,0.0,0.0,106.94571607190099,112.666315243381,235.27147137628398,27.40234375,23.60198877689999,1.0,44.73872584109999,15.294117647099995,0.0,19.040495963107006,23.821727145315,33.647627147863,0.0,0.0,119.10958806818104,118.31586980710699,239.677697467966,27.40234375,23.60198877689999,1.0
5,LOCKED,PARTIAL,1607.206,45.3600970333,52.0,52.0,37.1931164507,12.0,0.0,17.6470588235,25.8823529412,163.4906431686,162.3070588498,341.3036993288,No,On,27.40234375,23.6019887769,120.2,TRACTION,44.766563270511,16.492056309668,1.3988201621015242,22.117494988602008,21.388546918956,35.888179793987,0.0,0.0,146.934829215119,133.258638472102,298.411844803743,27.40234375,23.60198877689999,1.0,45.393967855154,17.631372548992,-0.32679738558486776,25.57567835213,50.30972360677399,41.206872035249006,0.0,0.0,168.666402644974,168.844657233125,359.13625658492697,27.40234375,23.60198877689999,1.0
5,PARTIAL,LOCKED,1607.826,45.3600970333,47.75,47.75,43.25637401,12.0,0.0,17.6470588235,25.4901960784,169.6673517707,167.0455341088,361.4293588781,No,On,27.40234375,23.6019887769,121.9098196393,TRACTION,45.15181340967501,17.464605329288002,1.3988201621015242,25.124545889758,52.303159590968,38.173426400939995,0.0,0.0,163.187373626862,157.10445628599,344.275722628258,27.40234375,23.60198877689999,1.0,45.779217994380005,17.300653594759,-0.5446623093806546,25.09808451292301,13.439432251512999,43.757297175256,0.0,0.0,170.74251643583503,172.5479376067161,361.58422286818,27.40234375,23.60198877689999,1.0
5,LOCKED,PARTIAL,1621.134,47.8455818023,55.75,55.75,34.3201813124,12.0,0.0,16.4705882353,23.8274509804,134.9027884843,150.9504211642,293.369609226,No,On,27.40234375,23.6019887769,120.2,TRACTION,47.75175576923801,15.824509803934001,0.8439409174226369,22.084941572586,13.686664383091,34.449412937422,0.0,0.0,131.355746926484,127.319234514306,276.107835994172,27.40234375,23.60198877689999,1.0,47.84558180230001,16.078431372500006,-0.392156862800357,22.332503140512998,48.168447029180996,34.668742295724,0.0,0.0,135.67953695705498,137.56031587656898,289.22801694936095,27.40234375,23.60198877689999,1.0
5,PARTIAL,LOCKED,1621.594,47.8455818023,49.94921875,49.94921875,34.5567045576,12.0,0.0,16.0784313725,22.3529411765,135.6443830052,133.4987490192,289.6033344212,No,On,27.40234375,23.6019887769,120.2,TRACTION,47.75175576923802,16.185294117619005,0.05962719192192281,22.725054862338,37.145537526702,34.069167469894005,0.0,0.0,134.302489539738,135.67896199537302,287.69059970653603,27.40234375,23.60198877689999,1.0,47.84558180230001,16.078431372500006,0.0,22.230780819268002,33.244231958237,36.309657828374,0.0,0.0,135.692645143096,136.52331192315998,285.116868866862,27.40234375,23.60198877689999,1.0
5,LOCKED,PARTIAL,1628.675,47.22421061,58.25,58.25,40.6830871632,12.0,0.0,17.6470588235,27.9843137255,178.7323048675,187.5409813569,225.7533920916,No,On,27.40234375,23.6019887769,119.0444,TRACTION,47.22421061000001,14.152201393378999,5.464173237328583,19.585909077183004,7.101600463907001,29.385983492007995,0.0,0.0,142.829628854183,96.208424413426,189.43286973767698,27.40234375,23.60198877689999,1.0,47.22421061000001,13.741679235802003,-3.5070239519131103,18.369345732726,92.117613772445,27.883466838158,0.0,0.0,140.34585325460702,118.24999797508197,222.247456130894,27.40234375,23.60198877689999,1.0
5,PARTIAL,OPEN,1629.107,47.22421061,123.375,123.375,24.1059322982,12.0,0.0,12.9411764706,16.3042186572,145.8843786002,97.5235193587,224.8525172321,No,On,27.40234375,23.6019887769,118.4,TRACTION,47.22421061000001,15.028479146128285,0.8474280357558802,20.805408994055554,44.131770453151525,29.906160419959598,0.0,0.0,162.5199395517111,126.27848533695457,215.78572163818285,27.40234375,23.60198877689999,1.0,47.22421061000001,13.615686274522,0.846702317316903,18.572054380067996,71.63170916406798,29.141039190321003,0.0,0.0,113.75810463498802,98.452563230407,211.44617461564997,27.40234375,23.60198877689999,1.0
5,OPEN,PARTIAL,1629.234,47.22421061,119.75,119.75,26.6144260052,12.0,0.0,13.3333333333,18.4544405998,136.2276965726,93.6347044671,221.2986269844,No,On,27.40234375,23.6019887769,118.4,TRACTION,47.22421061000001,15.125253178195003,1.1954599942175645,20.997222088067,59.22324508733001,29.662661099653995,0.0,0.0,162.120038717005,127.42124709953801,219.91453667606,27.40234375,23.60198877689999,1.0,47.22421061000001,13.690196078448,0.4901960784976598,18.655077133551995,57.71108785183401,29.886491890343997,0.0,0.0,108.40757535664399,99.68024172037798,208.85390156238398,27.40234375,23.60198877689999,1.0
5,PARTIAL,LOCKED,1629.794,47.22421061,46.25,46.25,30.5050050022,12.0,0.0,13.7254901961,18.8235294118,100.3759189089,100.1656983373,205.627929829,No,On,27.40234375,23.6019887769,119.984,TRACTION,47.22421061000001,13.466693074544448,-0.5724526421579663,17.80785566189899,89.09128713631615,27.145158590450503,0.0,0.0,131.867148390402,107.93759192551514,219.59474959525457,27.40234375,23.60198877689999,1.0,46.980289365404005,13.725490196100003,0.0,18.100686856917,20.005130044389,31.432321089005,0.0,0.0,99.31651623524202,103.340515077982,203.22558996812498,27.40234375,23.60198877689999,1.0
5,LOCKED,PARTIAL,1633.175,46.6028394178,53.75,53.75,28.5361761118,12.0,0.0,16.0784313725,22.0078431373,122.1943851169,129.6880112479,267.5692718815,No,On,27.40234375,23.6019887769,118.4,TRACTION,46.602839417800006,14.714328808423007,1.863184578106268,19.498704694007,11.645452063546998,30.856485926973996,0.0,0.0,115.844130170507,109.308406377112,242.185633198539,27.40234375,23.60198877689999,1.0,46.602839417800006,16.078431372500006,0.0,21.372077654819005,68.97300356172501,31.704559349156003,0.0,0.0,125.45841280311701,128.687197989168,272.681526122067,27.40234375,23.60198877689999,1.0
5,PARTIAL,LOCKED,1634.045,46.6028394178,46.875,46.875,33.9897122483,12.0,0.0,16.0784313725,21.1764705882,127.8176989658,129.1090646146,274.4537383388,No,On,27.40234375,23.6019887769,118.4,TRACTION,46.602839417800006,16.078431372500006,0.0,21.536224210656567,67.25776857951011,30.995846361582824,0.0,0.0,124.58597468616365,128.4449663873889,271.3228344113616,27.40234375,23.60198877689999,1.0,46.602839417800006,16.078431372500006,0.0,21.333563968149004,34.03099242531,34.339792853244006,0.0,0.0,130.294620041837,129.501127793538,276.14874989612207,27.40234375,23.60198877689999,1.0
5,LOCKED,PARTIAL,1644.265,46.6028394178,52.375,52.375,25.9390940101,12.0,0.0,14.5098039216,19.6078431373,111.9730864537,111.7049771244,218.2201396368,No,On,27.40234375,23.6019887769,118.4,TRACTION,46.634032251649,14.178104575159999,0.45865898812466255,18.607123786884998,11.295603837828,29.825265844614,0.0,0.0,111.84267276982298,107.57880830115101,215.509699860049,27.40234375,23.60198877689999,1.0,46.695536586738996,14.509803921599998,0.0,19.435305099153002,63.018533451520995,29.017606071169002,0.0,0.0,113.26419471340901,110.34596341758498,224.60299399123198,27.40234375,23.60198877689999,1.0
5,PARTIAL,LOCKED,1644.274,46.6028394178,47.5625,47.5625,25.8892372857,12.0,0.0,14.5098039216,19.6632996633,111.975409554,111.8120425977,218.2718200296,No,On,27.40234375,23.6019887769,118.4,TRACTION,46.634347330778795,14.182676437575756,0.46329190719662894,18.636627314937375,11.6713801392202,29.765805002138382,0.0,0.0,111.84654919236363,107.53710729757577,215.53896845473332,27.40234375,23.60198877689999,1.0,46.69553658673901,14.509803921599998,0.0,19.43110075715,62.934978764021,29.076074411677,0.0,0.0,113.29183587505901,110.349770189968,224.756327729469,27.40234375,23.60198877689999,1.0
5,LOCKED,PARTIAL,1644.285,46.6028394178,53.025,53.025,25.8937697152,12.0,0.0,14.5098039216,19.5921568627,111.9782488987,112.1094466901,218.3349849541,No,On,27.40234375,23.6019887769,118.4,TRACTION,46.634032251649,14.185947712415999,0.4586589881246626,18.646894038421,12.030291337827999,29.727039324973997,0.0,0.0,111.84783779597997,107.579856650577,215.566296970482,27.40234375,23.60198877689999,1.0,46.69553658673901,14.509803921599998,0.0,19.427492914013,62.787562097354005,29.134491762353004,0.0,0.0,113.31977185952303,110.33870675772901,224.91109687161799,27.40234375,23.60198877689999,1.0
5,PARTIAL,LOCKED,1645.015,46.6028394178,45.75,45.75,30.7942637452,12.0,0.0,14.5098039216,19.6078431373,113.9784983407,111.1577535943,228.7382232376,No,On,27.40234375,23.6019887769,118.4,TRACTION,46.69594745258801,14.587581699368998,-0.28109145752378906,19.613524254393,56.083380920668,27.910834265098007,0.0,0.0,112.639175129621,109.00368507963901,221.072811856588,27.40234375,23.60198877689999,1.0,46.665239350356565,14.662639466560607,-0.9202742417437163,19.400291793915148,27.729824342204036,32.08754017787879,0.0,0.0,112.55706226124646,114.86791438589191,234.06157952275964,27.40234375,23.60198877689999,1.0
5,LOCKED,PARTIAL,1646.425,46.6028394178,53.0,53.0,25.7532644008,12.0,0.0,13.3333333333,18.124635993,99.4152917395,105.3765579275,209.3401547769,No,On,27.40234375,23.6019887769,118.4,TRACTION,46.69738591179293,14.4213375585899,-1.0394764306077415,18.94070140230606,18.171667576257576,30.525124243942425,0.0,0.0,107.87668957159897,111.02047041090103,228.10873152703437,27.40234375,23.60198877689999,1.0,46.602839417800006,13.333333333300004,0.0,18.017581005143,51.437358558428,27.882585957116998,0.0,0.0,97.37665276126701,98.85192326606301,198.00324155868603,27.40234375,23.60198877689999,1.0
5,PARTIAL,LOCKED,1646.894,46.6028394178,49.25,49.25,27.8472468283,12.0,0.0,13.3333333333,18.431372549,96.9726735038,96.6206415553,195.0377923246,No,On,27.40234375,23.6019887769,118.4,TRACTION,46.665446481622006,13.688888888877004,-0.18237934901885183,18.199319190736997,38.290644690311,27.709406913897006,0.0,0.0,100.72736401531898,102.668617110134,210.919504150477,27.40234375,23.60198877689999,1.0,46.602839417800006,13.458823529396005,0.3565062389101523,17.960153756540997,32.418957391428,29.142082405944,0.0,0.0,98.28116274568602,99.03483053171301,196.67964722168398,27.40234375,23.60198877689999,1.0
5,LOCKED,PARTIAL,1648.634,46.6028394178,53.40625,53.40625,25.8643820271,12.0,0.0,14.5098039216,19.2156862745,106.9852598222,110.4268830371,216.5974178378,No,On,27.40234375,23.6019887769,118.4,TRACTION,46.541163888609006,14.007189542505998,0.8229352347329224,18.388075325184005,18.717080960548,28.856918774864003,0.0,0.0,102.52360758823698,103.54252147027098,204.57528647952,27.40234375,23.60198877689999,1.0,46.569787159968,14.509803921599998,0.0,19.446510525592004,60.88244867867801,29.050030697379,0.0,0.0,107.88323750455498,111.51699487567299,229.264548740898,27.40234375,23.60198877689999,1.0
5,PARTIAL,LOCKED,1649.326,45.9814682256,47.625,47.625,30.212167819,12.0,0.0,14.5098039216,19.6078431373,107.5636743362,113.4001804514,233.8317645968,No,On,27.40234375,23.6019887769,118.4,TRACTION,46.59267152556364,14.509803921599998,0.0,19.47058823531717,54.46467277298788,27.731128336853534,0.0,0.0,107.47412844619394,109.75568377119396,221.45685476278484,27.40234375,23.60198877689999,1.0,46.554957100846,14.805555555575001,1.3562091502807925,19.44080919858,32.095333061211996,30.151758906321003,0.0,0.0,106.13724206957403,110.74185756378202,244.90543419523502,27.40234375,23.60198877689999,1.0
5,LOCKED,PARTIAL,1650.385,46.6028394178,50.0833333333,50.0833333333,26.579921058,12.0,0.0,15.6862745098,20.3333333333,106.8081244479,120.2226303322,246.540956367,No,On,27.40234375,23.6019887769,118.4,TRACTION,46.57160515920401,14.864379084985003,1.3562091502807925,19.489135599845,32.040943162611995,29.972963605871005,0.0,0.0,106.09797830414101,111.094182278638,245.561795797897,27.40234375,23.60198877689999,1.0,46.46265462490101,14.37908496732323,-1.7715279153248567,19.02451774589495,72.24969755069797,28.533601873691925,0.0,0.0,108.47253832627273,110.00754898141514,228.92315649865353,27.40234375,23.60198877689999,1.0
5,PARTIAL,LOCKED,1651.206,46.6028394178,47.375,47.375,30.2313047436,12.0,0.0,14.1176470588,18.431372549,109.07936871,108.8015922025,217.5009205535,No,On,27.40234375,23.6019887769,118.4,TRACTION,46.508639423499005,14.664289958414141,-1.7715279153248569,19.515186765259593,70.62398531778585,27.99424324802324,0.0,0.0,108.19385411082526,111.71200615460808,235.24207113754142,27.40234375,23.60198877689999,1.0,46.133804769281994,13.994570135737003,-0.5572314395101674,18.096346140499,24.049632774581998,31.054030947650993,0.0,0.0,102.337758391469,103.69358198654099,208.66799097327504,27.40234375,23.60198877689999,1.0
5,LOCKED,PARTIAL,1651.266,46.6028394178,52.25,52.25,30.5404164353,12.0,0.0,14.1176470588,18.431372549,108.2763180467,108.4692205986,215.3786280458,No,On,27.40234375,23.6019887769,118.4,TRACTION,46.50863942349899,14.569221628050503,-1.7715279153248567,19.348817187126258,71.84500600856465,28.105501219182834,0.0,0.0,108.35186666905152,111.4044309696414,233.11799218834747,27.40234375,23.60198877689999,1.0,46.09652249775,13.971040723975001,-0.5572314395101674,18.063731114292,21.31474853399,31.043709918953997,0.0,0.0,101.55978063496799,102.902467273683,207.781912221235,27.40234375,23.60198877689999,1.0
5,PARTIAL,LOCKED,1651.295,46.4633479257,44.125,44.125,30.5848342443,12.0,0.0,14.1176470588,18.3215686275,107.8881768927,108.7428323636,213.8930232904,No,On,27.40234375,23.6019887769,118.4,TRACTION,46.50851133213839,14.521687462868686,-1.7715279153248567,19.266675909025253,72.29478606721516,28.194459218331314,0.0,0.0,108.40643695966564,111.13742818441916,232.055774069599,27.40234375,23.60198877689999,1.0,46.079403087352006,13.959276018094004,-0.5572314395101674,18.053106381230997,20.034506598507,31.033818707903002,0.0,0.0,101.19724333536499,102.56663857248799,207.37333641847601,27.40234375,23.60198877689999,1.0
5,LOCKED,PARTIAL,1653.545,45.9814682256,56.875,56.875,25.6009162867,12.0,0.0,14.5098039216,19.6078431373,104.9240432116,109.2168201359,222.9075262197,No,On,27.40234375,23.6019887769,118.4,TRACTION,45.981468225600004,14.113725490199002,0.8467023172754407,18.451294117633,11.327400066924,29.83430346805701,0.0,0.0,101.11588300046598,101.877244083833,212.735970321289,27.40234375,23.60198877689999,1.0,45.981468225600004,14.509803921599998,0.0,19.804196078448005,76.60908799207701,28.513355117163,0.0,0.0,109.37124866381498,107.28497346733998,224.56062177574205,27.40234375,23.60198877689999,1.0
5,PARTIAL,LOCKED,1654.574,45.9814682256,46.875,46.875,31.8199212822,12.0,0.0,14.5098039216,19.6078431373,115.2934411337,113.0135551312,226.2776481185,No,On,27.40234375,23.6019887769,118.4,TRACTION,45.981468225600004,14.509803921599998,0.0,19.804196078448,76.50522710498001,28.638663634084,0.0,0.0,109.570672733247,107.36919830632199,224.626157382345,27.40234375,23.60198877689999,1.0,45.981468225600004,16.005555555564,2.434909861418346,21.489692486906,51.994388761082,31.216041134195,0.0,0.0,125.304915957785,125.30271532380799,252.12172828072798,27.40234375,23.60198877689999,1.0
5,LOCKED,PARTIAL,1655.166,45.9814682256,50.625,50.625,30.0581951783,12.0,0.0,16.4705882353,22.3529411765,127.0387899709,134.2363111685,256.9006426798,No,On,27.40234375,23.6019887769,118.4,TRACTION,45.9814682256,15.188816267266665,2.4595049105235827,20.466672941810103,48.015714072939396,31.466248749838382,0.0,0.0,117.5231354429121,115.55078971873839,234.28635429864343,27.40234375,23.60198877689999,1.0,46.012536785208994,16.470588235300003,0.0,22.313960784336995,71.872044362478,32.66761935186,0.0,0.0,133.948025716424,136.45541283805298,279.939459639616,27.40234375,23.60198877689999,1.0
5,PARTIAL,LOCKED,1656.166,45.9814682256,49.7625,49.7625,36.590449535,12.0,0.0,16.4705882353,22.3529411765,137.4127065535,140.5055894373,290.3847022333,No,On,27.40234375,23.6019887769,118.4,TRACTION,46.012536785209,16.470588235300003,0.0,22.31396078433699,71.880669362478,32.602296808293,0.0,0.0,133.844286550598,136.39272005536498,279.60461904408106,27.40234375,23.60198877689999,1.0,46.48601645557001,16.470588235300003,0.0,22.352941176499993,20.884263723424002,37.001101176801996,0.0,0.0,139.371035085042,140.538236475896,293.485163884114,27.40234375,23.60198877689999,1.0
5,LOCKED,PARTIAL,1678.084,45.3600970333,50.125,50.125,43.1396639504,12.0,0.0,18.8235294118,28.6274509804,204.23828125,203.2098965345,425.860688692,No,On,27.40234375,23.6019887769,116.6,TRACTION,45.3600970333,18.100891265595006,1.2771977478310315,26.44596777325699,16.01798571573,43.064517981233,0.0,0.0,192.827664944739,179.71394837129,398.08019659584505,27.40234375,23.60198877689999,1.0,45.3600970333,18.823529411800003,0.0,28.627450980399992,33.2245437150505,47.638751940508094,0.0,0.0,205.38884943181822,204.34175507497474,439.39693357013635,27.40234375,23.60198877689999,1.0
5,PARTIAL,LOCKED,1678.093,45.3600970333,49.5625,49.5625,43.0881989445,12.0,0.0,18.8235294118,28.6274509804,204.2589613971,203.3136162117,426.3571000864,No,On,27.40234375,23.6019887769,116.6,TRACTION,45.3600970333,18.112655971478002,1.2771977478310315,26.481261890903987,16.379397006053,43.06043879468501,0.0,0.0,193.057230848068,179.97992124463795,398.613917010707,27.40234375,23.60198877689999,1.0,45.3600970333,18.823529411800003,0.0,28.627450980399992,32.821134624141415,47.70080295313029,0.0,0.0,205.41187379307777,204.35688813674952,439.60112173553233,27.40234375,23.60198877689999,1.0
5,LOCKED,PARTIAL,1678.107,45.3600970333,51.6733870968,51.6733870968,43.1532612389,12.0,0.0,18.8235294118,28.6274509804,204.2911305147,203.5671532005,427.1292955888,No,On,27.40234375,23.6019887769,116.6,TRACTION,45.3600970333,18.12924251426869,1.2900987351828601,26.530884461004028,16.753321348570708,43.051261428663636,0.0,0.0,193.40096160225656,180.28815686504345,399.42219841764853,27.40234375,23.60198877689999,1.0,45.3600970333,18.823529411800003,0.0,28.62745098039999,32.173891019835,47.77767681507001,0.0,0.0,205.446323529412,204.397393303434,439.86929178285,27.40234375,23.60198877689999,1.0
5,PARTIAL,LOCKED,1678.456,45.3600970333,46.875,46.875,47.888825985,12.0,0.0,18.8235294118,28.6274509804,205.0930606618,203.9024087229,438.375145565,No,On,27.40234375,23.6019887769,116.6,TRACTION,45.3600970333,18.536185383266,1.2771977478310315,27.751850126195997,34.890229028461,43.73280342872401,0.0,0.0,199.92347058904502,190.702862782328,417.7467494255219,27.40234375,23.60198877689999,1.0,45.3600970333,18.823529411800003,0.0,28.62745098039999,13.453434809546,49.461649420819,0.0,0.0,206.158813779368,206.11195297098598,444.9178756182301,27.40234375,23.60198877689999,1.0
5,LOCKED,PARTIAL,1687.707,48.4669529945,55.125,55.125,25.9220973995,12.0,0.0,11.3725490196,12.6850740296,135.2825453368,91.4577065104,169.2162713082,No,On,27.40234375,23.6019887769,116.6,TRACTION,48.46695299450002,16.280542986421,-6.515435293588129,23.371429755926997,17.115936159099,40.465899726955,0.0,0.0,175.95119495807202,177.477431734329,259.163194440597,27.40234375,23.60198877689999,1.0,48.22011755271102,9.158371040726001,-4.27922839682207,12.305350393141998,28.915364243761,22.539494765994995,0.0,0.0,79.389324045392,62.552749796462,107.70835107405499,27.40234375,23.60198877689999,1.0
5,PARTIAL,LOCKED,1687.894,48.4669529945,45.625,45.625,25.7736603335,12.0,0.0,10.9803921569,16.1560861969,113.5104132934,68.8074108294,146.2889368559,No,On,27.40234375,23.6019887769,116.6,TRACTION,48.46695299450002,14.868778280549002,-7.169030064770247,20.764375869031007,26.104236184851,36.439757984876,0.0,0.0,163.49815959868002,154.42905356043,224.14019568484895,27.40234375,23.60198877689999,1.0,48.10205702619301,8.209879336343,-4.9538478950505445,11.195493789313998,30.670565638943,20.767857432792002,0.0,0.0,63.071953066042,49.25178107467201,86.52705316978101,27.40234375,23.60198877689999,1.0
5,LOCKED,PARTIAL,1688.674,47.8455818023,57.5,57.5,17.7957802784,12.0,0.0,7.0588235294,9.2137449039,41.386328125,46.799507988,52.8320475371,No,On,27.40234375,23.6019887769,116.6,TRACTION,48.24497240039902,9.330920060334002,-4.27922839682207,12.435231876928999,28.500624127427002,22.865420820761994,0.0,0.0,83.240288246754,64.591359680902,112.48040485082998,27.40234375,23.60198877689999,1.0,47.8455818023,6.10630205258261,-5.774844649611275,8.903140083826086,66.69115592153479,16.80445844153478,0.0,0.0,38.23273275047827,12.270036201395651,46.243113517121735,27.40234375,23.601988776899997,1.0
5,PARTIAL,LOCKED,1688.865,47.8455818023,42.25,42.25,16.2292055502,12.0,0.0,5.4901960784,8.2352941176,36.3939877717,-4.4657083257,42.4013494651,No,On,27.40234375,23.6019887769,116.6,TRACTION,48.126911873881006,8.429487179482999,-4.9538478950505445,11.509442925404999,31.118014750553005,21.163611694223,0.0,0.0,66.23749279908901,51.872970631239994,90.78398265350398,27.40234375,23.60198877689999,1.0,47.8455818023,5.4901960784,0.0,8.14816540475,41.93500948765,15.800599592250002,0.0,0.0,35.72747112775,11.067846831175,41.00876935605,27.40234375,23.6019887769,1.0
5,LOCKED,OPEN,1693.594,39.146385111,-200.5443548387,200.5443548387,0.0,12.0,1161.0002902501,0.0,5.3098039216,5.8912669362,15.7940032656,-20.1524673403,No,On,27.40234375,23.6019887769,116.6,BRAKE,,,,,,,,,,,,,,,38.79872114006667,0.0,0.0,7.431966726087879,136.60514799445454,0.0,1191.0920981295517,1208.8238316177,5.908746349536364,12.636924222148483,-19.507057478157577,27.40234375,23.6019887769,1.0
5,OPEN,PARTIAL,1693.807,38.5250139187,-113.125,113.125,0.0,12.0,1200.0003000001,0.0,7.8431372549,5.9130859375,11.5732178423,-19.346822531,No,On,27.40234375,23.6019887769,116.6,BRAKE,39.03587886396666,0.0,-29.04865649942393,7.076377217561904,164.6900782907762,0.0,1183.724385566972,1200.0003000001,5.9015642560619055,15.560164358885716,-19.7722490992,27.40234375,23.601988776899997,1.0,38.43547605593333,0.0,0.0,7.8431372549,94.74146621245,0.0,1200.7355943015666,1208.8238316177,5.919496763008333,7.872986101466666,-19.110109208774997,27.40234375,23.601988776899997,1.0
5,OPEN,PARTIAL,1752.554,39.7677563032,114.75,114.75,0.0,12.0,0.0,10.9803921569,10.6980392157,57.7533568744,56.768493167,82.3611066693,No,On,27.40234375,23.6019887769,118.4,TRACTION,39.7677563032,13.163800904972002,-2.7729903747491376,13.975443905175002,158.274045379029,0.0,0.0,0.0,68.79327895471101,76.61360118133099,128.413538401314,27.40234375,23.60198877689999,1.0,39.94583102299899,9.470633017876766,-0.2850938336677186,10.080535503948484,74.7057797031788,0.0,0.0,0.0,53.87407787905151,47.603313187501016,66.93602491747072,27.40234375,23.60198877689999,1.0
5,PARTIAL,LOCKED,1759.114,39.7677563032,49.5,49.5,0.0,12.0,0.0,5.4901960784,3.8274509804,28.7116688071,27.4478485552,33.9130402665,No,On,27.40234375,23.6019887769,118.4,TRACTION,39.7677563032,9.350700280098001,-4.859149565086973,9.124550184442,76.90392835787699,0.0,0.0,0.0,40.529940237852,50.246175861761,62.91240573391801,27.40234375,23.60198877689999,1.0,39.736767310926005,6.6837535013829985,3.5931171225203986,7.928819238781002,26.237996518999,0.0,0.0,0.0,38.029931685215,28.345586317388005,38.13632183136,27.40234375,23.60198877689999,1.0
5,LOCKED,PARTIAL,1759.124,39.7677563032,51.6290322581,51.6290322581,0.0,12.0,0.0,5.4901960784,4.2980392157,28.8959225171,26.3447980195,33.3337677109,No,On,27.40234375,23.6019887769,118.4,TRACTION,39.7677563032,9.299719887941,-4.859149565086973,9.068707047187,76.573928357877,0.0,0.0,0.0,40.288706466966,49.963794924609005,62.381762619493,27.40234375,23.60198877689999,1.0,39.736767310926005,6.719047619029998,3.5931171225203986,7.9799564936830025,26.372331196418003,0.0,0.0,0.0,38.214185395261005,28.557059214876,38.371327095946,27.40234375,23.60198877689999,1.0
5,PARTIAL,LOCKED,1759.136,39.7677563032,47.21875,47.21875,0.0,12.0,0.0,5.4901960784,4.862745098,29.1170269692,23.2332077022,32.6386406442,No,On,27.40234375,23.6019887769,118.4,TRACTION,39.7677563032,9.248739495784001,-4.859149565086973,9.016158027579001,76.272275132071,0.0,0.0,0.0,40.051554840874,49.673952331208994,61.845266433518,27.40234375,23.60198877689999,1.0,39.736767310926005,6.754341736676997,3.5931171225203986,8.025446689762003,26.5933255146,0.0,0.0,0.0,38.398439105306004,28.815205967123003,38.618076752169,27.40234375,23.60198877689999,1.0
5,LOCKED,PARTIAL,1760.053,39.7677563032,55.625,55.625,0.0,12.0,0.0,9.0196078431,10.4274509804,46.0130921804,45.6305116353,53.9983642622,No,On,27.40234375,23.6019887769,118.4,TRACTION,39.736767310926005,6.436694677853998,3.5931171225203986,7.459825257028999,26.343245580456,0.0,0.0,0.0,36.785860914065005,27.203586344416006,36.761625567854,27.40234375,23.60198877689999,1.0,39.7677563032,9.772549019583998,1.6636957813634923,10.427259047478001,68.21359024055299,0.0,0.0,0.0,50.17883937991301,48.651158868724,70.51708273321901,27.40234375,23.60198877689999,1.0
5,PARTIAL,LOCKED,1764.243,39.7677563032,48.5,48.5,0.0,12.0,0.0,5.0980392157,3.9450980392,28.8739890101,30.7440489224,41.4676027681,No,On,27.40234375,23.6019887769,118.4,TRACTION,39.7677563032,9.964102564125001,-5.739624042860418,9.223411764709999,81.746502091938,0.0,0.0,0.0,46.840121410395994,55.424166393058,80.95189498461099,27.40234375,23.60198877689999,1.0,39.4396042000202,0.848175063859596,-5.7183194437601506,6.288469790911113,79.57212109184242,0.0,0.0,0.0,14.611607094613131,11.16931626951515,-3.97555993749798,27.40234375,23.60198877689999,1.0
5,LOCKED,PARTIAL,1764.524,39.7677563032,-62.875,62.875,0.0,12.0,0.0,1.1764705882,7.3202614379,18.0154033212,20.7350133256,11.8332915692,No,On,27.40234375,23.6019887769,118.4,TRACTION,39.705895661355,7.737129210671001,-10.039104518811717,8.172210618300001,64.265789218702,0.0,0.0,0.0,37.523129806098,43.711595829086,62.314971585828005,27.40234375,23.60198877689999,1.0,39.32634834954444,0.03168944345252525,-1.375409872092172,6.271945384279798,105.47564964006162,0.0,0.0,0.0,10.361798780248487,9.135316537609091,-18.133653226831314,27.40234375,23.60198877689999,1.0
5,PARTIAL,OPEN,1765.083,39.146385111,-122.625,122.625,0.0,12.0,0.0,0.0,6.6666666667,9.6328263152,9.77828607,-24.1995567045,No,On,27.40234375,23.6019887769,118.4,TRACTION,39.542305111804005,1.9528154851689998,-8.090486687707603,5.757620743625003,71.35932452810201,0.0,0.0,0.0,18.410102175432,16.811990980458,8.393024656569,27.40234375,23.60198877689999,1.0,39.115338326914134,0.0,0.0,7.039377734555556,106.7701905256788,0.0,0.0,0.0,7.510029257537373,7.512015754548484,-23.858233462902014,27.40234375,23.60198877689999,1.0
5,OPEN,PARTIAL,1765.143,39.146385111,-119.9375,119.9375,0.0,12.0,0.0,0.0,6.8766092296,9.3427069518,7.5778562756,-24.1606694207,No,On,27.40234375,23.6019887769,118.4,TRACTION,39.505022840272005,1.5135997988930001,-7.4182177801194555,5.930060038534999,74.323039245844,0.0,0.0,0.0,16.938271934091002,14.456615816904,3.608202533902999,27.40234375,23.60198877689999,1.0,39.10065137145858,0.0,0.0,7.05626276629394,105.62187521531719,0.0,0.0,0.0,7.377652249169697,7.545345726784849,-23.782745628571714,27.40234375,23.60198877689999,1.0
5,PARTIAL,OPEN,1765.304,39.146385111,-123.25,123.25,0.0,12.0,0.0,0.0,7.0588235294,8.5642199934,9.1481498838,-24.0563218759,No,On,27.40234375,23.6019887769,118.4,TRACTION,39.40194533988687,0.5788147945000001,-4.089834155248052,6.45288518669697,83.89177414578182,0.0,0.0,0.0,13.47713395818182,10.280790143512121,-7.712647380401012,27.40234375,23.60198877689999,1.0,38.995475606163,0.0,0.0,7.058823529400001,105.05481520503899,0.0,0.0,0.0,7.196332131404998,7.880748340297998,-23.459988576965998,27.40234375,23.60198877689999,1.0
5,OPEN,PARTIAL,1765.404,39.146385111,-118.25,118.25,0.0,12.0,0.0,0.0,7.0588235294,8.080687721,8.8507457913,-23.9915097362,No,On,27.40234375,23.6019887769,118.4,TRACTION,39.363780388508005,0.26877828053999997,-2.962962962962232,6.455215235252001,93.10013747642901,0.0,0.0,0.0,11.964261705529003,9.899876205511,-12.716754133183999,27.40234375,23.60198877689999,1.0,38.933338486932996,0.0,0.0,7.058823529400001,102.192586765191,0.0,0.0,0.0,7.200864050060999,7.689169810563999,-23.189966171054998,27.40234375,23.60198877689999,1.0
5,PARTIAL,OPEN,1818.113,38.1065394423,431.7666666667,431.7666666667,0.0,12.0,0.0,18.0392156863,23.137254902,126.9165458548,131.7602096673,333.3379303537,No,On,27.40234375,23.6019887769,120.2,TRACTION,,,,,,,,,,,,,,,38.49365913631827,17.600674678452688,-0.31306103416989023,22.390085974666665,422.2293973636097,0.0,0.0,0.0,122.00070733105807,121.81453811557958,320.5840364592763,27.40234375,23.601988776899987,1.0
5,OPEN,PARTIAL,1824.624,40.3891274954,118.25,118.25,0.0,12.0,0.0,12.5490196078,11.7647058824,71.9718011165,75.9228037412,119.8274156491,No,On,27.40234375,23.6019887769,120.2,TRACTION,40.38912749539998,12.619330560467677,-1.60269188790084,13.332506330448485,149.91343320142425,0.0,0.0,0.0,79.73209288180605,74.83409469617071,128.07865665677676,27.40234375,23.60198877689999,1.0,40.38912749539998,12.274509803909996,-0.392156862700357,12.716771574383001,112.864510961513,0.0,0.0,0.0,68.14239817566299,67.180693576309,116.00602887981,27.40234375,23.60198877689999,1.0
5,PARTIAL,OPEN,1824.683,40.3891274954,120.25,120.25,0.0,12.0,0.0,12.5490196078,11.7647058824,71.0565858965,73.8275919099,119.1046821094,No,On,27.40234375,23.6019887769,120.2,TRACTION,40.38912749539998,12.564705882311998,-0.392156862800357,13.134867541657,144.73051656652098,0.0,0.0,0.0,78.87872872427901,74.20052942358701,126.37085175378797,27.40234375,23.60198877689999,1.0,40.38912749539998,12.250980392148,-0.392156862700357,12.795399025361,112.66264782171402,0.0,0.0,0.0,67.79083007342999,66.677700974177,115.70964622529,27.40234375,23.60198877689999,1.0
5,OPEN,PARTIAL,1824.693,40.3891274954,119.5517241379,119.5517241379,0.0,12.0,0.0,12.5490196078,11.7647058824,70.9014646727,73.3765873509,118.9821848993,No,On,27.40234375,23.6019887769,120.2,TRACTION,40.38912749539998,12.560784313683998,-0.392156862800357,13.111338129893,143.845516566521,0.0,0.0,0.0,78.72360750054901,74.061463269957,126.08371173453101,27.40234375,23.60198877689999,1.0,40.38912749539998,12.247969895020201,-0.3961180431316737,12.80581006720909,112.59306119225758,0.0,0.0,0.0,67.75940952192222,66.61003545522021,115.67659027908788,27.40234375,23.60198877689999,1.0
5,PARTIAL,OPEN,1825.773,40.3891274954,120.0588235294,120.0588235294,0.0,12.0,0.0,12.1568627451,12.335468841,65.0379493199,68.8787878115,114.2424991784,No,On,27.40234375,23.6019887769,120.2,TRACTION,40.38912749539998,12.219607843131998,-0.392156862700357,12.857728670089,112.73302782454898,0.0,0.0,0.0,67.384826343915,66.4495262148,115.372057156729,27.40234375,23.60198877689999,1.0,40.135827356463,12.156862745099998,0.0,12.472420665591997,112.20294453586101,0.0,0.0,0.0,63.877509271795006,64.74034295383801,113.556895402323,27.40234375,23.60198877689999,1.0
5,OPEN,PARTIAL,1825.804,40.3891274954,119.5,119.5,0.0,12.0,0.0,12.1568627451,12.1251733016,64.893640706,68.9620609574,114.1837217321,No,On,27.40234375,23.6019887769,120.2,TRACTION,40.38912749539998,12.207843137250997,-0.392156862700357,12.860611217168,112.890564589255,0.0,0.0,0.0,67.245126295338,66.42977858306,115.262353057367,27.40234375,23.60198877689999,1.0,40.117186220697,12.156862745099998,0.0,12.472582250377998,111.89504012409601,0.0,0.0,0.0,63.823616961001,64.610317884619,113.52553348750398,27.40234375,23.60198877689999,1.0
5,PARTIAL,LOCKED,1835.023,38.5250139187,46.5416666667,46.5416666667,0.0,12.0,0.0,0.0,5.1294117647,22.8457168794,18.6726150792,30.3585612485,No,On,27.40234375,23.6019887769,120.2,TRACTION,38.867926618439,8.235125005740999,-12.475774881496069,9.263411011694,99.497335625805,0.0,0.0,0.0,39.875793628960004,51.43285780538899,73.762855635408,27.40234375,23.60198877689999,1.0,38.48718378158227,0.0,0.0,6.2504976177696205,63.097215542203806,0.0,0.0,0.0,15.693943124802532,14.770901310160756,5.309742085827848,27.40234375,23.601988776900004,1.0
5,LOCKED,PARTIAL,1835.254,38.5250139187,-57.0,57.0,0.0,12.0,0.0,0.0,5.6156862745,17.9076855379,16.0304523382,10.0173387061,No,On,27.40234375,23.6019887769,120.2,TRACTION,38.70496225153092,5.578964529860825,-12.861623589171204,7.713967285147422,81.89159150683196,0.0,0.0,0.0,32.37988482136907,41.86738598519381,54.79399156821649,27.40234375,23.601988776899994,1.0,38.50664826769654,0.0,0.0,6.525779209601724,77.78792955205861,0.0,0.0,0.0,14.249777865998277,13.751619888110344,0.07083200345862078,27.40234375,23.601988776900004,1.0
5,OPEN,PARTIAL,1871.682,46.6028394178,101.875,101.875,53.5791649482,12.0,0.0,22.0448179272,34.1176470588,231.3916015625,235.9723031139,669.747333917,No,On,27.40234375,23.6019887769,122.0,TRACTION,46.48092638988901,19.660030165917,2.378115013945839,29.362494241561,236.540287452782,30.058334178958003,0.0,0.0,221.12029342441699,165.992605136716,535.48967297667,27.40234375,23.60198877689999,1.0,47.266050204770714,17.122249573233333,-15.800843266679381,32.91257674787273,51.9099499081091,48.04572234958282,0.0,0.0,154.62327033860404,252.61833650557983,504.0848064759736,27.40234375,23.60198877689999,1.0
5,PARTIAL,LOCKED,1871.774,46.6028394178,48.8455882353,48.8455882353,58.1010675119,12.0,0.0,23.137254902,37.3529411765,217.3103215144,255.2797767958,694.5104223206,No,On,27.40234375,23.6019887769,122.0,TRACTION,46.536849797187,19.959814695115,2.7682540353183294,30.004639730620006,215.651589872136,33.238742789625,0.0,0.0,222.68254135424795,171.61521166449901,558.464167943044,27.40234375,23.60198877689999,1.0,47.383692335351014,15.49914170797,-16.41812791700824,29.443450980394005,51.105542390885006,45.35756157524499,0.0,0.0,140.08674504206903,236.58520054962398,456.52267194442703,27.40234375,23.60198877689999,1.0
5,LOCKED,PARTIAL,1871.963,47.22421061,55.875,55.875,61.4234845405,8.314516129,0.0,23.5294117647,58.368627451,188.3824744591,313.7991689652,646.7338465091,No,On,27.40234375,23.6019887769,122.0,TRACTION,46.65505849683801,20.830402930404,3.5525677607190467,34.049764705868,171.47428566039002,40.799365250115,0.0,0.0,221.127626560686,195.64747817646702,604.476363285538,27.40234375,23.60198877689999,1.0,47.526748421571725,12.221355260579797,-16.980085636069287,20.61247771836061,47.20480239811111,38.641722768343435,0.0,0.0,113.46449694589596,190.61081963132526,348.3214844437989,27.40234375,23.60198877689999,1.0
5,PARTIAL,LOCKED,1872.283,47.6185423282,48.0,48.0,46.1220025593,12.0,0.0,17.2549019608,26.6666666667,139.4041090745,266.2599358891,455.9580538339,No,On,27.40234375,23.6019887769,122.0,TRACTION,46.858677056745,21.382299073471998,-2.9668096691919175,39.481568627453,126.055464472567,51.947991456916014,0.0,0.0,203.589552040702,249.43382927853096,615.962644881423,27.40234375,23.60198877689999,1.0,47.58873182063188,7.640440791715383,-11.745344243753571,9.28325791855165,30.102542835225275,27.741870093698893,0.0,0.0,80.72559935682527,102.61245971243741,196.65273430589448,27.40234375,23.60198877689999,1.0
5,LOCKED,PARTIAL,1872.532,47.617322997,62.625,62.625,27.4393281736,12.0,0.0,6.6666666667,10.7450980392,101.2928185096,171.8750295988,307.5106401584,No,On,27.40234375,23.6019887769,121.4204,TRACTION,47.075289327278995,19.50644257703,-14.65157935736593,36.943647058825995,70.208328921295,51.584663137654,0.0,0.0,176.86450774349902,265.174390547868,563.286984800361,27.40234375,23.60198877689999,1.0,47.63399397742879,5.894236482493938,-1.0512363453450113,5.39732620320909,31.535942382745457,24.90429228639091,0.0,0.0,66.06131771751211,58.715355821477274,127.8874551245667,27.40234375,23.6019887769,1.0
5,PARTIAL,LOCKED,1872.773,47.8455818023,41.4810606061,41.4810606061,24.6809793063,12.0,0.0,5.8823529412,0.4941176471,64.4059870793,67.1181555842,163.8326212999,No,On,27.40234375,23.6019887769,120.5528,TRACTION,47.37126491150602,15.671690727578,-16.41812791700824,29.812039215687996,51.179187667177004,45.691762457300996,0.0,0.0,141.61578838642,238.46681676174,461.82944995463413,27.40234375,23.60198877689999,1.0,47.51308664893095,5.8823529412,0.0,6.535107376285714,6.18223926987619,24.102666773171432,0.0,0.0,57.01111556358571,25.65811727120952,68.41149712347381,27.40234375,23.601988776900004,1.0
5,LOCKED,PARTIAL,1880.583,43.4959834566,61.3911290323,61.3911290323,0.0,12.0,0.0,14.1176470588,16.4705882353,71.8098609249,82.2381796444,144.120715812,No,On,27.40234375,23.6019887769,122.0,TRACTION,,,,,,,,,,,,,,,43.52711478098081,15.361457714418183,2.312403381875149,17.90182008891919,124.91781763505051,0.0,0.0,0.0,84.7030314693,88.25621405195857,183.93505670302528,27.40234375,23.60198877689999,1.0
5,PARTIAL,OPEN,1881.024,43.4959834566,122.5,122.5,0.0,12.0,0.0,15.2941176471,17.2549019608,83.4503367933,96.6206415553,186.3896668982,No,On,27.40234375,23.6019887769,122.0,TRACTION,43.566028936456824,15.089126559743187,21.995161701072693,17.57435528758409,86.08028942282046,0.0,0.0,0.0,78.14997652521816,80.91031902609319,169.53568499475458,27.40234375,23.6019887769,1.0,43.495983456599994,15.905882352941003,1.1483614424192519,18.739262032090004,164.736466806089,0.0,0.0,0.0,94.377454467376,97.25653809716,201.35684961682898,27.40234375,23.60198877689999,1.0
5,OPEN,PARTIAL,1891.684,45.3600970333,116.125,116.125,26.9316960699,12.0,0.0,14.5098039216,19.6078431373,105.2497274709,107.9695817232,222.2154687516,No,On,27.40234375,23.6019887769,122.6732,TRACTION,45.3600970333,14.371162606468685,0.3961180432326838,19.283102764658583,139.83399642339697,25.470275356801004,0.0,0.0,100.58272427919292,102.43319145014645,208.46676972198085,27.40234375,23.60198877689999,1.0,45.451978811075996,14.7294117647,2.03852247992992,19.473938503662,78.16549929036499,28.875491204188002,0.0,0.0,106.70128424363898,114.73134110906102,219.76639080752605,27.40234375,23.60198877689999,1.0
5,PARTIAL,LOCKED,1892.533,45.9814682256,41.0,41.0,28.7108257284,12.0,0.0,14.1176470588,16.7294117647,107.6560501453,118.8166524851,216.3569671737,No,On,27.40234375,23.6019887769,122.5663326653,TRACTION,45.39306774962801,14.788235294119998,0.5134680134384043,19.933757179654,92.202229958522,28.843105779164997,0.0,0.0,106.21162490731102,113.73300439454302,220.493239927844,27.40234375,23.60198877689999,1.0,45.444272316402,16.297593582894997,5.469324859065851,22.26772841990301,50.817516402871,33.472015901378,0.0,0.0,131.87624894201,128.43012737724,272.20400370150895,27.40234375,23.60198877689999,1.0
5,LOCKED,PARTIAL,1892.712,45.3600970333,51.5234375,51.5234375,26.9138496288,12.0,0.0,14.5098039216,17.4925727867,111.0271710981,105.102606272,214.5434558451,No,On,27.40234375,23.6019887769,123.2120240481,TRACTION,45.451978811075996,14.7294117647,2.03852247992992,19.427050677623,76.77138842727,28.872186895217002,0.0,0.0,106.798540518667,114.70078496287701,219.60810295845604,27.40234375,23.60198877689999,1.0,45.39157496687701,16.987789661332997,3.508540545019483,23.924365734616995,51.09629581554199,36.102373052050005,0.0,0.0,142.646601274748,139.754962022923,306.40070146646997,27.40234375,23.60198877689999,1.0
5,PARTIAL,LOCKED,1893.092,45.3600970333,43.5,43.5,44.1458632987,12.0,0.0,16.0784313725,27.7401465637,134.7758042703,119.2315311941,273.1152408111,No,On,27.40234375,23.6019887769,123.8,TRACTION,45.451978811076,14.945751633990001,3.2087211990890165,19.217338259315,64.86342070953,29.966908205722998,0.0,0.0,113.180217809953,112.32624096360598,223.141595221182,27.40234375,23.60198877689999,1.0,45.58838507360607,18.281057755228282,3.9522925018176687,27.28493985146566,32.44092577407576,41.82330420521515,0.0,0.0,165.73641534276567,170.05146281540803,394.7741773669474,27.40234375,23.60198877689999,1.0
5,LOCKED,PARTIAL,1893.404,45.3600970333,50.3714285714,50.3714285714,39.5386487152,12.0,0.0,18.0392156863,27.0117647059,154.2746820327,172.5434452966,350.1006369306,No,On,27.40234375,23.6019887769,123.6956,TRACTION,45.483456744653004,15.693672014263996,8.293646506892841,21.314622854443996,52.312060526872,32.003392694766,0.0,0.0,124.76388055498103,122.295655061988,251.36122254641703,27.40234375,23.60198877689999,1.0,45.75370671613901,18.997385620929,2.010157598382844,28.704011245039002,25.936870152300997,46.036744770933,0.0,0.0,184.43014577970698,193.20097890924097,452.852521108936,27.40234375,23.60198877689999,1.0
5,PARTIAL,LOCKED,1893.503,45.3600970333,47.75,47.75,39.5524520233,12.0,0.0,18.0392156863,25.8823529412,160.4618259381,174.0646672294,374.5286953146,No,On,27.40234375,23.6019887769,123.3392,TRACTION,45.469127164094004,16.152495543678995,4.677088772691756,21.90396371402,51.134916856499004,33.02976027176899,0.0,0.0,129.725444451085,126.287268368683,265.737632026748,27.40234375,23.60198877689999,1.0,45.846845210305,19.193464052299,2.010157598382844,29.24436418622,24.767005808984,47.25592118729901,0.0,0.0,190.23755140319,199.17083173749702,467.06065407375587,27.40234375,23.60198877689999,1.0
5,LOCKED,PARTIAL,1894.533,46.3667183647,53.0,53.0,53.3811416414,12.0,0.0,20.0,31.7647058824,219.9236505682,231.9863447649,508.5759160369,No,On,27.40234375,23.6019887769,122.0,TRACTION,45.86845728655151,19.244734931020204,2.0304622205887313,29.39715930871919,24.426986612610097,47.6121392173303,0.0,0.0,191.68584962032523,200.55602257249396,470.5442561298333,27.40234375,23.60198877689999,1.0,46.858600238875006,19.984313725492,-0.3565062388192416,31.996276490413006,14.765220421248,55.072012261891,0.0,0.0,234.922893674054,236.26067992377398,520.981920206583,27.40234375,23.60198877689999,1.0
5,PARTIAL,LOCKED,1894.563,46.6028394178,46.625,46.625,53.9286006416,12.0,0.0,20.0,31.7647058824,221.6104403409,231.9632959477,509.8086686377,No,On,27.40234375,23.6019887769,122.0,TRACTION,45.898294745023,19.291503267984,2.010157598382844,29.538481833280002,24.779977331161,47.954118327707,0.0,0.0,193.11808525735694,201.99596856123998,473.395771411321,27.40234375,23.60198877689999,1.0,46.87724137464102,19.972549019611,-0.3565062388192416,32.00804119629401,13.614025864797002,55.117950530481004,0.0,0.0,235.433924624136,236.451851274402,521.241717323318,27.40234375,23.60198877689999,1.0
5,LOCKED,PARTIAL,1898.532,49.0883241867,53.75,53.75,27.1048661348,12.0,0.0,11.7647058824,14.5058823529,117.0093545337,91.2565531969,160.235879357,No,On,27.40234375,23.6019887769,122.5652,TRACTION,48.90355882865102,15.228359222453001,-5.411868450969066,21.33456522123,10.22468555739,36.012662782575,0.0,0.0,150.45116485500398,146.56277199362202,223.042196556618,27.40234375,23.60198877689999,1.0,48.80485800481315,9.994058229366667,-2.472352145530955,13.400311031310105,26.788531021019192,21.920181368470708,0.0,0.0,79.27183441026364,69.42194485364747,122.46657406500708,27.40234375,23.60198877689999,1.0
5,PARTIAL,LOCKED,1898.653,49.0883241867,49.9044117647,49.9044117647,26.8664290852,12.0,0.0,10.9803921569,15.2941176471,106.823975271,83.6211086743,150.9952505767,No,On,27.40234375,23.6019887769,123.0008,TRACTION,48.97812337171502,14.573457261674001,-6.239755161204246,20.144197219725996,15.631656027029,34.369921326678,0.0,0.0,143.81134613499,137.054083995181,206.586986301116,27.40234375,23.60198877689999,1.0,48.726914411646014,9.756862745114,-1.619741913840467,13.173624484022998,32.389066607394,20.36274690192,0.0,0.0,72.749134632874,60.475969548059,114.03906295908901,27.40234375,23.60198877689999,1.0
5,LOCKED,PARTIAL,1899.443,48.4669529945,56.375,56.375,16.4527190733,12.0,0.0,9.4117647059,13.0549019608,59.8556557896,57.8769357139,93.620457369,No,On,27.40234375,23.6019887769,123.8,TRACTION,48.86134629501314,10.20796197268485,-2.4723521455309547,13.462913686899999,23.551132328513127,22.900885948412117,0.0,0.0,84.78818432078181,73.16272261318585,128.93084390989495,27.40234375,23.60198877689999,1.0,48.4669529945,9.4117647059,0.0,13.157776682646157,81.98584065217308,14.910672429442306,0.0,0.0,58.91335529112692,29.894779163696153,88.4263515118154,27.40234375,23.601988776900004,1.0
5,PARTIAL,OPEN,1904.032,47.5846059015,791.875,791.875,0.0,12.0,0.0,35.6862745098,42.1238594448,233.1919247087,312.2100577891,789.9352274948,No,On,27.40234375,23.6019887769,123.8,TRACTION,,,,,,,,,,,,,,,48.44287022011517,34.55964877533534,-1.4301761925622019,38.54852056804849,735.1136938589123,0.0,0.0,0.0,298.11799610988584,318.99686803864745,998.3480784915293,27.40234375,23.60198877689999,1.0
5,LOCKED,OPEN,1921.032,45.3600970333,160.25,160.25,0.0,12.0,0.0,16.0784313725,19.6078431373,112.6323646497,113.5845709887,226.2126904161,No,On,27.40234375,23.6019887769,123.8,TRACTION,,,,,,,,,,,,,,,45.396387993129004,17.160784313717997,1.4206925971547215,22.112172393713,215.51995330462603,0.0,0.0,0.0,117.45762523539199,115.77605628368201,263.938205241022,27.40234375,23.60198877689999,1.0
5,OPEN,PARTIAL,1926.213,46.6028394178,119.310483871,119.310483871,37.7426735271,12.0,0.0,17.6470588235,26.6666666667,170.4657118056,171.1144186323,365.1330774026,No,On,27.40234375,23.6019887769,123.8,TRACTION,46.602839417800006,17.6470588235,0.0,26.285285688426267,167.770624026397,33.00186314752727,0.0,0.0,159.1113954987717,160.11220563856364,344.07772840479896,27.40234375,23.60198877689999,1.0,46.96847372128801,17.6470588235,0.0,26.404627450976,64.04972229560201,40.170774384614,0.0,0.0,173.03518006859898,173.48491796405295,369.22664572962896,27.40234375,23.60198877689999,1.0
5,PARTIAL,LOCKED,1926.875,47.22421061,48.375,48.375,40.8692000494,12.0,0.0,17.6470588235,26.2745098039,173.8657407407,173.4698590445,370.4937303887,No,On,27.40234375,23.6019887769,123.8,TRACTION,46.75099380401801,17.6470588235,0.0,26.541882352955998,95.180047491853,38.367445214694996,0.0,0.0,171.148600776255,171.957870206294,365.11088950178805,27.40234375,23.60198877689999,1.0,47.22421061000001,17.6470588235,0.0,26.274509803899996,26.256126926456005,42.382486212273996,0.0,0.0,175.88672584265,174.86998197879998,373.646214648767,27.40234375,23.60198877689999,1.0
5,LOCKED,PARTIAL,1929.913,48.4669529945,52.0,52.0,30.9746231811,12.0,0.0,14.5098039216,18.8235294118,140.52751568,121.6739623034,309.5161688993,No,On,27.40234375,23.6019887769,123.8,TRACTION,48.23658755738902,16.553660130705,-3.14379084962702,23.801962514292992,11.878011805651,39.53305223592801,0.0,0.0,164.33178499619703,165.05088097083,358.26384884187496,27.40234375,23.60198877689999,1.0,48.46695299450002,14.308898944195999,-0.23081493674646716,19.556024461277,24.61861792712,32.104167502019,0.0,0.0,121.20570173455398,114.656893797429,247.15313952545398,27.40234375,23.60198877689999,1.0
5,PARTIAL,LOCKED,1930.025,48.4669529945,49.6477272727,49.6477272727,31.3345514058,12.0,0.0,14.5098039216,19.0914385556,134.6235764195,116.1660385112,295.105439188,No,On,27.40234375,23.6019887769,123.8,TRACTION,48.304938388531006,16.208562091496,-3.14379084962702,22.983868940235997,16.689417551618998,38.163730095744,0.0,0.0,160.072826261902,158.786919220656,350.340670539885,27.40234375,23.60198877689999,1.0,48.46695299450002,14.265761689288002,-0.23081493674646716,19.594968355662004,19.561716391723,32.212095886957,0.0,0.0,118.69584883162399,113.953467815769,234.85970705675302,27.40234375,23.60198877689999,1.0
5,LOCKED,PARTIAL,1933.812,47.8455818023,58.0,58.0,17.0600646259,12.0,0.0,5.4901960784,9.0549019608,30.4477896341,29.3835243341,46.8983439234,No,On,27.40234375,23.6019887769,123.8,TRACTION,47.81436360635802,8.265761689287,-4.9602366797138915,10.465960089436999,5.576029053876,21.663148166956,0.0,0.0,46.959155672131004,56.45757571185901,86.019852751993,27.40234375,23.60198877689999,1.0,47.46331668155,5.4901960784,0.0,8.911519607837498,50.791465619187505,16.17206066916875,0.0,0.0,31.5183760480125,4.42256013084375,40.18387292456251,27.40234375,23.6019887769,1.0
5,PARTIAL,LOCKED,1933.912,47.22421061,40.5,40.5,15.7365952129,12.0,0.0,5.4901960784,9.2,31.6863567073,-10.2567236384,39.131208276,No,On,27.40234375,23.6019887769,123.8,TRACTION,47.79669717049901,7.755957767717,-4.960236679713892,9.860626756100002,11.74272266873,20.820887010900996,0.0,0.0,43.75076281006801,50.500678535181,78.25271710463801,27.40234375,23.60198877689999,1.0,47.22421061,5.4901960784,0.0,8.341176470583333,33.22708333333333,15.563203101733334,0.0,0.0,32.13843368901667,8.193045388033333,36.29419543503334,27.40234375,23.6019887769,1.0
5,LOCKED,OPEN,1939.983,39.7677563032,-224.3225806452,224.3225806452,0.0,12.0,550.0001375,0.0,5.8823529412,11.7345674427,16.1736842734,-13.182633974,No,On,27.40234375,23.6019887769,123.8,BRAKE,,,,,,,,,,,,,,,38.825907212093995,0.0,0.0,7.915122994654002,119.079788666477,0.0,247.50363930686996,600.00015,12.787376576823004,14.538264782816,-8.603301426905999,27.40234375,23.60198877689999,1.0
5,OPEN,PARTIAL,1940.282,39.146385111,-109.25,109.25,0.0,12.0,300.000075,0.0,8.6274509804,12.7793795916,13.1928455411,-10.2910550933,No,On,27.40234375,23.6019887769,123.8,BRAKE,39.254503698436665,0.0,-22.87581699322411,7.696122004363334,171.36267269105664,0.0,495.1071465858901,600.00015,12.241947790616665,19.141329547670004,-11.778429112886666,27.40234375,23.601988776900008,1.0,38.62646227662763,0.0,0.0,7.95976795821974,97.25379213217369,0.0,133.51512625803025,300.000075,12.921458936924997,12.66766837061579,-7.174629359867101,27.40234375,23.6019887769,1.0
5,PARTIAL,OPEN,1940.412,39.0702988425,-120.25,120.25,0.0,12.0,225.00005625,0.0,8.2,13.2336457433,15.7743130636,-9.0338468843,No,On,27.40234375,23.6019887769,123.8,BRAKE,39.22181668363023,0.0,-15.959872320854029,7.925639431253489,150.45238444097907,0.0,423.9119823564348,600.00015,12.469194636155814,17.100142698697674,-11.149510144079068,27.40234375,23.601988776900004,1.0,38.52038433093968,0.0,0.0,7.8643012760650794,96.05898177483809,0.0,108.68490112079841,300.000075,12.89935995902222,12.684048873498412,-6.673856773811111,27.40234375,23.601988776900008,1.0
5,OPEN,PARTIAL,1940.425,38.9054452609,-117.7142857143,117.7142857143,0.0,12.0,238.500059625,0.0,8.1490196078,13.2790723585,16.2858481026,-8.9081260634,No,On,27.40234375,23.6019887769,123.8,BRAKE,39.21837309633182,0.0,-15.597147949925528,7.931874898725,149.765966612775,0.0,419.3912567631067,600.00015,12.486568524954547,17.070010206990904,-11.101426888174998,27.40234375,23.6019887769,1.0,38.51417367077903,0.0,0.0,7.859709044908065,95.7097026790403,0.0,106.59110824169838,300.000075,12.893235565482257,12.625955337545161,-6.637820172366129,27.40234375,23.601988776900008,1.0
5,PARTIAL,OPEN,1940.432,38.8166779477,-120.5,120.5,0.0,12.0,249.00006225,0.0,8.1215686275,13.3035328436,16.9639294334,-8.8404302368,No,On,27.40234375,23.6019887769,123.8,BRAKE,39.211419144433336,0.0,-15.250544662149405,7.936700336704444,149.05370703725333,0.0,415.37145238225986,600.00015,12.504179721255557,17.052584382448885,-11.052686869846665,27.40234375,23.601988776900004,1.0,38.50921458427212,0.0,0.0,7.855416264865574,95.30330436230328,0.0,104.25653522516885,300.000075,12.88650938059508,12.554841008104917,-6.601711810654098,27.40234375,23.601988776900008,1.0
5,OPEN,PARTIAL,1940.504,38.5250139187,-118.125,118.125,0.0,12.0,300.000075,0.0,7.8431372549,13.5551264045,15.8575862095,-8.1441303057,No,On,27.40234375,23.6019887769,123.8,BRAKE,39.127553759544234,0.0,-13.197586726860063,7.943863979163462,145.4380715365827,0.0,398.05222805676345,600.00015,12.626232763251924,16.951821015871154,-10.71489791999423,27.40234375,23.601988776900004,1.0,38.50434851245926,0.0,0.0,7.8431372549,91.8613641273074,0.0,79.66015063398703,300.000075,12.813878933755554,12.089319427837037,-6.362906253414815,27.40234375,23.601988776900004,1.0
5,PARTIAL,OPEN,1946.025,38.1319015318,525.6612903226,525.6612903226,0.0,12.0,0.0,18.8235294118,25.0980392157,141.9695621906,140.874370512,377.7697816953,No,On,27.40234375,23.6019887769,123.8,TRACTION,,,,,,,,,,,,,,,38.49989535039587,18.03517283201134,-1.3187405547194784,23.579838982486592,492.2390813954804,0.0,0.0,0.0,135.95095058968764,131.35033803137216,363.2781127398144,27.40234375,23.601988776899994,1.0
5,OPEN,PARTIAL,1951.913,40.3891274954,113.125,113.125,0.0,12.0,0.0,8.6274509804,8.3607843137,68.3102107558,40.9346992849,58.3378511218,No,On,27.40234375,23.6019887769,123.8,TRACTION,40.38912749539998,14.082618688504999,-10.043796073264053,16.536105234053004,374.326247796874,0.0,0.0,0.0,90.13270761524,104.06208457770501,171.88372900652098,27.40234375,23.60198877689999,1.0,40.38912749539998,8.6274509804,0.0,9.251490196082003,58.044815726816005,0.0,0.0,0.0,51.99765933866299,42.14556194944699,58.69906813942401,27.40234375,23.60198877689999,1.0
5,PARTIAL,LOCKED,1952.092,40.3891274954,49.4516129032,49.4516129032,0.0,12.0,0.0,8.6274509804,9.8039215686,62.2741642442,40.1971371356,58.4614687479,No,On,27.40234375,23.6019887769,123.8,TRACTION,40.38912749539998,12.388501041443,-10.043796073264053,13.865987586988995,308.122403601255,0.0,0.0,0.0,81.988303562777,86.79675119305197,131.123218311635,27.40234375,23.60198877689999,1.0,40.38912749539998,8.6274509804,0.0,9.238470588246003,53.054515512386,0.0,0.0,0.0,47.71815797601799,42.700065191450996,59.21476279396601,27.40234375,23.60198877689999,1.0
5,LOCKED,PARTIAL,1952.254,40.3891274954,51.375,51.375,0.0,12.0,0.0,8.6274509804,9.6117647059,56.8113735465,43.0710862,58.5733461526,No,On,27.40234375,23.6019887769,123.8,TRACTION,40.38912749539998,10.889553438574747,-8.779127168889724,11.60629814218384,241.70946882654246,0.0,0.0,0.0,75.0132459003101,71.58534833854546,101.35693621526362,27.40234375,23.60198877689999,1.0,40.34153046208199,8.6274509804,0.0,9.181333333349,54.23334111722502,0.0,0.0,0.0,44.82891233648301,42.66818437214,60.13233213568901,27.40234375,23.60198877689999,1.0
5,PARTIAL,LOCKED,1952.825,40.3891274954,47.875,47.875,0.0,12.0,0.0,8.6274509804,9.4117647059,41.354355923,40.6712842316,58.967679474,No,On,27.40234375,23.6019887769,123.8,TRACTION,40.38912749539998,8.6274509804,0.0,9.035622209281001,69.320709199356,0.0,0.0,0.0,54.846157385537005,42.393090557341004,58.617378889128005,27.40234375,23.60198877689999,1.0,40.020989606660606,8.6274509804,0.0,9.228282828276768,50.36193988744444,0.0,0.0,0.0,41.41090004511717,42.111767911818184,66.82416572952829,27.40234375,23.60198877689999,1.0
5,LOCKED,PARTIAL,1953.064,40.3891274954,50.625,50.625,0.0,12.0,0.0,8.6274509804,9.4117647059,41.3272165698,43.5853132589,62.2537575997,No,On,27.40234375,23.6019887769,123.8,TRACTION,40.38912749539998,8.6274509804,0.0,9.254156862754002,53.047785775016,0.0,0.0,0.0,48.575319267805,42.593548853582,59.05301904521901,27.40234375,23.60198877689999,1.0,39.869328187498006,8.962895927605999,2.038126947587412,9.498848688782001,50.847526349038006,0.0,0.0,0.0,43.37914826847299,42.65386744243799,72.018356064745,27.40234375,23.60198877689999,1.0
5,PARTIAL,LOCKED,1953.313,39.7677563032,46.375,46.375,0.0,12.0,0.0,8.6274509804,9.3803921569,41.2989416788,41.7529322942,66.6264474847,No,On,27.40234375,23.6019887769,123.8,TRACTION,40.310461902471985,8.6274509804,0.0,9.177490196095,54.226567355704994,0.0,0.0,0.0,44.10201694222399,42.646733606299,60.50800245121701,27.40234375,23.60198877689999,1.0,39.799178920470716,9.513257258355555,2.7093887587387373,10.05225769951515,53.43690107388283,0.0,0.0,0.0,47.6972377057,45.80214941039798,82.26904443853839,27.40234375,23.60198877689999,1.0
5,LOCKED,PARTIAL,1953.505,39.7677563032,51.125,51.125,0.0,12.0,0.0,8.6274509804,9.0196078431,41.2771393532,40.9346992849,69.9981601671,No,On,27.40234375,23.6019887769,123.8,TRACTION,40.22183686070505,8.6274509804,0.0,9.118082788680805,51.80892635463434,0.0,0.0,0.0,42.04330555739394,42.61712363922423,62.354050242925254,27.40234375,23.60198877689999,1.0,39.7677563032,10.241654097535001,4.345990652516691,10.96840178919,61.029858700473994,0.0,0.0,0.0,52.940682000275004,48.441145057014985,94.66794576510901,27.40234375,23.60198877689999,1.0
5,PARTIAL,LOCKED,1953.754,39.7677563032,48.375,48.375,0.0,12.0,0.0,8.6274509804,9.0196078431,41.6502305328,41.2244558435,74.3708500521,No,On,27.40234375,23.6019887769,123.8,TRACTION,40.06492494348283,8.6274509804,0.0,9.24032481679293,50.61361241983031,0.0,0.0,0.0,41.30574114143132,41.99445851979495,65.69643080760505,27.40234375,23.60198877689999,1.0,39.7677563032,11.602111613871,6.132483027299739,12.921783052816,72.720392998669,0.0,0.0,0.0,61.824650998976,55.766348438840005,115.65988648622799,27.40234375,23.60198877689999,1.0
5,LOCKED,PARTIAL,1953.914,39.7677563032,50.875,50.875,0.0,12.0,0.0,9.8039215686,9.6214327315,48.0539190574,45.7288532552,77.4440256741,No,On,27.40234375,23.6019887769,123.8,TRACTION,39.96450131646061,8.68900163018384,1.0003217645055364,9.213903743309093,50.36573969997273,0.0,0.0,0.0,41.835697305271715,42.33470111193737,68.38307999175454,27.40234375,23.60198877689999,1.0,39.7677563032,12.545098039214004,6.081878361297089,14.036980490202001,87.101883572297,0.0,0.0,0.0,68.033309701994,62.10731461091301,132.187029858701,27.40234375,23.60198877689999,1.0
5,PARTIAL,LOCKED,1954.004,39.7677563032,49.75,49.75,0.0,12.0,0.0,10.5882352941,11.7181129878,51.6559938525,44.9912911059,85.8403804985,No,On,27.40234375,23.6019887769,123.8,TRACTION,39.91282417095201,8.825641025647,2.0381269475874118,9.319318578909,50.737088020986,0.0,0.0,0.0,42.574330740088996,42.509226449095,70.10003593898999,27.40234375,23.60198877689999,1.0,39.7677563032,13.056108597281002,5.791569541558127,14.637753932251,96.97372357797798,0.0,0.0,0.0,71.290995985169,65.71842754553099,142.10572816514,27.40234375,23.60198877689999,1.0
5,LOCKED,PARTIAL,1954.025,39.7677563032,50.0714285714,50.0714285714,0.0,12.0,0.0,10.5882352941,11.9152307388,52.4964779713,45.3600721806,88.1913598493,No,On,27.40234375,23.6019887769,123.8,TRACTION,39.900396747108005,8.864856711920998,2.0381269475874118,9.366545262362001,50.75556206332501,0.0,0.0,0.0,42.78478254637599,42.544698578712,70.602456250677,27.40234375,23.60198877689999,1.0,39.7677563032,13.173755656105001,6.063062754258373,14.772242345797999,99.258573808393,0.0,0.0,0.0,71.990739313242,66.60376607079499,144.233276163811,27.40234375,23.60198877689999,1.0
5,PARTIAL,OPEN,1954.783,39.7677563032,123.8928571429,123.8928571429,0.0,12.0,0.0,14.5098039216,16.337254902,82.7918021435,81.9615938384,173.0505192742,No,On,27.40234375,23.6019887769,123.8,TRACTION,39.7677563032,11.719758672695002,6.132483027299739,13.071783052816997,74.11908295482598,0.0,0.0,0.0,62.630715292009,56.554041765451004,117.59333102629199,27.40234375,23.60198877689999,1.0,39.7677563032,16.24042232278,1.9687066745460446,18.800290040771,215.39926805300402,0.0,0.0,0.0,92.35843098958598,97.047227003603,205.22771297425695,27.40234375,23.60198877689999,1.0
5,OPEN,PARTIAL,1963.472,42.8746122644,119.5,119.5,0.0,12.0,0.0,10.1960784314,11.8967190837,90.7239764538,58.5785688246,114.0518184823,No,On,27.40234375,23.6019887769,123.8,TRACTION,42.87461226439999,14.441862385986006,-9.354255040477724,18.780221849631,390.41382108995,0.0,0.0,0.0,122.08687393700698,110.464385339326,179.40810005927702,27.40234375,23.60198877689999,1.0,42.87461226439999,10.196078431399998,0.0,11.25031505896,83.502876625673,0.0,0.0,0.0,63.37258209703201,56.79613301441899,98.43341753068,27.40234375,23.60198877689999,1.0
5,PARTIAL,OPEN,1963.483,42.8746122644,120.9516129032,120.9516129032,0.0,12.0,0.0,10.1960784314,11.8540089303,89.8927916874,58.705337319,113.6646919531,No,On,27.40234375,23.6019887769,123.8,TRACTION,42.87461226439999,14.351666307555003,-9.354255040477724,18.636443942428997,386.72507108995006,0.0,0.0,0.0,121.61548939922699,109.567671107525,177.625306699399,27.40234375,23.60198877689999,1.0,42.87461226439999,10.196078431399998,0.0,11.244217141067676,83.12460656226364,0.0,0.0,0.0,63.104701192078785,56.776848122453536,98.27956627388788,27.40234375,23.60198877689999,1.0
5,OPEN,PARTIAL,1963.492,42.8746122644,118.76171875,118.76171875,0.0,12.0,0.0,10.1960784314,11.7647058824,89.212731424,59.0049719422,113.3479520657,No,On,27.40234375,23.6019887769,123.8,TRACTION,42.87461226439999,14.261470229124004,-9.354255040477724,18.492238933693,383.056579406482,0.0,0.0,0.0,121.13739538130001,108.671609925543,175.86646990218003,27.40234375,23.60198877689999,1.0,42.87461226439999,10.196078431399998,0.0,11.238127910832997,82.59643416935597,0.0,0.0,0.0,62.690823740918006,56.75635075599299,97.976138920572,27.40234375,23.60198877689999,1.0
5,PARTIAL,OPEN,1968.292,41.6318698799,126.5,126.5,0.0,12.0,0.0,14.9019607843,17.2549019608,70.6778352964,82.6069607191,171.2302584132,No,On,27.40234375,23.6019887769,123.8,TRACTION,41.6318698799,11.495324283572998,4.780763898370704,13.150113595674,76.220835466823,0.0,0.0,0.0,59.321850217624984,57.27742852815999,133.33996891064098,27.40234375,23.60198877689999,1.0,41.6318698799,16.122875816987,1.638938403576997,19.017989128328,192.626209293061,0.0,0.0,0.0,97.89309799552501,97.133985301052,209.86897407565996,27.40234375,23.60198877689999,1.0
5,PARTIAL,LOCKED,1974.755,51.5738089557,46.375,46.375,10.0529286239,12.0,0.0,6.6666666667,11.7647058824,60.0212628098,45.5028261449,86.1813003656,No,On,27.40234375,23.6019887769,123.8,TRACTION,51.52673538053231,8.455497943520204,-18.98188004299283,17.145845773158584,195.30585474628282,0.8031190618565657,0.0,0.0,171.93003883542934,94.80304155347979,146.67377062508285,27.40234375,23.60198877689999,1.0,51.26376450963539,6.568842921803078,-0.45270633513974223,11.93788528778,55.48310414463385,18.54767564841692,0.0,0.0,44.045137211370765,31.24357583990769,66.19374622037384,27.40234375,23.6019887769,1.0
5,LOCKED,PARTIAL,1975.064,50.9524377635,52.25,52.25,18.6586963717,12.0,0.0,6.6666666667,13.5546495826,43.06922039,38.9064033744,62.2851251854,No,On,27.40234375,23.6019887769,123.8,TRACTION,51.558248523909064,6.535947712433336,0.044013115913630704,12.613507927297983,73.66203845560304,6.426955681797979,0.0,0.0,108.59178293590203,46.03134702892021,102.52880624984543,27.40234375,23.60198877689999,1.0,51.04466086585588,6.479650683808823,-0.8654679936495072,11.557259716735295,68.11870728496766,18.830391883091174,0.0,0.0,43.40954003335882,22.112430708811765,60.13674834365882,27.40234375,23.601988776900004,1.0
5,PARTIAL,LOCKED,1975.354,50.9524377635,44.25,44.25,18.7098689627,12.0,0.0,6.2745098039,9.2039215686,43.636707568,-4.9469347012,58.7026804603,No,On,27.40234375,23.6019887769,123.8,TRACTION,51.40956233728999,6.583473389376998,0.14147072971401897,12.749231472176,64.69513699090902,11.908836939959,0.0,0.0,69.0965358247,32.583183807954995,81.90452402387099,27.40234375,23.60198877689999,1.0,50.9524377635,6.2745098039,0.0,9.330980392139999,40.31733870968,17.11341398724,0.0,0.0,43.694239026720005,16.45334325506,58.339494684739996,27.40234375,23.6019887769,1.0
5,LOCKED,OPEN,1982.443,45.9814682256,206.25,206.25,0.0,12.0,0.0,23.6928104575,31.2341407151,139.7409520349,145.7607197509,363.8457145319,No,On,27.40234375,23.6019887769,123.8,TRACTION,,,,,,,,,,,,,,,46.49684783174201,24.29934640523399,0.5315345511602948,31.407432712363008,454.5307522043219,0.0,0.0,0.0,197.84294025697,196.431704095709,532.8724310448561,27.40234375,23.60198877689999,1.0
5,OPEN,PARTIAL,1986.973,49.709695379,100.625,100.625,0.0,12.0,0.0,0.0,2.1905327788,58.9125228102,22.1268644783,53.343269622,No,On,27.40234375,23.6019887769,123.8,TRACTION,49.74058640398398,14.175737987503998,-24.377207759649753,22.017032588149995,500.52648702772507,1.452543707844,0.0,0.0,127.37870110455101,161.963195395686,344.993616394334,27.40234375,23.60198877689999,1.0,49.65590533793966,0.0,0.0,7.658926656686207,20.64590335951379,0.0,0.0,0.0,45.78670552597586,16.804500910453445,12.072808671065516,27.40234375,23.601988776900004,1.0
5,PARTIAL,LOCKED,1987.043,49.709695379,21.375,21.375,0.0,12.0,0.0,0.0,4.5294117647,55.8039176551,20.9848327633,18.7931951042,No,On,27.40234375,23.6019887769,123.8,TRACTION,49.74058640398398,12.505149752206998,-23.941477912094907,19.950206305520002,462.422940340951,1.452543707844,0.0,0.0,117.16348273465401,147.75207787104802,305.156601521513,27.40234375,23.60198877689999,1.0,49.64852239112746,0.0,0.0,8.261103926609804,13.676808416645098,0.0,0.0,0.0,44.231547203737264,16.201945820839217,9.710018407582352,27.40234375,23.601988776900004,1.0
5,LOCKED,OPEN,2000.344,41.0104986877,-249.4959677419,249.4959677419,0.0,12.0,0.0,0.0,7.5907590759,26.1750679348,21.0205212544,8.8778953183,No,On,27.40234375,23.6019887769,123.8,TRACTION,,,,,,,,,,,,,,,40.784368308697985,1.5066867772720003,8.493631389513574,8.350395188547,98.40590859331502,0.0,0.0,0.0,34.15830928842299,23.341081886003,28.537143733537,27.40234375,23.60198877689999,1.0
5,OPEN,PARTIAL,2000.571,41.0104986877,-114.75,114.75,0.0,12.0,0.0,0.0,9.4117647059,29.5852037293,23.6711352284,11.6658931709,No,On,27.40234375,23.6019887769,123.8,TRACTION,41.010498687699986,0.0,0.0,8.560905536421737,200.4775830118913,0.0,0.0,0.0,27.696256956126085,25.72847144780435,10.228373496665217,27.40234375,23.601988776899997,1.0,40.67545579088989,3.4747677884818184,9.514704359045426,8.887702927558587,64.77068821924445,0.0,0.0,0.0,38.111753905304035,27.02057131450203,40.37085091255051,27.40234375,23.60198877689999,1.0
5,PARTIAL,LOCKED,2001.222,40.3891274954,-41.375,41.375,0.0,12.0,0.0,6.2745098039,5.6416229858,40.3096944061,30.608829195,49.032300628,No,On,27.40234375,23.6019887769,123.8,TRACTION,40.84532581951476,0.6145162027511364,6.955290660575327,8.39898907895568,111.46869768206592,0.0,0.0,0.0,33.010972847867045,21.544466199738636,24.763806441686366,27.40234375,23.601988776899997,1.0,40.42026706886599,12.292684766199995,12.297588032907608,14.357470986312,77.96003713786399,0.0,0.0,0.0,67.801948091308,59.95089655555901,78.00717605914501,27.40234375,23.60198877689999,1.0
5,LOCKED,PARTIAL,2001.484,40.6873856677,54.75,54.75,0.0,12.0,0.0,9.0196078431,11.3725490196,44.6948219645,44.6700946861,64.2738666198,No,On,27.40234375,23.6019887769,123.8,TRACTION,40.70237290949494,2.6548034391090907,9.514704359045428,8.736497868451515,72.27161770318283,0.0,0.0,0.0,36.3775974814899,25.221216473541418,35.34151999773232,27.40234375,23.60198877689999,1.0,40.415420373564984,15.131900452482,8.93500290563151,18.229375470882,132.988234062466,0.0,0.0,0.0,87.77205462257501,82.48571520677301,92.60566792102,27.40234375,23.60198877689999,1.0
5,PARTIAL,OPEN,2002.044,40.3891274954,125.625,125.625,0.0,12.0,0.0,16.4705882353,20.504756358,92.5451220568,92.0569757567,95.7238253647,No,On,27.40234375,23.6019887769,123.8,TRACTION,40.42058161001211,9.698163129521213,16.974570256267903,11.448626756119193,60.195036236542435,0.0,0.0,0.0,56.33821739738888,45.8977693739596,67.50128635576162,27.40234375,23.60198877689999,1.0,40.38912749539998,15.499698340871998,-4.174387703822401,18.339830606591,274.85847182846896,0.0,0.0,0.0,118.17589259084403,103.61299631972699,120.04298515487801,27.40234375,23.60198877689999,1.0
5,OPEN,PARTIAL,2003.213,40.3891274954,119.7661290323,119.7661290323,0.0,12.0,0.0,12.1568627451,12.8941176471,95.2589583821,66.380593435,124.6783140011,No,On,27.40234375,23.6019887769,123.8,TRACTION,40.38912749539998,14.683107088986999,-5.689767748658769,17.142055534969,272.912051999748,0.0,0.0,0.0,118.33385590993902,98.25869322401799,124.20250123222398,27.40234375,23.60198877689999,1.0,40.38912749539998,12.156862745099998,0.0,12.088499320525003,103.77489667549699,0.0,0.0,0.0,72.61596791042001,65.267017291226,115.89950625356299,27.40234375,23.60198877689999,1.0
5,PARTIAL,LOCKED,2007.162,39.7677563032,32.125,32.125,0.0,12.0,0.0,5.8823529412,7.0117647059,44.4813224338,28.3366619287,29.6926661257,No,On,27.40234375,23.6019887769,123.8,TRACTION,39.7677563032,10.550010773544997,-5.867350346941364,10.834588607884998,105.87154733830502,0.0,0.0,0.0,56.7741030427,55.503105656416004,63.47438106274,27.40234375,23.60198877689999,1.0,39.25095121263434,0.5751546927989899,-5.5899075507192535,5.731086263713133,70.48128840452223,0.0,0.0,0.0,21.430168653139393,11.378406287545449,1.9724388830434352,27.40234375,23.60198877689999,1.0
5,LOCKED,PARTIAL,2007.543,39.146385111,-60.125,60.125,0.0,12.0,0.0,0.0,4.3137254902,26.0502897351,8.113183642,8.5700370761,No,On,27.40234375,23.6019887769,123.8,TRACTION,39.641369402704015,6.558629605689999,-11.401358822153425,7.643332070471001,70.958835625808,0.0,0.0,0.0,47.731612977138994,39.043717933829,38.510452026734995,27.40234375,23.60198877689999,1.0,39.146385111,0.0,0.0,6.641725490197,98.09291434888,0.0,0.0,0.0,10.887143744252,6.263126746957998,-13.723159963752996,27.40234375,23.60198877689999,1.0
5,PARTIAL,LOCKED,2086.302,47.8455818023,31.875,31.875,14.9660821984,12.0,0.0,2.7450980392,7.4509803922,9.7555541992,13.8709268719,6.3755013344,No,On,27.40234375,23.6019887769,125.6,TRACTION,48.251119312575014,2.717647058811001,0.3267973855786771,10.418388503005001,36.10608648511,15.118707460409,0.0,0.0,12.646668609329998,14.846745678923,16.007155467344,27.40234375,23.60198877689999,1.0,47.692184912548356,2.7450980392000006,0.0,6.25905789581978,46.32657582761538,8.340873235417583,0.0,0.0,13.613797922637362,14.581116043059337,3.7425931317285723,27.40234375,23.60198877689999,1.0
5,LOCKED,PARTIAL,2086.423,47.2889367759,-51.5,51.5,13.7151316573,0.0,0.0,2.7450980392,4.737254902,9.8491126264,9.9570890152,5.1798742713,No,On,27.40234375,23.6019887769,125.6,TRACTION,48.18352075005959,2.7450980392000006,0.0,9.911873618121213,33.77783551033636,14.675211907658584,0.0,0.0,11.766317039434343,14.341129322526262,11.00749343277677,27.40234375,23.60198877689999,1.0,47.69613369041141,2.7450980392000006,0.0,6.29348756171519,50.58182810660633,7.35089875266962,0.0,0.0,14.228171216484808,15.129903857765825,3.4405943117810134,27.40234375,23.601988776900004,1.0
5,PARTIAL,LOCKED,2086.431,47.3924986413,-43.5909090909,43.5909090909,13.925242139,0.0,0.0,2.7450980392,4.768627451,9.9368715378,10.7184434919,5.1008245482,No,On,27.40234375,23.6019887769,125.6,TRACTION,48.174574910318,2.7450980392000006,0.0,9.86012743096,33.955057155233,14.665611105154996,0.0,0.0,11.747144995304,14.297288919452999,10.949217241162,27.40234375,23.60198877689999,1.0,47.70002644745129,2.7450980392000006,0.0,6.313037050314102,50.67145527347436,7.2666122989987185,0.0,0.0,14.283187879032049,15.18646104194359,3.4193093087499995,27.40234375,23.601988776900004,1.0
5,LOCKED,PARTIAL,2086.442,47.5348962062,-54.5208333333,54.5208333333,13.7151316573,0.0,0.0,2.7450980392,4.8117647059,10.0575400409,12.9073376124,4.9921311788,No,On,27.40234375,23.6019887769,125.6,TRACTION,48.163830366785994,2.7450980392000006,0.0,9.813107823117,33.936680531856,14.626007143890996,0.0,0.0,11.703106270496,14.256960924516997,10.679753981701001,27.40234375,23.60198877689999,1.0,47.70217099603897,2.7450980392000006,0.0,6.332534093748051,50.62146335061948,7.182865294345456,0.0,0.0,14.338066422384413,15.216060047522076,3.3988830506974024,27.40234375,23.6019887769,1.0
5,PARTIAL,LOCKED,2086.802,47.8455818023,-43.375,43.375,10.4427175606,0.0,0.0,2.7450980392,7.0588235294,14.0066910525,13.9660961815,3.3561259929,No,On,27.40234375,23.6019887769,125.6,TRACTION,47.91068772623001,2.7450980392000006,0.0,7.980671644752002,57.11835909724199,13.674286170815002,0.0,0.0,11.205724652240999,14.135219156805999,6.631168970701001,27.40234375,23.60198877689999,1.0,47.58066963601463,2.7450980392,0.0,6.369013859778049,17.467935640448783,2.806074000507317,0.0,0.0,16.313038052487805,16.07586837454634,3.0502720588341465,27.40234375,23.6019887769,1.0
5,LOCKED,OPEN,2090.152,46.1927344309,180.8669354839,180.8669354839,0.0,0.0,0.0,15.6862745098,18.2915938653,104.9233632702,108.5691483736,239.5574676215,No,On,27.40234375,23.6019887769,123.8,TRACTION,,,,,,,,,,,,,,,45.981468225600004,17.869683257937997,2.3166049636776633,23.676226414803992,233.27408400013897,0.0,0.0,0.0,110.78365516452799,122.67927407520801,282.86074461882504,27.40234375,23.60198877689999,1.0
5,OPEN,PARTIAL,2093.071,46.6028394178,119.7083333333,119.7083333333,28.7043146254,12.0,0.0,16.0784313725,22.3529411765,129.5453857671,128.9663106502,272.9755145197,No,On,27.40234375,23.6019887769,125.6,TRACTION,46.416362019243,16.078431372500006,0.0,22.58611764706799,183.956443540276,26.652640507727,0.0,0.0,127.438959674571,128.08599219932,270.72760707769,27.40234375,23.60198877689999,1.0,46.602839417800006,15.98336304214849,-0.39611804314067856,21.714980414069693,91.52869119657576,30.899580160174747,0.0,0.0,130.41668233386767,129.93805364807372,274.019903014299,27.40234375,23.60198877689999,1.0
5,PARTIAL,LOCKED,2094.422,46.6028394178,49.25,49.25,32.8079909125,12.0,0.0,15.6862745098,21.1764705882,127.65625,127.2056784229,264.372732333,No,On,27.40234375,23.6019887769,123.9401197605,TRACTION,46.602839417800006,15.847058823507005,-0.3921568627092718,21.271156177763004,71.492677952885,31.781136798139997,0.0,0.0,129.676768451987,128.281645443118,271.53434257807703,27.40234375,23.60198877689999,1.0,46.602839417800006,15.686274509800006,0.0,21.230503387374007,38.435664434798994,33.589505647641,0.0,0.0,130.03041627809,126.42212275990897,263.570354107106,27.40234375,23.60198877689999,1.0
5,LOCKED,PARTIAL,2094.431,46.6028394178,50.2575757576,50.2575757576,32.8419841337,12.0,0.0,15.6862745098,21.1764705882,127.6910237389,127.0629244586,264.2383586621,No,On,27.40234375,23.6019887769,123.9724550898,TRACTION,46.602839417800006,15.843137254880002,-0.3921568627092718,21.259687439324008,70.977677952885,31.80425297002699,0.0,0.0,129.63804401582502,128.240726357548,271.42447193081296,27.40234375,23.60198877689999,1.0,46.602839417800006,15.686274509800004,0.0,21.231049173224246,38.31625118911414,33.59705637000405,0.0,0.0,130.05404650575858,126.41565001547777,263.5636065863485,27.40234375,23.60198877689999,1.0
5,PARTIAL,LOCKED,2094.442,46.6028394178,49.5775862069,49.5775862069,32.8403654089,12.0,0.0,15.6862745098,21.1764705882,127.6659956544,126.4919086011,264.0741241754,No,On,27.40234375,23.6019887769,124.0119760479,TRACTION,46.602839417800006,15.839215686253006,-0.3921568627092718,21.248514668328006,70.466467996175,31.82745900905,0.0,0.0,129.599406528189,128.199327707879,271.31271566444497,27.40234375,23.60198877689999,1.0,46.602839417800006,15.686274509800006,0.0,21.221068326221,37.948013335987,33.635923840870994,0.0,0.0,130.124938777994,126.51312841219799,263.59821929427306,27.40234375,23.60198877689999,1.0
5,LOCKED,PARTIAL,2094.451,46.6028394178,51.625,51.625,32.8302875415,12.0,0.0,15.6862745098,21.1764705882,127.7098510992,126.5870779106,263.9397505045,No,On,27.40234375,23.6019887769,124.0443113772,TRACTION,46.602839417800006,15.835294117626004,-0.3921568627092718,21.237748852567005,69.952868858244,31.850661364079002,0.0,0.0,129.56094377207202,128.155073978923,271.19857196491597,27.40234375,23.60198877689999,1.0,46.602839417800006,15.686274509800006,0.0,21.215787798169,37.675513335987006,33.658904720494,0.0,0.0,130.17175148718098,126.55785798770299,263.61495464895705,27.40234375,23.60198877689999,1.0
5,PARTIAL,LOCKED,2094.482,46.6028394178,49.0,49.0,32.8087463174,12.0,0.0,15.6862745098,21.1764705882,127.8609087423,125.5283193415,263.4769078602,No,On,27.40234375,23.6019887769,124.1556886228,TRACTION,46.602839417800006,15.820954644464651,-0.39611804314067856,21.198569172480813,68.11831385019394,31.930845048125246,0.0,0.0,129.431496564299,127.97145586062729,270.7935271572485,27.40234375,23.60198877689999,1.0,46.602839417800006,15.686274509800006,0.0,21.197422432221998,36.894837420039,33.72619506340799,0.0,0.0,130.30846526478,126.69139783256101,263.677575510417,27.40234375,23.60198877689999,1.0
5,LOCKED,PARTIAL,2108.664,47.22421061,52.1515151515,52.1515151515,24.01307047,12.0,0.0,12.9411764706,18.0392156863,78.2827749625,83.713303943,162.2205448263,No,On,27.40234375,23.6019887769,124.808,TRACTION,47.22421061000001,11.45065537224243,2.883573590641594,15.703555108932322,10.099880562133334,25.31867617202222,0.0,0.0,71.93557608271111,70.56832121003131,151.2889409774626,27.40234375,23.60198877689999,1.0,47.161582816544005,12.317482517495998,-0.7899290251655497,16.542372548525,60.407559613749,24.872279450106998,0.0,0.0,84.65607126831101,85.45398194345498,154.927460119875,27.40234375,23.60198877689999,1.0
5,PARTIAL,LOCKED,2109.583,47.0502266762,46.125,46.125,24.3028869618,12.0,0.0,10.9803921569,13.4885620915,86.1976743272,67.8445425494,151.8920230315,No,On,27.40234375,23.6019887769,125.6,TRACTION,47.19247637773401,12.461072261086,-1.6037230742319295,16.78717821782,61.191396473851995,24.83573456798,0.0,0.0,83.90437095345901,86.86843866620801,155.864405979722,27.40234375,23.60198877689999,1.0,47.19505688814801,12.244645550512995,1.8097479861129937,16.948417963849,47.43899359188099,25.040617099568998,0.0,0.0,83.55949112917898,81.10603437319101,159.49550536530097,27.40234375,23.60198877689999,1.0
5,LOCKED,PARTIAL,2109.922,47.22421061,57.25,57.25,24.4640400106,12.0,0.0,12.1568627451,17.2156862745,84.1260846328,82.7214100181,157.0651313475,No,On,27.40234375,23.6019887769,125.6,TRACTION,47.1609502125697,12.113123556984846,-0.23202518743704673,16.658083017150506,51.85951555507071,25.071001092953537,0.0,0.0,85.83540146081413,82.65410099556162,153.61267573452625,27.40234375,23.60198877689999,1.0,47.22421061000001,12.439215686243998,0.43572984744374027,16.579612890698005,50.270276930857,25.694531278054,0.0,0.0,82.92700966844198,85.775194688009,163.58631137690602,27.40234375,23.60198877689999,1.0
5,PARTIAL,LOCKED,2110.511,47.22421061,46.875,46.875,25.8450460981,12.0,0.0,12.5490196078,16.862745098,82.6391844247,86.5713572714,165.4633020828,No,On,27.40234375,23.6019887769,125.6,TRACTION,47.19306850033301,12.107390648557999,3.378375437132255,16.544815912467,48.163738631563,24.895161202498002,0.0,0.0,83.854271928397,79.90891724687,158.35294863203896,27.40234375,23.60198877689999,1.0,47.22421061000001,12.5490196078,0.0,16.72117815862121,31.327596638544446,26.982314053619188,0.0,0.0,83.87782063577372,85.9175524036414,167.71906382716165,27.40234375,23.60198877689999,1.0
5,LOCKED,PARTIAL,2124.521,45.9814682256,52.0,52.0,25.7895238367,12.0,0.0,15.6862745098,20.0,111.0875166223,119.8538492576,247.2225799941,No,On,27.40234375,23.6019887769,123.8,TRACTION,45.888486712429994,14.576470588220005,1.4379084967235685,18.981215803936998,18.789947978705,29.748451769352002,0.0,0.0,106.239346020753,105.568231804904,224.30304006153295,27.40234375,23.60198877689999,1.0,45.73273425731901,15.686274509800006,0.0,20.455294117631,76.780787872348,30.168497292353,0.0,0.0,116.70457998906002,119.540667830295,249.83058575206297,27.40234375,23.60198877689999,1.0
5,PARTIAL,LOCKED,2125.422,45.3727780781,47.875,47.875,32.8747570855,12.0,0.0,15.6862745098,20.3921568627,120.5623766041,121.0178145244,251.8697373123,No,On,27.40234375,23.6019887769,123.8,TRACTION,45.718258357014,15.686274509800006,0.0,20.469349640836,76.009370800929,29.412984960546005,0.0,0.0,115.58248145382,119.33249852901001,249.14679762836298,27.40234375,23.60198877689999,1.0,45.814627130459,15.686274509800006,0.0,20.093882352932,27.793091403753,33.463868407665,0.0,0.0,122.24484407523799,121.98176932687798,251.27269531967903,27.40234375,23.60198877689999,1.0
5,LOCKED,PARTIAL,2132.081,45.4941182709,62.5,62.5,24.4479247057,12.0,0.0,12.9411764706,16.6211130917,104.9945977394,83.1433695549,215.0737086773,No,On,27.40234375,23.6019887769,123.8,TRACTION,45.961422228992,14.130065359467004,-2.3914413053348627,17.576069371663994,12.784161440781002,30.251475061894,0.0,0.0,110.927474174183,108.578268771568,229.69725388110302,27.40234375,23.60198877689999,1.0,46.00685121154849,13.713606654804043,0.8552548659907425,18.077101526355552,70.1116958856495,25.744575821924247,0.0,0.0,100.86799386756768,95.84963848221213,199.7023719209182,27.40234375,23.60198877689999,1.0
5,PARTIAL,LOCKED,2133.231,45.9814682256,46.875,46.875,28.4444610679,12.0,0.0,13.7254901961,18.431372549,100.7352469657,95.9848121163,196.3287182675,No,On,27.40234375,23.6019887769,123.8,TRACTION,45.981468225600004,13.725490196100003,0.0,18.093049465340997,67.92274961630001,26.145938901143005,0.0,0.0,100.398510767475,97.05973660032298,197.40419037722896,27.40234375,23.60198877689999,1.0,45.981468225600004,13.725490196100003,0.0,17.945412929522,30.921514414494,29.52997663044,0.0,0.0,100.350590981296,98.74139087928401,198.129898680792,27.40234375,23.60198877689999,1.0
5,LOCKED,OPEN,2160.303,39.146385111,-313.25,313.25,0.0,12.0,1500.0003750001,0.0,7.0588235294,13.8352272727,17.9808711847,3.9805727117,No,On,27.40234375,23.6019887769,123.8,BRAKE,,,,,,,,,,,,,,,38.768776323900006,0.0,0.0,7.370489205809675,190.99226722426772,0.0,1500.0003750000994,1500.0003750001,12.0087467416,15.297216354290322,1.9372468183903222,27.40234375,23.60198877690001,1.0
5,OPEN,PARTIAL,2160.543,38.5250139187,-116.7242647059,116.7242647059,0.0,12.0,1500.0003750001,0.0,7.4509803922,11.0732323232,5.1629350449,-0.1317952342,No,On,27.40234375,23.6019887769,123.8,BRAKE,38.91495604447917,0.0,0.0,7.3306727404958325,228.76202962283332,0.0,1500.0003750001,1500.0003750001,12.527115775812499,18.833479041495835,3.0182239547666665,27.40234375,23.6019887769,1.0,38.356356023671424,0.0,0.0,7.450980392200001,89.57104404262857,0.0,1500.0003750001,1500.0003750001,10.626052188514285,5.004020875271428,-1.1814793711999998,27.40234375,23.601988776900004,1.0
5,PARTIAL,OPEN,2197.003,40.3891274954,-287.0201612903,287.0201612903,0.0,12.0,975.0002437501,0.0,2.9780625121,17.7237769621,16.5442820036,-12.7091865872,No,On,27.40234375,23.6019887769,123.8,BRAKE,,,,,,,,,,,,,,,39.13877406483513,0.0,0.0,6.752834684656759,131.10307256009997,0.0,966.9732147163161,975.0002437501,12.063542354400001,8.655048048104055,-13.435553437744597,27.40234375,23.6019887769,1.0
5,OPEN,PARTIAL,2197.302,39.146385111,-109.25,109.25,0.0,12.0,975.0002437501,0.0,7.4509803922,13.2194484148,7.5183754571,-11.8164245589,No,On,27.40234375,23.6019887769,123.8,BRAKE,39.883201384959996,0.0,0.0,6.028186766406665,215.4447791453967,0.0,975.0002437500999,975.0002437501,15.56200055224,17.342814947999997,-10.932314502536666,27.40234375,23.601988776900008,1.0,38.65945412803182,0.0,0.0,7.145255586188639,77.63759446308637,0.0,961.5002403751001,975.0002437501,9.780601050129546,2.93670485605,-15.162597303302272,27.40234375,23.6019887769,1.0
5,OPEN,PARTIAL,2254.063,46.6028394178,118.5,118.5,35.1172637411,12.0,0.0,16.862745098,23.9215686275,144.9544671474,148.6544615705,322.5054864022,No,On,27.40234375,23.6019887769,129.2,TRACTION,46.50094113463738,16.77343848463233,1.2243648606733364,24.01091965406364,269.2168161609788,25.250895597802025,0.0,0.0,122.30182680605051,129.3609878225364,306.4090946470606,27.40234375,23.60198877689999,1.0,46.829318511638,17.503433168116004,-1.990251034318151,25.583780946737,44.807444663904995,43.11735256612399,0.0,0.0,155.78726092469097,184.35079779723404,380.0925791701999,27.40234375,23.60198877689999,1.0
5,PARTIAL,LOCKED,2254.431,46.6028394178,49.75,49.75,38.9277419681,12.0,0.0,16.862745098,23.9215686275,153.5537008698,158.1148857513,354.1219348186,No,On,27.40234375,23.6019887769,129.3296,TRACTION,46.524546647582014,16.862745098,0.0,24.528470588245,182.448549604937,31.993844110311997,0.0,0.0,137.446235868103,143.70507963932602,317.667246463041,27.40234375,23.60198877689999,1.0,47.02812074189801,18.267661423543004,0.12485789461635732,27.154604476143003,21.943651967107,47.23940379004801,0.0,0.0,162.388935935054,197.50472891935698,436.348532718776,27.40234375,23.60198877689999,1.0
5,LOCKED,PARTIAL,2254.441,46.6028394178,51.5984848485,51.5984848485,39.1511259933,12.0,0.0,16.862745098,23.9215686275,153.7246496456,158.4212119665,355.7871600507,No,On,27.40234375,23.6019887769,129.3656,TRACTION,46.530760359504,16.862745098,0.0,24.524549019617996,180.173549604937,32.159909611794,0.0,0.0,137.82493333353196,144.02278453512702,318.251417103132,27.40234375,23.60198877689999,1.0,47.03433445382001,18.287269266681005,0.12485789461635705,27.201663299672,21.503917118622002,47.30312974877301,0.0,0.0,162.572039640712,198.03684432157,437.71444883018796,27.40234375,23.60198877689999,1.0
5,PARTIAL,LOCKED,2254.451,46.6028394178,49.3083333333,49.3083333333,39.1219889465,12.0,0.0,16.862745098,23.9215686275,153.8955984214,159.3134242439,357.4523852829,No,On,27.40234375,23.6019887769,129.4016,TRACTION,46.536974071426,16.862745098,0.0,24.520627450991004,177.93339808978598,32.322805127909,0.0,0.0,138.200708876462,144.33965744297902,318.847999391811,27.40234375,23.60198877689999,1.0,47.040548165742,18.306877109819006,0.12485789461635732,27.248722123200995,21.087151352857,47.367389886689004,0.0,0.0,162.75572766302804,198.53838658307802,439.058131751865,27.40234375,23.60198877689999,1.0
5,LOCKED,PARTIAL,2255.062,47.22421061,54.0,54.0,44.1277335807,12.0,0.0,16.862745098,20.7450980392,164.3405686211,184.0217562447,459.1976469663,No,On,27.40234375,23.6019887769,131.0,TRACTION,46.823104799716,17.503433168116004,-2.3824078970274263,25.615545652620007,45.452444663905,43.02724786772801,0.0,0.0,155.593399909954,183.99712485049204,378.72565756455896,27.40234375,23.60198877689999,1.0,47.22429833299901,18.467973856224003,2.771636497227638,27.435215686271,12.683638084340002,46.870846622452,0.0,0.0,174.67204862446502,193.82293937891998,479.90831854134603,27.40234375,23.60198877689999,1.0
5,PARTIAL,LOCKED,2255.171,47.22421061,45.4053030303,45.4053030303,49.6003184532,12.0,0.0,19.2156862745,27.4196078431,166.4256257774,162.263672841,477.3486019965,No,On,27.40234375,23.6019887769,131.0,TRACTION,46.860350520004,17.640210443132002,0.5513921446333464,25.582369182028998,39.815094765549,44.040047315243,0.0,0.0,157.58182061061697,186.16570276319896,394.4391402279419,27.40234375,23.60198877689999,1.0,47.30076354089102,18.523353443961003,0.22999331827614009,27.919529411757004,6.862611709494001,46.79139388510101,0.0,0.0,176.995941665598,195.86469045734802,478.6718969766239,27.40234375,23.60198877689999,1.0
5,LOCKED,PARTIAL,2257.271,48.4669529945,50.625,50.625,48.5308555301,12.0,0.0,20.0,31.3725490196,226.2853977878,233.3391330339,507.3784898018,No,On,27.40234375,23.6019887769,129.2,TRACTION,48.00872219962402,19.323680241344,1.2241571064537253,30.09532418252601,27.946146835908003,46.67500108517701,0.0,0.0,211.54423600076498,210.918577635397,479.4557509594329,27.40234375,23.60198877689999,1.0,48.76061301993602,19.796078431395998,-0.3565062388192416,31.333019607838004,36.68238371155999,51.061205083085,0.0,0.0,229.17600207638003,231.51748821427904,505.77992406110803,27.40234375,23.60198877689999,1.0
5,PARTIAL,LOCKED,2257.522,48.4669529945,42.125,42.125,51.1415951233,12.0,0.0,20.0,31.3725490196,228.5275144923,231.0349849667,506.9944066079,No,On,27.40234375,23.6019887769,129.2,TRACTION,48.167281999647486,19.62582080229899,1.2365223297512378,30.7003670689091,38.87780474507475,47.606301988755554,0.0,0.0,219.2777745644808,218.4314316074,492.32023546527887,27.40234375,23.60198877689999,1.0,48.930412208991996,19.698039215721,-0.3565062388192416,31.234980392162996,24.966777858228003,51.44845998268099,0.0,0.0,226.75287661001698,230.79340047619698,492.920083598576,27.40234375,23.60198877689999,1.0
5,LOCKED,PARTIAL,2259.19,49.709695379,62.75,62.75,31.119660925,12.0,0.0,15.6862745098,20.5960784314,175.8704058072,146.6273552763,270.472739591,No,On,27.40234375,23.6019887769,129.2,TRACTION,49.512885564623986,18.175210084056,-3.8930858539723636,28.108226626605003,14.878723286147999,46.31197377849,0.0,0.0,205.58242563041097,214.82398448489795,387.51696194628704,27.40234375,23.60198877689999,1.0,49.678626819384974,13.270122034802002,-2.5490957844495687,18.857178839224,57.127462532676,27.827353917342002,0.0,0.0,128.50935989952504,107.51230116628,233.43327427479798,27.40234375,23.60198877689999,1.0
5,PARTIAL,LOCKED,2259.53,49.0883241867,48.75,48.75,27.1945769807,12.0,0.0,12.5490196078,17.2707466825,142.6874446483,102.434366732,245.5242270954,No,On,27.40234375,23.6019887769,129.686,TRACTION,49.695528115814994,16.079419600009995,-7.324534579642797,23.857757591457002,33.800733597337,38.804994122595005,0.0,0.0,185.22458140091499,179.494391886273,316.69396763692805,27.40234375,23.60198877689999,1.0,49.69889983909392,13.263250910277781,0.8912655971927934,19.117485834306063,48.01455756506364,27.693993546552523,0.0,0.0,107.93145365918788,99.3539070479808,214.37257323397273,27.40234375,23.60198877689999,1.0
5,LOCKED,PARTIAL,2259.811,49.709695379,53.625,53.625,26.5781665692,12.0,0.0,13.3333333333,19.6078431373,115.2627032199,101.3931025212,224.9050152976,No,On,27.40234375,23.6019887769,130.6976,TRACTION,49.678626819384974,14.337162184208005,-5.175924293648985,20.498548079956993,41.98177263957601,32.088724754258,0.0,0.0,163.402737017011,142.905756823353,272.774799861376,27.40234375,23.60198877689999,1.0,49.709695378999974,13.333333333300004,0.0,19.012071091537997,44.263472257828,28.610512222540006,0.0,0.0,99.33969797201898,100.97414827879601,205.003000280751,27.40234375,23.60198877689999,1.0
5,PARTIAL,LOCKED,2260.171,49.709695379,49.6215277778,49.6215277778,28.1610079154,12.0,0.0,13.3333333333,19.2156862745,97.7303285256,97.7269847792,200.6814598418,No,On,27.40234375,23.6019887769,131.0,TRACTION,49.678626819384974,13.340710270097004,-2.5490957844495687,18.894198447068003,57.163573643788,27.910707488899998,0.0,0.0,130.88067441854602,109.00384390559499,235.546912948708,27.40234375,23.60198877689999,1.0,49.709695378999974,13.333333333300004,0.0,18.935927741792,29.070817211961,29.464013050012994,0.0,0.0,97.28133811659302,100.94535902323301,201.72925439979204,27.40234375,23.60198877689999,1.0
5,LOCKED,PARTIAL,2262.19,49.0883241867,60.0,60.0,16.5071082273,12.0,0.0,9.8039215686,18.1013395457,62.4183659304,74.5859723457,108.4711465323,No,On,27.40234375,23.6019887769,129.2,TRACTION,49.658338440769,11.509282873981997,-4.0631669775233314,16.414753671452,14.206402767457002,25.011749233853003,0.0,0.0,72.712151906316,86.292580185934,152.28686235332196,27.40234375,23.60198877689999,1.0,49.0883241867,9.8039215686,0.0,15.80550886461333,88.24114352866333,14.585153854063334,0.0,0.0,63.86240591065666,37.84365661133333,105.40374714559331,27.40234375,23.601988776900008,1.0
5,PARTIAL,OPEN,2295.111,45.9814682256,240.810483871,240.810483871,0.0,12.0,0.0,16.862745098,21.1764705882,122.8299359435,121.3289735561,252.1785695954,No,On,27.40234375,23.6019887769,129.2,TRACTION,,,,,,,,,,,,,,,46.012076083958,16.483333333326,-2.8835271483031994,21.298501292709005,255.993369782834,9.1135856663,0.0,0.0,116.72912145184603,119.13404379509099,245.24982189038002,27.40234375,23.60198877689999,1.0
5,OPEN,PARTIAL,2296.941,45.3600970333,111.0,111.0,25.3000214511,12.0,0.0,13.7254901961,17.6897689769,108.0909145753,97.619919306,197.6593534108,No,On,27.40234375,23.6019887769,129.2,TRACTION,45.85882564355,14.627537168717001,-1.847096258767802,19.860533170958,191.310753139873,24.279170081782,0.0,0.0,110.45761206170701,106.533793810937,220.46183990663104,27.40234375,23.60198877689999,1.0,45.91144489801212,14.395843807610099,1.5116812502468433,18.855500384657578,75.33332504440101,28.61455710957677,0.0,0.0,107.303194599003,102.62046242636869,218.29301460668586,27.40234375,23.60198877689999,1.0
5,PARTIAL,LOCKED,2297.81,45.9814682256,49.75,49.75,31.326533957,12.0,0.0,14.9019607843,19.1333333333,106.5836902751,105.5189720014,237.9499026145,No,On,27.40234375,23.6019887769,129.2,TRACTION,45.857675996985,14.200904977377,1.1697670520823644,18.475406152378003,87.10803158850402,27.592184189767995,0.0,0.0,107.45777654595999,102.193675207512,212.833508625885,27.40234375,23.60198877689999,1.0,46.01249202858,15.749924585205003,1.2289018170592134,21.208428720612996,30.546786296383,34.054909343361004,0.0,0.0,117.14620988176003,121.12343863043097,203.00307887691298,27.40234375,23.60198877689999,1.0
5,LOCKED,PARTIAL,2297.821,45.9814682256,50.1209677419,50.1209677419,31.5275795797,12.0,0.0,14.9019607843,19.2156862745,106.5646114865,105.4713873466,238.5414056584,No,On,27.40234375,23.6019887769,129.2,TRACTION,45.85767599698501,14.212669683259001,1.1697670520823644,18.502033603357997,86.214281588504,27.657156566604996,0.0,0.0,107.440050374034,102.111948562906,213.17710243696803,27.40234375,23.60198877689999,1.0,46.01249202858,15.757767722460002,0.8723955782399717,21.228036563749995,30.351599346237,34.090080996256,0.0,0.0,117.368347857804,121.38158538267899,201.967627963897,27.40234375,23.60198877689999,1.0
5,PARTIAL,LOCKED,2297.831,45.9814682256,49.5390625,49.5390625,31.5100973516,12.0,0.0,14.9019607843,19.2156862745,106.5472671332,105.4713873466,239.0791356982,No,On,27.40234375,23.6019887769,129.2,TRACTION,45.85767599698501,14.224434389140999,1.1697670520823646,18.522196011756,85.31781269449401,27.727862466754996,0.0,0.0,107.422723365106,102.053300475874,213.53204440956904,27.40234375,23.60198877689999,1.0,46.01249202858,15.765610859715007,0.8723955782399717,21.247682853639002,30.15679205457,34.125393897879995,0.0,0.0,117.59296751601701,121.61760527044798,200.91251228897,27.40234375,23.60198877689999,1.0
5,LOCKED,OPEN,2300.881,40.3891274954,-313.8467741935,313.8467741935,0.0,12.0,1950.0004875001,0.0,5.4901960784,17.0700082749,20.3321299151,-14.6156168878,No,On,27.40234375,23.6019887769,127.4,BRAKE,,,,,,,,,,,,,,,39.339176141745455,0.0,0.0,6.661102288485456,143.4558177565491,0.0,1978.5823128273723,2100.0005250001,10.64329001167818,4.348351240176362,-18.242342042060002,27.40234375,23.601988776900008,1.0
5,OPEN,PARTIAL,2301.141,39.67898899,-119.5625,119.5625,0.0,12.0,1950.0004875001,0.0,7.0588235294,11.1534389603,-0.553171612,-17.545266606,No,On,27.40234375,23.6019887769,127.4,BRAKE,40.081722139380766,0.0,0.0,6.399095022623078,222.3267092324,0.0,1950.0004875001005,1950.0004875001,14.222878100284616,12.618820226446154,-14.636404790576924,27.40234375,23.601988776900004,1.0,38.69793278198276,0.0,0.0,6.841914752672414,79.44344175038967,0.0,2004.2073976035479,2100.0005250001,7.638023770672413,-2.3463691776137936,-21.374228897934483,27.40234375,23.601988776900008,1.0
5,OPEN,PARTIAL,2406.69,47.8455818023,107.75,107.75,8.8773297232,12.0,0.0,7.0588235294,10.3624480095,28.83984375,50.8917883001,48.6156852937,No,On,27.40234375,23.6019887769,136.4,TRACTION,48.17549422055601,5.110849673218,3.1075932056045463,12.057560371721001,43.650029758185,9.899667894383,0.0,0.0,19.232908038799998,22.829462901252,46.176223500019006,27.40234375,23.60198877689999,1.0,47.81220928208427,7.058823529400001,0.0,9.922599860780899,34.46583569185393,1.7243673607685392,0.0,0.0,40.09486834372023,32.68973585909775,55.275859034096634,27.40234375,23.601988776899994,1.0
5,PARTIAL,LOCKED,2406.811,47.8455818023,43.2177419355,43.2177419355,7.3940921703,12.0,0.0,7.0588235294,8.8392156863,31.8108258929,44.2537289566,50.1170033882,No,On,27.40234375,23.6019887769,136.4,TRACTION,48.100929677492005,5.487320261446,3.1075932056045463,11.675331019374003,50.72283798154801,9.722307213156002,0.0,0.0,20.846637636307,26.456863666667005,46.276405910807,27.40234375,23.60198877689999,1.0,47.80700836984284,7.0588235294,0.0,10.014655842971427,27.891949905246758,0.6643220791337663,0.0,0.0,41.597303762777926,30.057871435240255,56.186670700355855,27.40234375,23.6019887769,1.0
5,LOCKED,PARTIAL,2407.32,47.8455818023,54.5,54.5,0.0,12.0,0.0,7.0588235294,10.5882352941,44.5902222626,38.7588909445,56.4324654552,No,On,27.40234375,23.6019887769,136.4,TRACTION,47.90605298034501,6.934379084957,1.868734025564438,11.074446021074,50.69889143293,5.353946300354,0.0,0.0,31.951920864912008,39.928111679618,50.175939429082,27.40234375,23.60198877689999,1.0,47.84558180230002,7.0588235294,0.0,10.62790346908077,46.369220813776934,0.0,0.0,0.0,48.17416005143077,8.106440576196155,61.768504646630774,27.40234375,23.601988776900004,1.0
5,PARTIAL,LOCKED,2407.442,47.8455818023,47.0,47.0,0.0,12.0,0.0,7.0588235294,11.6941176471,47.8088662791,-0.7744402567,61.0878885089,No,On,27.40234375,23.6019887769,136.4,TRACTION,47.83553587865301,7.058823529400001,0.0,10.829034256369,52.01836418774801,4.179211485375999,0.0,0.0,34.945643493043,40.503422795728,51.795060660646,27.40234375,23.60198877689999,1.0,47.845581802299996,7.058823529400001,0.0,10.174229691871428,31.87766476302857,0.0,0.0,0.0,49.75173629135715,-2.768927694871429,64.48939903727857,27.40234375,23.601988776899994,1.0
5,LOCKED,PARTIAL,2407.451,47.8455818023,51.4032258065,51.4032258065,0.0,12.0,0.0,7.0588235294,11.4823529412,48.0463072311,-3.5985895187,61.5035920264,No,On,27.40234375,23.6019887769,136.4,TRACTION,47.823778090826266,7.058823529400001,0.0,10.740200971971719,51.5138250185788,4.012908233512121,0.0,0.0,35.31995627212728,40.41614179515152,52.0143180476202,27.40234375,23.60198877689999,1.0,47.845581802299996,7.058823529400001,0.0,10.07360482653846,30.37569852891539,0.0,0.0,0.0,49.882923142146154,-2.7051075545769225,64.71907649965384,27.40234375,23.601988776899994,1.0
5,PARTIAL,LOCKED,2407.462,47.8455818023,45.2878787879,45.2878787879,0.0,12.0,0.0,7.0588235294,11.2235294118,48.3365128391,-7.9287931047,62.0116741034,No,On,27.40234375,23.6019887769,136.4,TRACTION,47.82399612794101,7.058823529400001,0.0,10.747622491664002,51.51271902645801,3.972779151177,0.0,0.0,35.447219781717,39.975994482013,52.109210787408,27.40234375,23.60198877689999,1.0,47.845581802299996,7.058823529400001,0.0,9.977777777766667,29.13301684066666,0.0,0.0,0.0,50.0117906674,-2.2698004254,64.94469336600834,27.40234375,23.601988776899997,1.0
5,LOCKED,OPEN,2424.42,45.9814682256,213.5241935484,213.5241935484,0.0,12.0,0.0,16.4705882353,20.8718827337,110.8919944093,119.1162871083,226.4300668801,No,On,27.40234375,23.6019887769,136.4,TRACTION,,,,,,,,,,,,,,,45.9814682256,16.157654981146468,0.08002384711585767,20.461219256151516,203.9125762836717,10.186502860818182,0.0,0.0,116.04059272271718,107.16385819288588,232.8714224697232,27.40234375,23.60198877689999,1.0
5,OPEN,PARTIAL,2426.069,45.9814682256,119.875,119.875,30.2356558759,12.0,0.0,16.4705882353,23.4235294118,142.7179528061,142.6112104119,310.3457276179,No,On,27.40234375,23.6019887769,138.2,TRACTION,45.981468225600004,16.376470588228003,0.4357298475548514,23.050698728927,214.159107834901,25.794942524314997,0.0,0.0,133.111622486057,125.06601180035602,278.21026635493,27.40234375,23.60198877689999,1.0,46.198508300949506,16.728064963335356,0.39611804312266874,23.75060055026363,99.0323499743889,32.4789627754,0.0,0.0,148.00187161851517,146.60849021233636,321.5895063149303,27.40234375,23.60198877689999,1.0
5,PARTIAL,OPEN,2426.079,45.9814682256,121.8588709677,121.8588709677,30.4669910774,12.0,0.0,16.4705882353,23.3843137255,142.8289620536,142.8796176053,310.5802345577,No,On,27.40234375,23.6019887769,138.2,TRACTION,45.981468225600004,16.380392156856,0.4357298475548514,23.084934023044998,213.431607834901,25.888948964643,0.0,0.0,133.348283831733,125.47133788987502,278.95658131728396,27.40234375,23.60198877689999,1.0,46.20478477763839,16.73202614376667,0.39611804312266874,23.759988547886863,98.6006947120889,32.52301661664546,0.0,0.0,148.09779488256768,146.6962619706313,321.7785942501384,27.40234375,23.60198877689999,1.0
5,OPEN,PARTIAL,2426.09,45.9814682256,119.328125,119.328125,30.456475841,12.0,0.0,16.4705882353,23.3411764706,142.9510722258,143.4558380344,310.8381921914,No,On,27.40234375,23.6019887769,138.2,TRACTION,45.981468225600004,16.384313725484002,0.4357298475548514,23.118777160299995,212.72495460909397,25.983586092536,0.0,0.0,133.582952101221,125.87575540989101,279.69638174363894,27.40234375,23.60198877689999,1.0,46.21106125432728,16.735987324197982,0.39611804312266874,23.76981227535757,98.20091567168485,32.567806176496966,0.0,0.0,148.19321531905052,146.78193838191112,321.96553502177375,27.40234375,23.60198877689999,1.0
5,PARTIAL,LOCKED,2427.57,46.6028394178,48.5,48.5,37.6763867458,12.0,0.0,16.862745098,23.9215686275,155.9418773346,157.065049305,331.5693621411,No,On,27.40234375,23.6019887769,137.6143712575,TRACTION,46.41070215937001,16.862745098,0.0,24.144903902174004,78.062565537145,35.154280262496,0.0,0.0,152.271977911182,152.80366017750399,328.618939554966,27.40234375,23.60198877689999,1.0,46.602839417800006,16.862745098,0.0,23.921568627500005,31.879340293779002,38.511442830844,0.0,0.0,155.94836164012702,155.01858417902102,333.43116001556103,27.40234375,23.60198877689999,1.0
5,LOCKED,PARTIAL,2431.071,47.5100413585,51.75,51.75,34.0680794163,12.0,0.0,16.4705882353,23.137254902,150.8461474868,142.6706912304,289.6199120857,No,On,27.40234375,23.6019887769,138.2,TRACTION,47.314137677438374,16.589227765671723,-0.4609175732037589,22.912544979991928,10.813867432971715,37.88214752836969,0.0,0.0,153.83114067931515,150.3440491216677,289.9641732121313,27.40234375,23.60198877689999,1.0,47.57458966645599,16.470588235300003,0.0,23.176509803952005,33.491626092071,36.761371968019006,0.0,0.0,149.30942346643798,147.61850173669703,308.17994905896705,27.40234375,23.60198877689999,1.0
5,PARTIAL,LOCKED,2431.08,47.3981945439,49.2421875,49.2421875,34.1382589698,12.0,0.0,16.4705882353,23.137254902,150.7916459987,142.8848221769,290.0140468593,No,On,27.40234375,23.6019887769,138.2,TRACTION,47.316096714248985,16.588041370368003,-0.4563083974717213,22.91479207921201,11.223228758642,37.844006847249,0.0,0.0,153.80129074739,150.267315542755,289.96073060086695,27.40234375,23.60198877689999,1.0,47.577288192775995,16.470588235300003,0.0,23.176509803952005,33.184002604168,36.795455837835,0.0,0.0,149.302161104028,147.672153434975,308.44293606281803,27.40234375,23.60198877689999,1.0
5,LOCKED,PARTIAL,2431.09,47.22421061,51.814516129,51.814516129,34.1347499921,12.0,0.0,16.4705882353,23.137254902,150.7310887897,143.4558380344,290.4519743854,No,On,27.40234375,23.6019887769,138.2,TRACTION,47.317836553587995,16.584119801741004,-0.4563083974717212,22.90843913803601,11.626215149771001,37.780008942754,0.0,0.0,153.742515065167,150.115936859697,289.70389654512906,27.40234375,23.60198877689999,1.0,47.583501904699,16.470588235300003,0.0,23.176509803952005,32.848123067878,36.829777013513,0.0,0.0,149.295819205289,147.72009497467798,308.70169745018904,27.40234375,23.60198877689999,1.0
5,PARTIAL,LOCKED,2431.221,47.22421061,46.25,46.25,35.3093802688,12.0,0.0,16.4705882353,23.137254902,149.9377893519,145.2997434076,296.1888249777,No,On,27.40234375,23.6019887769,138.2,TRACTION,47.317836553588,16.533139409590003,-0.4563083974717212,22.862203843924007,17.443102750576998,37.043902368202005,0.0,0.0,152.97482495111402,148.44389387642798,287.381873749134,27.40234375,23.60198877689999,1.0,47.66428015969801,16.470588235300003,0.0,23.17650980395201,28.227781586023003,37.192497994957996,0.0,0.0,149.298059600579,148.275567750803,311.67730742911897,27.40234375,23.60198877689999,1.0
5,LOCKED,PARTIAL,2436.98,47.6680471759,61.125,61.125,27.585698985,12.0,0.0,14.1176470588,18.6389850058,122.966563666,113.4897415695,259.9002018849,No,On,27.40234375,23.6019887769,136.4,TRACTION,47.567040118364005,15.795083674494999,-2.51687038457122,21.461941630850003,20.284489764448,34.695237588202005,0.0,0.0,138.70605399100702,140.402132467031,294.98900365059103,27.40234375,23.60198877689999,1.0,47.33796455619801,14.22605042016,0.07512095749669054,19.227430065891,39.210847598972,30.39512899035,0.0,0.0,112.3550809286,108.93760422529502,226.62183755774402,27.40234375,23.60198877689999,1.0
5,PARTIAL,LOCKED,2437.321,47.8455818023,45.875,45.875,30.9737459366,12.0,0.0,14.5098039216,20.0,111.7084531904,111.0268957936,229.0547961515,No,On,27.40234375,23.6019887769,136.4,TRACTION,47.503760712524254,15.06336437709091,-2.047145763696594,20.301856776849494,36.72593116372425,32.007252462541416,0.0,0.0,128.59029234696263,127.8641659524283,273.1342261111515,27.40234375,23.60198877689999,1.0,47.25109686351301,14.139775910344001,-0.41507512101490135,18.770134306307,21.398308536474,30.999586115352,0.0,0.0,109.21504602763802,108.22506048983202,217.00715505489302,27.40234375,23.60198877689999,1.0
5,LOCKED,PARTIAL,2442.602,47.22421061,54.5,54.5,26.1839914104,12.0,0.0,15.2941176471,21.1764705882,106.7740542763,115.975699892,221.2763277222,No,On,27.40234375,23.6019887769,136.4,TRACTION,47.22421061000001,13.578280543001997,2.3826500297615083,18.058521146215,10.897340728474,28.323581468243002,0.0,0.0,98.39210881052503,98.58494056620701,200.294831976666,27.40234375,23.60198877689999,1.0,47.22421061000001,15.494117647077005,0.3921568626914403,21.181723905720997,83.105352311636,27.949701151565005,0.0,0.0,115.32944146424101,120.73774479468999,249.49825777486595,27.40234375,23.60198877689999,1.0
5,PARTIAL,LOCKED,2443.791,47.22421061,48.75,48.75,31.9173685164,12.0,0.0,15.2941176471,20.0,118.9806690705,126.2153227951,259.9586064902,No,On,27.40234375,23.6019887769,136.4,TRACTION,47.22421061000001,15.547633194704037,0.13203934770255166,21.102870255340406,80.82990922558587,29.179949863752533,0.0,0.0,117.15625030884746,122.27376419003032,255.6454492802192,27.40234375,23.60198877689999,1.0,47.25515489537801,15.294117647099995,0.0,20.55021826103,27.151581653225,32.581685225494,0.0,0.0,121.13273228007101,123.29601888631599,258.776471076737,27.40234375,23.60198877689999,1.0
5,LOCKED,PARTIAL,2445.19,47.8455818023,51.6491935484,51.6491935484,29.1426151785,12.0,0.0,15.6862745098,20.7645078233,124.8940954119,125.858066129,259.6701137326,No,On,27.40234375,23.6019887769,136.4,TRACTION,47.26559393140902,15.392156862779002,0.25130642763757466,20.792918507524,22.717089717741004,31.808474468465,0.0,0.0,123.16214729079701,124.70810783973799,258.90727937136904,27.40234375,23.60198877689999,1.0,47.84558180230001,15.607050901173736,-0.36010731193862955,20.89412084799697,42.05148082647172,31.763031108573745,0.0,0.0,124.15261807102425,125.7618504691505,260.3580906230222,27.40234375,23.60198877689999,1.0
5,PARTIAL,LOCKED,2445.47,47.8455818023,49.7016129032,49.7016129032,31.2842904609,12.0,0.0,15.6862745098,21.1764705882,124.6602906674,125.2538578505,260.1058044537,No,On,27.40234375,23.6019887769,136.4,TRACTION,47.439577865253014,15.501960784335006,0.25130642763757466,20.891076558611005,33.822521925403,31.18151856551,0.0,0.0,124.16309123633201,125.16205481366698,259.332253575537,27.40234375,23.60198877689999,1.0,47.84558180230001,15.400000000004997,-0.6581653640413176,20.646431372545997,30.395363699656,32.144730370817,0.0,0.0,122.629433860939,124.92655073246999,258.90567456834697,27.40234375,23.60198877689999,1.0
5,LOCKED,OPEN,2452.041,39.7677563032,-235.125,235.125,0.0,12.0,1650.0004125001,0.0,7.0310952664,1.2062643788,13.1777770671,-10.5070521941,No,On,27.40234375,23.6019887769,136.4,BRAKE,,,,,,,,,,,,,,,38.856690373605886,0.0,0.0,7.282122260685294,164.66545351359412,0.0,1737.2409187392884,1800.0004500001,1.3386224888705884,11.572053787573529,-12.613738229494118,27.40234375,23.601988776900004,1.0
5,OPEN,PARTIAL,2452.32,38.5250139187,-119.875,119.875,0.0,12.0,1800.0004500001,0.0,7.4509803922,1.4179927147,9.6358925954,-13.8770393327,No,On,27.40234375,23.6019887769,136.4,BRAKE,39.00898599121429,0.0,0.0,7.230942478010713,179.90965555072856,0.0,1718.4353035584004,1800.0004500001,1.3083070291964287,12.82706512082857,-12.131220342685712,27.40234375,23.601988776900008,1.0,38.353101222183334,0.0,0.0,7.450980392200001,112.7341773403,0.0,1800.0004500000998,1800.0004500001,1.4448065780333337,6.305648311,-14.303823844833333,27.40234375,23.6019887769,1.0
5,PARTIAL,OPEN,2452.329,38.5250139187,-125.40625,125.40625,0.0,12.0,1800.0004500001,0.0,7.4509803922,1.424822661,8.9544654686,-13.9857485952,No,On,27.40234375,23.6019887769,136.4,BRAKE,38.99229729905863,0.0,0.0,7.238529992293103,177.83949501449655,0.0,1721.2478948150108,1800.0004500001,1.3120892942137932,12.71702468891724,-12.191420997513791,27.40234375,23.601988776900008,1.0,38.31871868288,0.0,0.0,7.4509803922,110.19976280835999,0.0,1800.0004500001,1800.0004500001,1.44880336144,5.77588487948,-14.36743889476,27.40234375,23.6019887769,1.0
5,OPEN,PARTIAL,2452.34,38.5250139187,-118.8225806452,118.8225806452,0.0,12.0,1800.0004500001,0.0,7.4509803922,1.4331703732,5.5317161196,-14.1186154716,No,On,27.40234375,23.6019887769,136.4,BRAKE,38.97672118638001,0.0,0.0,7.245611672289999,176.09172018068,0.0,1723.872979987847,1800.0004500001,1.3158470731066667,12.59160604824,-12.251231917436664,27.40234375,23.601988776900008,1.0,38.267144873925,0.0,0.0,7.4509803922,108.04405834914999,0.0,1800.0004500001,1800.0004500001,1.4527116085,5.836927069450001,-14.42964475055,27.40234375,23.6019887769,1.0
5,PARTIAL,OPEN,2524.329,42.2532410721,129.5,129.5,0.0,12.0,0.0,15.2941176471,17.6470588235,77.7910736386,91.0889254357,187.340073296,No,On,27.40234375,23.6019887769,138.2,TRACTION,42.253241072099996,12.474317839033997,1.086059909493314,13.877891979543003,118.344952845333,12.430188491009,0.0,0.0,104.84128071114901,66.983664395112,179.783960289425,27.40234375,23.60198877689999,1.0,42.191253091914994,16.478431372524,1.5844721726168762,19.401145005796,196.780647135826,0.0,0.0,0.0,98.761695470455,102.588362806772,222.34041166363298,27.40234375,23.60198877689999,1.0
5,OPEN,PARTIAL,2532.771,44.1173546489,116.625,116.625,0.0,12.0,0.0,11.7647058824,14.5098039216,98.7760618228,63.1998566662,151.0881864147,No,On,27.40234375,23.6019887769,140.0,TRACTION,44.11735464889999,14.640196078447998,-5.530515236405716,18.392412078337,282.812023293666,0.0,0.0,0.0,114.649451365386,101.51141743305502,170.632398899316,27.40234375,23.60198877689999,1.0,44.11735464889999,13.82835595779,2.979972097596447,17.073090085476,128.81538930927698,0.0,0.0,0.0,86.540627109148,78.534886272719,167.61627052314594,27.40234375,23.60198877689999,1.0
5,PARTIAL,OPEN,2533.201,44.1173546489,123.375,123.375,0.0,12.0,0.0,14.5098039216,17.8549019608,81.9531854683,81.4530328403,167.9193393114,No,On,27.40234375,23.6019887769,140.0,TRACTION,44.11735464889999,12.794042232297997,-2.114813291254417,15.523516165220999,189.28803464353305,0.0,0.0,0.0,101.711114659927,79.143919800412,152.113780882076,27.40234375,23.60198877689999,1.0,44.11735464889999,14.509803921599998,0.0,17.670148042247,149.70416090848002,0.0,0.0,0.0,85.18793378908599,87.23303170355703,174.403558016199,27.40234375,23.60198877689999,1.0
5,OPEN,PARTIAL,2541.202,45.3600970333,118.25,118.25,20.8821388088,12.0,0.0,10.9803921569,13.3333333333,74.6017500652,67.5821059685,115.9936264859,No,On,27.40234375,23.6019887769,140.0,TRACTION,45.34643646638788,14.510413333934345,-6.695478769051138,18.83091561286061,299.3948182155515,7.674903111566665,0.0,0.0,93.5149953129697,106.80244539778381,206.4338651797909,27.40234375,23.60198877689999,1.0,44.845738144147,10.9803921569,0.0,14.157981139305003,96.87857453185102,20.217930646809,0.0,0.0,67.780428612142,63.728114728281,117.97949637639998,27.40234375,23.60198877689999,1.0
5,PARTIAL,OPEN,2541.21,45.3600970333,122.64453125,122.64453125,20.8491756852,12.0,0.0,10.9803921569,13.3333333333,74.482034512,67.2965980397,116.0250455338,No,On,27.40234375,23.6019887769,140.0,TRACTION,45.346573072057,14.475113122164002,-6.628523981360627,18.775939790065006,297.58337003339597,7.806975468538999,0.0,0.0,93.325862860492,106.41024200349098,205.529462792852,27.40234375,23.60198877689999,1.0,44.839524432225,10.9803921569,0.0,14.161902707933,96.597754219351,20.225545128364,0.0,0.0,67.68438782115801,63.727163035184994,118.02044359948597,27.40234375,23.60198877689999,1.0
5,OPEN,PARTIAL,2541.222,45.3600970333,117.6572580645,117.6572580645,20.8546695392,12.0,0.0,10.9803921569,13.3333333333,74.3024611822,66.0118123603,116.0721741056,No,On,27.40234375,23.6019887769,140.0,TRACTION,45.351812084070005,14.408446455498002,-6.628523981360628,18.670057437123006,295.27559659589605,8.015467225391,0.0,0.0,92.88516977172303,105.79199837610498,203.64528945124204,27.40234375,23.60198877689999,1.0,44.833310720303,10.9803921569,0.0,14.165824276561002,96.36379527507,20.233130988712002,0.0,0.0,67.59068609856199,63.71978741369201,118.06155957012398,27.40234375,23.60198877689999,1.0
5,PARTIAL,LOCKED,2543.33,44.1173546489,46.0,46.0,23.3692064854,12.0,0.0,11.3725490196,13.3333333333,77.2139563429,66.023708524,140.0727756359,No,On,27.40234375,23.6019887769,140.0,TRACTION,44.45728862636465,11.154684095877778,0.44013115903407907,13.279383791028284,71.84733827303938,22.90848879324546,0.0,0.0,69.28915646273231,69.51467541110404,125.27607796303435,27.40234375,23.60198877689999,1.0,44.11735464889999,13.212745098024005,2.4103782927310813,16.645549757013,61.80809163981,24.375311956494993,0.0,0.0,85.95275589911199,84.20439442876601,167.461889969901,27.40234375,23.60198877689999,1.0
5,LOCKED,PARTIAL,2543.579,44.1173546489,52.0,52.0,23.8377463847,12.0,0.0,12.9411764706,17.5266938459,82.3973261677,81.8185322147,154.2453524979,No,On,27.40234375,23.6019887769,140.0,TRACTION,44.304760200462,11.577450980401004,2.053872053820927,14.133591987293999,59.497478801601,23.270589101385,0.0,0.0,72.68778332566801,69.974734137998,131.608539919185,27.40234375,23.60198877689999,1.0,44.11735464889999,13.456129926707074,0.8002384710645379,16.78480680849495,68.1748005831394,25.047961071230297,0.0,0.0,88.9396119797788,88.63539037705353,178.77169128905257,27.40234375,23.60198877689999,1.0
5,PARTIAL,LOCKED,2543.588,44.1173546489,49.5859375,49.5859375,23.8496440121,12.0,0.0,12.9411764706,17.4917491749,82.5846768843,82.2024911533,154.7576143122,No,On,27.40234375,23.6019887769,140.0,TRACTION,44.29854648854,11.597058823538005,2.053872053820927,14.190035396340999,59.196228801601,23.280056213497,0.0,0.0,72.846269479205,70.072779037497,131.930114742687,27.40234375,23.60198877689999,1.0,44.11735464889999,13.464052287570711,0.8002384710645379,16.784791120651512,68.220649699301,25.08055793791414,0.0,0.0,89.04355455674144,88.69573719979797,179.20329001769193,27.40234375,23.60198877689999,1.0
5,LOCKED,PARTIAL,2543.6,44.1173546489,53.814516129,53.814516129,23.8496440121,12.0,0.0,12.9411764706,17.4451562803,82.8344778397,83.3445228683,155.4406300646,No,On,27.40234375,23.6019887769,140.0,TRACTION,44.292332776618,11.616666666675005,2.053872053820927,14.245737201814997,58.872047854019996,23.290118206979997,0.0,0.0,73.00617636066701,70.18329439825101,132.256278823273,27.40234375,23.60198877689999,1.0,44.11735464889999,13.474509803911003,0.7922360863538925,16.794570078013997,68.08291900875999,25.132436772774994,0.0,0.0,89.18432635342702,88.738108135889,179.816301050167,27.40234375,23.60198877689999,1.0
5,PARTIAL,LOCKED,2544.61,44.1173546489,49.75,49.75,27.1147477386,12.0,0.0,13.7254901961,17.7254901961,93.087296891,88.1386768386,198.4926951042,No,On,27.40234375,23.6019887769,139.3052,TRACTION,44.11735464889999,13.474509803911003,0.7922360863538925,16.794570078013997,68.08291900875999,25.132436772774994,0.0,0.0,89.18432635342702,88.738108135889,179.816301050167,27.40234375,23.60198877689999,1.0,44.11735464889999,14.413574660658997,0.9066532596060901,18.233015145051997,37.449165886591,29.855894444079993,0.0,0.0,98.26223776379398,101.612251914293,208.565915477093,27.40234375,23.60198877689999,1.0
5,LOCKED,PARTIAL,2544.622,44.1173546489,50.0416666667,50.0416666667,27.1945769807,12.0,0.0,13.7254901961,17.8196078431,93.172218846,88.2539209245,198.8954177669,No,On,27.40234375,23.6019887769,139.262,TRACTION,44.11735464889999,13.482352941166004,0.7922360863538925,16.797761691292997,67.96666900876,25.165058568558997,0.0,0.0,89.28477286931202,88.787001368688,180.241129902627,27.40234375,23.60198877689999,1.0,44.11735464889999,14.421417797913996,0.9066532596060901,18.235211223483997,37.149999219924,29.891972582874995,0.0,0.0,98.372707187176,101.784426578514,208.689384659328,27.40234375,23.60198877689999,1.0
5,PARTIAL,LOCKED,2544.629,44.1173546489,49.3984375,49.3984375,27.1869741958,12.0,0.0,13.7254901961,17.8745098039,93.221756653,88.5074579133,199.1303393201,No,On,27.40234375,23.6019887769,139.2368,TRACTION,44.11735464889999,13.490196078421004,0.7922360863538925,16.802360409988,67.862408256072,25.198417249654995,0.0,0.0,89.38357059519203,88.831485585817,180.66315582419,27.40234375,23.60198877689999,1.0,44.11735464889999,14.429260935168998,0.9066532596060901,18.236858282308,36.857889844923996,29.928091659741998,0.0,0.0,98.483515936435,101.95406587284702,208.81061412624396,27.40234375,23.60198877689999,1.0
5,LOCKED,PARTIAL,2551.49,43.4959834566,50.5,50.5,20.8673054032,12.0,0.0,11.7647058824,14.7490196078,64.4049255633,64.2329860003,127.0159659176,No,On,27.40234375,23.6019887769,138.2,TRACTION,43.55924788026667,10.155654077225252,0.15637993468313574,11.279398999516163,12.974810231705048,23.628773899389895,0.0,0.0,77.91742248308385,62.76673060441211,120.30392293442324,27.40234375,23.60198877689999,1.0,43.495983456599994,13.957189542485999,3.336469267825088,17.751573220084005,77.74538418776599,24.87019671506099,0.0,0.0,90.01716721432398,90.537738612345,171.65127329918997,27.40234375,23.60198877689999,1.0
5,PARTIAL,LOCKED,2552.734,43.2550436066,49.3636363636,49.3636363636,30.1225264357,12.0,0.0,14.9019607843,18.8235294118,108.7153645833,108.7428323636,223.875160132,No,On,27.40234375,23.6019887769,138.2,TRACTION,43.469424993810094,14.549415725880806,1.8455499739405583,18.537294600945454,76.56286968600607,26.809322618292924,0.0,0.0,98.9872132673293,99.95254902862119,193.04801198033434,27.40234375,23.60198877689999,1.0,43.494208110337006,14.901960784299996,0.0,18.193836481687,25.663262288748,31.130778616557006,0.0,0.0,107.41322214710202,110.00049745267701,219.948156459915,27.40234375,23.60198877689999,1.0
5,LOCKED,PARTIAL,2555.92,43.061023622,50.125,50.125,23.9405850169,12.0,0.0,13.7254901961,17.2549019608,88.2696390658,89.5446546857,168.978139257,No,On,27.40234375,23.6019887769,138.2,TRACTION,43.038481249906,12.589542483668001,2.2185911401674763,14.723979292042,13.461679617590999,25.679505400296,0.0,0.0,82.135397123207,78.10160849863901,150.21481615478598,27.40234375,23.60198877689999,1.0,42.90458518174201,14.035294117660001,0.8902753020461778,17.195788472942002,58.699620921923,26.210576029994005,0.0,0.0,95.29539549411,94.873020531754,187.81775630487405,27.40234375,23.60198877689999,1.0
5,PARTIAL,LOCKED,2555.93,43.1852978605,49.3515625,49.3515625,23.6774116912,12.0,0.0,13.7254901961,17.2549019608,88.4185078291,89.6138011372,169.4225477402,No,On,27.40234375,23.6019887769,138.2,TRACTION,43.03413165156,12.609150326805002,2.2185911401674763,14.763194978317001,13.729179617590999,25.656852025257002,0.0,0.0,82.19217770619302,78.252117274726,150.4935074091,27.40234375,23.60198877689999,1.0,42.90470945598,14.043137254915,0.8902753020461778,17.202839374110003,58.57626658724601,26.263061563567003,0.0,0.0,95.431360874218,94.94356478248301,188.14556470567302,27.40234375,23.60198877689999,1.0
5,LOCKED,PARTIAL,2555.94,43.3095720989,50.5,50.5,23.7300463564,12.0,0.0,13.7254901961,17.2549019608,88.5673765924,89.6138011372,169.8669562234,No,On,27.40234375,23.6019887769,138.2,TRACTION,43.02632824346768,12.637485970826265,2.2410011516843196,14.817249829554546,13.90711034808788,25.628051497326265,0.0,0.0,82.25191025011111,78.44280782278587,150.87246266164746,27.40234375,23.60198877689999,1.0,42.90470945598001,14.050980392169999,0.8902753020461778,17.210682511365,58.408242393698,26.314265345572004,0.0,0.0,95.567027925526,95.01732099741102,188.471262982526,27.40234375,23.60198877689999,1.0
5,PARTIAL,LOCKED,2556.701,42.8746122644,49.75,49.75,27.9101342875,12.0,0.0,14.5098039216,17.8411566647,98.9862439209,98.0243888717,196.2647540101,No,On,27.40234375,23.6019887769,138.2,TRACTION,42.90433663326499,13.913725490214997,0.9259259259274657,17.042114478095005,54.478082065618,25.241896809732,0.0,0.0,92.122225078298,91.82577577535795,179.76708434899604,27.40234375,23.60198877689999,1.0,42.905805098246,14.450980392179996,-0.035650623881288014,17.804221794712,34.348532799491,29.386197960917997,0.0,0.0,104.83713274130899,101.30767234057099,203.06939963844704,27.40234375,23.60198877689999,1.0
5,LOCKED,PARTIAL,2556.71,42.8746122644,50.7983870968,50.7983870968,28.0376088671,12.0,0.0,14.5098039216,17.8768072886,99.1052798042,98.1994855311,196.4981500987,No,On,27.40234375,23.6019887769,138.2,TRACTION,42.90433663326499,13.921568627469997,0.9259259259274657,17.053918795782003,54.850582065618,25.277948813953,0.0,0.0,92.26199338600497,92.00195795972597,180.13727595434298,27.40234375,23.60198877689999,1.0,42.905805098246,14.450980392179996,-0.035650623881288014,17.804176299966002,34.097121509168,29.402877301466997,0.0,0.0,104.941916493348,101.33682909428498,203.03951301274603,27.40234375,23.60198877689999,1.0
5,PARTIAL,LOCKED,2556.72,42.8746122644,49.75,49.75,28.007014968,12.0,0.0,14.5098039216,17.9164190929,99.2375418967,99.2021090778,196.757479086,No,On,27.40234375,23.6019887769,138.2,TRACTION,42.90433663326499,13.929411764724998,0.9259259259274657,17.065010100991007,55.243001420457006,25.317834193524003,0.0,0.0,92.40161223367498,92.176322261578,180.50580184422702,27.40234375,23.60198877689999,1.0,42.905805098246,14.450980392179996,-0.035650623881288014,17.804122961299,33.85337150916801,29.419923988116,0.0,0.0,105.046248244091,101.36633158025602,203.00308891455498,27.40234375,23.60198877689999,1.0
5,LOCKED,PARTIAL,2558.829,42.8746122644,52.75,52.75,23.3003702125,12.0,0.0,14.9019607843,16.51416122,96.0827158505,89.1343857402,183.3039709985,No,On,27.40234375,23.6019887769,138.2,TRACTION,42.87461226439999,14.901960784299996,0.0,15.836775693275,23.796207080887,28.021648993168995,0.0,0.0,105.80670004514299,96.529084353632,179.725285665397,27.40234375,23.60198877689999,1.0,42.87461226439999,15.626196606585859,0.9096043954721414,17.574631544170703,131.52973323389392,17.490693005935352,0.0,0.0,94.63384001874547,92.95138807187274,192.52419735446364,27.40234375,23.60198877689999,1.0
5,PARTIAL,OPEN,2559.239,42.8746122644,120.0,120.0,18.5195069239,12.0,0.0,15.6862745098,18.0392156863,93.7535018677,92.5755741429,190.0373257018,No,On,27.40234375,23.6019887769,138.2,TRACTION,42.87461226439999,15.156209150318004,0.90050835151742,15.938425113114999,45.65981375244301,24.178759401937004,0.0,0.0,98.700889321383,89.50060642194897,181.95033811216803,27.40234375,23.60198877689999,1.0,42.843819703995,15.839215686253006,0.3921568627092718,18.270317234668003,177.94037570788203,11.012251886842,0.0,0.0,96.47670174223099,95.77111886184296,201.46799459934505,27.40234375,23.60198877689999,1.0
5,OPEN,PARTIAL,2559.25,42.8746122644,119.796875,119.796875,18.5829609368,12.0,0.0,15.6862745098,18.0275674626,93.8142634405,92.9328308089,190.2878926087,No,On,27.40234375,23.6019887769,138.2,TRACTION,42.87461226439999,15.164052287573003,0.90050835151742,15.977640799389999,46.726063752443,24.068530716575,0.0,0.0,98.55618529366798,89.50487045312498,182.10461247616703,27.40234375,23.60198877689999,1.0,42.843819703994996,15.843137254880006,0.3921568627092718,18.278316465964004,178.801838776064,10.826422277473998,0.0,0.0,96.52708287084701,95.83749945527798,201.68261858516598,27.40234375,23.60198877689999,1.0
5,PARTIAL,OPEN,2559.261,42.8746122644,121.2,121.2,18.4821143805,12.0,0.0,15.6862745098,18.0075262428,93.8750250133,92.8291111317,190.5384595157,No,On,27.40234375,23.6019887769,138.2,TRACTION,42.87461226439999,15.171895424828003,0.9005083515174199,16.016895313076,47.785661290322004,23.958767360641,0.0,0.0,98.41435249315,89.526997317603,182.259771578749,27.40234375,23.60198877689999,1.0,42.843819703994996,15.847058823507005,0.3921568627092718,18.286860965166003,179.655140500202,10.641601133668999,0.0,0.0,96.57729054714596,95.90491724548498,201.89632608221802,27.40234375,23.60198877689999,1.0
5,OPEN,PARTIAL,2563.08,42.8746122644,105.875,105.875,0.0,12.0,0.0,10.5882352941,9.9747621821,79.8887613152,63.0615637632,95.8447644892,No,On,27.40234375,23.6019887769,138.2,TRACTION,42.84351635351099,14.323328305653003,-5.861086988496324,15.84059884029,211.877163978497,0.0,0.0,0.0,90.092536353596,93.302155141716,151.026449308188,27.40234375,23.60198877689999,1.0,42.74648796129799,10.210457516328999,-2.1631346140755654,10.579996878123,76.449138948054,0.0,0.0,0.0,66.908344277358,57.82051017056401,85.98992368920499,27.40234375,23.60198877689999,1.0
5,PARTIAL,LOCKED,2564.211,42.2532410721,49.5,49.5,0.0,12.0,0.0,8.2352941176,9.4823529412,50.9837406517,43.6351284443,70.1488092794,No,On,27.40234375,23.6019887769,138.2,TRACTION,42.66987605613938,9.963689179366666,-2.4050500382661837,10.289747667580807,71.80613688521112,0.0,0.0,0.0,63.71252610743132,56.51866831230808,83.21824583387375,27.40234375,23.60198877689999,1.0,42.253241072099996,7.890196078424001,-0.02178649237829653,8.966805158947,36.985943937867,0.0,0.0,0.0,41.879163607093005,40.054001637833,56.04748326528101,27.40234375,23.60198877689999,1.0
5,LOCKED,PARTIAL,2565.361,42.2532410721,51.25,51.25,0.0,12.0,0.0,8.2352941176,6.8235294118,40.5219834385,46.5701350817,54.6916338034,No,On,27.40234375,23.6019887769,138.2,TRACTION,42.253241072099996,7.890196078424003,-0.02178649237829653,8.759747888515001,35.636675120662005,0.0,0.0,0.0,40.639870213216994,40.332600982173005,54.07760719759501,27.40234375,23.60198877689999,1.0,41.765367862720005,8.376470588208,0.3921568628092736,9.087512774802999,45.301581584494016,0.0,0.0,0.0,42.828836611635005,43.716081950955,60.724505897952014,27.40234375,23.60198877689999,1.0
5,PARTIAL,LOCKED,2565.369,42.2532410721,49.8125,49.8125,0.0,12.0,0.0,8.2352941176,6.9803921569,40.5486001577,46.1095304935,54.8036685602,No,On,27.40234375,23.6019887769,138.2,TRACTION,42.253241072099996,7.890196078424003,-0.02178649237829653,8.735766902181,35.695425120662,0.0,0.0,0.0,40.573125738040005,40.309964813186,53.972902066135,27.40234375,23.60198877689999,1.0,41.759154150798004,8.380392156836,0.3921568628092736,9.107904931664999,45.215996907075,0.0,0.0,0.0,42.88013928476101,43.760216718275004,60.82612317296002,27.40234375,23.60198877689999,1.0
5,LOCKED,PARTIAL,2565.379,42.2532410721,51.5083333333,51.5083333333,0.0,12.0,0.0,8.2352941176,7.1764705882,40.5818710568,44.2537289566,54.9437120063,No,On,27.40234375,23.6019887769,138.2,TRACTION,42.253241072099996,7.890196078424003,-0.02178649237829653,8.715255909906,35.743862620662,0.0,0.0,0.0,40.50866732855901,40.278796864297,53.871976835486,27.40234375,23.60198877689999,1.0,41.752940438876,8.384313725464,0.3921568628092736,9.126336304214,45.111639380194,0.0,0.0,0.0,42.931697004196,43.822909500963995,60.927031478022,27.40234375,23.60198877689999,1.0
5,PARTIAL,LOCKED,2565.55,41.6318698799,43.875,43.875,0.0,12.0,0.0,8.2352941176,10.1490196078,41.1508034306,37.6848160646,57.338454934,No,On,27.40234375,23.6019887769,138.2,TRACTION,42.24354768150302,7.890196078424002,-0.02178649237829653,8.837953473780999,37.413453300645,0.0,0.0,0.0,39.854775966995,39.211315680978004,52.88648601659399,27.40234375,23.60198877689999,1.0,41.663214438721006,8.45098039214,0.3921568628092736,9.110522675791001,43.60343976814801,0.0,0.0,0.0,43.847473104590996,45.511681464431994,62.533009455009015,27.40234375,23.60198877689999,1.0
5,LOCKED,PARTIAL,2565.989,41.6318698799,52.0,52.0,0.0,12.0,0.0,8.2352941176,8.9839572193,43.4453973307,44.2537289566,62.3378309042,No,On,27.40234375,23.6019887769,138.2,TRACTION,42.001488915756,8.160784313687001,0.7625272330224173,9.135129818871,40.353606870111996,0.0,0.0,0.0,41.067390648859,41.692922209119,56.33983312880201,27.40234375,23.60198877689999,1.0,41.6318698799,8.623529411772,0.3921568628092736,8.99392605926,44.885532762097995,0.0,0.0,0.0,45.768041282318,46.865743101279996,65.821457041968,27.40234375,23.60198877689999,1.0
5,PARTIAL,LOCKED,2566.05,41.6318698799,48.75,48.75,0.0,12.0,0.0,8.6274509804,8.2590612002,43.8039280636,44.9451934716,62.7596242583,No,On,27.40234375,23.6019887769,138.2,TRACTION,41.96420664422399,8.223529411723002,1.1546840958316908,9.123536235983,41.580847293499,0.0,0.0,0.0,41.321075888668,42.286774983372,57.100472979204994,27.40234375,23.60198877689999,1.0,41.615665493906015,8.6274509804,0.0,9.064318980906,45.081951612904994,0.0,0.0,0.0,45.889343454683996,46.68062268475101,66.22641328377298,27.40234375,23.60198877689999,1.0
5,LOCKED,PARTIAL,2566.111,41.6318698799,50.625,50.625,0.0,12.0,0.0,8.6274509804,8.2352941176,44.1624587965,46.0284878783,63.1814176125,No,On,27.40234375,23.6019887769,138.2,TRACTION,41.923628244415156,8.274905921923233,0.3961180432416905,9.05003900271414,43.2656428347495,0.0,0.0,0.0,41.603156531471726,42.80091758900809,57.90270978232525,27.40234375,23.60198877689999,1.0,41.578383222374015,8.6274509804,0.0,9.165926824044998,45.19981502016301,0.0,0.0,0.0,45.975469042921006,46.354159238426,66.628745461508,27.40234375,23.60198877689999,1.0
5,PARTIAL,LOCKED,2566.139,41.6318698799,44.625,44.625,0.0,12.0,0.0,8.6274509804,8.2352941176,44.3270302805,47.2872506996,63.3750276766,No,On,27.40234375,23.6019887769,138.2,TRACTION,41.908283236925996,8.286274509764002,0.3921568628092736,9.018362142096999,43.797804702773,0.0,0.0,0.0,41.718824360315004,42.969880212792006,58.193330894537006,27.40234375,23.60198877689999,1.0,41.55974208660801,8.6274509804,0.0,9.222475843654,45.203758064518006,0.0,0.0,0.0,46.00571632844199,46.15918111541399,66.829100368164,27.40234375,23.60198877689999,1.0
5,LOCKED,PARTIAL,2566.989,41.6318698799,52.75,52.75,0.0,12.0,0.0,8.6274509804,9.5554261308,45.8170470229,43.5622644417,69.1129966715,No,On,27.40234375,23.6019887769,138.2,TRACTION,41.6318698799,8.619607843144,0.3921568628092736,8.988211370145,44.878032762098,0.0,0.0,0.0,45.744324785395996,46.87265774642901,65.753705384295,27.40234375,23.60198877689999,1.0,41.031576573238006,8.913725490201003,0.8618832147991035,9.565315084459,47.991722079668996,0.0,0.0,0.0,44.507837450787996,45.857685981835004,72.0003510681,27.40234375,23.60198877689999,1.0
5,PARTIAL,LOCKED,2567.11,41.0104986877,48.375,48.375,0.0,12.0,0.0,8.6274509804,10.0274509804,45.3498578799,40.4737229416,69.8661192037,No,On,27.40234375,23.6019887769,138.2,TRACTION,41.584596934296016,8.6274509804,0.0,9.148005255416999,45.222315020162995,0.0,0.0,0.0,45.963595052087,46.409706887793,66.561898445596,27.40234375,23.60198877689999,1.0,41.01049868770001,9.007843137261002,0.8618832147991035,9.539254901970999,48.175404035313,0.0,0.0,0.0,44.471562408299995,46.407462478243986,72.44993995706801,27.40234375,23.60198877689999,1.0
5,LOCKED,PARTIAL,2567.389,41.0104986877,53.5,53.5,0.0,12.0,0.0,8.6274509804,9.4117647059,44.2726201038,44.6106138676,71.6026579349,No,On,27.40234375,23.6019887769,138.2,TRACTION,41.41061300048002,8.6274509804,0.0,9.444564970218003,46.13099224096099,0.0,0.0,0.0,45.930292812286,45.493583321405,68.409305099445,27.40234375,23.60198877689999,1.0,40.979379403906,9.227450980401002,0.8618832147991035,9.785937017241999,49.929685433042,0.0,0.0,0.0,44.806483421676006,46.23973049043001,73.06548500255698,27.40234375,23.60198877689999,1.0
5,PARTIAL,LOCKED,2567.49,41.0104986877,47.375,47.375,0.0,12.0,0.0,8.6274509804,9.4117647059,43.8826523068,43.1473857327,72.2312974039,No,On,27.40234375,23.6019887769,138.2,TRACTION,41.34561331561718,8.6274509804,0.0,9.495607239471719,47.33323970861112,0.0,0.0,0.0,45.72689344658484,44.74883066715656,69.08905460585355,27.40234375,23.60198877689999,1.0,40.979379403906,9.305882352951,0.8618832147991035,9.803881164597001,49.555639566106,0.0,0.0,0.0,45.068562315068,46.497706235326994,73.13804070745,27.40234375,23.60198877689999,1.0
5,LOCKED,PARTIAL,2567.829,41.0104986877,54.5,54.5,0.0,12.0,0.0,9.4117647059,9.4117647059,44.4399527616,50.1066414961,73.6131172146,No,On,27.40234375,23.6019887769,138.2,TRACTION,41.13720967591201,8.780392156866004,0.8618832147991035,9.628819081915001,45.957522230877004,0.0,0.0,0.0,44.74416780148999,45.227810136881,71.17239398164699,27.40234375,23.60198877689999,1.0,40.882694046383996,9.411764705900001,0.0,9.973567439106999,54.468823285864,0.0,0.0,0.0,46.27378637626501,45.99067166373801,72.796329625305,27.40234375,23.60198877689999,1.0
5,PARTIAL,LOCKED,2568.24,40.5755388531,47.875,47.875,0.0,12.0,0.0,9.4117647059,10.9803921569,45.933412064,45.0258643317,72.9874452984,No,On,27.40234375,23.6019887769,138.2,TRACTION,41.00484985867778,9.106753812643435,0.8705891058576802,9.606139829679796,48.9836080544,0.0,0.0,0.0,44.54012298753536,46.39815140198788,72.80955776713334,27.40234375,23.60198877689999,1.0,40.63787379661898,9.411764705900001,0.0,9.98286155675,54.38150468138699,0.0,0.0,0.0,47.74360362836801,45.87326768069101,71.41949397005502,27.40234375,23.60198877689999,1.0
5,LOCKED,PARTIAL,2568.301,41.0104986877,52.125,52.125,0.0,12.0,0.0,9.4117647059,10.7921568627,46.1550690407,45.7407494189,72.8945840165,No,On,27.40234375,23.6019887769,138.2,TRACTION,40.97906506770607,9.154287977825254,0.8705891058576802,9.679104773233332,49.33612760628384,0.0,0.0,0.0,44.619493809348484,46.317048705159614,72.93427459857071,27.40234375,23.60198877689999,1.0,40.62176886979699,9.396078431387997,-0.4357298475548514,9.948469399889001,53.75298405424899,0.0,0.0,0.0,47.95745093175401,45.807032071753,71.14076519970499,27.40234375,23.60198877689999,1.0
5,PARTIAL,LOCKED,2568.42,41.0104986877,47.125,47.125,0.0,12.0,0.0,9.4117647059,9.7920380273,46.5874818314,45.7288532552,72.7134284009,No,On,27.40234375,23.6019887769,138.2,TRACTION,40.97906506770607,9.24935630818889,0.8705891058576802,9.800999897979798,49.81298030667272,0.0,0.0,0.0,44.85995777841819,46.32564058376667,73.09926419434242,27.40234375,23.60198877689999,1.0,40.54720432672099,9.305882352955,-0.82788671024629,9.835049316703998,53.262878207476,0.0,0.0,0.0,48.384579085317,46.151372855599,70.523540006698,27.40234375,23.60198877689999,1.0
5,LOCKED,PARTIAL,2568.461,41.0104986877,52.375,52.375,0.0,12.0,0.0,9.4117647059,9.4117647059,46.7364643895,45.0258643317,72.6510134409,No,On,27.40234375,23.6019887769,138.2,TRACTION,40.97906506770607,9.281045751643434,0.8705891058576802,9.807841936907069,49.49886027571819,0.0,0.0,0.0,44.964350247635366,46.44580385344545,73.12921650807878,27.40234375,23.60198877689999,1.0,40.52234947902898,9.274509803935,-0.82788671024629,9.815587264614999,53.551785465540995,0.0,0.0,0.0,48.526389084669006,46.325900729701004,70.30073123471901,27.40234375,23.60198877689999,1.0
5,PARTIAL,LOCKED,2569.201,40.3891274954,40.375,40.375,0.0,12.0,0.0,9.4117647059,10.3843137255,49.3610862334,43.8016747361,68.8083374779,No,On,27.40234375,23.6019887769,138.2,TRACTION,40.65900041715598,9.411764705900001,0.0,10.002508615574001,54.894830868808995,0.0,0.0,0.0,47.565261042124995,45.897770060358,71.636594513363,27.40234375,23.60198877689999,1.0,40.38912749539998,8.694117647065,-0.82788671024629,9.241964267014,46.525796042582996,0.0,0.0,0.0,48.214523583435,44.927676184799004,66.116508384657,27.40234375,23.60198877689999,1.0
5,LOCKED,PARTIAL,2569.389,40.3891274954,53.0,53.0,0.0,12.0,0.0,8.6274509804,9.2705882353,50.0263082139,48.6791018523,67.494700471,No,On,27.40234375,23.6019887769,138.2,TRACTION,40.57205917441299,9.337254901975,-0.82788671024629,9.865587641124,53.123079820379,0.0,0.0,0.0,48.24261564308,46.024120336032,70.73754994386499,27.40234375,23.60198877689999,1.0,40.38912749539998,8.6274509804,0.0,9.026121129756,48.214490675403994,0.0,0.0,0.0,47.084538709782,44.24416887955301,65.46220325626601,27.40234375,23.60198877689999,1.0
5,PARTIAL,LOCKED,2569.669,40.3891274954,49.25,49.25,0.0,12.0,0.0,8.6274509804,9.2078431373,49.0416259766,41.3867535054,65.620360318,No,On,27.40234375,23.6019887769,138.2,TRACTION,40.39894516023798,9.117647058835,-0.82788671024629,9.455261949726001,53.556460112719016,0.0,0.0,0.0,49.078305650317,46.420143963496,69.054783820915,27.40234375,23.60198877689999,1.0,40.33559530265453,8.6274509804,0.0,9.39785736149293,44.740946256925255,0.0,0.0,0.0,45.07164434450909,43.39909109648182,64.86133011287272,27.40234375,23.60198877689999,1.0
5,LOCKED,PARTIAL,2569.679,40.3891274954,50.9435483871,50.9435483871,0.0,12.0,0.0,8.6274509804,9.3254901961,48.9580078125,41.2699548073,65.6052463395,No,On,27.40234375,23.6019887769,138.2,TRACTION,40.394471287653985,9.10980392158,-0.82788671024629,9.445379596785,53.468960112719,0.0,0.0,0.0,49.093935414433,46.386864445551,68.987643707169,27.40234375,23.60198877689999,1.0,40.32931882596564,8.6274509804,0.0,9.39872882118788,44.70395334392425,0.0,0.0,0.0,45.010163402355566,43.40700002441313,64.84492741400605,27.40234375,23.60198877689999,1.0
5,PARTIAL,LOCKED,2569.689,40.3891274954,49.25,49.25,0.0,12.0,0.0,8.6274509804,9.4431372549,48.8743896484,40.9346992849,65.590132361,No,On,27.40234375,23.6019887769,138.2,TRACTION,40.38912749539998,9.098831451783838,-0.8362492022689798,9.42900295971515,53.34206625918182,0.0,0.0,0.0,49.12415794037272,46.37875278892828,68.88655937268283,27.40234375,23.60198877689999,1.0,40.31748948881598,8.6274509804,0.0,9.398545454545003,44.755741935485005,0.0,0.0,0.0,44.92940288692801,43.36942916022401,64.81885207248301,27.40234375,23.60198877689999,1.0
5,LOCKED,PARTIAL,2570.11,40.3891274954,50.25,50.25,0.0,12.0,0.0,8.6274509804,8.734402852,45.3540649414,46.7519233332,64.9538338675,No,On,27.40234375,23.6019887769,138.2,TRACTION,40.38912749539998,8.772549019614999,-0.82788671024629,9.427453274742998,46.698881758613,0.0,0.0,0.0,48.63632632393501,44.783290958976,66.54085687615701,27.40234375,23.60198877689999,1.0,40.056513588092,8.6274509804,0.0,8.972461179451999,46.55878150201999,0.0,0.0,0.0,43.389572877984,42.948208061147,63.820191183217005,27.40234375,23.60198877689999,1.0
5,PARTIAL,LOCKED,2570.119,40.3891274954,49.5725806452,49.5725806452,0.0,12.0,0.0,8.6274509804,8.6274509804,45.2788085938,46.169011312,64.9402312869,No,On,27.40234375,23.6019887769,138.2,TRACTION,40.38912749539998,8.76470588236,-0.82788671024629,9.414522793459,46.606381758613,0.0,0.0,0.0,48.599476068474004,44.821596606083006,66.495953277945,27.40234375,23.60198877689999,1.0,40.05315385165455,8.6274509804,0.0,8.975946130957574,46.528339086432325,0.0,0.0,0.0,43.37048968893534,42.91567469497678,63.808877646816164,27.40234375,23.60198877689999,1.0
5,LOCKED,PARTIAL,2570.129,40.3891274954,50.314516129,50.314516129,0.0,12.0,0.0,8.6274509804,8.5086155674,45.1951904297,44.6225100313,64.9251173084,No,On,27.40234375,23.6019887769,138.2,TRACTION,40.38912749539998,8.756862745105,-0.82788671024629,9.400130636596,46.512259080217,0.0,0.0,0.0,48.561519408058004,44.85619213713701,66.45161239701599,27.40234375,23.60198877689999,1.0,40.044086164248,8.6274509804,0.0,8.980394631621,46.509198588713,0.0,0.0,0.0,43.362858226236995,42.830911887084994,63.75877682969601,27.40234375,23.60198877689999,1.0
5,PARTIAL,LOCKED,2570.301,40.3891274954,48.875,48.875,0.0,12.0,0.0,8.6274509804,8.8,43.7569580078,43.2050077756,64.6651568787,No,On,27.40234375,23.6019887769,138.2,TRACTION,40.38912749539998,8.635294117654,-0.3921568626914385,9.055062306227,48.08660761088699,0.0,0.0,0.0,47.73301198937799,44.932952133398,65.781389131044,27.40234375,23.60198877689999,1.0,39.938453061574,8.6274509804,0.0,9.163529509823002,44.81044933712401,0.0,0.0,0.0,43.308907223807,42.45968788566399,63.18579200236199,27.40234375,23.60198877689999,1.0
5,LOCKED,PARTIAL,2570.701,39.7677563032,50.375,50.375,0.0,12.0,0.0,8.6274509804,9.4117647059,42.9416388604,39.8759407158,63.8368200792,No,On,27.40234375,23.6019887769,138.2,TRACTION,40.31748948881598,8.6274509804,0.0,9.398545454545003,44.755741935485005,0.0,0.0,0.0,44.92940288692801,43.36942916022401,64.81885207248301,27.40234375,23.60198877689999,1.0,39.7677563032,8.598793363503,-0.3904809787827942,8.827047830279998,45.867590046126,0.0,0.0,0.0,44.483215907232996,42.291228632193,63.412278547633996,27.40234375,23.60198877689999,1.0
5,PARTIAL,LOCKED,2570.739,39.7677563032,49.875,49.875,0.0,12.0,0.0,8.6274509804,9.4117647059,43.0277448024,40.1971371356,63.6596186356,No,On,27.40234375,23.6019887769,138.2,TRACTION,40.29263464112799,8.6274509804,0.0,9.385055258467002,44.840741935485,0.0,0.0,0.0,44.70203541468099,43.35104778486301,64.74772667723299,27.40234375,23.60198877689999,1.0,39.7677563032,8.583107088991001,-0.3904809787827942,8.823126261652002,45.560708745723,0.0,0.0,0.0,44.70186947933701,42.20707517019201,64.640979901471,27.40234375,23.60198877689999,1.0
5,LOCKED,PARTIAL,2572.11,39.7677563032,50.25,50.25,0.0,12.0,0.0,9.8039215686,10.0784313725,53.6247341296,37.9844506878,186.3920576729,No,On,27.40234375,23.6019887769,138.2,TRACTION,39.70461494770809,8.5836494659899,1.0820147480464903,8.896009703966666,43.35298573157979,0.0,0.0,0.0,47.50939956212019,41.77294205032021,93.56825029690103,27.40234375,23.60198877689999,1.0,39.186277141538994,16.646749982038,10.744230138832823,20.311490467685,163.62105791024902,0.0,0.0,0.0,89.965827554886,96.318076803412,326.054651445747,27.40234375,23.60198877689999,1.0
5,PARTIAL,LOCKED,2572.169,39.5937723694,48.0,48.0,0.0,12.0,0.0,10.9803921569,12.137449039,54.4150850785,40.6491913561,200.4642269597,No,On,27.40234375,23.6019887769,138.2,TRACTION,39.704500715832,8.693891402702,2.2555875497291917,9.013383910945999,43.64378299120099,0.0,0.0,0.0,48.07508648767899,41.72794917888599,101.08432778384899,27.40234375,23.60198877689999,1.0,39.151480354776,17.306880700992004,11.175008510790091,21.235264492144992,182.130599240893,0.0,0.0,0.0,95.88223179978901,102.39517254772599,344.666517849256,27.40234375,23.60198877689999,1.0
5,LOCKED,PARTIAL,2572.329,39.146385111,55.625,55.625,0.0,12.0,0.0,12.1568627451,13.8205585264,56.5584096859,53.8420368972,238.6260419749,No,On,27.40234375,23.6019887769,138.2,TRACTION,39.614650441440006,9.152714932115,3.172317878294164,9.667122225951,43.494980579483,0.0,0.0,0.0,49.87529700657201,42.762425875451,126.229429374837,27.40234375,23.60198877689999,1.0,39.146385111,19.072793219843003,10.41807865342144,23.656234040077997,235.789721048689,0.0,0.0,0.0,113.65063281376601,120.57718668173901,396.4301195153,27.40234375,23.60198877689999,1.0
5,PARTIAL,OPEN,2572.639,39.146385111,135.875,135.875,0.0,12.0,0.0,18.431372549,23.5294117647,88.6752174613,116.0623188339,323.2993626272,No,On,27.40234375,23.6019887769,138.2,TRACTION,39.422025371858,11.739334195199994,9.952679641384837,13.421793715461996,54.584666261910996,0.0,0.0,0.0,57.29947245489699,53.195081630926,192.78546679128897,27.40234375,23.60198877689999,1.0,39.146385111,21.486173956757998,8.580221521462333,26.658996300345,369.18417630370607,0.0,0.0,0.0,153.323341165968,155.446266550569,507.24982836426983,27.40234375,23.60198877689999,1.0
5,OPEN,PARTIAL,2578.139,45.9814682256,114.5,114.5,0.0,12.0,0.0,11.3725490196,14.5098039216,64.2302099763,65.4764849939,175.7345454783,No,On,27.40234375,23.6019887769,138.2,TRACTION,45.981468225600004,11.8872891814,-11.312978960008945,18.361181921364,213.57000793469098,0.0,0.0,0.0,96.242349403766,92.43987442333399,414.3924145302369,27.40234375,23.60198877689999,1.0,45.4438626498,15.55221216691,5.422547677393016,21.566934123790997,175.30684719842802,19.682249952201,0.0,0.0,106.023094308936,109.041743055614,279.60015663546505,27.40234375,23.60198877689999,1.0
5,PARTIAL,OPEN,2578.609,45.3600970333,120.625,120.625,24.7312015492,12.0,0.0,17.6470588235,24.1830065359,121.393311317,90.565494233,291.1634129124,No,On,27.40234375,23.6019887769,138.2,TRACTION,45.779403093642,12.298516842628997,6.2051855188352185,16.354172591982998,97.87233479960601,3.84692205743,0.0,0.0,67.685945750878,59.087730150907,230.774747773286,27.40234375,23.60198877689999,1.0,45.24544604952799,12.663650075409999,-14.515212456226777,17.322218977261,183.46181191617498,26.986717965226003,0.0,0.0,89.760662164615,118.44712582744499,253.73011676577903,27.40234375,23.60198877689999,1.0
5,OPEN,PARTIAL,2578.621,45.3600970333,119.9583333333,119.9583333333,26.4875179792,12.0,0.0,17.6470588235,25.1812240048,122.8527947555,94.0391740329,294.110532932,No,On,27.40234375,23.6019887769,138.2,TRACTION,45.77108555501313,12.371248939870705,6.267864160439614,16.419873925401006,98.35407871172323,4.135589972648486,0.0,0.0,68.03612659532526,59.04430545406364,227.74140790198788,27.40234375,23.60198877689999,1.0,45.239232337606,12.510708898939999,-15.228224933956175,17.107034996764003,182.276422131229,26.937495780890995,0.0,0.0,88.823009617701,117.85648129983798,251.71423002325002,27.40234375,23.60198877689999,1.0
5,PARTIAL,OPEN,2578.629,45.3600970333,120.625,120.625,26.1362546932,12.0,0.0,17.6470588235,25.8467023173,123.8257837145,103.2587008988,296.0752796117,No,On,27.40234375,23.6019887769,138.2,TRACTION,45.766975669796004,12.424007038706998,6.2051855188352185,16.507487426195,98.570121257939,4.359109252714001,0.0,0.0,68.584293276927,59.394254139852,228.40509915228802,27.40234375,23.60198877689999,1.0,45.233018625684,12.346003016586996,-16.535414476509615,16.884832376259002,181.08025277639,26.892052131946997,0.0,0.0,87.86445680860098,117.17054850100997,249.64599774618404,27.40234375,23.60198877689999,1.0
5,OPEN,PARTIAL,2579.329,45.3600970333,116.75,116.75,23.2779730659,12.0,0.0,5.8823529412,5.0980392157,65.205078125,118.5214789234,198.2456110409,No,On,27.40234375,23.6019887769,138.2,TRACTION,45.391109503677995,15.202488687775,-7.0805120804166215,21.751268462645,196.654779826118,24.609073736156002,0.0,0.0,106.20925633221401,122.01901044128297,285.587154788988,27.40234375,23.60198877689999,1.0,44.811102008743035,2.102067701473418,-7.218451001143185,4.553316212855697,23.327208708443035,20.53592065618608,0.0,0.0,29.46861778535316,36.73446756156456,70.63266289038101,27.40234375,23.601988776900004,1.0
5,PARTIAL,OPEN,2579.339,45.3600970333,125.9233870968,125.9233870968,23.0156769847,12.0,0.0,5.8823529412,2.7450980392,63.9639256143,113.8918885509,194.612492403,No,On,27.40234375,23.6019887769,138.2,TRACTION,45.391109503677995,15.131900452481,-7.08051208041662,21.650384187365997,196.90852982611798,24.776563819914,0.0,0.0,105.98792013594,122.53054548029797,285.345638108178,27.40234375,23.60198877689999,1.0,44.80406361099231,2.0536025060923078,-7.310995244747585,4.5764984971333345,22.011873088079483,20.504128908384615,0.0,0.0,29.02637024908461,35.74526985657308,69.04317789662949,27.40234375,23.601988776900004,1.0
5,OPEN,PARTIAL,2579.35,45.3600970333,114.640625,114.640625,23.0384853396,12.0,0.0,5.8823529412,3.0392156863,62.5986578526,96.98942263,190.6160619014,No,On,27.40234375,23.6019887769,138.2,TRACTION,45.391109503677995,15.061312217187002,-7.08051208041662,21.52097242266,197.26982014869895,24.940547119107997,0.0,0.0,105.74201005257203,122.99336572896999,285.043230907492,27.40234375,23.60198877689999,1.0,44.79684239771558,2.003878474467532,-7.405943234939112,4.596463208962338,20.80890228402857,20.471215188498704,0.0,0.0,28.590366513974022,34.949891249125976,67.46430927319092,27.40234375,23.6019887769,1.0
5,PARTIAL,LOCKED,2579.46,45.3220538991,39.75,39.75,20.9851485701,12.0,0.0,6.2745098039,1.3379469435,48.945980235,66.7374783459,150.6517568849,No,On,27.40234375,23.6019887769,138.2,TRACTION,45.329014134356,14.268250377068,-7.665874430437976,19.977358335597,196.965167930958,26.613595649004,0.0,0.0,101.390523783901,124.34660292562299,277.63590968302503,27.40234375,23.60198877689999,1.0,44.75063833767273,1.351524292698485,-9.234444172112966,5.052239484168182,11.527892718463635,20.23943418652727,0.0,0.0,24.163470468225757,27.29277581725152,50.572135806354545,27.40234375,23.6019887769,1.0
5,LOCKED,PARTIAL,2580.109,44.7006827069,53.0,53.0,17.8142024112,12.0,0.0,0.0,7.2352941176,16.4898026316,16.5951483587,6.316887301,No,On,27.40234375,23.6019887769,138.2,TRACTION,44.94097416535,4.174962292609,-16.748251748181488,7.273106736260001,69.89442237539501,22.472427776847002,0.0,0.0,41.074122712133,60.971056278842,110.422056170342,27.40234375,23.60198877689999,1.0,44.5611912147,0.0,0.0,7.1921568627,47.40625,17.5948913065,0.0,0.0,16.3577302632,16.7103924446,5.9261909576,27.40234375,23.6019887769,1.0
5,PARTIAL,LOCKED,2580.12,44.5611912147,47.40625,47.40625,17.5948913065,12.0,0.0,0.0,7.1921568627,16.3577302632,16.7103924446,5.9261909576,No,On,27.40234375,23.6019887769,138.2,TRACTION,44.934380022085996,4.006334841629,-16.748251748181488,7.090557716652,67.373172375395,22.329963868073996,0.0,0.0,40.31391640484899,59.641184139039986,107.70348283261401,27.40234375,23.60198877689999,1.0,,,,,,,,,,,,,,
5,LOCKED,OPEN,2582.779,39.7677563032,-250.6008064516,250.6008064516,0.0,12.0,951.470826103,0.0,3.2352941176,9.0777136014,16.2858481026,-4.6575261005,No,On,27.40234375,23.6019887769,138.2,BRAKE,,,,,,,,,,,,,,,39.0283983033,0.0,0.0,7.494669980667608,110.83215328905352,0.0,353.8216649733323,936.7649400736,8.703028217201409,9.901882206991548,-6.030397927699999,27.40234375,23.601988776900004,1.0
5,OPEN,PARTIAL,2582.96,39.146385111,-111.875,111.875,0.0,12.0,387.00009675,0.0,7.4745098039,8.8897125912,9.9214005241,-5.3463741347,No,On,27.40234375,23.6019887769,138.2,BRAKE,39.683823810999996,0.0,0.0,6.317211328972222,199.37730314739443,0.0,683.9772951773167,951.470826103,8.988791085544444,15.605247098238888,-4.983344031983333,27.40234375,23.6019887769,1.0,38.81752494582076,0.0,0.0,7.814576396596227,83.3776836475717,0.0,252.34372885411142,367.3470306123,8.609523865881133,8.084974273709435,-6.373004004845282,27.40234375,23.601988776900004,1.0
5,PARTIAL,LOCKED,2618.269,39.146385111,47.75,47.75,0.0,12.0,0.0,2.7450980392,3.1954960202,29.0486599752,31.7032762552,36.6635586499,No,On,27.40234375,23.6019887769,138.2,TRACTION,39.146385111,9.29673202615,-7.673227281076817,8.875242600104,77.09906611723599,0.0,0.0,0.0,46.915007799291,49.099514507919984,73.613486369691,27.40234375,23.60198877689999,1.0,39.146385111,0.8916038210110002,-2.380923361331399,4.548205279362,65.617576444891,0.0,0.0,0.0,17.952269676405002,13.462812554706,-2.7408454243779996,27.40234375,23.60198877689999,1.0
5,LOCKED,PARTIAL,2618.699,39.146385111,-51.7580645161,51.7580645161,0.0,12.0,0.0,0.7843137255,5.631372549,14.2891710069,10.3258700899,-9.2903684555,No,On,27.40234375,23.6019887769,138.2,TRACTION,39.146385111,5.360884866771003,-9.705806176420687,6.689866556615,50.27312870123999,0.0,0.0,0.0,32.543472621175994,35.281298481722004,43.464952737056,27.40234375,23.60198877689999,1.0,39.146385111,0.7011289364212121,0.030008942674890744,3.5794486321393935,121.54028617831413,0.0,0.0,0.0,17.962972526102018,12.898777839063635,-14.269997843144445,27.40234375,23.60198877689999,1.0
5,PARTIAL,OPEN,2619.201,39.146385111,-120.185483871,120.185483871,0.0,12.0,0.0,0.3921568627,3.137254902,18.3962456597,11.4322133138,-14.3959989248,No,On,27.40234375,23.6019887769,138.2,TRACTION,39.146385111,1.1435623200323235,-5.24848712608323,4.572964519448485,59.72821825445151,0.0,0.0,0.0,18.771886736954546,14.978818634994951,1.2028177006434346,27.40234375,23.60198877689999,1.0,39.13228476471199,0.7450980392199998,0.3565062389101521,3.6436503807420006,135.993443044353,0.0,0.0,0.0,16.401011699022998,14.232912571235001,-14.142241783626,27.40234375,23.60198877689999,1.0
5,OPEN,PARTIAL,2620.019,39.146385111,-117.25,117.25,0.0,12.0,0.0,0.7843137255,3.9215686275,12.1343206369,11.1229130576,-14.7618848368,No,On,27.40234375,23.6019887769,136.4,TRACTION,39.146385111,0.7019607843119999,0.029708853248141834,3.4915424405390003,135.740038306452,0.0,0.0,0.0,17.748299950461,14.303450626048003,-14.045288818920001,27.40234375,23.60198877689999,1.0,39.083211437060605,0.7843137254999999,0.0,4.878589987804041,101.45061344021414,0.0,0.0,0.0,8.005195212442425,8.355177471246463,-15.951241716045452,27.40234375,23.60198877689999,1.0
5,PARTIAL,OPEN,2621.049,38.5250139187,-120.5,120.5,0.0,12.0,0.0,0.7843137255,2.462745098,9.9817764579,16.5029530901,-14.9809754583,No,On,27.40234375,23.6019887769,136.4,TRACTION,39.076234546955995,0.7843137254999999,0.0,4.831686440866001,101.47194399936001,0.0,0.0,0.0,7.983262465894,8.461666911610001,-15.946949354519997,27.40234375,23.60198877689999,1.0,38.80861185891717,0.7843137254999999,0.0,3.9146897775616165,118.39332729636565,0.0,0.0,0.0,11.116993768477776,12.652624502779796,-14.173649281522222,27.40234375,23.60198877689999,1.0
5,OPEN,PARTIAL,2621.06,38.5371976676,-118.4677419355,118.4677419355,0.0,12.0,0.0,0.7843137255,2.3215686275,10.0601967468,19.1766158812,-14.9366411214,No,On,27.40234375,23.6019887769,136.4,TRACTION,39.070020835033,0.7843137254999999,0.0,4.817098205571001,101.49944399936001,0.0,0.0,0.0,7.966978238329,8.527958283817002,-15.947912354826999,27.40234375,23.60198877689999,1.0,38.805654042026,0.7843137254999999,0.0,3.9462507035090004,118.11030254154701,0.0,0.0,0.0,11.111244072892,12.511347014765997,-14.186333377086001,27.40234375,23.60198877689999,1.0
5,PARTIAL,OPEN,2621.069,38.6468514074,-120.6975806452,120.6975806452,0.0,12.0,0.0,0.7843137255,2.2509803922,10.1243588013,23.9707698515,-14.9003675731,No,On,27.40234375,23.6019887769,136.4,TRACTION,39.06392896059899,0.7843137254999999,0.0,4.800865241099,101.507911741296,0.0,0.0,0.0,7.953399992203,8.622112701936,-15.947981779598,27.40234375,23.60198877689999,1.0,38.804435667139,0.7843137254999999,0.0,3.9702561393459996,117.942076735095,0.0,0.0,0.0,11.112684585819,12.360146774163995,-14.189682639198002,27.40234375,23.60198877689999,1.0
5,OPEN,PARTIAL,2621.15,39.146385111,-118.0,118.0,0.0,12.0,0.0,0.7843137255,1.6156862745,10.7018172921,19.1766158812,-14.5739056382,No,On,27.40234375,23.6019887769,136.4,TRACTION,39.05177379851415,0.7843137254999999,0.0,4.6309024739555555,102.32074498538486,0.0,0.0,0.0,7.912493666787879,9.594201199679796,-15.92602011162727,27.40234375,23.60198877689999,1.0,38.760939683679,0.7843137254999999,0.0,4.1774663897830004,116.56485223454402,0.0,0.0,0.0,11.089708669034001,11.383875483144003,-14.243100247335,27.40234375,23.60198877689999,1.0
5,PARTIAL,OPEN,2621.18,38.8854092102,-120.375,120.375,0.0,12.0,0.0,0.7843137255,2.2341057635,10.9156908072,17.332710508,-14.4529938104,No,On,27.40234375,23.6019887769,136.4,TRACTION,39.053030597235,0.7843137254999999,0.0,4.545069186985,102.64587086886401,0.0,0.0,0.0,7.964572766941,9.874415883813999,-15.895700185212997,27.40234375,23.60198877689999,1.0,38.746151049304,0.7843137254999999,0.0,4.248728025750999,116.34224470766199,0.0,0.0,0.0,11.065517625068,11.167216601794001,-14.275190255387004,27.40234375,23.60198877689999,1.0
5,OPEN,PARTIAL,2621.199,38.5250139187,-119.4314516129,119.4314516129,0.0,12.0,0.0,0.7843137255,2.7609427609,11.0511440335,15.8575862095,-14.3764163195,No,On,27.40234375,23.6019887769,136.4,TRACTION,39.053025817456,0.7843137254999999,0.0,4.489776257692,102.949903126929,0.0,0.0,0.0,7.9986698545150015,10.046330319454,-15.875611734008,27.40234375,23.60198877689999,1.0,38.74587416701819,0.7843137254999999,0.0,4.282241668421212,116.23483499307675,0.0,0.0,0.0,11.055173453146466,11.055056108245456,-14.2864140078899,27.40234375,23.60198877689999,1.0
5,PARTIAL,OPEN,2621.269,38.6391433214,-120.875,120.875,0.0,12.0,0.0,0.7843137255,4.3691820162,11.5501822354,13.4545611425,-14.0942887214,No,On,27.40234375,23.6019887769,136.4,TRACTION,39.033243387661,0.7843137254999999,0.0,4.2973080853839996,104.328468903139,0.0,0.0,0.0,8.195622128637,10.5450918527,-15.779672783763997,27.40234375,23.60198877689999,1.0,38.742397460060005,0.7843137254999999,0.0,4.313770608441,116.196150117608,0.0,0.0,0.0,10.945818789780999,10.8159526282,-14.410887443255996,27.40234375,23.60198877689999,1.0
5,OPEN,PARTIAL,2621.299,39.146385111,-119.75,119.75,0.0,12.0,0.0,0.7843137255,4.4880174292,11.7640557505,12.4117880433,-13.9733768937,No,On,27.40234375,23.6019887769,136.4,TRACTION,39.021957257842,0.7843137254999999,0.0,4.220758861834,105.16321629897202,0.0,0.0,0.0,8.317103694202002,10.736755497223001,-15.726347133862,27.40234375,23.60198877689999,1.0,38.73204030002727,0.7843137254999999,0.0,4.31193051569697,116.01755780248787,0.0,0.0,0.0,10.902461978469697,10.749311933857575,-14.453906390121212,27.40234375,23.60198877689999,1.0
5,PARTIAL,OPEN,2621.309,39.146385111,-120.06640625,120.06640625,0.0,12.0,0.0,0.7843137255,4.5276292335,11.8353469222,12.1697754631,-13.9330729511,No,On,27.40234375,23.6019887769,136.4,TRACTION,39.021957257842,0.7843137254999999,0.0,4.1967980343789995,105.474466298972,0.0,0.0,0.0,8.362493751917002,10.797398332082,-15.706960669085,27.40234375,23.60198877689999,1.0,38.723756324290996,0.7843137254999999,0.0,4.313651773028,115.910669774866,0.0,0.0,0.0,10.873462560397,10.707946614474999,-14.490199280951002,27.40234375,23.60198877689999,1.0
5,OPEN,PARTIAL,2621.319,39.146385111,-119.8828125,119.8828125,0.0,12.0,0.0,0.7843137255,4.5672410378,11.9921875,12.1697754631,-13.8927690085,No,On,27.40234375,23.6019887769,136.4,TRACTION,39.021957257842,0.7843137254999999,0.0,4.1736215990879995,105.777942861472,0.0,0.0,0.0,8.410343792758,10.85603452295,-15.686761862911998,27.40234375,23.60198877689999,1.0,38.717542612368,0.7843137254999999,0.0,4.3136121612239995,115.835747899866,0.0,0.0,0.0,10.852695900005001,10.671068507011,-14.511828779535001,27.40234375,23.60198877689999,1.0
5,PARTIAL,OPEN,2621.329,39.146385111,-121.2109375,121.2109375,0.0,12.0,0.0,0.7843137255,4.6068528421,11.9779292657,12.1697754631,-13.8524650659,No,On,27.40234375,23.6019887769,136.4,TRACTION,39.021957257842004,0.7843137254999999,0.0,4.15119072855,106.090911611472,0.0,0.0,0.0,8.461334603645001,10.911351684146,-15.66579164554,27.40234375,23.60198877689999,1.0,38.71321086995757,0.7843137254999999,0.0,4.310650134144444,115.7814530554202,0.0,0.0,0.0,10.84132990641212,10.655930052909094,-14.518489019066667,27.40234375,23.60198877689999,1.0
5,OPEN,PARTIAL,2621.709,38.5250139187,-119.125,119.125,0.0,12.0,0.0,0.7843137255,3.9215686275,11.1092771213,12.8335813974,-14.0538816653,No,On,27.40234375,23.6019887769,136.4,TRACTION,38.914585409859,0.7843137254999999,0.0,4.022746462618,118.47317821358902,0.0,0.0,0.0,10.431180782959999,12.82064161573,-14.551154622988,27.40234375,23.60198877689999,1.0,38.589437644535344,0.7843137254999999,0.0,4.709993209666666,107.6179677171212,0.0,0.0,0.0,10.200179127436362,9.346077564444446,-15.373312854213133,27.40234375,23.60198877689999,1.0
5,PARTIAL,OPEN,2622.209,38.5250139187,-120.0,120.0,0.0,12.0,0.0,0.7843137255,4.3137254902,9.94140625,10.0284659974,-15.6947318306,No,On,27.40234375,23.6019887769,136.4,TRACTION,38.74366556453501,0.7843137254999999,0.0,4.282556506639,116.216357610888,0.0,0.0,0.0,11.044245997872002,11.044076437315,-14.300201833087002,27.40234375,23.60198877689999,1.0,38.556182385054996,0.7843137254999999,0.0,4.591092960289001,109.678151360307,0.0,0.0,0.0,9.818807996371,9.782170798266002,-15.305891252526,27.40234375,23.60198877689999,1.0
5,OPEN,PARTIAL,2622.219,38.5250139187,-118.8306451613,118.8306451613,0.0,12.0,0.0,0.7843137255,4.3137254902,9.9390530873,10.3734547447,-15.7275488339,No,On,27.40234375,23.6019887769,136.4,TRACTION,38.74366556453501,0.7843137254999999,0.0,4.295311507629,116.26135761088798,0.0,0.0,0.0,11.032435708320001,10.984402306163997,-14.313788027624003,27.40234375,23.60198877689999,1.0,38.55618238505499,0.7843137254999999,0.0,4.589681195583001,109.73863523127503,0.0,0.0,0.0,9.815643538076,9.795256578334,-15.289891091304,27.40234375,23.60198877689999,1.0
5,PARTIAL,OPEN,2622.899,38.5250139187,-120.125,120.125,0.0,12.0,0.0,0.7843137255,4.1411764706,9.7790380271,12.5385565377,-14.9195457579,No,On,27.40234375,23.6019887769,136.4,TRACTION,38.57969702037099,0.7843137254999999,0.0,4.7718792153719995,107.98269596716102,0.0,0.0,0.0,10.001079195775,9.431300885095999,-15.515050946182003,27.40234375,23.60198877689999,1.0,38.52501391869999,0.5647058823579999,-0.792236086353892,4.373356100333,115.362383148525,0.0,0.0,0.0,9.403859439717001,10.106969277347002,-15.966312184542998,27.40234375,23.60198877689999,1.0
5,OPEN,PARTIAL,2622.929,38.5250139187,-119.75,119.75,0.0,12.0,0.0,0.7843137255,4.0235294118,9.7719785392,11.8470920228,-14.8452945348,No,On,27.40234375,23.6019887769,136.4,TRACTION,38.56227425948899,0.7843137254999999,0.0,4.764545882037999,108.20364480788601,0.0,0.0,0.0,9.975113525362,9.496068061329,-15.520563404338002,27.40234375,23.60198877689999,1.0,38.52501391869999,0.541176470593,-0.792236086353892,4.415160021900999,115.355591313849,0.0,0.0,0.0,9.376815002519,10.03816855811,-16.112459760383,27.40234375,23.60198877689999,1.0
5,PARTIAL,OPEN,2622.949,38.5250139187,-120.1370967742,120.1370967742,0.0,12.0,0.0,0.7843137255,3.9450980392,9.7672722139,11.8009943884,-14.7957937194,No,On,27.40234375,23.6019887769,136.4,TRACTION,38.55618238505499,0.7843137254999999,0.0,4.751839999685999,108.40466799337,0.0,0.0,0.0,9.958896868444,9.548768066510998,-15.521261371339996,27.40234375,23.60198877689999,1.0,38.52501391869999,0.525490196083,-0.792236086353892,4.453434531704999,115.356518733204,0.0,0.0,0.0,9.358352459914,9.979639432716999,-16.215688792867,27.40234375,23.60198877689999,1.0
5,OPEN,PARTIAL,2622.98,38.5250139187,-119.8046875,119.8046875,0.0,12.0,0.0,0.7843137255,3.9215686275,9.7599774096,11.0634322392,-14.7190674555,No,On,27.40234375,23.6019887769,136.4,TRACTION,38.556182385054996,0.7843137254999999,0.0,4.729016470275999,108.75789648799402,0.0,0.0,0.0,9.936154261663,9.634360964317999,-15.518065017243,27.40234375,23.60198877689999,1.0,38.52501391869999,0.5019607843179998,-0.792236086353892,4.513983551312,115.466823672721,0.0,0.0,0.0,9.330021290718001,9.890001839253,-16.378954082099,27.40234375,23.60198877689999,1.0
5,PARTIAL,OPEN,2623.209,38.5250139187,-126.875,126.875,0.0,12.0,0.0,0.7843137255,4.1333333333,9.6333242931,11.3608363316,-14.1522831194,No,On,27.40234375,23.6019887769,136.4,TRACTION,38.556182385054996,0.7843137254999999,0.0,4.5928968818580005,109.609401360307,0.0,0.0,0.0,9.82188881594,9.768847094924002,-15.321315739637999,27.40234375,23.60198877689999,1.0,38.52501391869999,0.321568627453,-0.792236086353892,5.082412594211,118.87584579668099,0.0,0.0,0.0,9.228894750459999,9.871587817032001,-17.961992373325998,27.40234375,23.60198877689999,1.0
5,OPEN,PARTIAL,2623.302,38.5250139187,-117.5,117.5,0.0,12.0,0.0,0.7843137255,5.0436808387,9.5336558651,10.6024558959,-14.3378577205,No,On,27.40234375,23.6019887769,136.4,TRACTION,38.55649721804847,0.7843137254999999,0.0,4.598873038435353,110.31531662331415,0.0,0.0,0.0,9.789802015442424,9.865134073120203,-15.157740714031315,27.40234375,23.60198877689999,1.0,38.52501391869999,0.250980392158,-0.792236086353892,5.2772749510380015,118.29628178458401,0.0,0.0,0.0,9.284505265159,9.593288219971,-18.600798214779,27.40234375,23.60198877689999,1.0
5,PARTIAL,OPEN,2623.8,38.5250139187,-125.875,125.875,0.0,12.0,0.0,0.0,4.4901960784,8.9999475084,9.0053959194,-18.7011033508,No,On,27.40234375,23.6019887769,136.4,TRACTION,38.55649721804847,0.6496335908161615,-0.8002384710645374,4.3175908321828285,114.52472541273232,0.0,0.0,0.0,9.493584438620202,10.234414326009091,-15.519718495005053,27.40234375,23.60198877689999,1.0,38.52501391869999,0.0,0.0,6.468395112517,125.384564630681,0.0,0.0,0.0,10.612347447369002,10.918757044346997,-18.985925162538003,27.40234375,23.60198877689999,1.0
5,OPEN,PARTIAL,2623.899,38.5250139187,-119.375,119.375,0.0,12.0,0.0,0.0,5.2235294118,8.8938488592,9.9570890152,-19.5684955545,No,On,27.40234375,23.6019887769,136.4,TRACTION,38.52501391869999,0.572549019613,-0.792236086353892,4.362532570921,115.369883148525,0.0,0.0,0.0,9.412711331395998,10.132783952572,-15.919822686577001,27.40234375,23.60198877689999,1.0,38.52501391869999,0.0,0.0,6.72565162880808,125.43390443103941,0.0,0.0,0.0,11.056440195578787,11.271093895693937,-18.46065914908384,27.40234375,23.60198877689999,1.0
5,PARTIAL,OPEN,2623.908,38.5250139187,-120.2782258065,120.2782258065,0.0,12.0,0.0,0.0,5.3294117647,8.8842035274,9.853369338,-19.6473493912,No,On,27.40234375,23.6019887769,136.4,TRACTION,38.52501391869999,0.5647058823579999,-0.792236086353892,4.373356100333,115.362383148525,0.0,0.0,0.0,9.403859439717001,10.106969277347002,-15.966312184542998,27.40234375,23.60198877689999,1.0,38.52501391869999,0.0,0.0,6.747081614944444,125.49422538248889,0.0,0.0,0.0,11.107449401064647,11.313117244161615,-18.391064003353534,27.40234375,23.60198877689999,1.0
5,OPEN,PARTIAL,2623.919,38.5250139187,-119.4032258065,119.4032258065,0.0,12.0,0.0,0.0,5.4588235294,8.8724147886,9.5883079406,-19.7437263027,No,On,27.40234375,23.6019887769,136.4,TRACTION,38.52501391869999,0.5568627451029999,-0.792236086353892,4.385669825823,115.36446228159001,0.0,0.0,0.0,9.394936979509,10.082652775238001,-16.013862475360998,27.40234375,23.60198877689999,1.0,38.52501391869999,0.0,0.0,6.774042171344999,125.57300355877102,0.0,0.0,0.0,11.188725688537,11.389254036154998,-18.261032349768996,27.40234375,23.60198877689999,1.0
5,PARTIAL,OPEN,2623.949,38.5250139187,-120.5161290323,120.5161290323,0.0,12.0,0.0,0.0,5.8117647059,8.8402636828,8.4819647167,-20.006572425,No,On,27.40234375,23.6019887769,136.4,TRACTION,38.52501391869999,0.533333333338,-0.792236086353892,4.434767865038,115.35272841062299,0.0,0.0,0.0,9.367622545225002,10.012829729434,-16.163581005811,27.40234375,23.60198877689999,1.0,38.52501391869999,0.0,0.0,6.824865700757999,125.804961724093,0.0,0.0,0.0,11.343681854812,11.542127174776004,-18.030240922605003,27.40234375,23.60198877689999,1.0
5,OPEN,PARTIAL,2624.209,38.5250139187,-118.0,118.0,0.0,12.0,0.0,0.0,6.6666666667,9.9016546651,9.2552153571,-21.8889944906,No,On,27.40234375,23.6019887769,136.4,TRACTION,38.52501391869999,0.32941176470800004,-0.792236086353892,5.057079260877,118.96459579668098,0.0,0.0,0.0,9.226211446739999,9.892644026777,-17.884625259614,27.40234375,23.60198877689999,1.0,38.52501391869999,0.0,0.0,7.1065543049199995,124.74161563962902,0.0,0.0,0.0,12.492021372615,12.659839503762003,-15.303582895784,27.40234375,23.60198877689999,1.0
5,PARTIAL,OPEN,2624.361,38.5250139187,-121.0859375,121.0859375,0.0,12.0,0.0,0.0,6.6666666667,10.7886791965,10.5281048727,-19.8803145947,No,On,27.40234375,23.6019887769,136.4,TRACTION,38.52501391869999,0.211764705883,-0.792236086353892,5.334661866202002,118.46416736926099,0.0,0.0,0.0,9.339573352901,9.587102214847,-18.886577685792002,27.40234375,23.60198877689999,1.0,38.52501391869999,0.0,0.0,7.22435822649,122.51771190979102,0.0,0.0,0.0,12.902593529917999,13.010977080618998,-13.678874512252998,27.40234375,23.60198877689999,1.0
5,OPEN,PARTIAL,2624.49,38.5250139187,-119.0,119.0,0.0,12.0,0.0,0.0,6.6666666667,11.5414829107,10.2336748212,-18.1755796831,No,On,27.40234375,23.6019887769,136.4,TRACTION,38.52501391869999,0.10299069122525252,-0.8002384710645374,5.545910669519194,119.68414677382624,0.0,0.0,0.0,9.565800205534343,9.694215841054545,-19.406918091019193,27.40234375,23.60198877689999,1.0,38.52501391869999,0.0,0.0,7.361417050016002,118.25075172834,0.0,0.0,0.0,13.105339636326,12.870591196327998,-12.481286252981999,27.40234375,23.60198877689999,1.0
5,PARTIAL,OPEN,2624.519,38.5250139187,-124.75,124.75,0.0,12.0,0.0,0.0,6.6666666667,11.7107178542,10.5717241396,-17.7923447029,No,On,27.40234375,23.6019887769,136.4,TRACTION,38.52501391869999,0.08627450980300001,-0.792236086353892,5.604099398196002,119.685263975442,0.0,0.0,0.0,9.631698682378,9.676103611388001,-19.432087104498002,27.40234375,23.60198877689999,1.0,38.52501391869999,0.0,0.0,7.396711167662001,117.197970730356,0.0,0.0,0.0,13.131984037561997,12.792901316605,-12.232591202991998,27.40234375,23.60198877689999,1.0
5,OPEN,PARTIAL,2625.019,38.5250139187,-118.0,118.0,0.0,12.0,0.0,0.0,7.4509803922,13.8109953074,13.0262992493,-11.1848450454,No,On,27.40234375,23.6019887769,136.4,TRACTION,38.52501391869999,0.0,0.0,6.912002955661999,125.583696603125,0.0,0.0,0.0,11.649757832396,11.845144769472002,-17.509542638353,27.40234375,23.60198877689999,1.0,38.51403629788208,0.0,0.0,7.620661398910448,103.08364008763733,0.0,0.0,0.0,12.927613615140299,11.945527363301492,-9.904585337640297,27.40234375,23.601988776900004,1.0
5,PARTIAL,OPEN,2625.061,38.5250139187,-123.375,123.375,0.0,12.0,0.0,0.0,7.4509803922,13.7020963683,14.333291101,-10.6298150741,No,On,27.40234375,23.6019887769,136.4,TRACTION,38.52501391869999,0.0,0.0,6.968434338458584,125.2965142498687,0.0,0.0,0.0,11.87356102730404,12.059344507916162,-17.079164484356564,27.40234375,23.60198877689999,1.0,38.51333930608413,0.0,0.0,7.631434796161904,102.0014350736635,0.0,0.0,0.0,12.87588843118095,11.815706056226984,-9.845533767744445,27.40234375,23.601988776900008,1.0
5,OPEN,PARTIAL,2625.209,38.5250139187,-113.875,113.875,0.0,12.0,0.0,0.0,7.4509803922,13.3183572497,13.4545611425,-10.1225729153,No,On,27.40234375,23.6019887769,136.4,TRACTION,38.52501391869999,0.0,0.0,7.098711167664999,124.78286563962902,0.0,0.0,0.0,12.457854346769,12.617846045908,-15.421247111536998,27.40234375,23.60198877689999,1.0,38.50969098964166,0.0,0.0,7.6878267974,95.32821425571042,0.0,0.0,0.0,12.681654970587502,11.081026066333331,-9.723195615920833,27.40234375,23.6019887769,1.0
5,OPEN,PARTIAL,2648.93,41.6318698799,117.125,117.125,0.0,12.0,0.0,10.1960784314,10.5455251407,61.1614951847,54.8478034644,93.2787535525,No,On,27.40234375,23.6019887769,136.4,TRACTION,41.662565616796,13.790907132082003,-6.014290720247054,16.069833112728,295.963282219877,0.0,0.0,0.0,97.38358921243699,87.77537256368203,186.296864496524,27.40234375,23.60198877689999,1.0,41.663289331481,6.0032387810340015,-5.309346286566235,6.476619944355,42.95036074963,0.0,0.0,0.0,37.010084160843,32.029494793795,52.536176068261994,27.40234375,23.60198877689999,1.0
5,PARTIAL,LOCKED,2649.339,41.6318698799,41.0,41.0,0.0,12.0,0.0,5.4901960784,4.3137254902,41.1238043763,32.0263314506,59.6440915048,No,On,27.40234375,23.6019887769,136.4,TRACTION,41.693985068376996,10.631192990018999,-8.43013195966898,11.342766394290999,157.957318258183,0.0,0.0,0.0,69.11360648421,64.101445274154,118.46599291961098,27.40234375,23.60198877689999,1.0,41.6318698799,4.492177946451999,-2.2038243573645926,5.968084408445001,17.972624999996,0.0,0.0,0.0,22.967998812742003,20.521462272017,26.430770709697995,27.40234375,23.60198877689999,1.0
5,LOCKED,PARTIAL,2650.481,41.6318698799,-50.4453125,50.4453125,0.0,12.0,0.0,1.9607843137,5.6959813628,13.2179226488,7.3756214928,3.0420515455,No,On,27.40234375,23.6019887769,136.4,TRACTION,41.63186987990001,4.041491808735354,-3.3852218410657766,6.0050103643808095,19.580263974356562,0.0,0.0,0.0,19.738610810843436,18.216425694654543,19.670274800358587,27.40234375,23.60198877689999,1.0,41.35322754331901,1.017280758446,-1.9062527885774818,5.499142486801999,95.41116588455199,0.0,0.0,0.0,9.93998319792,7.937047745958001,-7.451415652568001,27.40234375,23.60198877689999,1.0
5,PARTIAL,OPEN,2650.844,41.6318698799,-122.75,122.75,0.0,12.0,0.0,1.9607843137,3.9215686275,10.368000099,12.5385565377,-5.2178598858,No,On,27.40234375,23.6019887769,136.4,TRACTION,41.63186987990001,3.0320296986969706,-2.2640812896701967,5.332747594427274,47.68058471444748,0.0,0.0,0.0,14.683303049651512,13.990949404894952,6.455380244763636,27.40234375,23.60198877689999,1.0,41.129533914127,0.311398405514,-1.9062527885774818,6.569014991711999,101.129366107547,0.0,0.0,0.0,8.386408917892,6.957005915002001,-14.139223363191,27.40234375,23.60198877689999,1.0
5,OPEN,PARTIAL,2650.988,41.6318698799,-114.875,114.875,0.0,12.0,0.0,1.1764705882,6.368627451,9.7769890114,13.8114460534,-7.9002873244,No,On,27.40234375,23.6019887769,136.4,TRACTION,41.6318698799,2.6644544997470003,-2.9901035783929206,5.296148497205,64.883071206014,0.0,0.0,0.0,13.404040890648002,13.446819859517001,2.9866269521440008,27.40234375,23.60198877689999,1.0,41.036328235297006,0.052574876104,-1.157589686958056,6.911916952502,97.32308958396699,0.0,0.0,0.0,7.936561019333999,5.509271847046,-16.381654921486003,27.40234375,23.60198877689999,1.0
5,PARTIAL,LOCKED,2742.219,39.7677563032,35.125,35.125,14.5973471277,12.0,600.00015,0.0,8.3529411765,6.7244015957,-7.633768245,-28.4876448183,No,On,27.40234375,23.6019887769,138.2,BRAKE,41.080372383725,0.0,0.0,9.432873719881002,59.97098381072101,18.65568440777,751.1763102430602,900.0002250001,6.159680533684,-2.7444144812110007,-21.868297054213,27.40234375,23.60198877689999,1.0,39.07304464169432,0.0,0.0,6.9801697906000015,103.54829913412046,6.993560596201136,610.6312982978635,900.0002250001,4.852948478969318,-0.1485779998420454,-31.619233895471595,27.40234375,23.601988776899997,1.0
5,LOCKED,PARTIAL,2742.339,39.146385111,-76.5,76.5,13.2426258822,12.0,600.00015,0.0,6.8705882353,6.6471077128,-5.8350682939,-29.5333827743,No,On,27.40234375,23.6019887769,138.2,BRAKE,40.788230453387,0.0,0.0,9.271019887440001,56.877083716025,18.814925743985,720.5181393132021,900.0002250001,6.559458787550998,-0.015584717950999893,-23.807480774509,27.40234375,23.60198877689999,1.0,39.005996447753944,0.0,0.0,6.920175959807895,115.94221563577237,5.900998571255263,612.3099006606842,900.0002250001,4.56404111700921,1.0133524170934212,-32.02460120679605,27.40234375,23.6019887769,1.0
5,PARTIAL,OPEN,2742.439,39.7677563032,-123.25,123.25,11.5576952168,12.0,600.00015,0.0,6.6666666667,6.5826961436,-2.8491312057,-30.404831071,No,On,27.40234375,23.6019887769,138.2,BRAKE,40.559393782623985,0.0,0.0,9.115179126898003,54.537897308095,17.723365956957004,690.5181318131922,900.0002250001,6.754763487839,1.5054439022710002,-25.249012589751995,27.40234375,23.60198877689999,1.0,38.93584134088485,0.0,0.0,6.9578734462863645,118.97116547855909,4.8984343380499995,614.1750143971516,900.0002250001,4.2537730782409096,1.9762804058363637,-32.3297019289,27.40234375,23.6019887769,1.0
5,OPEN,PARTIAL,2742.719,39.146385111,-114.625,114.625,8.088120437,12.0,600.00015,0.0,7.0588235294,4.8042591831,2.6290521773,-32.5249658995,No,On,27.40234375,23.6019887769,138.2,BRAKE,39.975348031442,0.0,0.0,8.312430580311,75.035784534696,14.488661180239001,608.553825607808,806.6328547194,6.585377442861,1.003558139035,-28.435913770747998,27.40234375,23.60198877689999,1.0,38.70161415230001,0.0,0.0,7.0588235294,104.17766098083158,1.2364048282868423,624.6196513213685,900.0002250001,3.022994079307894,0.18722856448947367,-32.837630410605264,27.40234375,23.601988776900008,1.0
5,PARTIAL,OPEN,2802.548,45.9814682256,293.0125,293.0125,0.0,12.0,0.0,26.2745098039,31.4941176471,160.0052251888,178.5591865766,488.8519963449,No,On,27.40234375,23.6019887769,143.6,TRACTION,,,,,,,,,,,,,,,46.45481446048201,26.654901960816005,0.3921568627914403,33.228040125843,563.2459140925171,0.0,0.0,0.0,214.63468526248099,221.49770587867295,627.5664061066321,27.40234375,23.60198877689999,1.0
5,OPEN,PARTIAL,2805.82,49.0883241867,105.625,105.625,13.6970019393,12.0,0.0,6.6666666667,10.9483793517,78.7308250067,42.4098235834,246.8201854818,No,On,27.40234375,23.6019887769,143.6,TRACTION,48.947982167936374,16.401681107565654,-19.419351069213917,23.26475063781717,557.7313473628808,7.569755851860605,0.0,0.0,179.59613680147172,172.27178046447477,508.0027433114585,27.40234375,23.60198877689999,1.0,49.0883241867,6.6666666667,0.0,11.088042877479486,75.19319164277694,11.954015531900003,0.0,0.0,54.29209776169744,23.64911842882052,134.1800395264872,27.40234375,23.601988776900008,1.0
5,PARTIAL,OPEN,2807.768,48.4669529945,590.328125,590.328125,0.0,12.0,0.0,30.5882352941,36.862745098,236.9773300288,283.2595538136,669.7064315438,No,On,27.40234375,23.6019887769,143.6,TRACTION,,,,,,,,,,,,,,,49.572119775204044,51.7913168893485,35.39362422312329,70.4126944962202,826.4300496873667,0.0,0.0,0.0,325.1848560887808,352.4028845453,1171.9677947953362,27.40234375,23.60198877689999,1.0
5,OPEN,PARTIAL,2885.919,39.146385111,-109.875,109.875,0.0,12.0,552.9413147059,0.0,7.6173499703,6.8974300987,8.8507457913,-12.0103025659,No,On,27.40234375,23.6019887769,145.4,BRAKE,39.46260877475908,0.0,-231.7290552598183,6.701235934645453,200.61194098240455,0.0,744.3627038250546,825.0002062501,7.190194191090909,16.255192950454546,-12.099065124727273,27.40234375,23.601988776899997,1.0,38.66892348683599,0.0,0.0,8.112258798405003,77.505220315026,0.0,21.889417237059998,505.8824794118,6.0295078973009995,7.701120606331998,-11.828587799796997,27.40234375,23.60198877689999,1.0
5,PARTIAL,LOCKED,2887.238,38.0030621172,-48.9274193548,48.9274193548,0.0,12.0,0.0,0.0,7.9936621113,5.3096217105,6.5666823613,-11.76129125,No,On,27.40234375,23.6019887769,143.6,TRACTION,38.51308861299191,0.0,0.0,8.151544094771717,71.69916618366264,0.0,0.0,0.0,5.613344578527273,7.669231429987878,-11.800446812092927,27.40234375,23.60198877689999,1.0,38.2826791537625,0.0,0.0,7.8599722717375,50.451171875,0.0,0.0,0.0,5.351832339625,6.135353488475,-11.726455563575001,27.40234375,23.6019887769,1.0
5,LOCKED,PARTIAL,2887.288,38.425594528,-52.375,52.375,0.0,12.0,0.0,0.0,7.8431372549,5.3558799342,5.9811680543,-11.7231151553,No,On,27.40234375,23.6019887769,143.6,TRACTION,38.49990801194544,0.0,0.0,8.134619051111114,70.42843467502728,0.0,0.0,0.0,5.565855639373737,7.6419618779747465,-11.797639519475759,27.40234375,23.60198877689999,1.0,38.172903576466666,0.0,0.0,7.8431372549,52.375,0.0,0.0,0.0,5.374691611833332,6.1344550803,-11.707590210133333,27.40234375,23.6019887769,1.0
5,OPEN,PARTIAL,2951.299,51.5738089557,-119.0,119.0,19.9701767777,12.0,1200.0003000001,0.0,6.3987575228,-5.0390625,-7.6867805245,-28.5687721583,No,On,266.640625,265.5223737398,147.2,BRAKE,51.616381034464276,0.0,-417.3669467694612,6.301383919892857,131.68803523425714,20.39975872852857,1182.8807305028072,1200.0003000001,-8.75601123785,-13.836114660700002,-26.3728303647,266.640625,265.5223737398,1.0,50.66951893101749,0.0,0.0,6.67743402312,45.098852602425,17.7117661487475,1198.1252995313498,1350.0003375001,-3.1209272642325,-3.2732079985825004,-31.78391804167,266.640625,265.5223737398,1.0
5,PARTIAL,LOCKED,2951.479,50.3310665712,-44.3515625,44.3515625,17.7719393338,12.0,1200.0003000001,0.0,6.2985194078,-3.3529491342,-4.2409823583,-33.0548261186,No,On,266.640625,265.5223737398,147.2,BRAKE,51.34480715928125,0.0,-182.59803921163927,6.527613768284375,110.5924904443875,19.59075207293125,1180.8854854387844,1200.0003000001,-6.2582822412375,-8.11196910118125,-28.95921677921875,266.640625,265.5223737398,1.0,50.346318409577286,0.0,0.0,6.6606060606,8.330697302554547,16.78915632997273,1213.5003033751002,1350.0003375001,-2.220105888427273,-3.113486914613637,-32.24524344896818,266.640625,265.5223737398,1.0
5,LOCKED,OPEN,2956.007,42.5161288842,240.321969697,240.321969697,0.0,12.0,0.0,17.6470588235,21.4745098039,128.6525856912,128.3358139742,263.0593583826,No,On,266.640625,265.5223737398,145.4,TRACTION,,,,,,,,,,,,,,,42.58999768980201,17.338086749857574,-0.3601073119386279,21.79545170202424,312.24040305434244,0.0,0.0,0.0,125.08054871922828,119.77009846266768,286.19256341904145,266.640625,265.52237373980006,1.0
5,OPEN,PARTIAL,2958.798,43.4959834566,106.25,106.25,0.0,12.0,0.0,0.0,2.0677361854,47.9149122362,35.6646987667,61.5434083033,No,On,266.640625,265.5223737398,147.2,BRAKE,43.268023078555,12.688788335841,-17.878991016237126,16.974063253388,340.014377088983,0.0,0.0,0.0,93.48249428361301,106.58541085100802,228.87185550243805,266.640625,265.52237373980006,1.0,43.13001906041615,0.0,0.0,7.483128586185859,24.86224155811414,0.0,27.233306188682825,150.0000375,29.10563520431414,22.062211984312118,22.152822835528276,266.640625,265.52237373980006,1.0
5,PARTIAL,LOCKED,2958.886,43.4959834566,34.625,34.625,0.0,12.0,0.0,0.0,7.0743544943,44.546236641,27.4741900606,37.5776835797,No,On,266.640625,265.5223737398,147.2,BRAKE,43.32394648585299,11.014278531918999,-17.552193630575122,15.108337857317998,314.511022754306,0.0,0.0,0.0,85.18304201110301,96.51165318433699,202.29498498306202,266.640625,265.52237373980006,1.0,43.07353077021616,0.0,0.0,7.733126253807072,20.73173946052525,0.0,34.0514897114101,150.0000375,26.157670407171718,20.524294867148484,18.138474436179795,266.640625,265.52237373980006,1.0
5,LOCKED,PARTIAL,2960.017,42.8746122644,-50.625,50.625,0.0,12.0,9.00000225,0.0,7.8431372549,11.7089739081,10.6470665097,-4.9935927016,No,On,266.640625,265.5223737398,147.2,BRAKE,43.001119516709,0.0,0.0,7.796622015144001,22.954466118621,0.0,37.534505181944,150.0000375,22.471904239373004,18.245513185088,13.403475966211,266.640625,265.52237373980006,1.0,42.368362554933334,0.0,0.0,7.573417278371716,91.45832953124041,0.0,338.6920940525171,525.00013125,7.595258299510101,5.87074604310303,-19.704137318652524,266.640625,265.52237373980006,1.0
5,PARTIAL,LOCKED,2960.027,42.8746122644,-49.55078125,49.55078125,0.0,12.0,24.000006,0.0,7.8431372549,11.6043048298,10.5994818549,-5.3226465441,No,On,266.640625,265.5223737398,147.2,BRAKE,42.99891882706999,0.0,0.0,7.800543583771002,23.365716118621002,0.0,37.62450520444399,150.0000375,22.194061745973002,18.06064680122,13.028949383457,266.640625,265.52237373980006,1.0,42.35580960155454,0.0,0.0,7.569456097940403,92.20781658932123,0.0,342.8931440538281,525.00013125,7.542522059711109,5.81967665349091,-19.911799698868688,266.640625,265.52237373980006,1.0
5,LOCKED,PARTIAL,2960.037,42.8746122644,-51.3125,51.3125,0.0,12.0,39.00000975,0.0,7.8431372549,11.4996357516,10.3258700899,-5.6517003865,No,On,266.640625,265.5223737398,147.2,BRAKE,42.99891882706999,0.0,0.0,7.804465152398002,23.768216118621,0.0,37.864505264444,150.0000375,21.919383406284002,17.875304570804,12.655397777283,266.640625,265.52237373980006,1.0,42.33614278049299,0.0,0.0,7.564349772255998,93.24693940381998,0.0,347.45402230304995,525.00013125,7.480098346238998,5.7688555084490005,-20.171721432586,266.640625,265.52237373980006,1.0
5,PARTIAL,LOCKED,2960.108,42.8746122644,-46.75,46.75,0.0,12.0,4.500001125,0.0,7.8431372549,10.7564852961,8.9490874112,-7.9879826679,No,On,266.640625,265.5223737398,147.2,BRAKE,42.997213102229,0.0,0.0,7.831139584545001,26.964260977492998,0.0,41.209506100694,150.0000375,20.069673960168,16.600609977499,10.050738365705998,266.640625,265.52237373980006,1.0,42.24915081357799,0.0,0.0,7.536898791866999,97.900645889035,0.0,368.6494750116471,525.00013125,7.156786828055,5.440878770969,-21.463332073046,266.640625,265.52237373980006,1.0
5,LOCKED,PARTIAL,2960.167,42.8746122644,-52.625,52.625,0.0,12.0,6.2500015625,0.0,7.8431372549,10.1389377345,7.5600120301,-9.9294003383,No,On,266.640625,265.5223737398,147.2,BRAKE,42.965535355176,0.0,0.0,7.842904290427002,28.123617710141,0.0,41.25450611194399,150.0000375,18.593069707402,15.601069659722,7.841945357132999,266.640625,265.52237373980006,1.0,42.180068254251516,0.0,0.0,7.513999571902018,101.7680766941616,0.0,387.46159469295156,525.00013125,6.928207457808082,5.217561540435353,-22.39160761841515,266.640625,265.52237373980006,1.0
5,PARTIAL,OPEN,2960.826,42.2532410721,-120.0,120.0,0.0,12.0,450.0001125,0.0,7.4509803922,6.1652502401,4.8172027875,-27.250188237,No,On,266.640625,265.5223737398,147.2,BRAKE,42.587006169678,0.0,0.0,7.650624282049998,73.743711773254,0.0,254.495092885466,525.00013125,8.867360189044,6.9824914719399995,-14.831603121696,266.640625,265.52237373980006,1.0,41.28671042791617,0.0,0.0,7.450980392199999,117.54460692520405,0.0,320.01814364023124,525.00013125,6.653080995764647,5.690034700757577,-23.693938327227272,266.640625,265.52237373980006,1.0
5,OPEN,PARTIAL,2960.837,42.2288735744,-119.7338709677,119.7338709677,0.0,12.0,450.0001125,0.0,7.4509803922,6.1777493825,5.2858620698,-27.1717578903,No,On,266.640625,265.5223737398,147.2,BRAKE,42.580792457754995,0.0,0.0,7.646702713422999,74.674961773254,0.0,258.245093822966,525.00013125,8.792035827498001,6.908389524755,-15.116689307114,266.640625,265.52237373980006,1.0,41.2681271341889,0.0,0.0,7.450980392199999,117.44502236997475,0.0,317.7454157993222,525.00013125,6.659496534075758,5.69577750368788,-23.625180010853537,266.640625,265.52237373980006,1.0
5,PARTIAL,OPEN,2960.848,42.0948523369,-120.68359375,120.68359375,0.0,12.0,450.0001125,0.0,7.4509803922,6.190248525,5.9004971942,-27.0933275436,No,On,266.640625,265.5223737398,147.2,BRAKE,42.571301967889895,0.0,0.0,7.640757345704039,76.08965536996364,0.0,263.8839339120869,525.00013125,8.669802358439394,6.776817651569697,-15.55896446767374,266.640625,265.52237373980006,1.0,41.24227988938601,0.0,0.0,7.450980392199999,117.24905878941999,0.0,314.5679616413289,525.00013125,6.6671683458910005,5.6978247005929985,-23.523580930428,266.640625,265.52237373980006,1.0
5,OPEN,PARTIAL,2961.099,41.6318698799,-119.8024193548,119.8024193548,0.0,12.0,300.000075,0.0,7.4509803922,6.4754562294,4.4253728957,-25.3036896326,No,On,266.640625,265.5223737398,147.2,BRAKE,42.27400566126799,0.0,0.0,7.544741929120999,96.528246695487,0.0,362.6179428915189,525.00013125,7.243258528238999,5.529755009956001,-21.114626851692,266.640625,265.52237373980006,1.0,40.925867931292984,0.0,0.0,7.450980392199999,114.16101507383101,0.0,261.1965959113779,307.6531381378,6.774908588336001,6.094208344726,-21.85931329922,266.640625,265.52237373980006,1.0
5,PARTIAL,OPEN,2961.358,41.0104986877,-120.375,120.375,0.0,12.0,300.000075,0.0,7.4509803922,6.7697542193,6.2692782689,-23.4570114693,No,On,266.640625,265.5223737398,147.2,BRAKE,41.89425148686902,0.0,0.0,7.480666666703999,110.48459592743099,0.0,419.92666745278905,525.00013125,6.47863640852,4.850283283961,-24.406899698728008,266.640625,265.52237373980006,1.0,40.64212119463937,0.0,0.0,7.450980392199999,113.95347303990606,0.0,241.78793923484838,300.000075,6.7934809991131315,7.005047937177778,-20.25263049463838,266.640625,265.52237373980006,1.0
5,OPEN,PARTIAL,2961.368,41.0104986877,-118.7661290323,118.7661290323,0.0,12.0,300.000075,0.0,7.4509803922,6.781117076,6.2692782689,-23.3857111542,No,On,266.640625,265.5223737398,147.2,BRAKE,41.87827337049802,0.0,0.0,7.477725490234,110.94584592743098,0.0,420.04431454102416,525.00013125,6.464936367312999,4.864439718762,-24.479326526132002,266.640625,265.52237373980006,1.0,40.620950121879986,0.0,0.0,7.450980392199999,113.64551089015198,0.0,240.8700602174999,300.000075,6.790833639586,7.0069295943,-20.162576012831,266.640625,265.52237373980006,1.0
5,PARTIAL,OPEN,2961.377,41.0104986877,-120.571969697,120.571969697,0.0,12.0,300.000075,0.0,7.4509803922,6.7913436471,6.2692782689,-23.3215408705,No,On,266.640625,265.5223737398,147.2,BRAKE,41.863563358600025,0.0,0.0,7.473803921606999,111.39647596775397,0.0,420.04431454102405,525.00013125,6.452396645454999,4.879190961748,-24.54774981196101,266.640625,265.52237373980006,1.0,40.617015287881806,0.0,0.0,7.450980392199999,113.5755466597798,0.0,240.27278734090905,300.000075,6.79082848799495,7.014380617788888,-20.130667276894947,266.640625,265.52237373980006,1.0
5,OPEN,PARTIAL,2961.518,41.0104986877,-118.5,118.5,0.0,12.0,300.000075,0.0,7.4509803922,6.904328479,6.30496676,-22.3162064264,No,On,266.640625,265.5223737398,147.2,BRAKE,41.689579424784014,0.0,0.0,7.450980392199999,116.654431017243,0.0,405.9929844975792,525.00013125,6.397146327190001,5.167179984145,-25.089066140948002,266.640625,265.52237373980006,1.0,40.43453876420499,0.0,0.0,7.450980392199999,110.774111543866,0.0,229.6200574049999,300.000075,6.941167246548,7.179470313387001,-19.265795499408995,266.640625,265.52237373980006,1.0
5,PARTIAL,OPEN,2961.549,41.0104986877,-120.75,120.75,0.0,12.0,300.000075,0.0,7.4509803922,6.8951843986,7.3399330017,-22.0951754493,No,On,266.640625,265.5223737398,147.2,BRAKE,41.64622701265759,0.0,0.0,7.450980392199999,117.28949524048082,0.0,397.9727085834132,525.00013125,6.415817498156566,5.153937310816162,-25.129527165069707,266.640625,265.52237373980006,1.0,40.397256492669996,0.0,0.0,7.450980392199999,110.33601893676,0.0,227.3700568424999,300.000075,7.047572489298,7.2017495974619985,-19.089256809945,266.640625,265.52237373980006,1.0
5,OPEN,PARTIAL,2961.608,41.0104986877,-117.0,117.0,0.0,12.0,231.00005775,0.0,7.4509803922,6.8777811489,7.6254409304,-21.6745035898,No,On,266.640625,265.5223737398,147.2,BRAKE,41.577732610188015,0.0,0.0,7.450980392199999,118.011770398963,0.0,384.3029790750789,525.00013125,6.469909375417001,5.228987616739001,-25.021070812178,266.640625,265.52237373980006,1.0,40.32269194959999,0.0,0.0,7.450980392199999,109.48976416583498,0.0,225.00005624999994,225.00005625,7.341281862231,7.225040055451998,-18.606490213550998,266.640625,265.52237373980006,1.0
5,PARTIAL,OPEN,2962.798,39.2985576478,-125.875,125.875,0.0,12.0,0.0,0.0,7.4509803922,18.2653729839,11.3132516768,5.0055044901,No,On,266.640625,265.5223737398,147.2,BRAKE,40.07832568125602,0.0,0.0,7.450980392199999,108.995650338548,0.0,211.67652350735298,225.00005625,8.879303070734,7.716143433313,-15.410952080440001,266.640625,265.52237373980006,1.0,39.23938150824647,5.718144006887878,7.7357749578289186,7.748972746829293,75.64049942099292,0.0,0.0,0.0,30.516392446818184,29.206448030329298,44.40667358014647,266.640625,265.52237373980006,1.0
5,OPEN,PARTIAL,2962.917,39.146385111,-119.5362903226,119.5362903226,0.0,12.0,0.0,0.0,7.4509803922,21.8491683468,11.0753284029,15.4030054825,No,On,266.640625,265.5223737398,147.2,BRAKE,39.94933867885401,0.0,0.0,7.450980392199999,110.81780232718599,0.0,184.67651675735297,225.00005625,10.452365560133,8.425616667285,-11.809900991699001,266.640625,265.52237373980006,1.0,39.2096519960202,6.716361475687879,7.7357749578289186,8.032514042127275,67.51286162131818,0.0,0.0,0.0,32.43876380756162,32.27199510534748,50.794543209517165,266.640625,265.52237373980006,1.0
5,PARTIAL,LOCKED,2963.238,39.146385111,-31.75,31.75,0.0,12.0,0.0,8.2352941176,6.9162210339,31.5163810484,36.1405453146,43.4500459743,No,On,266.640625,265.5223737398,147.2,BRAKE,39.543201859486864,1.0597958191545458,7.735774957828917,6.757035949688891,107.7467760645909,0.0,111.54191736853838,225.00005625,16.890945761531317,12.760431005645456,3.765294734967677,266.640625,265.52237373980006,1.0,39.20901932717,8.235294117600002,0.0,9.044659140418,50.671666124450006,0.0,0.0,0.0,35.634790634442,37.51506689937301,61.15692880100801,266.640625,265.52237373980006,1.0
5,LOCKED,PARTIAL,2963.419,39.5564900978,55.5,55.5,0.0,12.0,0.0,8.2352941176,10.5568627451,34.8630472154,38.959936111,59.2647323576,No,On,266.640625,265.5223737398,147.2,BRAKE,39.39726133995499,2.531550802131,7.658417208250629,7.178032038986,93.13100327278698,0.0,72.176488632353,225.00005625,21.656852369335006,17.716318460905,15.860125762181,266.640625,265.52237373980006,1.0,39.200320130482,8.235294117600002,0.0,8.687176470583,52.991270527858,0.0,0.0,0.0,36.432099379918,37.859234067811,62.70007849564301,266.640625,265.52237373980006,1.0
5,PARTIAL,LOCKED,2964.017,39.146385111,45.375,45.375,0.0,12.0,0.0,8.2352941176,9.2784313725,36.5297564338,38.0074995049,62.3156832438,No,On,266.640625,265.5223737398,147.2,TRACTION,39.20901932717,7.472727272691002,7.658417208250629,8.248371116002003,61.825372874057,0.0,0.0,0.0,33.647259229885,34.74322594794,54.764389687421,266.640625,265.52237373980006,1.0,38.893650608399994,8.276226315398992,0.4628045824535206,8.095900178248487,38.421036688269695,0.0,0.0,0.0,41.485745665577774,36.852616396506065,78.5867955273909,266.640625,265.52237373980006,1.0
5,LOCKED,PARTIAL,2965.108,38.5250139187,50.125,50.125,0.0,12.0,0.0,10.5882352941,10.0,50.1180940137,43.2782435334,131.2167667755,No,On,266.640625,265.5223737398,147.2,TRACTION,38.8371623181909,8.431321764616161,2.0896740049376277,8.11285403049798,38.623241725259604,0.0,0.0,0.0,42.63876714634444,37.141651617904046,84.40457923661214,266.640625,265.52237373980006,1.0,38.52501391869999,13.650829562576,3.38279095630814,14.592000000002997,115.213522085004,0.0,0.0,0.0,63.395699243987,72.448994485806,154.12590824091401,266.640625,265.52237373980006,1.0
5,PARTIAL,LOCKED,2965.118,38.5250139187,49.6733870968,49.6733870968,0.0,12.0,0.0,10.5882352941,10.2352941176,50.2703471123,43.8135708998,132.2601862307,No,On,266.640625,265.5223737398,147.2,TRACTION,38.83088584150101,8.45508884720707,2.0896740049376277,8.130837789658587,38.6812818034606,0.0,0.0,0.0,42.77320778941313,37.19884933427071,85.10695160137071,266.640625,265.52237373980006,1.0,38.52501391869999,13.686123680223002,3.3827909563081406,14.638666666669996,116.19202258903599,0.0,0.0,0.0,63.672115645911006,72.813649078662,154.38449805126,266.640625,265.52237373980006,1.0
5,LOCKED,PARTIAL,2965.127,38.5250139187,50.3911290323,50.3911290323,0.0,12.0,0.0,10.5882352941,10.4470588235,50.4073749011,45.3600721806,133.1992637404,No,On,266.640625,265.5223737398,147.2,TRACTION,38.827827122273,8.476420311676,2.0687772648882516,8.151882352938001,38.791202856393994,0.0,0.0,0.0,42.848179182642,37.264996549926,85.57848394766401,266.640625,265.52237373980006,1.0,38.52501391869999,13.721417797870002,3.3827909563081406,14.683215686277997,117.17034614719802,0.0,0.0,0.0,63.94976003654801,73.156615478075,154.633902599183,266.640625,265.52237373980006,1.0
5,PARTIAL,OPEN,2965.519,38.5250139187,123.0,123.0,0.0,12.0,0.0,14.1176470588,15.5137254902,60.6190795898,81.1318364205,156.7513662517,No,On,266.640625,265.5223737398,147.2,TRACTION,38.58786066406868,10.36026428180909,5.506634566865042,10.852366805305047,52.81892806501213,0.0,0.0,0.0,49.38555186332524,46.36715929200807,120.42777697298587,266.640625,265.52237373980006,1.0,38.52501391869999,14.117647058800001,0.0,15.029529411765003,147.490628217764,0.0,0.0,0.0,73.35388551246902,79.833659946909,157.887322938879,266.640625,265.52237373980006,1.0
5,OPEN,PARTIAL,2976.518,47.22421061,110.375,110.375,0.0,12.0,0.0,3.137254902,4.6010483401,69.040285886,22.0079028413,15.6165528273,No,On,266.640625,265.5223737398,149.0,TRACTION,46.88703828227273,14.335131099835353,-19.43027740218236,21.30765297894849,504.78314414105864,0.6560283610323233,0.0,0.0,118.5744664384293,149.90241343218486,266.12372660731717,266.640625,265.52237373980006,1.0,46.81751239461803,1.5849467151131154,-3.3001927892819585,6.1065212970409855,23.291621585927864,0.0,0.0,0.0,48.607813485183605,13.223419035055738,5.915749470524591,266.640625,265.52237373979995,1.0
5,PARTIAL,LOCKED,2976.578,47.22421061,24.875,24.875,0.0,12.0,0.0,3.137254902,5.7658707047,65.0803786058,21.5621684578,13.7364924468,No,On,266.640625,265.5223737398,149.0,TRACTION,46.92469714240607,13.194311135489897,-19.43027740218236,19.79558943118687,476.2184121436646,0.6560283610323233,0.0,0.0,112.25825274742627,139.79666367684044,235.66743044399897,266.640625,265.52237373980006,1.0,46.77314531657637,1.4156040038163642,-3.66021382083999,6.191687980319999,17.69601549500909,0.0,0.0,0.0,46.626010708041825,12.25944751460909,4.974841358383637,266.640625,265.5223737397999,1.0
5,LOCKED,OPEN,2984.107,40.3891274954,-253.625,253.625,0.0,12.0,1487.7554739797,0.0,5.7635175282,4.7148939374,18.831627134,-16.8603839913,No,On,266.640625,265.5223737398,149.0,BRAKE,,,,,,,,,,,,,,,39.35955917729999,0.0,0.0,7.431364797852942,165.76415869439217,0.0,1825.2124705205608,2100.0005250001,5.02007576652549,12.242349836901957,-16.03114586229804,266.640625,265.52237373979995,1.0
5,OPEN,PARTIAL,2984.547,38.5250139187,-118.125,118.125,0.0,12.0,2100.0005250001,0.0,7.5946418171,5.2301508967,6.7808133079,-15.4585380056,No,On,266.640625,265.5223737398,149.0,BRAKE,39.551121675865915,0.0,-2.673796791426863,7.3966380868181805,178.16994631292954,0.0,1767.917758906207,2064.0005160001,4.967013212970453,13.509447968950003,-16.17444974423864,266.640625,265.52237373979995,1.0,38.42175398298571,0.0,0.0,7.388057797371429,107.14206509215715,0.0,2097.8870790935857,2100.0005250001,5.2800036804,5.999277839185715,-15.33064231662857,266.640625,265.5223737398,1.0
5,PARTIAL,OPEN,3017.366,50.6478440418,452.625,452.625,0.0,12.0,0.0,23.9215686275,31.2017084061,213.5084958828,187.3407859164,531.4284685125,No,On,266.640625,265.5223737398,149.0,TRACTION,,,,,,,,,,,,,,,51.21016443245,26.739942410556,3.7363072657547245,33.911806639511994,614.017632511202,0.0,0.0,0.0,249.372839654583,239.22614951675803,668.209167703968,266.640625,265.52237373980006,1.0
5,OPEN,PARTIAL,3067.458,40.3891274954,-119.75,119.75,0.0,12.0,0.0,5.4901960784,7.1803921569,20.0690470951,30.7701709152,55.2903120383,No,On,266.640625,265.5223737398,147.2,TRACTION,40.63821944566428,5.490196078400002,-156.86274509514746,8.2392015392,175.00800331220714,0.0,0.0,0.0,18.443403812285716,22.058622630935712,50.83662343459285,266.640625,265.5223737398,1.0,40.41839584395898,8.469457013592999,6.932675167959008,9.709999611726,53.316452298407,0.0,0.0,0.0,32.922791911268,39.064189590539,84.476521409821,266.640625,265.52237373980006,1.0
5,PARTIAL,OPEN,3067.467,40.3891274954,-126.6451612903,126.6451612903,0.0,12.0,0.0,5.4901960784,6.9333333333,20.2610162175,30.608829195,55.8162396523,No,On,266.640625,265.5223737398,147.2,TRACTION,40.621613315646655,5.490196078400002,-146.40522875547097,8.168614247046666,171.32413642472665,0.0,0.0,0.0,18.551780031140005,22.639392516553336,51.13353600817333,266.640625,265.5223737398,1.0,40.41559358171999,8.540045248887,6.932675167959008,9.773215298001,53.03290391131,0.0,0.0,0.0,33.247681396782006,39.337325509046,85.034388886774,266.640625,265.52237373980006,1.0
5,OPEN,PARTIAL,3067.477,40.3891274954,-119.75,119.75,0.0,12.0,0.0,5.4901960784,6.2745098039,20.4743152424,30.608829195,56.4006036678,No,On,266.640625,265.5223737398,147.2,TRACTION,40.60708295188125,5.4901960784,-137.25490195825404,8.091409189937501,168.53170047882497,0.0,0.0,0.0,18.6586072927875,23.13748230895625,51.42620498593125,266.640625,265.5223737398,1.0,40.411572944593985,8.610633484181,6.932675167959008,9.847725101923,52.83040391130999,0.0,0.0,0.0,33.575469335818,39.613911315025,85.59108395051798,266.640625,265.52237373980006,1.0
5,PARTIAL,LOCKED,3067.588,40.3891274954,-44.0,44.0,0.0,12.0,0.0,6.2745098039,5.5137254902,22.841934419,28.8655004785,62.8870442397,No,On,266.640625,265.5223737398,147.2,TRACTION,40.51828628442593,5.581811071988888,-80.10725657614213,7.230929483644444,132.53347240889627,0.0,0.0,0.0,19.832838174877775,25.88688425408889,54.643182998962956,266.640625,265.5223737398,1.0,40.35825929630399,9.39374057317,7.006871124511026,10.789136866627999,55.786638538325995,0.0,0.0,0.0,37.372724443013006,42.75222744550501,91.637233138561,266.640625,265.52237373980006,1.0
5,LOCKED,PARTIAL,3068.177,40.3891274954,50.5,50.5,0.0,12.0,0.0,10.9803921569,14.9019607843,38.1587778326,41.993457854,97.3060847519,No,On,266.640625,265.5223737398,147.2,TRACTION,40.466118726682545,6.931583008884886,-19.463196275218923,8.307511964148837,66.37931906416395,0.0,0.0,0.0,26.270021946529063,30.709907000680236,71.89372450162092,266.640625,265.52237373980006,1.0,40.00970586478687,12.753477459343436,2.49774432773754,14.349763889041416,106.19820152125858,0.0,0.0,0.0,62.52031173079091,65.70154033630101,121.4275645063101,266.640625,265.52237373980006,1.0
5,PARTIAL,LOCKED,3068.188,40.3891274954,49.8548387097,49.8548387097,0.0,12.0,0.0,10.9803921569,14.8196078431,38.7122366474,43.7284953049,97.9488851689,No,On,266.640625,265.5223737398,147.2,TRACTION,40.465233770001134,6.978121045068969,-19.239481375503765,8.383310226449426,66.19679815538045,0.0,0.0,0.0,26.406674313035627,30.839602987500005,72.18582059645172,266.640625,265.5223737398001,1.0,40.001072657249004,12.782805429847004,2.472766884460165,14.332579975642002,107.41549369959401,0.0,0.0,0.0,63.11748540241501,66.09504112788399,122.15660443367102,266.640625,265.52237373980006,1.0
5,LOCKED,PARTIAL,3068.197,40.3891274954,50.625,50.625,0.0,12.0,0.0,10.9803921569,14.7854785479,39.1650665868,49.0478829269,98.4748127828,No,On,266.640625,265.5223737398,147.2,TRACTION,40.464368925971584,7.023601398612501,-19.02085090532759,8.456449972093182,66.01109407077045,0.0,0.0,0.0,26.546510248653416,30.986067672925003,72.47858269386592,266.640625,265.5223737398,1.0,39.994858945327,12.806334841611003,2.472766884460165,14.322574269189001,108.297509828626,0.0,0.0,0.0,63.53219833452,66.32737320490699,122.643435732052,266.640625,265.52237373980006,1.0
5,PARTIAL,OPEN,3068.867,39.7677563032,127.75,127.75,0.0,12.0,0.0,13.3333333333,14.890077243,72.8757398534,75.5049509913,130.2878951293,No,On,266.640625,265.5223737398,147.2,TRACTION,40.20612515067499,11.197662141780004,6.571141276956175,13.021666131319002,76.794012026229,0.0,0.0,0.0,48.180477553009005,52.105885787690994,105.87486600864302,266.640625,265.52237373980006,1.0,39.7677563032,13.778355957744006,2.2710513886804335,15.095308377896997,136.599141375185,0.0,0.0,0.0,82.47968374550601,75.05394809427699,160.854124025125,266.640625,265.52237373980006,1.0
5,OPEN,PARTIAL,3082.867,47.8455818023,101.75,101.75,12.471597819,12.0,0.0,6.2745098039,8.7306501548,79.1974148375,45.3481760169,111.8068354769,No,On,266.640625,265.5223737398,147.2,TRACTION,47.84332227069193,14.472919963094949,-13.679237584903055,20.92202518179192,414.24284193368584,7.834028049522223,0.0,0.0,146.5836431515899,130.50779790934547,222.0409153126232,266.640625,265.52237373980006,1.0,47.84558180229999,5.34835210680851,-2.572660269721474,7.305238920346808,64.1638884122617,10.955458579755318,0.0,0.0,45.64296244204468,30.42407649007447,67.17602260617872,266.640625,265.5223737397999,1.0
5,PARTIAL,LOCKED,3082.998,47.8455818023,48.625,48.625,11.8296409866,12.0,0.0,5.4901960784,8.0431372549,58.0197272306,37.6041452046,87.2927984194,No,On,266.640625,265.5223737398,147.2,TRACTION,47.84558180230001,12.669367234057,-14.261399457436523,18.332779703513,360.97911295844597,9.348647155041,0.0,0.0,133.149062028775,113.53574287695703,192.01586957752002,266.640625,265.52237373980006,1.0,47.84558180230001,5.0980392157,-1.4417531717252705,6.876499137797058,58.05521821632059,10.47801680822059,0.0,0.0,37.16392151946471,26.682891073820585,55.14730001721471,266.640625,265.52237373979995,1.0
5,LOCKED,PARTIAL,3083.006,47.8455818023,51.2862903226,51.2862903226,11.7480572557,12.0,0.0,5.0980392157,7.8235294118,56.726433331,37.5119499359,85.7957579884,No,On,266.640625,265.5223737398,147.2,TRACTION,47.84558180230001,12.520347626213999,-14.261399457436523,18.123014997631003,356.492862958446,9.466943564907,0.0,0.0,131.98177912317402,112.17113765670902,189.678642120865,266.640625,265.52237373980006,1.0,47.8455818023,5.0980392157,0.0,6.847801250706062,58.26033724340303,10.439530734054546,0.0,0.0,36.57111813123637,26.354737774969696,54.21855886657273,266.640625,265.5223737398,1.0
5,PARTIAL,LOCKED,3083.017,47.8455818023,47.3125,47.3125,11.7558271348,12.0,0.0,5.0980392157,7.5215686275,54.9481542189,37.2468885385,83.7373273958,No,On,266.640625,265.5223737398,147.2,TRACTION,47.84558180230001,12.367406449744001,-14.751595535823114,17.911054213318003,352.031693603607,9.584424137464001,0.0,0.0,130.80187336234002,110.804539829041,187.353222794752,266.640625,265.52237373980006,1.0,47.8455818023,5.0980392157,0.0,6.8267460201812495,58.60245715725937,10.39839647153125,0.0,0.0,35.996835753496875,26.014358063609375,53.29609735003437,266.640625,265.5223737398,1.0
5,LOCKED,PARTIAL,3083.217,47.8455818023,52.875,52.875,10.0347989059,12.0,0.0,5.0980392157,7.1568627451,31.2455319224,32.0839534936,46.3113166211,No,On,266.640625,265.5223737398,147.2,TRACTION,47.84558180230001,9.308582920344001,-14.751595535823114,13.402852393141,259.82847439539603,11.785186008835002,0.0,0.0,104.03792430768101,82.64467916633103,143.137905500129,266.640625,265.52237373980006,1.0,47.845581802299996,5.098039215699999,0.0,7.4571895424750005,90.58361685148334,9.532794015066667,0.0,0.0,30.408762740658332,12.745913279958335,35.30847336826667,266.640625,265.5223737398,1.0
5,PARTIAL,OPEN,3091.147,40.3891274954,-209.5340909091,209.5340909091,0.0,12.0,450.0001125,0.0,6.7058823529,12.9929272517,16.9996179245,-1.3595615655,No,On,266.640625,265.5223737398,147.2,BRAKE,,,,,,,,,,,,,,,39.46180715189999,0.035294117646999995,2.3767082591020796,7.816392156851999,95.92469910279,0.0,313.782491410792,450.0001125,9.463646765717998,8.248014130547,-4.679564773255,266.640625,265.52237373980006,1.0
5,OPEN,PARTIAL,3091.367,39.7677563032,-114.75,114.75,0.0,12.0,440.8164367347,0.0,8.137254902,11.2612767032,10.9481881533,-1.5358845671,No,On,266.640625,265.5223737398,147.2,BRAKE,39.99025099725455,0.0,-23.172905526457058,7.496434937604545,162.2729689096818,0.0,450.00011249999994,450.0001125,12.165384334659088,11.916622006740909,-0.7269185668772727,266.640625,265.5223737398,1.0,39.14566870654,0.151533433886,-0.1865563629912802,7.167843137244001,74.133782130648,0.0,214.87430341844498,450.0001125,9.332546351506,9.985351078312,-5.280462494166999,266.640625,265.52237373980006,1.0
5,PARTIAL,LOCKED,3092.278,38.5250139187,-46.75,46.75,0.0,12.0,0.0,0.0,4.3137254902,11.7497098214,20.0093473401,-2.85598617,No,On,266.640625,265.5223737398,147.2,BRAKE,39.26994294499,0.151533433886,-0.1865563629912801,7.4578823529300005,83.83947693911601,0.0,259.78247791079195,450.0001125,9.247956813194001,9.158926321068,-5.266661179098,266.640625,265.52237373980006,1.0,38.49210126017348,1.2084537244036149,0.3653720874133424,7.019746023740964,42.13514166637349,0.0,0.0,0.0,17.114947345308433,15.843106409722894,12.361286817562652,266.640625,265.52237373980006,1.0
5,LOCKED,PARTIAL,3092.606,38.5250139187,-50.3387096774,50.3387096774,0.0,12.0,0.0,0.0,8.2352941176,17.0431026786,11.8009943884,9.6197287497,No,On,266.640625,265.5223737398,147.2,BRAKE,38.860081633082,0.151533433886,-0.1865563629912802,7.098862745098999,62.408490647267996,0.0,115.01473463603001,450.0001125,10.438382136415001,10.842939166444001,-3.451940185983,266.640625,265.52237373980006,1.0,38.470378905546,2.0060331825100004,0.6065176651061489,6.912150948426,46.472268450636,0.0,0.0,0.0,18.855927771784,17.298528909386,18.162183202328002,266.640625,265.5223737398,1.0
5,PARTIAL,LOCKED,3092.866,38.5250139187,-45.875,45.875,0.0,12.0,0.0,3.9215686275,5.9600077655,20.3325603132,21.8318396186,19.5090149664,No,On,266.640625,265.5223737398,147.2,BRAKE,38.68731607412799,0.483961789844,3.929338635258331,6.833477343810001,60.498271469604,0.0,4.7647070735299994,198.5294613971,13.209690108064002,12.897553852119001,1.7374789718719998,266.640625,265.52237373980006,1.0,38.411190974629164,2.630718954258333,-15.885984023735569,7.040433062925,28.38115498483333,0.0,0.0,0.0,18.513636420408332,19.910092948704165,21.807825538691663,266.640625,265.5223737398,1.0
5,OPEN,PARTIAL,3782.644,47.22421061,117.625,117.625,37.9319024586,12.0,0.0,18.0392156863,27.0588235294,184.6630693104,182.9601137571,399.7925180344,No,On,266.640625,265.5223737398,152.6,TRACTION,46.73415561694849,18.039215686299997,0.0,27.71237876807172,252.51564327269998,32.26138493311112,0.0,0.0,172.38181704426157,174.312362697002,395.3549174950717,266.640625,265.52237373980006,1.0,47.25549300684101,18.039215686299997,0.0,27.431607843176003,76.180007449991,41.050065103449995,0.0,0.0,185.931919378721,185.03524252088798,404.763591275414,266.640625,265.52237373980006,1.0
5,PARTIAL,LOCKED,3783.515,47.3460480987,47.375,47.375,43.5303301316,12.0,0.0,18.0392156863,27.4509803922,187.559375,188.3281675034,404.6978651439,No,On,266.640625,265.5223737398,152.6,TRACTION,47.21364729973201,18.039215686299997,0.0,27.376705882384,88.21934989066501,40.20165515148899,0.0,0.0,185.45251575357898,184.292898609479,404.208676611209,266.640625,265.52237373980006,1.0,47.74689771321001,17.658169934657003,-1.6993464052300227,26.555455733834993,20.088962967303,43.51137621815199,0.0,0.0,185.85225815007604,187.45208345315902,388.8881630154911,266.640625,265.52237373980006,1.0
5,LOCKED,PARTIAL,3792.525,47.22421061,56.75,56.75,14.5128392487,12.0,0.0,8.6274509804,11.667637352,59.5892180349,47.6161446372,75.1224488513,No,On,266.640625,265.5223737398,152.6,TRACTION,47.41378070065456,9.162515044861617,-1.6094026789095992,11.687886590424242,14.74127184498687,20.635775715224245,0.0,0.0,62.308520586684864,60.09932393416868,90.478134319299,266.640625,265.52237373980006,1.0,47.22421061,8.6274509804,0.0,12.005589653992306,85.3151481541,13.423651410046157,0.0,0.0,60.75673537613846,23.988713640276924,74.32471560839615,266.640625,265.5223737398,1.0
5,PARTIAL,OPEN,3800.224,39.146385111,-234.2426470588,234.2426470588,0.0,12.0,2100.0005250001,0.0,5.5794991264,2.3574107143,11.4322133138,-6.811754374,No,On,266.640625,265.5223737398,152.6,BRAKE,,,,,,,,,,,,,,,38.6390394743,0.0,0.0,6.165439035252941,194.15330091714117,0.0,2144.1217845298174,2175.0005437501,2.0221389180588236,9.858772315458824,-9.043516572799998,266.640625,265.5223737398,1.0
5,OPEN,PARTIAL,3852.184,43.4959834566,119.0,119.0,0.0,12.0,0.0,12.9411764706,14.2263638129,78.6651244731,77.8128067488,149.331438616,No,On,266.640625,265.5223737398,152.6,TRACTION,43.527550291607064,13.980725157198993,-2.9254651951298785,16.202431437436367,201.07597285908386,0.0,0.0,0.0,93.4224311545293,90.17160383636362,179.20147071071816,266.640625,265.52237373980006,1.0,43.495983456599994,12.505042016776997,-0.6507653566600757,14.514068791200001,115.44384498962302,0.0,0.0,0.0,73.609672648188,72.63166180462702,131.99184425425796,266.640625,265.52237373980006,1.0
5,PARTIAL,LOCKED,3862.214,39.7677563032,48.5,48.5,0.0,12.0,0.0,9.8039215686,11.3254901961,49.5421099586,49.2825617926,81.0909481137,No,On,266.640625,265.5223737398,152.6,TRACTION,40.028104556256565,9.803921568600002,0.0,10.562362273071717,66.44500946732323,0.0,0.0,0.0,49.25641901695253,48.16805274722121,81.91461416902627,266.640625,265.52237373980006,1.0,39.68438900157801,6.530718954231002,-9.709183336532881,7.969945888701001,65.329431064348,0.0,0.0,0.0,43.976035760738995,45.02908682368199,73.610265411775,266.640625,265.52237373980006,1.0
5,LOCKED,PARTIAL,3862.245,39.7677563032,50.5,50.5,0.0,12.0,0.0,9.8039215686,10.9803921569,49.5453408485,51.4818380196,81.0178209497,No,On,266.640625,265.5223737398,152.6,TRACTION,40.013073649881996,9.803921568600002,0.0,10.575572478822,65.914921771844,0.0,0.0,0.0,49.27896406415801,48.305106834255,81.880057091386,266.640625,265.52237373980006,1.0,39.665747865812016,6.236601307173,-9.709183336532881,7.822338045564001,64.229720882896,0.0,0.0,0.0,43.346222568703,44.003994397823,72.55363062045599,266.640625,265.52237373980006,1.0
5,PARTIAL,LOCKED,3863.095,39.3405636085,49.0,49.0,0.0,12.0,0.0,0.0,2.337254902,33.7541480456,26.8139529753,57.2369920844,No,On,266.640625,265.5223737398,152.6,BRAKE,39.76322547158901,7.805228758149001,-9.709183336532881,8.941248548381,67.93977511492899,0.0,0.0,0.0,46.315919948973004,48.112908035890996,77.362030511629,266.640625,265.52237373980006,1.0,38.972705770877994,0.0,0.0,6.756074238811002,59.620484379135995,0.0,406.7951797300168,900.0002250001,17.910341445554,14.072548700935002,18.883501797443998,266.640625,265.52237373980006,1.0
5,LOCKED,PARTIAL,3863.404,39.146385111,-56.625,56.625,0.0,12.0,0.0,0.0,6.8452727626,22.1862284885,16.1947574777,31.8608254484,No,On,266.640625,265.5223737398,152.6,BRAKE,39.541588005418,4.766013071883,-9.709183336532881,7.322854450147999,57.385902121989005,0.0,0.0,0.0,39.689982782485,38.689577781791,66.192766475971,266.640625,265.52237373980006,1.0,38.939537055118834,0.0,0.0,7.227802228949275,75.66040601855507,0.0,589.558231492778,900.0002250001,13.468014905214492,12.175088767968115,7.52226969717826,266.640625,265.52237373980006,1.0
5,OPEN,PARTIAL,3963.303,46.6028394178,119.90625,119.90625,33.1030520728,12.0,0.0,16.862745098,24.7058823529,155.551672894,155.6256134975,330.3112163641,No,On,266.640625,265.5223737398,156.2,TRACTION,46.420168819144,16.865460030127,-0.4905769612303962,24.532780708311,146.52900475722,30.680334883182002,0.0,0.0,151.041040539332,153.12226904271702,338.00900109173404,266.640625,265.52237373980006,1.0,46.602839417800006,16.862745098,0.0,24.207826500282998,79.98105483587601,35.887454164389,0.0,0.0,156.65819908520496,156.229920894184,329.77704908314,266.640625,265.52237373980006,1.0
5,PARTIAL,LOCKED,3964.095,46.6028394178,48.375,48.375,36.966211699,12.0,0.0,16.862745098,23.8078431373,155.6314834025,154.8880513482,330.0039741722,No,On,266.640625,265.5223737398,154.4,TRACTION,46.602839417800006,16.862745098,0.0,24.529159833607,96.67303373427397,34.809423447912,0.0,0.0,156.65906541753296,155.96557995113898,329.795196211816,266.640625,265.52237373980006,1.0,46.63719758960501,16.862745098,0.0,23.603290882041993,34.956915617913005,37.716889398031,0.0,0.0,152.341418653465,152.42130570525896,332.09599277687005,266.640625,265.52237373980006,1.0
5,LOCKED,PARTIAL,3964.103,46.6028394178,50.2178571429,50.2178571429,37.0118192708,12.0,0.0,16.862745098,23.7764705882,155.5640560166,154.9456733911,330.0406992584,No,On,266.640625,265.5223737398,154.4,TRACTION,46.602839417800006,16.862745098,0.0,24.520179441451006,95.92356944855999,34.862119611525,0.0,0.0,156.675627788922,155.98497069796701,329.787104828271,266.640625,265.52237373980006,1.0,46.64341130152701,16.862745098,0.0,23.608663431061995,34.771237046484,37.732209009730006,0.0,0.0,152.304312660156,152.39217869195497,332.125215060529,266.640625,265.52237373980006,1.0
5,PARTIAL,LOCKED,3964.115,46.6028394178,48.375,48.375,37.0058704571,12.0,0.0,16.862745098,23.7294117647,155.4629149378,155.2568324229,330.0957868878,No,On,266.640625,265.5223737398,154.4,TRACTION,46.602839417800006,16.862745098,0.0,24.50891565684344,94.93935586434645,34.94555074903434,0.0,0.0,156.71688596038987,156.02547191695857,329.7695970405535,266.640625,265.52237373980006,1.0,46.64962501344901,16.862745098,0.0,23.614506568316994,34.614362046484004,37.747285947600005,0.0,0.0,152.268514806303,152.36636401673002,332.153734393225,266.640625,265.52237373980006,1.0
5,LOCKED,PARTIAL,3964.123,46.6028394178,50.5,50.5,37.0254165593,12.0,0.0,16.862745098,23.6980392157,155.3954875519,155.1761615628,330.1325119741,No,On,266.640625,265.5223737398,154.4,TRACTION,46.602839417800006,16.862745098,0.0,24.501120617922005,94.47371230570299,34.96615394611499,0.0,0.0,156.70434625016398,156.017785522018,329.772858939026,266.640625,265.52237373980006,1.0,46.65534162841801,16.862745098,0.0,23.620663431061995,34.426862046484,37.762688897519006,0.0,0.0,152.233687954978,152.339690587188,332.181734400388,266.640625,265.52237373980006,1.0
5,PARTIAL,LOCKED,3964.133,46.6028394178,49.7410714286,49.7410714286,37.0526111363,12.0,0.0,16.862745098,23.6588235294,155.3112033195,155.2261006666,330.178418332,No,On,266.640625,265.5223737398,154.4,TRACTION,46.602839417800006,16.862745098,0.0,24.49104218655001,93.73621230570298,35.017690593642,0.0,0.0,156.71642655027497,156.033395519321,329.76672856295,266.640625,265.52237373980006,1.0,46.659815501002,16.862745098,0.0,23.62721245066999,34.250076332198,37.77896031941201,0.0,0.0,152.20000067464497,152.31513152371798,332.2091232693019,266.640625,265.52237373980006,1.0
5,LOCKED,PARTIAL,3964.143,46.6028394178,50.5,50.5,37.1205975787,12.0,0.0,16.862745098,23.6196078431,155.2269190871,155.1236614792,330.2243246898,No,On,266.640625,265.5223737398,154.4,TRACTION,46.602839417800006,16.862745098,0.0,24.480571598315006,92.99945635332199,35.066686156503,0.0,0.0,156.72690611064397,156.046802247971,329.761298546685,266.640625,265.52237373980006,1.0,46.66039101699394,16.862745098,0.0,23.627289264887875,34.08593568908889,37.78561044810606,0.0,0.0,152.16942574118585,152.2867625342687,332.22917173980204,266.640625,265.52237373980006,1.0
5,PARTIAL,LOCKED,3964.158,46.6028394178,49.50390625,49.50390625,37.1205975787,12.0,0.0,16.862745098,23.5294117647,155.1004927386,154.8880513482,330.2931842266,No,On,266.640625,265.5223737398,154.4,TRACTION,46.602839417800006,16.862745098,0.0,24.467323262311112,91.93938046096262,35.146293975035356,0.0,0.0,156.75907584254946,156.06368049884748,329.747359133692,266.640625,265.52237373980006,1.0,46.664786470539994,16.862745098,0.0,23.64199676439599,33.881756019697995,37.81058205655901,0.0,0.0,152.13652559384897,152.284010498587,332.26180764566203,266.640625,265.52237373980006,1.0
5,LOCKED,PARTIAL,3975.623,49.6724131075,50.9439655172,50.9439655172,29.3397319994,12.0,0.0,13.7254901961,18.9176470588,123.2542628371,111.0149996299,264.9737363214,No,On,266.640625,265.5223737398,154.4,TRACTION,49.292871831639374,15.758471738850508,-3.3049848853703883,22.186198893211113,14.513010974461615,35.893612659360606,0.0,0.0,142.73456744269393,144.84418459146968,307.6302254998485,266.640625,265.52237373980006,1.0,49.28343221040202,13.096229260915997,-1.1956670780874854,18.309333333336,32.39224299937,28.570964614103,0.0,0.0,105.03895714554801,103.47143626080296,213.80934241542104,266.640625,265.52237373980006,1.0
5,PARTIAL,LOCKED,3975.754,49.5108565975,47.25,47.25,29.465470366,12.0,0.0,13.7254901961,19.6078431373,117.362065612,108.885586328,249.7282662399,No,On,266.640625,265.5223737398,154.4,TRACTION,49.311455878777004,15.361671335195002,-3.2719350365166844,21.57923886506599,20.490288910196995,34.601297716998005,0.0,0.0,138.604592908249,139.01318747900098,298.99637026482594,266.640625,265.52237373980006,1.0,49.26441825191501,12.923680241302002,-1.5878239407789254,17.978745098037002,28.824842036179998,28.289937890254997,0.0,0.0,101.29190444115301,100.89622748944,203.741652204316,266.640625,265.52237373980006,1.0
5,LOCKED,PARTIAL,3981.783,47.22421061,58.25,58.25,15.1632428815,12.0,0.0,7.8431372549,11.3725490196,43.1287591527,42.1751447178,78.3364605408,No,On,266.640625,265.5223737398,154.4,TRACTION,47.606871702591015,9.384952955553,-4.1278583435398755,11.879676464071999,14.827257433050999,21.558224206483004,0.0,0.0,60.26910157436899,62.40540666439502,122.77726347293503,266.640625,265.52237373980006,1.0,47.22421061,7.8431372549,0.0,11.36125965537,85.76029398559,14.141538827,0.0,0.0,44.04004314853001,14.077901975040001,70.10704544737999,266.640625,265.5223737398,1.0
5,PARTIAL,OPEN,3988.994,39.146385111,-336.2379032258,336.2379032258,0.0,12.0,1425.0003562501,0.0,4.8235294118,6.3252693103,23.9707698515,-16.5361127189,No,On,266.640625,265.5223737398,154.4,BRAKE,,,,,,,,,,,,,,,38.72224318301923,0.0,0.0,6.103318250357693,255.54603048465384,0.0,1410.4041987549076,1425.0003562501,4.995613044907693,16.697544424353847,-18.186987473649996,266.640625,265.5223737398,1.0
5,OPEN,PARTIAL,4079.293,42.2532410721,117.5,117.5,0.0,12.0,0.0,12.1568627451,14.5771439889,80.2267197431,61.4117536925,127.5432336755,No,On,266.640625,265.5223737398,156.2,TRACTION,42.253241072099996,13.896732026137997,-2.9117977156660477,15.494682409396,160.53593193972,0.0,0.0,0.0,85.890592549834,82.770033751507,143.569021709642,266.640625,265.52237373980006,1.0,42.557950327200004,12.461873638311111,0.036010731202050825,14.482751860057572,113.76416202753133,0.0,0.0,0.0,72.41795447473939,66.56575517828989,129.00922452626162,266.640625,265.52237373980006,1.0
5,PARTIAL,OPEN,4079.674,42.2532410721,120.75,120.75,0.0,12.0,0.0,12.5490196078,14.1176470588,72.9350875596,64.5469319805,128.7584171517,No,On,266.640625,265.5223737398,155.7077844311,TRACTION,42.31586554128399,12.959477124170999,-2.5196408529567744,14.582577438126,137.676667162192,0.0,0.0,0.0,81.99528902158401,74.312044423795,131.894187597362,266.640625,265.52237373980006,1.0,42.73461353046199,12.427450980362996,0.13368983956734873,14.214299465254003,115.874350398663,0.0,0.0,0.0,69.661398533117,68.36637882741599,129.64227973678203,266.640625,265.52237373980006,1.0
5,OPEN,PARTIAL,4079.693,42.2532410721,119.8125,119.8125,0.0,12.0,0.0,12.5490196078,14.1843137255,72.5714628575,62.6927826886,128.8190168526,No,On,266.640625,265.5223737398,155.6395209581,TRACTION,42.31586554128399,12.912418300640997,-2.5196408529567744,14.527949987146,136.698854662192,0.0,0.0,0.0,81.708781718985,73.84343801328001,131.505647880141,266.640625,265.52237373980006,1.0,42.747040954308,12.427450980362996,0.13368983956734873,14.205515151529001,115.705671666296,0.0,0.0,0.0,69.593880345388,68.439756914283,129.66243711098002,266.640625,265.52237373980006,1.0
5,PARTIAL,OPEN,4080.234,42.8746122644,121.5,121.5,0.0,12.0,0.0,12.1568627451,14.2823529412,69.3477809176,71.5435284799,129.8109382728,No,On,266.640625,265.5223737398,154.4,TRACTION,42.5202914670606,12.461873638311113,0.036010731202050825,14.492583292793936,113.79686970857172,0.0,0.0,0.0,73.10627686136768,65.98757919975554,128.86698758871012,266.640625,265.52237373980006,1.0,42.87461226439999,12.454901960751997,0.49019607838659196,13.761515151534002,112.20989212351002,0.0,0.0,0.0,69.823754368692,70.51388304313801,129.81093827280003,266.640625,265.52237373980006,1.0
5,OPEN,PARTIAL,4080.323,42.8746122644,119.25,119.25,0.0,12.0,0.0,12.1568627451,13.9314715785,69.3366855053,69.7504894618,129.8109382728,No,On,266.640625,265.5223737398,154.4,TRACTION,42.57354437041799,12.458823529379002,0.03565062389003032,14.465553574969997,113.94580496946801,0.0,0.0,0.0,72.17515859016099,66.748388894565,129.061638918291,266.640625,265.52237373980006,1.0,42.87461226439999,12.490196078394996,0.49019607838659196,13.745058823548002,110.95172000992399,0.0,0.0,0.0,70.05611582787799,70.18070286056901,129.81093827280003,266.640625,265.52237373980006,1.0
5,PARTIAL,LOCKED,4092.763,44.7387258411,48.125,48.125,0.0,12.0,0.0,7.4509803922,8.6274509804,54.4220310857,43.1711780601,115.9266543048,No,On,266.640625,265.5223737398,155.21,TRACTION,44.524423445531,10.911789844124003,-5.175828165957373,12.433940641604998,94.661356611429,0.0,0.0,0.0,67.043247020035,65.896651950372,113.24086607867899,266.640625,265.52237373980006,1.0,44.676842342770996,10.598994469583001,6.7636394106509234,13.324296341985,54.380894089368994,0.0,0.0,0.0,52.907317689329005,55.071961590601994,131.32653356317203,266.640625,265.52237373980006,1.0
5,LOCKED,PARTIAL,4093.423,44.7387258411,51.125,51.125,0.0,12.0,0.0,13.3333333333,17.8609625668,54.1034207363,62.1870257862,135.286732672,No,On,266.640625,265.5223737398,156.2,TRACTION,44.676842342770996,8.806837606843,2.904078492241299,10.308734224998,50.473276740767,0.0,0.0,0.0,52.11375747248,47.966556028501,120.04261144686001,266.640625,265.52237373980006,1.0,44.73872584109999,14.111010558064999,1.2200435730857426,17.571885125752,117.642417194335,0.0,0.0,0.0,75.87945547147301,82.88579398628099,160.095667254973,266.640625,265.52237373980006,1.0
5,PARTIAL,OPEN,4093.674,44.7387258411,121.125,121.125,0.0,12.0,0.0,14.1176470588,17.6470588235,65.8184344952,79.6567121219,147.8056410377,No,On,266.640625,265.5223737398,155.7113772455,TRACTION,44.67621725692929,9.977197820339395,5.995709798500751,12.479404108564646,47.93808152423434,0.0,0.0,0.0,51.64696972844343,51.669821309667675,127.9444369259485,266.640625,265.52237373980006,1.0,44.73872584109999,14.337254901967999,0.4357298475548514,17.469647058818,132.36912729941798,0.0,0.0,0.0,82.848867713672,87.41452868469598,169.36672137244494,266.640625,265.52237373980006,1.0
5,OPEN,PARTIAL,4097.423,45.3600970333,119.125,119.125,25.8620427087,12.0,0.0,14.9019607843,19.6078431373,110.0770697949,107.7789032137,221.7792647327,No,On,266.640625,265.5223737398,156.2,TRACTION,45.3600970333,14.901960784299996,0.0,20.039153099622002,172.11363418571298,24.399556449069998,0.0,0.0,105.898871954147,108.071916706632,215.098656200106,266.640625,265.52237373980006,1.0,45.3600970333,14.309307250499998,-3.3356093962078948,18.57869786980808,81.24012647748383,27.24509122945757,0.0,0.0,106.50721455489497,107.64819166126766,210.77924998658895,266.640625,265.52237373980006,1.0
5,PARTIAL,LOCKED,4098.363,45.3600970333,49.875,49.875,26.5147125562,12.0,0.0,12.8205128205,14.9019607843,94.2121868674,103.5323126639,192.6031087687,No,On,266.640625,265.5223737398,154.4,TRACTION,45.3600970333,14.48114630469,-2.4802321861924,18.908361871504,86.11321009696597,27.220470546518996,0.0,0.0,107.574818997375,108.05354194371301,212.83694132566197,266.640625,265.52237373980006,1.0,45.196526425318,10.316138763190002,-3.438935791851786,11.550913883544995,26.277914875723994,24.036674618233995,0.0,0.0,70.882745748201,69.805793465983,141.03269037198598,266.640625,265.52237373980006,1.0
5,LOCKED,PARTIAL,4100.633,44.7387258411,50.90625,50.90625,20.5953596334,12.0,0.0,11.7647058824,15.3333333333,71.4394214954,66.4727887036,136.6342929158,No,On,266.640625,265.5223737398,154.4,TRACTION,44.73872584109999,10.623529411792997,1.6092295504498173,13.075737138411,8.461008519411,23.199701773716,0.0,0.0,66.80273576894899,62.283836095851,116.026313550564,266.640625,265.52237373980006,1.0,44.561969234147,12.811764705872003,1.9033471974411873,16.643045041763997,70.780327161757,23.659563036753003,0.0,0.0,78.58493925510501,80.84073851093,162.878049880821,266.640625,265.52237373980006,1.0
5,PARTIAL,LOCKED,4101.814,44.1173546489,49.84765625,49.84765625,27.6934366402,12.0,0.0,13.7254901961,17.7868375073,93.0530335023,89.6138011372,185.1061617226,No,On,266.640625,265.5223737398,154.4,TRACTION,44.48740469108099,13.078431372542004,1.546840958636682,16.891536985077,68.78389819277899,24.706449712835997,0.0,0.0,81.75583747236401,84.64333328869297,169.86390101844398,266.640625,265.52237373980006,1.0,44.11735464889999,13.7254901961,0.0,17.138573346342426,25.077810831367675,28.941282940745452,0.0,0.0,98.23202307945657,96.8778915450616,195.91406120210303,266.640625,265.52237373980006,1.0
5,LOCKED,PARTIAL,4104.253,44.1173546489,50.1916666667,50.1916666667,26.7102113485,12.0,0.0,14.5098039216,18.8118811881,106.8964460784,95.883079406,202.6380863848,No,On,266.640625,265.5223737398,154.4,TRACTION,44.11735464889999,14.242232277546,-0.2787827222797826,17.356458749906,22.634341859823998,29.536585387589994,0.0,0.0,104.713561268305,105.52848285808999,203.934048010687,266.640625,265.52237373980006,1.0,44.179917851221,14.843137254913003,1.2435277140685084,19.146793291097,77.05476726344999,27.365079356928,0.0,0.0,107.986247246765,106.15774644215999,227.405789597805,266.640625,265.52237373980006,1.0
5,PARTIAL,LOCKED,4105.324,44.1173546489,44.25,44.25,33.1251923041,12.0,0.0,15.6862745098,20.6039215686,114.6842885535,116.3920656214,252.9144539906,No,On,266.640625,265.5223737398,154.4,TRACTION,44.16530693080202,14.917805506049497,1.2560886000692004,19.23362084277778,77.00076109754343,27.748310466011112,0.0,0.0,108.42389792754142,107.35158605038588,230.48182765610304,266.640625,265.52237373980006,1.0,44.53409255804444,15.948626536828288,0.38934679450482745,20.873876015048484,23.042736749868688,34.49264667241819,0.0,0.0,124.19575794178283,124.5969734725899,271.3794592048808,266.640625,265.52237373980006,1.0
5,LOCKED,PARTIAL,4118.014,46.6028394178,52.375,52.375,18.6674688158,12.0,0.0,10.1960784314,13.9450980392,67.5557120902,60.5722915094,154.1064086436,No,On,266.640625,265.5223737398,152.6,TRACTION,46.822445633552,10.824635495228003,-5.848276632198566,13.827142867215999,11.502793178930999,24.051604634529003,0.0,0.0,81.131655643075,71.715927737063,143.11209157674702,266.640625,265.52237373980006,1.0,46.533154231853004,11.899017322518999,2.326503297863471,16.195744343066,94.76119216424901,20.467332204989997,0.0,0.0,70.117169498519,75.32837145203399,163.98215329118398,266.640625,265.52237373980006,1.0
5,PARTIAL,LOCKED,4118.022,46.6028394178,49.275,49.275,18.7189338217,12.0,0.0,9.8039215686,13.8196078431,67.3292776639,61.079365487,154.3834864201,No,On,266.640625,265.5223737398,152.6,TRACTION,46.82037439624501,10.801106083464003,-5.8482766321985675,13.805809533882998,11.856543178930998,23.967500287957,0.0,0.0,80.90177884678,71.458702937503,143.14552165101003,266.640625,265.52237373980006,1.0,46.52694051993101,11.926468302910997,2.8166993763750634,16.223957454574,95.275227878535,20.498696617108003,0.0,0.0,70.24457984687999,75.54226447532501,164.09783326285694,266.640625,265.52237373980006,1.0
5,LOCKED,PARTIAL,4118.033,46.6028394178,53.1975806452,53.1975806452,18.7119158664,12.0,0.0,9.8039215686,13.6470588235,67.0179303279,62.6927826886,154.7644683627,No,On,266.640625,265.5223737398,152.6,TRACTION,46.82037439624501,10.773655103072,-6.338472710710159,13.783221298588998,12.176376512264001,23.884647476755003,0.0,0.0,80.67029952947001,71.205207855629,143.185141246048,266.640625,265.52237373980006,1.0,46.526173864396974,11.947908168914141,2.8451508852273366,16.249986733675758,95.70025461826565,20.51674490751919,0.0,0.0,70.27717226626365,75.67205722064546,164.19210967598985,266.640625,265.52237373980006,1.0
5,PARTIAL,OPEN,4118.613,46.6028394178,120.875,120.875,21.4927806738,12.0,0.0,12.5490196078,16.9855416914,71.3719618056,86.3178202826,165.9514835874,No,On,266.640625,265.5223737398,152.6,TRACTION,46.633679532119004,10.848036930388997,3.1187393842026254,14.762739724954,54.162666856661,20.335852975439998,0.0,0.0,69.135971297244,65.421556162115,156.27488859164498,266.640625,265.52237373980006,1.0,46.223119247940005,12.549019607799998,0.0,16.604885229688,104.34197608039702,22.545369745276993,0.0,0.0,79.973890944811,83.848909917045,166.206557164021,266.640625,265.52237373980006,1.0
5,OPEN,PARTIAL,4118.733,46.6028394178,119.75,119.75,21.2896027998,12.0,0.0,12.5490196078,16.4705882353,73.9240451389,84.5222430744,165.9514835874,No,On,266.640625,265.5223737398,152.6,TRACTION,46.633679532119004,11.216664381362998,2.6830095367588855,15.430628082417002,67.943064049354,20.062722823737,0.0,0.0,68.56093173668201,68.020200957491,159.13259950863798,266.640625,265.52237373980006,1.0,46.164887559363635,12.5490196078,0.0,16.554496344846466,98.47623882247578,22.91030218694848,0.0,0.0,81.39325166411919,83.528331035201,166.38945335446564,266.640625,265.52237373980006,1.0
5,PARTIAL,OPEN,4118.743,46.6028394178,120.2651515152,120.2651515152,21.220834904,12.0,0.0,12.5490196078,16.4705882353,74.13671875,84.0475117919,165.9514835874,No,On,266.640625,265.5223737398,152.6,TRACTION,46.633679532119004,11.240193793126997,2.326503297863471,15.47661738723,69.019314049354,20.039275315624998,0.0,0.0,68.54507997495601,68.267537070977,159.34837382705896,266.640625,265.52237373980006,1.0,46.167618542132,12.549019607799998,0.0,16.550559224535004,97.47855148159898,22.964861265134996,0.0,0.0,81.542860471491,83.505068706222,166.422613080532,266.640625,265.52237373980006,1.0
5,OPEN,PARTIAL,4118.754,46.6028394178,119.375,119.375,21.2239607174,12.0,0.0,12.5490196078,16.4705882353,74.3706597222,82.6069607191,165.9514835874,No,On,266.640625,265.5223737398,152.6,TRACTION,46.633679532119004,11.263723204890999,2.3265032978634714,15.520229983784002,70.109465564506,20.014890844933,0.0,0.0,68.534185379669,68.520175155922,159.56068467327395,266.640625,265.52237373980006,1.0,46.164828712289,12.549019607799998,0.0,16.549618048064,96.86905148159899,23.000710661367,0.0,0.0,81.652484466374,83.505068706222,166.441985757238,266.640625,265.52237373980006,1.0
5,PARTIAL,LOCKED,4119.863,45.9814682256,48.875,48.875,25.2365674381,12.0,0.0,12.5490196078,16.4705882353,85.9493215461,81.6850080325,168.3127716919,No,On,266.640625,265.5223737398,152.6,TRACTION,46.13343377835499,12.549019607799998,0.0,16.549421969633002,91.028459952887,23.402252712791,0.0,0.0,82.664225374636,83.554956823304,166.657030248862,266.640625,265.52237373980006,1.0,45.981468225600004,12.549019607799998,0.0,16.353036134965002,33.284360411241,26.357401091723997,0.0,0.0,86.58199775562599,84.801168772364,176.50736762929503,266.640625,265.52237373980006,1.0
5,LOCKED,PARTIAL,4121.193,45.9814682256,50.4556451613,50.4556451613,24.030941192,12.0,0.0,13.7254901961,18.8235294118,88.929869186,94.7767361821,200.1156248779,No,On,266.640625,265.5223737398,152.6,TRACTION,45.981468225600004,12.850980392128003,1.2200435731090649,16.757518975891003,28.864507740129003,26.025225946806994,0.0,0.0,86.664136331591,86.433283041119,185.181305100538,266.640625,265.52237373980006,1.0,45.981468225600004,13.725490196100003,0.0,18.476573006330995,69.804477190291,26.170158887164007,0.0,0.0,96.02067336009199,98.42420732697501,202.57369252233894,266.640625,265.52237373980006,1.0
5,PARTIAL,LOCKED,4122.043,45.9814682256,46.875,46.875,28.0621717109,12.0,0.0,13.7254901961,18.8235294118,100.1810771421,99.6976586468,204.2997927993,No,On,266.640625,265.5223737398,152.6,TRACTION,45.981468225600004,13.725490196100003,0.0,18.580857920302,67.75951010503199,25.454152590714003,0.0,0.0,93.987815302514,96.89522898270701,201.664514598314,266.640625,265.52237373980006,1.0,45.981468225600004,13.725490196100003,0.0,17.934639334503,24.402984645580005,29.810372985248996,0.0,0.0,102.31449443296201,101.76654521417002,205.50957122252797,266.640625,265.52237373980006,1.0
5,LOCKED,PARTIAL,4136.322,45.3600970333,52.5666666667,52.5666666667,14.2288070003,12.0,0.0,3.9215686275,7.1170646476,26.3401153075,22.1960109298,38.255728877,No,On,266.640625,265.5223737398,150.8,TRACTION,45.26800738586601,6.518501759684003,-5.659803159801504,8.456166632349,9.807834062679001,19.188521766563003,0.0,0.0,40.092101215289,39.552594216047,62.09988610009299,266.640625,265.52237373980006,1.0,45.3600970333,2.8567119155250005,-6.114691409233373,6.27051018829,84.392238749905,13.237755113915,0.0,0.0,24.811689505349996,19.523960456540003,35.997868713325,266.640625,265.5223737398,1.0
5,PARTIAL,OPEN,4142.573,40.5258291577,-171.6008064516,171.6008064516,0.0,12.0,0.0,4.7058823529,5.0708600272,29.0752004254,28.0273616725,28.0844632583,No,On,266.640625,265.5223737398,149.1014084507,TRACTION,,,,,,,,,,,,,,,40.28184585690999,4.705882352899999,0.0,6.099604206788999,66.365670180599,0.0,0.0,0.0,23.476805531417998,19.937338141454003,23.610443818690996,266.640625,265.52237373980006,1.0
5,OPEN,PARTIAL,4142.722,40.3891274954,-119.8378378378,119.8378378378,0.0,12.0,0.0,4.7058823529,7.1137254902,27.3961469241,21.7580834037,27.7983292157,No,On,266.640625,265.5223737398,149.6410462777,TRACTION,40.398240939553325,4.7058823529,11.883541294695611,6.4777602466266675,165.8239734543,0.0,0.0,0.0,28.283378326773335,24.314307471893333,28.35952760753333,266.640625,265.5223737398,1.0,40.19289153035151,4.705882352899999,0.0,6.224660076714142,44.39114003048282,0.0,0.0,0.0,22.13630102530202,18.828590893993937,22.0588723057101,266.640625,265.52237373980006,1.0
5,PARTIAL,LOCKED,4143.054,40.3891274954,-44.75,44.75,0.0,12.0,0.0,4.7058823529,6.9518716578,23.6549001963,16.2895868969,23.931950791,No,On,266.640625,265.5223737398,150.8,TRACTION,40.39197544669792,4.705882352899999,3.7136066545923785,5.727092415127083,103.03833696209374,0.0,0.0,0.0,26.426559261825002,21.362926820533335,26.685153524035417,266.640625,265.5223737398,1.0,39.983587684654005,4.705882352899999,0.0,6.390019083570003,30.165068714688996,0.0,0.0,0.0,19.866729220583,18.544737704436006,19.340509954611,266.640625,265.52237373980006,1.0
5,LOCKED,PARTIAL,4143.323,40.3891274954,-55.560483871,55.560483871,0.0,12.0,0.0,4.7058823529,6.3294117647,20.6235888416,20.1463735219,20.7992526096,No,On,266.640625,265.5223737398,150.8,TRACTION,40.39095018423066,4.705882352899999,2.376708258939122,6.379136030330666,75.90943554275866,0.0,0.0,0.0,24.90468695462,20.244058162418664,25.15239700821733,266.640625,265.52237373980006,1.0,39.80239584500701,4.705882352899999,0.0,5.865013666074999,30.841616356248,0.0,0.0,0.0,18.837363864643997,18.670807863272003,18.095815599128,266.640625,265.52237373980006,1.0
5,PARTIAL,LOCKED,4143.443,39.7677563032,-49.06640625,49.06640625,0.0,12.0,0.0,4.7058823529,4.6470588235,19.3108805427,18.8078348066,19.401766432,No,On,266.640625,265.5223737398,150.8,TRACTION,40.3673773172862,4.705882352899999,2.048886430119933,6.28753556818161,74.2470818106,0.0,0.0,0.0,24.225983038826435,20.23076167123448,24.46308103543104,266.640625,265.5223737398001,1.0,39.67977014238301,4.705882352899999,0.0,6.0673666072509995,25.419526815561998,0.0,0.0,0.0,18.558856416586003,18.435920341585998,17.815386706166,266.640625,265.52237373980006,1.0
5,LOCKED,PARTIAL,4145.013,39.146385111,-51.625,51.625,0.0,12.0,0.0,0.0,5.482430596,8.4386537447,9.2671115208,-2.0919944598,No,On,266.640625,265.5223737398,149.108,BRAKE,39.331802274751,4.22458521867,-4.293157822575947,5.942280875152001,25.101907480401,0.0,0.0,0.0,15.030533219275,17.764362714748998,12.926111921631,266.640625,265.52237373980006,1.0,38.643417430197,0.0,0.0,5.6981968942120025,100.53326874027798,0.0,8.816472792353,242.6471194853,4.868731384443,7.210033115447999,-15.814630009985999,266.640625,265.52237373980006,1.0
5,PARTIAL,LOCKED,4145.022,39.146385111,-48.5,48.5,0.0,12.0,0.0,0.0,5.2727625704,8.306632384,8.8712336288,-2.454070424,No,On,266.640625,265.5223737398,149.0756,BRAKE,39.325588562829,4.177526395140999,-4.85338191217882,5.957889494836999,25.341907480401,0.0,0.0,0.0,14.929685084184003,17.668122750431998,12.728177061205999,266.640625,265.52237373980006,1.0,38.63833694857272,0.0,0.0,5.702494210614144,101.05885731341212,0.0,8.905528073083838,242.6471194853,4.834005111720201,7.193253312282827,-15.949585157319193,266.640625,265.52237373980006,1.0
5,LOCKED,PARTIAL,4145.033,39.146385111,-51.9696969697,51.9696969697,0.0,12.0,0.0,0.0,5.0165016502,8.145272943,8.9839167349,-2.8966077135,No,On,266.640625,265.5223737398,149.0,BRAKE,39.319374850906996,4.130467571611999,-4.853381912178819,5.971401434265999,25.53079636929,0.0,0.0,0.0,14.8276410639,17.568756738653995,12.526621441139003,266.640625,265.52237373980006,1.0,38.63099000635099,0.0,0.0,5.728637585340002,101.60062534201,0.0,14.551768343824001,301.470663603,4.793969926195,7.178994041666999,-16.141163089787998,266.640625,265.52237373980006,1.0
5,PARTIAL,OPEN,4145.384,38.5250139187,-120.2025862069,120.2025862069,0.0,12.0,0.0,0.0,5.9061200238,4.1781400562,9.9570890152,-17.017570317,No,On,266.640625,265.5223737398,149.0,BRAKE,39.041094993269,2.4834087480969997,-4.85338191217882,5.369377337734999,46.79681716414299,0.0,0.0,0.0,10.454100521341001,13.233786646891003,2.9223553376519993,266.640625,265.52237373980006,1.0,38.47899173597051,0.0,0.0,6.676622433506413,105.99755005433336,0.0,86.13916180627949,474.0001185,4.368298967861539,7.62790250394615,-19.287759940684616,266.640625,265.52237373980006,1.0
5,OPEN,PARTIAL,4145.493,38.5250139187,-118.625,118.625,0.0,12.0,0.0,0.0,6.7176470588,4.2305649425,9.9095043605,-19.8551730585,No,On,266.640625,265.5223737398,149.0,BRAKE,38.97274416211601,1.9657616892779999,-4.853381912178819,5.268361691072,59.318701908767,0.0,0.0,0.0,9.052351241046,12.311761096289999,-1.102745660331,266.640625,265.52237373980006,1.0,38.47143585522387,0.0,0.0,6.723967210911941,102.34923766030747,0.0,100.28141225208658,474.0001185,4.394788429046269,7.1872608126432835,-19.31065642154179,266.640625,265.52237373980006,1.0
5,OPEN,PARTIAL,4226.523,47.8455818023,118.25,118.25,40.8924561645,12.0,0.0,18.8235294118,28.4862745098,191.7383234341,194.3937239689,430.8774286919,No,On,266.640625,265.5223737398,152.6,TRACTION,47.446648943890914,18.823529411800003,0.0,28.242931502500003,313.6851612155182,29.85791636637071,0.0,0.0,165.86520582558887,170.07403722558382,421.21893980021514,266.640625,265.52237373980006,1.0,48.19570544753602,18.823529411800003,0.0,28.470486432938998,50.593689518576,43.826436024204014,0.0,0.0,197.08763242482598,194.905442490311,438.69270924987393,266.640625,265.52237373980006,1.0
5,PARTIAL,LOCKED,4227.082,48.4669529945,49.5,49.5,45.2374477704,12.0,0.0,18.8235294118,28.6076450782,197.5487012987,195.6383600958,439.5144938726,No,On,266.640625,265.5223737398,152.6,TRACTION,47.86289903698602,18.823529411800003,0.0,28.509624876191992,141.68114034681,39.939198653657,0.0,0.0,188.64570395909502,190.70559461060995,431.47360739919003,266.640625,265.52237373980006,1.0,48.63728180365602,17.758572146825998,-3.6203538655445753,26.707542389534993,24.754450727785002,42.629909342572,0.0,0.0,184.17173619322503,191.83948646598404,419.24648902616605,266.640625,265.52237373980006,1.0
5,LOCKED,PARTIAL,4227.094,48.4669529945,50.875,50.875,45.3514895449,12.0,0.0,18.8235294118,28.6274509804,197.6311383929,195.4047987485,439.6595880659,No,On,266.640625,265.5223737398,152.6,TRACTION,47.88190338861719,18.823529411800003,0.0,28.508034594286872,137.2338823965818,40.16747231045455,0.0,0.0,189.1367037813586,191.0974926310535,431.75628279816254,266.640625,265.52237373980006,1.0,48.64349551557802,17.719356460550998,-3.6203538655445753,26.617346311103994,24.989606977785,42.465472800427996,0.0,0.0,183.672266779126,191.35949212232103,418.18493017045097,266.640625,265.52237373980006,1.0
5,PARTIAL,LOCKED,4227.103,48.4669529945,49.3051470588,49.3051470588,45.3295584344,12.0,0.0,18.8235294118,28.6274509804,197.6929662135,195.0851884838,439.7684087109,No,On,266.640625,265.5223737398,152.6,TRACTION,47.88775388467602,18.823529411800003,0.0,28.509228758148,136.370293572616,40.219312482799,0.0,0.0,189.221648127474,191.14056569222797,431.8353158508399,266.640625,265.52237373980006,1.0,48.64970922750002,17.680140774275998,-3.6203538655445753,26.527150232672994,25.309850961742,42.301474880494,0.0,0.0,183.16344486368402,190.85057423932003,417.097563503501,266.640625,265.52237373980006,1.0
5,LOCKED,PARTIAL,4228.054,49.0883241867,57.5,57.5,29.4282148921,12.0,0.0,14.9019607843,19.6078431373,151.0905440065,156.5475661841,343.1443483604,No,On,266.640625,265.5223737398,152.6,TRACTION,48.61242695596802,17.915434891925997,-3.6203538655445753,27.065910383194996,24.375438631010997,43.268171272949004,0.0,0.0,186.07533316282397,193.583627636365,423.23331630657697,266.640625,265.52237373980006,1.0,49.08832418670002,14.225339366507,-0.7913219678045431,19.568666270564,63.432276712118004,29.459880333127003,0.0,0.0,122.420535262381,117.92896253275103,255.866858356017,266.640625,265.52237373980006,1.0
5,PARTIAL,LOCKED,4228.742,49.0883241867,49.5,49.5,29.8571448741,12.0,0.0,14.1176470588,19.2156862745,115.3092191023,110.265541317,228.4672513601,No,On,266.640625,265.5223737398,152.6,TRACTION,49.04117307858601,14.792408245346001,-4.1913351717814225,20.735918701685,60.475614591624996,31.68026447868401,0.0,0.0,138.862004597384,141.81067727795298,302.590060478191,266.640625,265.52237373980006,1.0,48.99417211364547,13.838203784719195,-0.04429891520298553,18.9823640474798,26.73221677977374,28.995029656546464,0.0,0.0,110.24070285543029,108.52271746502424,249.15357420634547,266.640625,265.52237373980006,1.0
5,LOCKED,PARTIAL,4229.682,49.0883241867,50.5,50.5,24.3844706927,12.0,0.0,13.3333333333,16.3308095515,108.588671875,100.5096056151,258.6814645203,No,On,266.640625,265.5223737398,152.6,TRACTION,48.994172113645455,13.86989322817172,-1.0503129931400814,19.099730507833332,26.34326619437475,29.317208876653538,0.0,0.0,110.66486756659192,109.27923227498081,247.2718145055354,266.640625,265.52237373980006,1.0,48.60791802402801,14.385947712435996,2.0283719549717123,20.538505019113998,60.13010569563,28.648978529143,0.0,0.0,110.163619549912,106.71416940130798,254.42440907621403,266.640625,265.52237373980006,1.0
5,PARTIAL,LOCKED,4229.693,49.0883241867,48.96484375,48.96484375,24.4835798177,12.0,0.0,13.3333333333,16.6686472569,108.6015625,99.4233777226,258.5654343912,No,On,266.640625,265.5223737398,152.6,TRACTION,48.995113634376004,13.864527629223005,-0.4795857736058069,19.072041298269998,26.584833532431002,29.267881494814002,0.0,0.0,110.644105609676,109.191536008382,247.38591100568306,266.640625,265.52237373980006,1.0,48.60170431210602,14.405555555573997,2.0283719549717123,20.587504821055003,59.932110483936,28.735600762140002,0.0,0.0,110.21625268475199,106.90915754214001,254.38635660980503,266.640625,265.52237373980006,1.0
5,LOCKED,PARTIAL,4229.702,49.0883241867,53.5,53.5,24.3908694167,12.0,0.0,13.7254901961,17.0251534957,108.612109375,96.98942263,258.4705006492,No,On,266.640625,265.5223737398,152.6,TRACTION,48.99511363437601,13.856684491968004,-0.4795857736058072,19.046570908093997,26.530575719931004,29.215299269411993,0.0,0.0,110.570771116652,109.08852316153302,247.70938028641203,266.640625,265.52237373980006,1.0,48.59678895983738,14.41242490263939,1.6087294014311728,20.62348816777576,59.997081296905066,28.77948693734647,0.0,0.0,110.23245615252728,107.00935688468687,254.34510262960913,266.640625,265.52237373980006,1.0
5,PARTIAL,LOCKED,4230.393,48.4669529945,49.96875,49.96875,31.9109353907,12.0,0.0,14.9019607843,21.5884333531,111.0083511469,109.5856012106,251.813213569,No,On,266.640625,265.5223737398,152.6,TRACTION,48.70111882936402,13.818954248376997,2.150225410200899,19.394265865789997,55.149054168595,26.690900201429,0.0,0.0,108.972859510721,105.17708906580897,256.398400493358,266.640625,265.52237373980006,1.0,48.46695299450002,15.278431372587995,0.35650623889541416,21.387352825478004,28.617330774433,32.850220854193,0.0,0.0,115.85301299286101,119.24130425650903,256.703799630252,266.640625,265.52237373980006,1.0
5,LOCKED,PARTIAL,4235.402,48.4669529945,51.375,51.375,27.8744414053,12.0,0.0,14.9019607843,21.1215686275,116.9113435325,116.9036006604,232.0050057893,No,On,266.640625,265.5223737398,152.6,TRACTION,48.46695299450002,13.865108094497998,1.4259233866608674,19.220684888098994,19.990970850136,29.389968753410006,0.0,0.0,106.11545984177101,105.34394687671201,216.46450797589492,266.640625,265.52237373980006,1.0,48.46695299450002,14.847058823521998,-0.3921568626914403,20.622627450981,49.369527276731986,30.582244746657,0.0,0.0,120.642480581178,118.55165936154197,243.96366702928003,266.640625,265.52237373980006,1.0
5,PARTIAL,LOCKED,4235.902,48.4669529945,50.0,50.0,30.8567800141,12.0,0.0,14.9019607843,20.4470588235,120.9090638602,115.7749070684,246.5103922669,No,On,266.640625,265.5223737398,152.6,TRACTION,48.46695299450002,14.642232277513,1.7164099516953826,20.412045949686,42.04420530914201,29.093526800487997,0.0,0.0,115.304468861531,113.06261493886,231.11199664286502,266.640625,265.52237373980006,1.0,48.46695299450002,14.650980392171999,-0.3921568626914403,20.284862745100998,25.793240589555,32.23571160353001,0.0,0.0,120.14128332560603,118.18133288111801,244.94311783290098,266.640625,265.52237373980006,1.0
5,LOCKED,PARTIAL,4235.913,48.4669529945,50.15625,50.15625,30.814672282,12.0,0.0,14.9019607843,20.4901960784,120.9118692193,115.6743304117,246.4741726971,No,On,266.640625,265.5223737398,152.6,TRACTION,48.46695299450002,14.657918552022998,1.7164099516953826,20.428281243803,42.369205309142,29.103135551020998,0.0,0.0,115.47303057031898,113.20621605428799,231.488312995656,266.640625,265.52237373980006,1.0,48.46695299450001,14.648445236695958,-0.39611804312266696,20.282788671027273,25.547149585409088,32.25006553607071,0.0,0.0,120.13349962971012,118.20665613838486,244.9276526322525,266.640625,265.52237373980006,1.0
5,PARTIAL,LOCKED,4235.922,48.4669529945,49.689516129,49.689516129,30.8664114268,12.0,0.0,14.9019607843,20.5254901961,120.9141645131,115.4284763619,246.4445385036,No,On,266.640625,265.5223737398,152.6,TRACTION,48.46695299450002,14.673604826533,1.7164099516953826,20.444947910469,42.695689684141996,29.112463583340006,0.0,0.0,115.638791473576,113.34512359240202,231.85917937801298,266.640625,265.52237373980006,1.0,48.46695299450001,14.644484056264643,-0.39611804312266696,20.27748068924849,25.158708725193943,32.26204882036263,0.0,0.0,120.09381534945352,118.19920601566469,244.90183247111716,266.640625,265.52237373980006,1.0
5,LOCKED,OPEN,4272.663,40.7743776346,-273.2822580645,273.2822580645,0.0,12.0,675.00016875,0.0,5.2235294118,8.5811811852,16.6873436274,-15.2557293621,No,On,266.640625,265.5223737398,149.0,BRAKE,,,,,,,,,,,,,,,39.642390997601,0.0,0.0,7.690185383237999,133.609311159735,0.0,881.7181375964178,1050.0002625001,8.492689290742,10.883385089317999,-12.032589114807998,266.640625,265.52237373980006,1.0
5,OPEN,PARTIAL,4273.062,39.7677563032,-118.125,118.125,0.0,12.0,900.0002250001,0.0,8.1215686275,9.0172644106,11.0634322392,-12.1966098448,No,On,266.640625,265.5223737398,149.0,BRAKE,40.4224088973325,0.0,-11.982570807302636,7.251342840167498,179.5667570229075,0.0,738.2324774752675,900.0002250001,8.794222595529998,14.947838848735,-13.761245973847503,266.640625,265.5223737398,1.0,39.12358751923115,0.0,0.0,7.926520752354098,105.23802714133936,0.0,973.6477843955919,1050.0002625001,8.265953161950819,8.21658690845082,-10.934678756760656,266.640625,265.52237373979995,1.0
5,PARTIAL,OPEN,4273.214,39.7677563032,-124.75,124.75,0.0,12.0,975.0002437501,0.0,8.2352941176,8.9039522059,11.5244085825,-11.0312309811,No,On,266.640625,265.5223737398,149.0,BRAKE,40.2438672807509,0.0,-8.714596950765554,7.517055042392728,161.44857944330178,0.0,786.2509550479488,975.0002437501,8.864856704965456,13.404088145996363,-13.18578788511091,266.640625,265.5223737397999,1.0,38.913532480980436,0.0,0.0,7.8265157973608686,102.5194145034,0.0,991.369813059883,1050.0002625001,8.011700872430433,7.85738110851739,-10.726354093454349,266.640625,265.5223737397999,1.0
5,OPEN,PARTIAL,4273.254,39.6559094886,-119.0,119.0,0.0,12.0,975.0002437501,0.0,8.2352941176,8.7515721749,12.1928242802,-10.7245523327,No,On,266.640625,265.5223737398,149.0,BRAKE,40.211588570408466,0.0,-8.123776818510262,7.56574921698305,158.88422601388814,0.0,799.0475169938577,975.0002437501,8.863826882245762,13.315301333408474,-13.032309161550847,266.640625,265.5223737398,1.0,38.834840850640475,0.0,0.0,7.787584528766667,100.64632385044285,0.0,992.9288196608144,1050.0002625001,7.935522687699999,7.437932967923809,-10.715025240402381,266.640625,265.52237373979995,1.0
5,PARTIAL,OPEN,4273.283,39.146385111,-121.0,121.0,0.0,12.0,975.0002437501,0.0,8.2352941176,8.6410966525,10.7578707773,-10.5022103127,No,On,266.640625,265.5223737398,149.0,BRAKE,40.17948937257903,0.0,-7.730690843421056,7.598146550883871,156.9703579348758,0.0,807.5613586110953,975.0002437501,8.856797670275807,13.220094864896774,-12.917428329166128,266.640625,265.52237373979995,1.0,38.79303140150514,0.0,0.0,7.7531453296256405,99.1577626814282,0.0,994.3079408847159,1050.0002625001,7.878122023107691,7.173975261620511,-10.72510477538718,266.640625,265.52237373979983,1.0
5,OPEN,PARTIAL,4273.314,39.146385111,-119.0,119.0,0.0,12.0,975.0002437501,0.0,8.1441869677,8.5230021285,11.4111401095,-10.3438229211,No,On,266.640625,265.5223737398,149.0,BRAKE,40.13180763742923,0.0,-7.3738897275708535,7.626578301858461,155.29827689867537,0.0,815.2893071559722,975.0002437501,8.84496679215077,13.120718691433847,-12.800884735375387,266.640625,265.5223737398,1.0,38.763585259047225,0.0,0.0,7.717257542758334,97.41463717011389,0.0,995.9169156459336,1050.0002625001,7.821207430347221,6.831414793094444,-10.757236728905557,266.640625,265.5223737397999,1.0
5,PARTIAL,LOCKED,4312.654,39.146385111,47.625,47.625,0.0,12.0,0.0,8.2352941176,8.5568627451,25.6416236204,40.7443606657,56.561659168,No,On,266.640625,265.5223737398,149.0,TRACTION,39.24016079638183,8.376373082232325,-1.9434637675450765,9.439476122558586,83.98820298500505,0.0,0.0,0.0,31.38534628404344,32.63128609955657,154.7996286671889,266.640625,265.52237373980006,1.0,39.146385111,8.372549019566003,1.308887191259795,8.545858507413,41.591712322159,0.0,0.0,0.0,40.797833761567006,40.084066868181004,61.046414658539014,266.640625,265.52237373980006,1.0
5,LOCKED,PARTIAL,4313.154,39.146385111,55.875,55.875,0.0,12.0,0.0,8.2352941176,8.9522677758,42.5969515142,42.6358506937,57.2984844919,No,On,266.640625,265.5223737398,149.0,TRACTION,39.240160796381815,8.199643493718183,0.3961180431586937,8.814421957152527,42.57171085025051,0.0,0.0,0.0,25.595391425510098,29.829840502951516,61.89216092828282,266.640625,265.52237373980006,1.0,39.146385111,9.823227752634995,4.107308813235876,10.360079482451999,60.006331028433,0.0,0.0,0.0,51.66603749853101,46.208888731615986,80.382723613239,266.640625,265.52237373980006,1.0
5,PARTIAL,LOCKED,4313.402,39.146385111,49.125,49.125,0.0,12.0,0.0,8.2352941176,8.6546301689,47.0462105348,37.6156696131,63.3381495692,No,On,266.640625,265.5223737398,149.0,TRACTION,39.177875228318996,8.235294117600002,0.0,8.413806357104999,48.15680623437701,0.0,0.0,0.0,33.50567547513501,39.544393659107,57.154688424780005,266.640625,265.52237373980006,1.0,39.146385111,10.993162393170001,6.584744231948703,11.720046153631001,70.639648602726,0.0,0.0,0.0,57.04674743559501,51.551655693795,96.514094432091,266.640625,265.52237373980006,1.0
5,LOCKED,PARTIAL,4313.412,39.146385111,51.05859375,51.05859375,0.0,12.0,0.0,8.2352941176,8.6934575811,47.2256161405,37.1041345741,63.9764245061,No,On,266.640625,265.5223737398,149.0,TRACTION,39.177875228318996,8.235294117600002,0.0,8.425136972518999,48.111806234377,0.0,0.0,0.0,33.807294335809004,39.606967480158005,57.226166928425,266.640625,265.52237373980006,1.0,39.146385111,11.021019648478788,6.651256799948184,11.750617755373737,70.83743703558181,0.0,0.0,0.0,57.1459507820101,51.69759025055959,96.84275776467678,266.640625,265.52237373980006,1.0
5,PARTIAL,LOCKED,4313.422,39.146385111,49.1060606061,49.1060606061,0.0,12.0,0.0,8.2352941176,8.7322849932,47.4050217461,36.1405453146,64.6146994429,No,On,266.640625,265.5223737398,149.0,TRACTION,39.177875228318996,8.235294117600002,0.0,8.435561744408,48.10194862349001,0.0,0.0,0.0,34.106884621957,39.59507131646,57.303866079867994,266.640625,265.52237373980006,1.0,39.146385111,11.122574157877,7.020474079392443,11.894293382274999,71.75549494341601,0.0,0.0,0.0,57.529927756781,52.141110605032,98.02929941060002,266.640625,265.52237373980006,1.0
5,LOCKED,PARTIAL,4313.753,39.146385111,52.0,52.0,0.0,12.0,0.0,10.1960784314,11.0901960784,53.3433472938,46.0484635199,85.7415998535,No,On,266.640625,265.5223737398,149.0,TRACTION,39.146385111,8.517345399662002,2.015805545253086,8.753175144958,41.750647846583995,0.0,0.0,0.0,43.057855465115,40.248558426357,63.37703092049901,266.640625,265.52237373980006,1.0,39.146385111,13.041948900783998,5.4721778519931465,14.347322089071,103.21601300124699,0.0,0.0,0.0,66.626754072279,65.49936319683599,127.055636011389,266.640625,265.52237373980006,1.0
5,PARTIAL,OPEN,4314.532,39.146385111,124.875,124.875,0.0,12.0,0.0,14.9019607843,17.7518928363,75.7608244992,78.7470521378,155.3561196353,No,On,266.640625,265.5223737398,149.0,TRACTION,39.146385111,11.771059006363998,6.045406366370259,12.784040396194998,78.776392438259,0.0,0.0,0.0,60.06264168532701,55.664441287787014,106.02354369087699,266.640625,265.52237373980006,1.0,39.146385111,16.622175536867005,4.127644323762779,19.133669464988003,199.117594559605,0.0,0.0,0.0,95.987562495088,97.76860714171698,221.03174248969802,266.640625,265.52237373980006,1.0
5,OPEN,PARTIAL,4317.773,40.3891274954,119.0362903226,119.0362903226,0.0,12.0,0.0,9.0196078431,9.5398159264,45.7220427029,43.884947882,94.1396112902,No,On,266.640625,265.5223737398,149.0,TRACTION,40.38912749539998,13.311111111107998,-6.446491054288871,14.541951220098001,240.32630267716104,0.0,0.0,0.0,76.12994889072299,81.492619616955,172.082775887471,266.640625,265.52237373980006,1.0,40.229690169092926,4.936631995464647,-9.365467518304841,6.804555127001011,40.994062268437375,0.0,0.0,0.0,25.31409335061111,23.903045659427274,35.43407761610909,266.640625,265.52237373980006,1.0
5,PARTIAL,LOCKED,4318.093,40.3891274954,46.125,46.125,0.0,12.0,0.0,6.6666666667,6.6666666667,29.9132476994,28.0497120407,44.8256846358,No,On,266.640625,265.5223737398,149.0,TRACTION,40.38912749539998,10.718954248371997,-8.260711691930096,11.420025681567997,167.560130933648,0.0,0.0,0.0,57.172492725261016,62.833129509431004,122.68799085179398,266.640625,265.52237373980006,1.0,40.031349223454,2.632363714718,-6.774288580989385,6.020974434697,43.309193404312,0.0,0.0,0.0,15.516686025089,13.411492809243,9.015751690182,266.640625,265.52237373980006,1.0
5,LOCKED,PARTIAL,4318.754,40.3160250022,-50.375,50.375,0.0,12.0,0.0,0.0,6.1580275675,10.6668184433,4.8266934769,-0.9647342804,No,On,266.640625,265.5223737398,149.0,TRACTION,40.232151532500005,5.118846295325253,-9.805598677451155,6.872795244329295,42.4245007255899,0.0,0.0,0.0,26.031386162575757,24.71131219344344,37.37763322780405,266.640625,265.52237373980006,1.0,39.777381464805,0.0,0.0,6.501753469457001,86.53094049036,0.0,0.0,0.0,5.562355003463999,3.534509222271,-19.186438631111997,266.640625,265.52237373980006,1.0
5,PARTIAL,LOCKED,4318.762,40.2185550113,-49.7822580645,49.7822580645,0.0,12.0,0.0,0.0,6.0337798486,10.4338813267,4.5271056059,-1.4728824683,No,On,266.640625,265.5223737398,149.0,BRAKE,40.232990267197,5.067657832372,-9.707542690676643,6.865647567561001,42.504005718334,0.0,0.0,0.0,25.877740485383,24.512466006278004,36.994209552722005,266.640625,265.52237373980006,1.0,39.772873477724005,0.0,0.0,6.512003906265001,86.881101780683,0.0,0.1500000375,15.00000375,5.511098801503,3.5067255268479998,-19.384943029713998,266.640625,265.52237373980006,1.0
5,LOCKED,PARTIAL,4318.774,40.0723500249,-51.21875,51.21875,0.0,12.0,0.0,0.0,5.8474082702,10.0844756518,3.6878107464,-2.2351047502,No,On,266.640625,265.5223737398,149.0,BRAKE,40.229690169092926,4.936631995464647,-9.365467518304841,6.804555127001011,40.994062268437375,0.0,0.0,0.0,25.31409335061111,23.903045659427274,35.43407761610909,266.640625,265.52237373980006,1.0,39.769827540507,0.0,0.0,6.524118058857,87.216765843183,0.0,0.660000165,51.00001275,5.4634145379109995,3.503037716101,-19.575259662635,266.640625,265.52237373980006,1.0
5,PARTIAL,LOCKED,4343.001,40.4013112443,48.375,48.375,0.0,12.0,0.0,10.1960784314,10.9998058629,48.06796875,49.7497565851,107.1480911309,No,On,266.640625,265.5223737398,149.0,TRACTION,40.544719587894996,10.032679738567,0.36838978017334223,12.542791443852,52.700846755702,0.0,0.0,0.0,59.695032706035,35.98959306294701,99.74999326786099,266.640625,265.52237373980006,1.0,40.90625994737879,11.958415915649493,5.177850691789215,13.169983819537373,65.56577960050707,0.0,0.0,0.0,64.92446174792423,61.40877458896767,141.17101390655452,266.640625,265.52237373980006,1.0
5,LOCKED,PARTIAL,4343.253,40.3891274954,50.75,50.75,0.0,12.0,0.0,10.1960784314,9.9346405229,49.9020148026,55.6736495679,116.9926706658,No,On,266.640625,265.5223737398,149.0,TRACTION,40.66923750133199,10.130718954266998,0.36838978017334223,11.862568009741999,55.04276622913599,0.0,0.0,0.0,50.18040932839199,38.485321188377,101.97058026317598,266.640625,265.52237373980006,1.0,40.93824905690901,13.959897618728,8.77109455538174,16.111812534198,90.42448561719901,0.0,0.0,0.0,82.24141877014299,73.241801676205,175.745369266164,266.640625,265.52237373980006,1.0
5,PARTIAL,OPEN,4343.973,41.0104986877,121.75,121.75,0.0,12.0,0.0,15.2941176471,17.9450980392,101.301041387,82.2381796444,212.4651281583,No,On,266.640625,265.5223737398,149.0,TRACTION,40.889687587554555,11.8039298788101,5.177850691789215,12.957104821199996,63.47211106026668,0.0,0.0,0.0,63.281164482845455,60.39313961324949,137.90539159370502,266.640625,265.52237373980006,1.0,41.137382685146,18.340673705371998,2.9617187460239403,23.54549781644,280.04218207700194,0.0,0.0,0.0,131.887822234156,124.95109314582098,303.52002536564,266.640625,265.52237373980006,1.0
5,OPEN,PARTIAL,4351.342,43.4959834566,119.0,119.0,0.0,12.0,0.0,10.9803921569,12.768627451,70.995777027,61.909122905,101.9131699497,No,On,266.640625,265.5223737398,149.0,TRACTION,43.55824485006801,14.473650858943001,-7.633804104253081,18.183568627456,338.23342532738803,0.0,0.0,0.0,95.925533463277,106.20134522411699,193.337073353831,266.640625,265.52237373980006,1.0,43.481405132476,7.745575666145998,-5.371817724794717,8.389529411763,60.311385902744995,0.0,0.0,0.0,50.024067347319004,44.77582514360901,62.48692871124,266.640625,265.52237373980006,1.0
5,PARTIAL,OPEN,4351.352,43.4959834566,123.935483871,123.935483871,0.0,12.0,0.0,10.5882352941,12.7294117647,70.5097128378,61.6210126904,101.0492142868,No,On,266.640625,265.5223737398,149.0,TRACTION,43.55824485006799,14.399141055022001,-7.633804104253082,18.060274509809002,335.065925327388,0.0,0.0,0.0,95.425875326924,105.41621329025298,191.24571576600698,266.640625,265.52237373980006,1.0,43.48125787667677,7.716861932530301,-5.0299604666699755,8.345692216278788,59.66871824649999,0.0,0.0,0.0,49.81714163529394,44.605671734045444,62.097410675123236,266.640625,265.52237373980006,1.0
5,OPEN,PARTIAL,4351.361,43.4959834566,119.0,119.0,0.0,12.0,0.0,10.5882352941,12.6941176471,70.0722550676,61.9552205393,100.2716541901,No,On,266.640625,265.5223737398,149.0,TRACTION,43.55824485006801,14.320709682473002,-8.025960967044522,17.936588235299,331.945199520937,0.0,0.0,0.0,94.926950417436,104.62736752278401,189.17273370475897,266.640625,265.52237373980006,1.0,43.47498139998788,7.673288947780807,-5.0299604666699755,8.310318875022222,58.647253600035356,0.0,0.0,0.0,49.48489330797171,44.26971776264141,61.511817207979796,266.640625,265.52237373980006,1.0
5,PARTIAL,LOCKED,4351.842,43.4959834566,49.0,49.0,0.0,12.0,0.0,7.8431372549,9.6784313725,46.6925675676,44.8760470201,58.7153868033,No,On,266.640625,265.5223737398,149.0,TRACTION,43.52698925144747,10.536289814355557,-6.600205622447847,11.849395919980807,166.32505929913737,0.0,0.0,0.0,70.97683532149696,66.17129961919596,107.5164279494121,266.640625,265.52237373980006,1.0,43.23694153836364,6.535769967137377,-1.689298282607049,7.8056248762060605,25.788659490107072,0.0,0.0,0.0,37.380942983199,32.73569201238788,43.82221874706767,266.640625,265.52237373980006,1.0
5,LOCKED,PARTIAL,4355.412,41.6318698799,50.375,50.375,0.0,12.0,0.0,14.5098039216,18.1595806639,74.8974609375,78.9191499727,124.7072293105,No,On,266.640625,265.5223737398,149.0,TRACTION,41.642433190168006,8.242810457506,8.79424497079131,10.341212580084,23.071453904485,0.0,0.0,0.0,45.209571457721005,34.512898889865,64.534921445678,266.640625,265.52237373980006,1.0,41.07753145873839,14.77916419092929,0.3300983692839003,16.635942025570706,146.9339845588505,0.0,0.0,0.0,85.3682694969606,86.03053886294951,166.57691066566463,266.640625,265.52237373980006,1.0
5,PARTIAL,LOCKED,4355.422,41.6318698799,49.7862903226,49.7862903226,0.0,12.0,0.0,14.5098039216,17.9654436032,75.5322265625,80.7035745274,126.1365521051,No,On,266.640625,265.5223737398,149.0,TRACTION,41.637586494869,8.325163398683001,8.794244970791308,10.452220151429001,23.513953904485003,0.0,0.0,0.0,45.67364114139,35.014441151374,65.381534806495,266.640625,265.52237373980006,1.0,41.07064741910601,14.784313725489996,0.32679738559106125,16.627183071243,148.26033019713302,0.0,0.0,0.0,85.51027952099702,86.11232636605702,167.211463656817,266.640625,265.52237373980006,1.0
5,LOCKED,PARTIAL,4355.432,41.6318698799,54.3125,54.3125,0.0,12.0,0.0,14.5098039216,17.7713065424,76.1669921875,84.4508660922,127.5658748998,No,On,266.640625,265.5223737398,149.0,TRACTION,41.634106816191995,8.40751633986,8.794244970791308,10.561286352167,23.951171646421002,0.0,0.0,0.0,46.144161551338,35.53382765843,66.242703392577,266.640625,265.52237373980006,1.0,41.064978505360614,14.787086551791917,0.3300983692839003,16.61562626850404,149.20929817892224,0.0,0.0,0.0,85.60465616072929,86.12910879306568,167.61192414931213,266.640625,265.52237373980006,1.0
5,PARTIAL,OPEN,4355.502,41.6194424561,126.25,126.25,0.0,12.0,0.0,14.5098039216,16.4705882353,80.6103515625,83.8285480288,137.5711344623,No,On,266.640625,265.5223737398,149.0,TRACTION,41.6318698799,8.983986928099,8.794244970791308,11.266508639102003,29.282688783519003,0.0,0.0,0.0,49.620169763626,39.44149438015901,72.68231286602,266.640625,265.52237373980006,1.0,41.02106199796801,14.815686274505998,0.32679738559106125,16.612389827210002,154.58232761587598,0.0,0.0,0.0,86.25294210166001,86.38700110290702,170.88106242665899,266.640625,265.52237373980006,1.0
5,OPEN,PARTIAL,4360.282,41.0104986877,119.875,119.875,0.0,12.0,0.0,12.1568627451,11.7647058824,70.8600164567,72.0275536404,124.4080155437,No,On,266.640625,265.5223737398,149.0,TRACTION,41.01049868770001,14.063197586698,-4.384972325972109,15.852863984438997,266.965347342387,0.0,0.0,0.0,89.215960691179,91.47018844575301,198.05376863111098,266.640625,265.52237373980006,1.0,41.00250962951301,12.156862745099998,0.0,12.708030897212,105.495966110178,0.0,0.0,0.0,66.716981760925,64.806447342521,120.415500434354,266.640625,265.52237373980006,1.0
5,PARTIAL,OPEN,4360.292,41.0104986877,120.1875,120.1875,0.0,12.0,0.0,12.1568627451,11.8588235294,70.7699913293,71.7933479176,124.328019649,No,On,266.640625,265.5223737398,149.0,TRACTION,41.01049868770001,14.016138763169,-4.384972325972108,15.766589474635998,264.540347342387,0.0,0.0,0.0,88.792512010025,91.04581511113301,196.651116718632,266.640625,265.52237373980006,1.0,40.99629591759001,12.156862745099998,0.0,12.7268956229,105.290381432759,0.0,0.0,0.0,66.65432932691401,64.729479163394,120.34494405521498,266.640625,265.52237373980006,1.0
5,OPEN,PARTIAL,4360.303,41.0104986877,119.5992647059,119.5992647059,0.0,12.0,0.0,12.1568627451,11.7647058824,70.6709636891,71.1747474053,124.2400241648,No,On,266.640625,265.5223737398,149.0,TRACTION,41.01049868770001,13.96907993964,-4.384972325972109,15.681020847184998,262.115034842387,0.0,0.0,0.0,88.37312946977099,90.62191018795902,195.24750310112003,266.640625,265.52237373980006,1.0,40.990325880645,12.156862745099998,0.0,12.745562289566001,105.08563878570001,0.0,0.0,0.0,66.59265767344802,64.674162002198,120.275267630918,266.640625,265.52237373980006,1.0
5,PARTIAL,OPEN,4366.033,39.7677563032,123.875,123.875,0.0,12.0,0.0,16.0784313725,18.831372549,85.7505517302,82.2262834807,158.9969729977,No,On,266.640625,265.5223737398,149.0,TRACTION,39.7677563032,12.779009552536003,3.8443827413716063,13.293229770013998,101.976796051889,0.0,0.0,0.0,68.64858394677599,66.14637253894298,126.272583348035,266.640625,265.52237373980006,1.0,39.486237109997,15.878431372523005,-0.3565062388045034,17.762896477879,207.78830919372402,0.0,0.0,0.0,96.279086177444,95.68885756268499,203.591403879658,266.640625,265.52237373980006,1.0
5,OPEN,PARTIAL,4484.881,43.4959834566,118.9435483871,118.9435483871,0.0,12.0,0.0,10.5882352941,11.3725490196,66.4429941209,64.6058345133,106.9000574546,No,On,266.640625,265.5223737398,152.6,TRACTION,43.118215133831,12.952036199090005,-3.2520747226785307,14.94041117725,145.746405279576,0.0,0.0,0.0,74.686751198899,76.364240634875,137.75875901947,266.640625,265.52237373980006,1.0,43.773027137692935,9.957493486890911,-0.619888868903735,11.65578108973737,81.6947281130606,0.0,0.0,0.0,57.28135718580303,56.14010927075354,98.15695497878482,266.640625,265.52237373980006,1.0
5,PARTIAL,LOCKED,4489.641,45.9814682256,49.5,49.5,20.8310459672,12.0,0.0,8.6274509804,11.3725490196,55.4291590571,49.7854450762,79.9797895591,No,On,266.640625,265.5223737398,152.6,TRACTION,45.827343802411995,9.341176470583001,-1.1051693404503107,12.039871332228001,64.73396420375299,21.067475693330998,0.0,0.0,55.48107531845299,54.47579665940799,87.17619648315699,266.640625,265.52237373980006,1.0,45.98492669234646,8.6274509804,0.0,11.200292823898991,44.44528853292223,21.744470080221213,0.0,0.0,52.815220212036365,50.77466740970001,81.9387719465293,266.640625,265.52237373980006,1.0
5,LOCKED,PARTIAL,4489.953,45.9814682256,50.875,50.875,21.175510609,12.0,0.0,8.6274509804,10.5098039216,53.8002020766,49.4512372273,81.2090598079,No,On,266.640625,265.5223737398,152.6,TRACTION,45.9814682256,8.968112497530301,-1.116332667121526,11.607995630220202,58.05805319003738,21.09778152989091,0.0,0.0,55.54660607853939,52.7754795178697,83.18324530375453,266.640625,265.52237373980006,1.0,46.02518301923501,8.6274509804,0.0,11.384430215572998,37.372554985631005,22.223526175004004,0.0,0.0,51.180892614383,49.863776804878,83.02752716185401,266.640625,265.52237373980006,1.0
5,PARTIAL,LOCKED,4490.082,45.9814682256,48.75,48.75,21.5471698277,12.0,0.0,8.6274509804,11.6598718695,53.1266910173,47.8701627208,81.7173157762,No,On,266.640625,265.5223737398,152.6,TRACTION,45.981468225600004,8.831372549029,-0.7130124777588703,11.480522040437002,56.38395035044099,21.060448243983,0.0,0.0,55.309490371283,51.50099880981401,82.22983456054,266.640625,265.52237373980006,1.0,46.073277149510005,8.6274509804,0.0,11.390185716612,31.803252963393003,22.445134345428997,0.0,0.0,50.508595470844995,50.754353359721996,83.43146115064101,266.640625,265.52237373980006,1.0
5,LOCKED,PARTIAL,4492.103,46.6028394178,56.4482758621,56.4482758621,22.8236152848,12.0,0.0,14.1176470588,20.0588235294,96.8825626052,93.9944732965,184.5380497492,No,On,266.640625,265.5223737398,152.6,TRACTION,46.602839417800006,10.014492010927272,5.2560168424436,13.822447342770706,13.245923459629292,22.481111722347478,0.0,0.0,67.04408614040202,55.61679108334747,118.39560262762123,266.640625,265.52237373980006,1.0,46.602839417800006,15.628054298611003,2.6285479226396102,21.900601507212006,96.89595854491401,28.566149322025,0.0,0.0,116.82932863718199,118.85249241436101,265.57963901875996,266.640625,265.52237373980006,1.0
5,PARTIAL,LOCKED,4493.172,46.6028394178,48.875,48.875,40.7193465992,12.0,0.0,17.2549019608,25.0029708853,137.3838599172,137.8257802949,360.9809126804,No,On,266.640625,265.5223737398,152.6,TRACTION,46.602839417800006,15.804524886847,3.0207047854310507,22.165171493623003,95.38479400919199,29.54544078885,0.0,0.0,119.035175224963,121.08881726665503,275.51197240265793,266.640625,265.52237373980006,1.0,47.094737143218005,18.109803921565995,1.274509803905135,27.139375129676004,19.704378232118998,42.276304412766,0.0,0.0,165.10435296486298,172.02493074024497,399.79973825861487,266.640625,265.52237373980006,1.0
5,LOCKED,PARTIAL,4499.482,50.3310665712,52.75,52.75,24.1417024378,12.0,0.0,10.5882352941,10.5411764706,118.0911680354,94.5923456448,253.4216056006,No,On,266.640625,265.5223737398,152.6,TRACTION,50.26175978437799,15.961890397203002,-7.260589809595151,23.915215686246007,11.34506102179,40.935902667648996,0.0,0.0,168.58895424782898,178.29939351924196,376.924165435879,266.640625,265.52237373980006,1.0,50.329170862477966,10.040988146659327,-1.8775582085014593,15.711280420166101,55.55615855725424,20.468221873399994,0.0,0.0,91.43023797730167,61.78960854014915,163.9707588983508,266.640625,265.5223737398,1.0
5,PARTIAL,LOCKED,4499.533,50.3310665712,49.703125,49.703125,23.4893158671,12.0,0.0,10.5882352941,11.7019607843,112.4293192076,79.2879310473,237.4519752417,No,On,266.640625,265.5223737398,152.6,TRACTION,50.29871857595756,15.564595172454544,-7.333929100601162,22.9999603881697,13.366345443971717,39.794507577250506,0.0,0.0,164.36095469041413,173.1476906290404,367.71558209727266,266.640625,265.52237373980006,1.0,50.3289953338926,9.990317114488892,-2.0514061907701127,16.12812011048704,55.96328681375001,20.172333676238882,0.0,0.0,89.28029222693702,59.50497072072222,156.5870721868629,266.640625,265.52237373979995,1.0
5,LOCKED,PARTIAL,4499.832,50.3310665712,52.75,52.75,19.752327747,12.0,0.0,9.8039215686,17.7713065424,83.5910242327,84.9694644785,143.8261031375,No,On,266.640625,265.5223737398,152.6,TRACTION,50.33106657119998,13.252086475621995,-8.132049504593743,19.572542654253997,19.630069450562,32.456517126367,0.0,0.0,135.295561490596,138.699090650109,299.599876655262,266.640625,265.52237373980006,1.0,50.32640628725833,9.700435729833332,-0.9845818667386221,15.240309325050001,88.90371983806249,18.547718454579165,0.0,0.0,81.29208885318333,36.9627437118375,115.92698764291667,266.640625,265.5223737398,1.0
5,PARTIAL,LOCKED,4516.261,44.1173546489,42.875,42.875,0.0,12.0,0.0,13.3333333333,14.1176470588,79.4204878132,82.3188505045,147.2655206381,No,On,266.640625,265.5223737398,150.8,TRACTION,,,,,,,,,,,,,,,44.11735464889999,13.190730837772733,-0.44013115903408107,15.532497107687876,106.32193253095555,0.0,0.0,0.0,77.41379017857373,77.00175660321314,150.91273187016867,266.640625,265.52237373980006,1.0
5,LOCKED,PARTIAL,4516.362,44.1173546489,62.75,62.75,0.0,12.0,0.0,13.3333333333,14.9098039216,78.7027675654,80.0254931966,148.8640995453,No,On,266.640625,265.5223737398,150.8,TRACTION,44.1173546489,13.3333333333,43.57298474881845,14.495686274510001,40.29754032258,0.0,0.0,0.0,79.09218409585999,80.72792448745,147.99675178181002,266.640625,265.5223737398,1.0,44.11735464889999,13.1511190334596,-0.44013115903408107,15.601038611957575,112.9879773881293,0.0,0.0,0.0,77.17094009107879,76.7583846759909,150.83036798700707,266.640625,265.52237373980006,1.0
5,PARTIAL,OPEN,4516.852,44.1173546489,121.359375,121.359375,0.0,12.0,0.0,13.3333333333,15.5238661121,77.0857396619,76.7064635248,152.412802323,No,On,266.640625,265.5223737398,150.8,TRACTION,44.11735464889999,13.333333333299999,7.3852516523421095,15.662152303250847,93.77032460247119,0.0,0.0,0.0,77.81925757692032,78.49373629007967,151.35832682849153,266.640625,265.5223737398,1.0,44.11735464889999,12.956862745108005,-0.43572984744374027,15.155864018865001,119.442726291573,0.0,0.0,0.0,76.595497305041,75.05753417308901,147.08801734018002,266.640625,265.52237373980006,1.0
5,OPEN,PARTIAL,4517.113,44.1173546489,118.0,118.0,0.0,12.0,0.0,12.9411764706,15.2941176471,76.8165746228,73.7673901118,149.5055185113,No,On,266.640625,265.5223737398,150.8,TRACTION,44.11735464889999,13.236447520162363,4.613610149927181,15.557918776628231,104.24868991144942,0.0,0.0,0.0,77.55537102729295,77.40939683568,151.25405129686473,266.640625,265.52237373980006,1.0,44.06022355091499,12.941176470600006,0.0,15.304153696637,114.58127373606399,0.0,0.0,0.0,76.38279490623201,75.087601450922,145.24696037313802,266.640625,265.52237373980006,1.0
5,PARTIAL,OPEN,4517.422,44.1173546489,121.0,121.0,0.0,12.0,0.0,12.9411764706,14.9019607843,76.4979079674,77.916526426,146.0635618146,No,On,266.640625,265.5223737398,150.8,TRACTION,44.11735464889999,13.129411764696005,-0.43572984744374027,15.586510506821996,115.22913592069901,0.0,0.0,0.0,77.066879999007,76.685779173532,150.63957419250198,266.640625,265.52237373980006,1.0,43.94343112885199,12.941176470600006,0.0,15.234932973474997,117.953383901702,0.0,0.0,0.0,76.167312649536,74.61740998199801,144.03748575140102,266.640625,265.52237373980006,1.0
5,OPEN,PARTIAL,4517.632,44.1173546489,119.2416666667,119.2416666667,0.0,12.0,0.0,12.9411764706,14.9019607843,76.3481717375,77.4440256741,143.8246191091,No,On,266.640625,265.5223737398,150.8,TRACTION,44.11735464889999,13.047058823529005,-0.43572984744374027,15.396516448583998,118.719587202671,0.0,0.0,0.0,76.806682190507,76.85112497985601,149.283468700987,266.640625,265.52237373980006,1.0,43.812943178469,12.941176470600006,0.0,15.286456949407999,116.781584043239,0.0,0.0,0.0,76.02572396308898,74.268423457158,143.8246191091,266.640625,265.52237373980006,1.0
5,PARTIAL,OPEN,4518.144,44.1173546489,120.0,120.0,0.0,12.0,0.0,12.9411764706,14.9019607843,76.0353662634,78.550368898,143.8246191091,No,On,266.640625,265.5223737398,150.8,TRACTION,44.059057610139796,12.941176470600004,0.0,15.300356913333673,114.51084080517144,0.0,0.0,0.0,76.36670772497652,75.14708312084795,145.10856147897857,266.640625,265.52237373980006,1.0,43.55876090581188,12.941176470600006,0.0,15.091743792908908,118.42062121786734,0.0,0.0,0.0,75.45973746729207,74.53123845196137,143.73505070203268,266.640625,265.52237373980006,1.0
5,OPEN,PARTIAL,4518.145,44.1173546489,119.7580645161,119.7580645161,0.0,12.0,0.0,12.9411764706,14.9019607843,76.0347553152,78.550368898,143.8246191091,No,On,266.640625,265.5223737398,150.8,TRACTION,44.05964646911717,12.941176470600004,0.0,15.296332710010098,114.56628685764446,0.0,0.0,0.0,76.36336084152624,75.1814597448596,145.09559236413133,266.640625,265.52237373980006,1.0,43.553174968381,12.941176470600006,0.0,15.093641622994996,118.407246784885,0.0,0.0,0.0,75.45398728881298,74.49104714750099,143.73415501796202,266.640625,265.52237373980006,1.0
5,PARTIAL,OPEN,4518.162,44.1173546489,120.546875,120.546875,0.0,12.0,0.0,12.9411764706,14.9019607843,76.024369196,78.550368898,143.8246191091,No,On,266.640625,265.5223737398,150.8,TRACTION,44.060223550915,12.941176470600006,0.0,15.288467422125,114.639645494444,0.0,0.0,0.0,76.35260571460998,75.254763061505,145.03030646456503,266.640625,265.52237373980006,1.0,43.540747544534995,12.941176470600006,0.0,15.101484760250996,118.227536099402,0.0,0.0,0.0,75.42470023088899,74.412651428732,143.726368745053,266.640625,265.52237373980006,1.0
5,OPEN,PARTIAL,4518.422,43.4959834566,119.5,119.5,0.0,12.0,0.0,12.9411764706,15.2941176471,75.8655226662,74.0212763251,143.8246191091,No,On,266.640625,265.5223737398,150.8,TRACTION,43.949644840774994,12.941176470600006,0.0,15.231011404847,117.96838390170201,0.0,0.0,0.0,76.173636502548,74.656362483007,144.05987517845602,266.640625,265.52237373980006,1.0,43.495983456599994,12.941176470600006,0.0,15.176425936733995,116.67476243727498,0.0,0.0,0.0,74.99646857464,74.22338172943499,143.595773543088,266.640625,265.52237373980006,1.0
5,PARTIAL,OPEN,4518.423,43.4959834566,121.46875,121.46875,0.0,12.0,0.0,12.9411764706,15.2941176471,75.864911718,74.0558495509,143.8246191091,No,On,266.640625,265.5223737398,150.8,TRACTION,43.94343112885199,12.941176470600006,0.0,15.234932973474997,117.953383901702,0.0,0.0,0.0,76.167312649536,74.61740998199801,144.03748575140102,266.640625,265.52237373980006,1.0,43.4959834566,12.941176470600004,0.0,15.175237131578783,116.62633832047979,0.0,0.0,0.0,74.98769642167677,74.22507397366263,143.59346197171413,266.640625,265.52237373980006,1.0
5,OPEN,PARTIAL,4518.442,43.4959834566,119.2379032258,119.2379032258,0.0,12.0,0.0,12.9411764706,15.2941176471,75.8533037023,74.493777077,143.8246191091,No,On,266.640625,265.5223737398,150.8,TRACTION,43.935397848929284,12.941176470600004,0.0,15.242257509353532,117.9254531735808,0.0,0.0,0.0,76.15789191158586,74.56124328692829,143.9977802138687,266.640625,265.52237373980006,1.0,43.495983456599994,12.941176470600006,0.0,15.176425936733995,116.64664751791999,0.0,0.0,0.0,74.95981087193199,74.21300976171,143.583462052626,266.640625,265.52237373980006,1.0
5,PARTIAL,OPEN,4519.231,43.4959834566,120.625,120.625,0.0,12.0,0.0,12.9411764706,15.2941176471,74.4212625794,73.5438864302,143.3753181491,No,On,266.640625,265.5223737398,150.8,TRACTION,43.504352946129,12.941176470600006,0.0,15.125014172018997,117.74746301472501,0.0,0.0,0.0,75.33374311599,74.167932786687,143.70107744907997,266.640625,265.52237373980006,1.0,43.4959834566,12.941176470600004,0.0,15.294117647099995,118.59992223976668,0.0,0.0,0.0,72.8499599914293,74.36569593449698,139.74289228902424,266.640625,265.52237373980006,1.0
5,OPEN,PARTIAL,4519.242,43.4959834566,118.8830645161,118.8830645161,0.0,12.0,0.0,12.9411764706,15.2941176471,74.4003244174,73.436604663,143.3664609618,No,On,266.640625,265.5223737398,150.8,TRACTION,43.50029501181199,12.941176470600006,0.0,15.128935740646998,117.697463014725,0.0,0.0,0.0,75.31813971355798,74.138924171754,143.69658443948,266.640625,265.52237373980006,1.0,43.495983456599994,12.941176470600006,0.0,15.294117647099995,118.65122140446601,0.0,0.0,0.0,72.79612543709601,74.37751129455,139.55953678851898,266.640625,265.52237373980006,1.0
5,PARTIAL,OPEN,4519.253,43.4959834566,120.25,120.25,0.0,12.0,0.0,12.9411764706,15.2941176471,74.3793862553,73.7562149277,143.3576037744,No,On,266.640625,265.5223737398,150.8,TRACTION,43.4959834566,12.941176470600004,0.0,15.135189597406058,117.56242191125658,0.0,0.0,0.0,75.29565069266464,74.11649018740303,143.69066329991514,266.640625,265.52237373980006,1.0,43.495983456599994,12.941176470600006,0.0,15.294117647099995,118.66254952946602,0.0,0.0,0.0,72.761084159255,74.39226253753601,139.447352878962,266.640625,265.52237373980006,1.0
5,OPEN,PARTIAL,4519.261,43.4959834566,116.75,116.75,0.0,12.0,0.0,12.9411764706,15.2941176471,74.3641585011,73.6701660103,143.3511621835,No,On,266.640625,265.5223737398,150.8,TRACTION,43.495983456599994,12.941176470600006,0.0,15.136778877902996,117.58929769214402,0.0,0.0,0.0,75.28648804829099,74.112887434806,143.68733270466,266.640625,265.52237373980006,1.0,43.4959834566,12.941176470600004,0.0,15.294117647099995,118.68186821158183,0.0,0.0,0.0,72.74489148913536,74.39955644185153,139.40792046174442,266.640625,265.52237373980006,1.0
5,PARTIAL,OPEN,4519.301,43.4959834566,120.375,120.375,0.0,12.0,0.0,12.9411764706,15.2941176471,74.2880197299,74.1710936367,143.3189542294,No,On,266.640625,265.5223737398,150.8,TRACTION,43.495983456599994,12.941176470600006,0.0,15.152465152414996,117.306708646445,0.0,0.0,0.0,75.221734269151,74.115595794741,143.66789520434898,266.640625,265.52237373980006,1.0,43.495983456599994,12.941176470600006,0.0,15.294117647099995,118.74765369613301,0.0,0.0,0.0,72.582803865449,74.442835112109,138.86297296125403,266.640625,265.52237373980006,1.0
5,OPEN,PARTIAL,4519.392,43.4959834566,118.875,118.875,0.0,12.0,0.0,12.9411764706,15.2941176471,74.1148040254,73.0900297606,143.2456811338,No,On,266.640625,265.5223737398,150.8,TRACTION,43.495983456599994,12.941176470600006,0.0,15.176072995556996,116.81709005824197,0.0,0.0,0.0,75.068323451049,74.23057469524899,143.619406129423,266.640625,265.52237373980006,1.0,43.495983456599994,12.941176470600006,0.0,15.294117647099995,118.666603308971,0.0,0.0,0.0,72.239736855721,74.25874123537399,137.712060057966,266.640625,265.52237373980006,1.0
5,PARTIAL,OPEN,4519.612,43.4959834566,120.375,120.375,0.0,12.0,0.0,12.9411764706,15.2941176471,73.3565818436,75.9038223624,142.7072674949,No,On,266.640625,265.5223737398,150.8,TRACTION,43.495983456599994,12.941176470600006,0.0,15.195490196104995,116.66706355072698,0.0,0.0,0.0,74.62951502277001,73.959983788404,143.470962793541,266.640625,265.52237373980006,1.0,43.4959834566,12.788163180329295,-3.255303413833897,15.048634275227272,118.80955699382828,0.0,0.0,0.0,70.11367304797373,73.64994359538181,134.1048055138313,266.640625,265.52237373980006,1.0
5,OPEN,PARTIAL,4519.642,43.4959834566,119.125,119.125,0.0,12.0,0.0,12.9411764706,15.2941176471,73.2402698106,76.6810303473,142.2118899319,No,On,266.640625,265.5223737398,150.8,TRACTION,43.4959834566,12.941176470600004,0.0,15.210338680955552,116.74059729586261,0.0,0.0,0.0,74.55176748227373,73.97646010101919,143.42869434772524,266.640625,265.52237373980006,1.0,43.495983456599994,12.660935143297,-3.785568099352801,14.850019590227996,118.584034508568,0.0,0.0,0.0,69.503765369601,73.389634167122,133.106609649005,266.640625,265.52237373980006,1.0
5,PARTIAL,OPEN,4519.673,43.4959834566,120.0,120.0,0.0,12.0,0.0,12.9411764706,15.2941176471,73.1200807097,76.7064635248,141.6999997835,No,On,266.640625,265.5223737398,150.8,TRACTION,43.495983456599994,12.941176470600006,0.0,15.219019607872998,116.76932035516198,0.0,0.0,0.0,74.49197893184,74.01145764540401,143.37915281854,266.640625,265.52237373980006,1.0,43.495443133824004,12.555052790356,-3.7855680993528016,14.645028502881999,118.33762321824501,0.0,0.0,0.0,68.966227935643,73.099219070846,132.17169994560402,266.640625,265.52237373980006,1.0
5,OPEN,PARTIAL,4519.681,43.4959834566,119.8306451613,119.8306451613,0.0,12.0,0.0,12.9411764706,15.2941176471,73.0890641676,76.6327073099,141.5678991001,No,On,266.640625,265.5223737398,150.8,TRACTION,43.495983456599994,12.941176470600006,0.0,15.222941176500994,116.80057035516198,0.0,0.0,0.0,74.468345754562,74.012149109919,143.357906625284,266.640625,265.52237373980006,1.0,43.493822165497,12.519758672709,-3.785568099352801,14.569092674004994,118.24544579889002,0.0,0.0,0.0,68.779343811347,72.991701543343,131.843506593803,266.640625,265.52237373980006,1.0
5,PARTIAL,OPEN,4519.693,43.4959834566,120.314516129,120.314516129,0.0,12.0,0.0,12.9411764706,15.2941176471,73.0425393543,76.3376824502,141.3697480749,No,On,266.640625,265.5223737398,150.8,TRACTION,43.4959834566,12.941176470600004,0.0,15.230144583117166,116.82319749136666,0.0,0.0,0.0,74.43446508442322,74.0030624447505,143.33063307249594,266.640625,265.52237373980006,1.0,43.49071530953601,12.484464555061999,-3.7855680993528016,14.478896595572996,118.14984096018101,0.0,0.0,0.0,68.587139089595,72.86631597796601,131.50383068946502,266.640625,265.52237373980006,1.0
5,OPEN,PARTIAL,4519.831,43.4959834566,117.625,117.625,0.0,12.0,0.0,12.9411764706,15.2941176471,72.5075040021,73.7562149277,139.0910112853,No,On,266.640625,265.5223737398,150.8,TRACTION,43.495983456599994,12.941176470600006,0.0,15.281215686312994,117.41720257962501,0.0,0.0,0.0,74.090557529338,74.082669635915,142.853419499193,266.640625,265.52237373980006,1.0,43.433530373229296,11.83496605066162,-5.872185808905527,13.31939296130606,116.14691622118082,0.0,0.0,0.0,65.57573856905556,69.81865611024344,125.9922224961101,266.640625,265.52237373980006,1.0
5,PARTIAL,OPEN,4520.142,43.4959834566,120.5,120.5,0.0,12.0,0.0,12.9411764706,15.2941176471,71.3017359258,74.493777077,133.9555972161,No,On,266.640625,265.5223737398,150.8,TRACTION,43.495983456599994,12.941176470600006,0.0,15.294117647099995,117.98066772503101,0.0,0.0,0.0,73.168935839754,74.372879473648,140.69035012575202,266.640625,265.52237373980006,1.0,43.305583681181,9.698969331327,-8.355551492868676,10.439130113026001,93.834972879166,0.0,0.0,0.0,54.89496537769901,58.371186005668996,105.254754483525,266.640625,265.52237373980006,1.0
5,OPEN,PARTIAL,4520.174,43.4959834566,119.375,119.375,0.0,12.0,0.0,12.9411764706,15.2941176471,71.1776697572,74.1365204109,133.4271944823,No,On,266.640625,265.5223737398,150.8,TRACTION,43.4959834566,12.941176470600004,0.0,15.294117647099995,118.30537011570406,0.0,0.0,0.0,73.05483052483132,74.36016817375253,140.3701969436303,266.640625,265.52237373980006,1.0,43.28694254541499,9.454198089496,-8.68664015733587,10.133247760084002,91.02615483481101,0.0,0.0,0.0,53.630851674810984,57.012967538305,102.741482170943,266.640625,265.52237373980006,1.0
5,PARTIAL,OPEN,4520.201,43.4959834566,120.0,120.0,0.0,12.0,0.0,12.9411764706,15.2941176471,71.0729889274,73.8156957462,132.9813546757,No,On,266.640625,265.5223737398,150.8,TRACTION,43.495983456599994,12.941176470600006,0.0,15.294117647099995,118.44189302745,0.0,0.0,0.0,72.968504671416,74.350456939933,140.096951620355,266.640625,265.52237373980006,1.0,43.26830140964899,9.195374560083998,-9.122370004779608,9.827365407142002,88.141556800536,0.0,0.0,0.0,52.32479868674699,55.607108652882005,100.13698106508099,266.640625,265.52237373980006,1.0
5,OPEN,PARTIAL,4520.213,43.4959834566,119.8790322581,119.8790322581,0.0,12.0,0.0,12.9411764706,15.2941176471,71.0264641142,73.9227612195,132.7832036505,No,On,266.640625,265.5223737398,150.8,TRACTION,43.4959834566,12.941176470600004,0.0,15.294117647099995,118.55072054540405,0.0,0.0,0.0,72.91906728197372,74.35069373234344,139.95844874413334,266.640625,265.52237373980006,1.0,43.26208769772699,9.10910005028,-9.122370004779608,9.725757564004002,87.157968090858,0.0,0.0,0.0,51.87871603089899,55.130905220049996,99.24546363105897,266.640625,265.52237373980006,1.0
5,PARTIAL,OPEN,4520.222,43.4959834566,120.1451612903,120.1451612903,0.0,12.0,0.0,12.9411764706,15.2941176471,70.9915705043,74.493777077,132.6345903816,No,On,266.640625,265.5223737398,150.8,TRACTION,43.495983456599994,12.941176470600006,0.0,15.294117647099995,118.56400366253101,0.0,0.0,0.0,72.90014125029599,74.34641440721501,139.886696293197,266.640625,265.52237373980006,1.0,43.25587398580499,9.022825540476,-9.122370004779606,9.625208544396001,86.160266477955,0.0,0.0,0.0,51.428248437487,54.640426390780995,98.344416278352,266.640625,265.52237373980006,1.0
5,OPEN,PARTIAL,4520.262,43.4959834566,119.625,119.625,0.0,12.0,0.0,12.9411764706,15.2941176471,70.8364877935,75.0699975061,131.9740869643,No,On,266.640625,265.5223737398,150.8,TRACTION,43.4959834566,12.941176470600004,0.0,15.294117647099995,118.68186821158183,0.0,0.0,0.0,72.74489148913536,74.39955644185153,139.40792046174442,266.640625,265.52237373980006,1.0,43.231019138117,8.672171945705001,-9.2501180736683,9.234659524786002,82.00859057069701,0.0,0.0,0.0,49.57818252131399,52.64578175332898,94.635562887853,266.640625,265.52237373980006,1.0
5,PARTIAL,OPEN,4520.272,43.4959834566,120.2109375,120.2109375,0.0,12.0,0.0,12.9411764706,15.2941176471,70.7977171158,75.1944611188,131.80896111,No,On,266.640625,265.5223737398,150.8,TRACTION,43.495983456599994,12.941176470600006,0.0,15.294117647099995,118.69129952946601,0.0,0.0,0.0,72.72580745217901,74.406260852494,139.33358212676998,266.640625,265.52237373980006,1.0,43.228342730859595,8.629050687877779,-9.34355360976596,9.17345287708586,81.62270827848184,0.0,0.0,0.0,49.363843788036355,52.41801731529393,94.26007401692222,266.640625,265.52237373980006,1.0
5,OPEN,PARTIAL,4520.282,43.4959834566,119.625,119.625,0.0,12.0,0.0,12.9411764706,15.2941176471,70.7589464381,74.8625581516,131.6438352557,No,On,266.640625,265.5223737398,150.8,TRACTION,43.4959834566,12.941176470600004,0.0,15.294117647099995,118.73450394390507,0.0,0.0,0.0,72.67382982706263,74.42314899781111,139.17666475337674,266.640625,265.52237373980006,1.0,43.21859171427299,8.491779788843,-9.44074988190836,9.046620309099,79.941324945697,0.0,0.0,0.0,48.623127667193,51.60559309573799,92.715767392814,266.640625,265.52237373980006,1.0
5,PARTIAL,OPEN,4520.331,43.4959834566,120.375,120.375,0.0,12.0,0.0,12.9411764706,15.2941176471,70.5689701174,73.7562149277,130.8347185696,No,On,266.640625,265.5223737398,150.8,TRACTION,43.495983456599994,12.941176470600006,0.0,15.294117647099995,118.72545207322301,0.0,0.0,0.0,72.510136597037,74.425894231493,138.618177487599,266.640625,265.52237373980006,1.0,43.187523154663,8.040799396688001,-9.440749881908362,8.598733342545003,74.74741265468299,0.0,0.0,0.0,46.156299218931,48.962687588013,87.73492844906997,266.640625,265.52237373980006,1.0
5,OPEN,PARTIAL,4520.392,43.4959834566,119.0,119.0,0.0,12.0,0.0,12.9411764706,15.2941176471,69.6016460561,70.461770661,129.8274508582,No,On,266.640625,265.5223737398,150.8,TRACTION,43.495983456599994,12.941176470600006,0.0,15.294117647099995,118.665353308971,0.0,0.0,0.0,72.284868435414,74.28502382637001,137.84624236072202,266.640625,265.52237373980006,1.0,43.15024088313099,7.499622926102002,-9.44074988190836,8.099194703558,67.841488598439,0.0,0.0,0.0,43.202591129396,45.89682612400299,81.408642865733,266.640625,265.52237373980006,1.0
5,PARTIAL,OPEN,4520.452,43.4959834566,121.875,121.875,0.0,12.0,0.0,12.9411764706,15.1349252572,66.4457302807,71.8201142859,128.8366957323,No,On,266.640625,265.5223737398,150.8,TRACTION,43.495983456599994,12.941176470600006,0.0,15.291632692720999,118.67845814767999,0.0,0.0,0.0,71.93841836323101,74.139370667768,137.01758746432,266.640625,265.52237373980006,1.0,43.115366150459586,6.989121989132323,-9.536110991826629,7.621150040165657,61.339082803489895,0.0,0.0,0.0,40.58587164657071,43.019416886349475,75.28452442112524,266.640625,265.52237373980006,1.0
5,OPEN,PARTIAL,4520.482,43.4959834566,119.625,119.625,0.0,12.0,0.0,12.5490196078,15.0184430208,64.867772393,71.6126749314,128.3413181694,No,On,266.640625,265.5223737398,150.8,TRACTION,43.495983456599994,12.941176470600006,0.0,15.285614443835996,118.806878006551,0.0,0.0,0.0,71.696814460579,74.091711999913,136.58172479252903,266.640625,265.52237373980006,1.0,43.094317475832995,6.691779788851002,-9.005020034353509,7.3477643125359995,57.808239858519,0.0,0.0,0.0,39.048016901637,41.147680545541,71.21867352759699,266.640625,265.52237373980006,1.0
5,PARTIAL,OPEN,4520.493,43.4959834566,120.1171875,120.1171875,0.0,12.0,0.0,12.5490196078,14.9019607843,64.2891878342,71.5435284799,128.1596797296,No,On,266.640625,265.5223737398,150.8,TRACTION,43.4959834566,12.937215290167678,-0.4401311591463145,15.282743960709086,118.82895790821415,0.0,0.0,0.0,71.58451300829495,74.09277410688686,136.36540831249192,266.640625,265.52237373980006,1.0,43.088103763910986,6.605505279048001,-9.005020034353509,7.253646665477,56.90593895126101,0.0,0.0,0.0,38.61152295482599,40.602479363261,70.070826649133,266.640625,265.52237373980006,1.0
5,OPEN,PARTIAL,4520.502,43.4959834566,119.625,119.625,0.0,12.0,0.0,12.5490196078,14.9407881965,63.8158004679,71.5435284799,128.0110664608,No,On,266.640625,265.5223737398,150.8,TRACTION,43.4959834566,12.933254109735353,-0.4401311591463145,15.278782780276766,118.84887736487778,0.0,0.0,0.0,71.48857615443738,74.07414880008686,136.21391099199496,266.640625,265.52237373980006,1.0,43.08189005198899,6.519230769245001,-9.005020034353509,7.161121334512,56.06906395126099,0.0,0.0,0.0,38.179477309504996,40.060371183542,68.924752954572,266.640625,265.52237373980006,1.0
5,PARTIAL,LOCKED,4520.952,43.3438109197,46.25,46.25,0.0,12.0,0.0,6.2745098039,6.8784313725,40.1464321524,40.613502865,75.5780092301,No,On,266.640625,265.5223737398,150.8,TRACTION,43.374586318022004,11.110734037214,-7.091934935178645,12.390434325806002,110.788644754167,0.0,0.0,0.0,62.198089318308995,65.775558043074,119.56750428965101,266.640625,265.52237373980006,1.0,42.92519187944599,4.345751634019001,-2.348814946729716,6.104130223634001,29.451786725884002,0.0,0.0,0.0,23.856307726201,22.642334944173005,29.193614731950007,266.640625,265.52237373980006,1.0
5,LOCKED,PARTIAL,4521.554,42.8746122644,-53.625,53.625,0.0,12.0,0.0,3.9215686275,5.4901960784,20.4430656559,17.332710508,13.5727382757,No,On,266.640625,265.5223737398,150.8,TRACTION,43.0526013835707,6.13020603218283,-8.412442805367995,6.743061755991919,52.47995727400101,0.0,0.0,0.0,36.25227769140909,37.5627029246,63.77759172490202,266.640625,265.52237373980006,1.0,42.73957203652199,4.050980392191001,0.43572984744374027,6.267466558419,33.876180321358,0.0,0.0,0.0,19.086935307302,17.851168100425,15.142497520014,266.640625,265.52237373980006,1.0
5,PARTIAL,LOCKED,4521.613,42.8746122644,-47.5,47.5,0.0,12.0,0.0,3.9215686275,5.5137254902,20.2558572311,17.332710508,13.7609162943,No,On,266.640625,265.5223737398,150.6562874252,TRACTION,43.019752932768995,5.756988436419001,-6.217999502212803,6.405042903135,49.48277572881501,0.0,0.0,0.0,34.13153271191099,34.70056949960201,57.91530242921799,266.640625,265.52237373980006,1.0,42.70228976498399,4.074509803953001,0.43572984744374027,6.318750580940999,32.799400329331,0.0,0.0,0.0,18.990658864943,17.916438385249002,15.305172225058,266.640625,265.52237373980006,1.0
5,LOCKED,PARTIAL,4524.331,42.0544022906,57.875,57.875,0.0,12.0,0.0,10.1960784314,12.1568627451,41.2489656347,51.2605693748,93.8179053881,No,On,266.640625,265.5223737398,150.8,TRACTION,41.94234750686801,6.0764957265,6.287597520758208,7.978620044101997,37.852263356853,0.0,0.0,0.0,28.344324222332997,25.473150730146003,56.89790434451599,266.640625,265.52237373980006,1.0,41.636343752484,12.286274509809,3.95495571952482,13.856441534345999,90.33439872211002,0.0,0.0,0.0,58.39711439133501,64.76885073243,123.73513762417099,266.640625,265.52237373980006,1.0
5,PARTIAL,OPEN,4525.361,41.6318698799,121.75,121.75,0.0,12.0,0.0,14.1176470588,17.0568821588,56.0638020833,77.9469089577,123.9619911213,No,On,266.640625,265.5223737398,150.8,TRACTION,41.6318698799,12.364705882357002,3.95495571952482,13.953393582492001,91.489205509745,0.0,0.0,0.0,58.691675698771995,65.250724669958,124.355120011539,266.640625,265.52237373980006,1.0,41.08782061078587,5.344013285183838,-14.794474687557248,8.609406385642423,95.64629864135351,0.0,0.0,0.0,35.78290972411919,50.093812618770706,57.383916028337374,266.640625,265.52237373980006,1.0
5,OPEN,PARTIAL,4525.892,41.0104986877,112.625,112.625,0.0,12.0,0.0,0.0,1.1960784314,33.09375,41.4387000869,50.265257012,No,On,266.640625,265.5223737398,149.6516,TRACTION,41.41596325757701,11.706259426842003,-13.497787615538018,13.390451196452,123.031372006356,0.0,0.0,0.0,54.098268188599995,73.398102288131,111.325702297682,266.640625,265.52237373980006,1.0,40.91877502590202,0.0,0.0,6.54291939000303,54.06878111053232,0.0,0.0,0.0,19.35865207646566,16.666213212282827,11.261619236452526,266.640625,265.52237373980006,1.0
5,PARTIAL,LOCKED,4526.013,41.0104986877,47.5,47.5,0.0,12.0,0.0,0.0,3.5294117647,28.6087198116,26.3143141,33.4718392583,No,On,266.640625,265.5223737398,149.216,TRACTION,41.341398714513005,10.15331825037,-13.497787615538018,11.828608059198995,123.499450299367,0.0,0.0,0.0,49.74155886845799,69.26168671301801,100.475138008172,266.640625,265.52237373980006,1.0,40.83891400752099,0.0,0.0,7.197176470617999,52.465074230206,0.0,0.0,0.0,16.344463017525,13.428133116357001,4.625955055912001,266.640625,265.52237373980006,1.0
5,LOCKED,PARTIAL,4526.022,41.0104986877,50.7661290323,50.7661290323,0.0,12.0,0.0,0.0,3.8470588235,28.3879669254,25.4458941501,32.22274207,No,On,266.640625,265.5223737398,149.1836,TRACTION,41.335185002591004,10.023906485664002,-13.497787615538018,11.714882569002995,123.010700299367,0.0,0.0,0.0,49.322958566573995,68.832948973341,99.437493919125,266.640625,265.52237373980006,1.0,40.83270029559799,0.0,0.0,7.233215686304999,52.736606488270006,0.0,0.0,0.0,16.120548527085003,13.224946640393998,4.156074717328,266.640625,265.52237373980006,1.0
5,PARTIAL,LOCKED,4526.031,41.0104986877,47.5,47.5,0.0,12.0,0.0,0.0,4.1647058824,28.1672140393,22.1268644783,30.9736448817,No,On,266.640625,265.5223737398,149.1512,TRACTION,41.328971290669,9.894494720958,-13.497787615538018,11.604333549395,122.56299868646398,0.0,0.0,0.0,48.904246846615,68.392671954878,98.380992532275,266.640625,265.52237373980006,1.0,40.83090435224343,0.0,0.0,7.264210734829293,52.789501503303036,0.0,0.0,0.0,15.998865037062629,13.135028278394948,3.885190170213131,266.640625,265.52237373980006,1.0
5,LOCKED,PARTIAL,4526.261,41.0104986877,-50.75,50.75,0.0,12.0,0.0,0.0,7.2509803922,22.5257513933,16.1157329617,13.7444121151,No,On,266.640625,265.5223737398,149.0,TRACTION,41.155398222697016,6.839592760173,-14.290023701877171,9.624346225172,102.237173471106,0.0,0.0,0.0,39.685514138615005,56.26136636322799,69.99185708864101,266.640625,265.52237373980006,1.0,40.71422890321198,0.0,0.0,7.447843137297,68.93438294996199,0.0,0.0,0.0,11.345188089026001,9.656218295073,-4.497191096250001,266.640625,265.52237373980006,1.0
5,PARTIAL,LOCKED,4526.273,41.0104986877,-48.1048387097,48.1048387097,0.0,12.0,0.0,0.0,7.2980392157,22.2314142118,15.7999641665,13.2948504241,No,On,266.640625,265.5223737398,149.0,TRACTION,41.149184510775,6.702337858211999,-14.290023701877171,9.53599249176,101.569673471106,0.0,0.0,0.0,39.307308110881,55.69400262797799,68.752280607867,266.640625,265.52237373980006,1.0,40.708015191288986,0.0,0.0,7.449372549062,69.47833456286499,0.0,0.0,0.0,11.171395000790001,9.546160193111,-4.799085460325,266.640625,265.52237373980006,1.0
5,LOCKED,PARTIAL,4526.281,41.0104986877,-50.75,50.75,0.0,12.0,0.0,0.0,7.3294117647,22.0351894241,15.4888051348,12.9951426301,No,On,266.640625,265.5223737398,149.0,TRACTION,41.142970798853014,6.561161387624,-14.646529940681676,9.446366427193,100.876044438848,0.0,0.0,0.0,38.930917102536,55.11991235566699,67.523475253596,266.640625,265.52237373980006,1.0,40.70495980243635,0.0,0.0,7.450584274156565,69.6675096594596,0.0,0.0,0.0,11.061659703584848,9.486133476528282,-4.978825138006061,266.640625,265.52237373980006,1.0
5,OPEN,PARTIAL,4549.082,45.3600970333,118.625,118.625,19.2183783108,12.0,0.0,10.9803921569,15.2980003883,101.0105121073,71.9123095545,132.117830478,No,On,266.640625,265.5223737398,149.0,TRACTION,45.48632082227172,14.840232389271716,-11.05170000029735,20.7204362708899,466.46931538163636,10.15193436733333,0.0,0.0,135.3732498960576,132.32841860382018,227.17701815297676,266.640625,265.52237373980006,1.0,45.301066770041,10.9803921569,0.0,14.318654626243,103.43688967803202,20.685980514947,0.0,0.0,76.691838104708,68.66206721883901,127.25664513268201,266.640625,265.52237373980006,1.0
5,PARTIAL,LOCKED,4551.113,44.1173546489,47.5,47.5,23.6306253222,12.0,0.0,11.3725490196,14.1059988352,65.5663659794,67.4001646413,125.4272844742,No,On,266.640625,265.5223737398,149.0,TRACTION,44.729285778756,11.172549019623002,0.4901960783865897,13.887530964869997,80.525875090405,22.851834867029,0.0,0.0,66.46352454298899,68.241404070513,124.93733230809899,266.640625,265.52237373980006,1.0,44.21030660115799,11.3725490196,0.0,13.665278296446004,39.553044790257,24.246677682286006,0.0,0.0,66.18438451451699,68.16671772064,126.09449960032103,266.640625,265.52237373980006,1.0
5,LOCKED,PARTIAL,4556.361,41.6318698799,-51.375,51.375,7.5382800837,12.0,0.0,0.0,5.0267379679,14.7969227829,9.5547823884,-7.1879893431,No,On,266.640625,265.5223737398,149.0,BRAKE,42.182183397377,3.7875816993149987,-4.148462712465184,5.802882060655,13.127512463345,15.449984096411995,0.0,0.0,21.592416348515,19.532401319478,8.669442588197002,266.640625,265.52237373980006,1.0,41.070438117040396,0.0,0.0,7.281118573369696,88.79110318057477,0.006621238545454546,806.6893318698694,1425.0003562501,6.819960580113133,3.20860355739798,-16.019205398588888,266.640625,265.52237373980006,1.0
5,PARTIAL,LOCKED,4556.371,41.6318698799,-48.01171875,48.01171875,0.0,12.0,0.0,0.0,5.1851851852,14.6326691514,9.0720144361,-7.4455037973,No,On,266.640625,265.5223737398,149.0,BRAKE,42.175969685455,3.740522875785999,-4.148462712465184,5.784129832490999,13.617512463345001,15.31511315843,0.0,0.0,21.463233465254998,19.446240650222002,8.306282732655001,266.640625,265.52237373980006,1.0,41.03851654224,0.0,0.0,7.305475143627998,89.484203993527,0.0065550261600000005,827.1224456761728,1425.0003562501,6.6308064593900005,3.120507499215,-16.270480708572,266.640625,265.52237373980006,1.0
5,LOCKED,PARTIAL,4556.382,41.6318698799,-52.4583333333,52.4583333333,0.655502616,12.0,0.0,0.0,5.3594771242,14.4519901567,8.113183642,-7.6376801349,No,On,266.640625,265.5223737398,149.0,BRAKE,42.168912689709096,3.6832376047757567,-4.190366376227459,5.745673715617171,14.19247781610303,15.049239584084848,0.0,0.0,21.271769673646464,19.381065255671718,7.807646408694951,266.640625,265.52237373980006,1.0,41.018226870657,0.0,0.0,7.326390176307999,89.998448785194,0.0,841.3724492386738,1425.0003562501,6.498922915625999,3.054126905781,-16.43682890544,266.640625,265.52237373980006,1.0
5,OPEN,PARTIAL,4570.113,42.8746122644,102.875,102.875,34.202882642,12.0,0.0,17.2549019608,23.5915356242,154.3091000395,160.6963532738,332.0611280603,No,On,266.640625,265.5223737398,149.0,TRACTION,43.03050601654699,16.864253393669998,0.7974160915406491,24.204947075109004,188.485486350839,26.230655422035998,0.0,0.0,124.80621266428902,119.01982600801301,304.24519651707504,266.640625,265.52237373980006,1.0,43.324755834884,17.2549019608,0.0,23.626586890545003,63.72338681473801,36.578462675324,0.0,0.0,159.47510654638202,159.413882624127,343.268649277484,266.640625,265.52237373980006,1.0
5,PARTIAL,LOCKED,4570.932,43.0361687744,49.125,49.125,38.3443535428,12.0,0.0,17.2549019608,23.8633275092,159.7024102918,163.0012349903,344.8936780059,No,On,266.640625,265.5223737398,149.0,TRACTION,43.21651297320201,17.2549019608,0.0,23.877978696392006,88.48467236428702,35.499581261783995,0.0,0.0,157.45126208393202,158.698076192537,339.9111839220461,266.640625,265.52237373980006,1.0,43.49076393858601,17.2549019608,0.0,23.345282763585995,30.605932207663997,39.013334562779,0.0,0.0,159.668281612447,159.413375315613,345.59785694886904,266.640625,265.52237373980006,1.0
5,LOCKED,PARTIAL,4589.432,44.1173546489,55.5,55.5,24.4660544237,12.0,0.0,9.8039215686,6.9411764706,92.4924943604,95.8600305889,204.22396037,No,On,266.640625,265.5223737398,149.0,TRACTION,44.11735464889999,15.583006535921005,-6.439441096244845,19.985314649100996,18.507905233509,36.581028271004,0.0,0.0,140.11486327335598,146.522107966524,287.20844801110104,266.640625,265.52237373980006,1.0,43.659898740387,5.259301156363,-5.720687264817238,5.705568627454,23.76248460849,20.876308574871,0.0,0.0,40.844891889572004,34.566096903679,79.30720456915698,266.640625,265.52237373980006,1.0
5,PARTIAL,LOCKED,4589.682,44.1173546489,43.5,43.5,22.6802772019,12.0,0.0,5.4901960784,4.431372549,58.5667960456,42.6953315122,134.2363111685,No,On,266.640625,265.5223737398,149.0,TRACTION,44.11735464889999,13.367194570120999,-10.884780615087971,15.649393080475997,33.307294934448,32.749339812675004,0.0,0.0,120.85222885770398,125.26161531531402,251.20694494092996,266.640625,265.52237373980006,1.0,43.349213144261995,4.380995475114999,-1.3466489936981254,5.587087064418999,6.871364992471,19.365541112295,0.0,0.0,27.238638845403,22.805034985269995,42.149361855097986,266.640625,265.52237373980006,1.0
5,LOCKED,PARTIAL,4592.611,41.0104986877,-50.375,50.375,0.0,12.0,0.0,4.3137254902,3.9215686275,16.659074715,18.8078348066,15.6783233289,No,On,266.640625,265.5223737398,148.8812,TRACTION,41.584593091731016,4.3137254902,0.0,5.73303065601,21.790297651276,0.0,0.0,0.0,18.164514878250998,18.785233334712004,16.222498988582,266.640625,265.52237373980006,1.0,40.751317120857564,4.3137254902,0.0,5.563222802777777,31.418949044143435,0.0,0.0,0.0,17.076237833851515,18.052919920497974,15.509696969483842,266.640625,265.52237373980006,1.0
5,PARTIAL,LOCKED,4592.622,41.0104986877,-49.7421875,49.7421875,0.0,12.0,0.0,4.3137254902,4.0784313725,16.6245504207,18.7602501518,15.669298653,No,On,266.640625,265.5223737398,148.8416,TRACTION,41.57216566788701,4.3137254902,0.0,5.724474506278001,22.129047651276,0.0,0.0,0.0,18.141571475564998,18.778690444678006,16.206576304528998,266.640625,265.52237373980006,1.0,40.74148151267998,4.3137254902,0.0,5.554061162986001,31.261047356121004,0.0,0.0,0.0,17.096610389842,18.046193672920996,15.507683115955,266.640625,265.52237373980006,1.0
5,LOCKED,PARTIAL,4592.632,41.0104986877,-50.375,50.375,0.0,12.0,0.0,4.3137254902,4.3921568627,16.5931646987,18.4390537319,15.6610944022,No,On,266.640625,265.5223737398,148.8056,TRACTION,41.55973824404302,4.3137254902,0.0,5.717617585291,22.467446088776,0.0,0.0,0.0,18.118088157106,18.770838976638,16.190909351696995,266.640625,265.52237373980006,1.0,40.735267800756986,4.3137254902,0.0,5.556806261026002,31.080734856120998,0.0,0.0,0.0,17.109119695894,18.042505862174995,15.505960223281004,266.640625,265.52237373980006,1.0
5,PARTIAL,LOCKED,4592.731,41.0104986877,-48.06640625,48.06640625,0.0,12.0,0.0,4.3137254902,6.8957483984,16.412890625,17.332710508,15.579872319,No,On,266.640625,265.5223737398,148.4492,TRACTION,41.456093529183015,4.3137254902,0.0,5.758451551037999,25.358830917405,0.0,0.0,0.0,17.857121761072,18.561521763147,16.047026384444,266.640625,265.52237373980006,1.0,40.67599940057877,4.3137254902,0.0,5.532184404821213,29.523099843127273,0.0,0.0,0.0,17.235697916373734,18.105829810859596,15.493280180708082,266.640625,265.52237373980006,1.0
5,LOCKED,PARTIAL,4595.212,39.146385111,-50.125,50.125,0.0,12.0,0.0,3.9215686275,4.062745098,13.2342389826,16.9639294334,10.6158863129,No,On,266.640625,265.5223737398,147.2,TRACTION,39.665602879200016,3.9215686275,0.0,6.056120066909001,31.750042879344,0.0,0.0,0.0,15.370110936618998,16.454443551281,11.448478049602997,266.640625,265.52237373980006,1.0,39.038964776672,3.9215686275,0.0,5.613890420411998,41.39238018210101,0.0,0.0,0.0,13.631278394418002,15.848484244683002,10.543191265827002,266.640625,265.52237373980006,1.0
5,PARTIAL,LOCKED,4595.261,39.146385111,-49.9833333333,49.9833333333,0.0,12.0,0.0,3.9215686275,3.9215686275,13.0145071069,16.5951483587,10.5763019259,No,On,266.640625,265.5223737398,147.2,TRACTION,39.63318864298789,3.9215686275,0.0,5.842830807147476,33.017852583390905,0.0,0.0,0.0,15.168578130337373,16.475402699576765,11.301532128557572,266.640625,265.52237373980006,1.0,39.007896217057,3.9215686275,0.0,5.7315374792319975,41.789375050137004,0.0,0.0,0.0,13.755258578041001,15.847639121388001,10.556740923161001,266.640625,265.52237373980006,1.0
5,LOCKED,PARTIAL,4595.332,39.146385111,-51.625,51.625,0.0,12.0,0.0,3.9215686275,4.3921568627,12.6961201034,16.4167059033,10.518944957,No,On,266.640625,265.5223737398,147.2,TRACTION,39.59103833613601,3.9215686275,0.0,5.664167204961001,34.80810739089,0.0,0.0,0.0,14.913746275726998,16.456949180758,11.155217916015001,266.640625,265.52237373980006,1.0,38.964400233595995,3.9215686275,0.0,5.885660671939998,42.212597630782,0.0,0.0,0.0,13.964890961797003,15.915275751441,10.5824873434,266.640625,265.52237373980006,1.0
5,PARTIAL,LOCKED,4595.362,39.146385111,-49.125,49.125,0.0,12.0,0.0,3.9215686275,5.3333333333,12.5615903836,16.5951483587,10.494709618,No,On,266.640625,265.5223737398,147.2,TRACTION,39.57042387609899,3.9215686275,0.0,5.629798523528282,35.75273684264949,0.0,0.0,0.0,14.774750189175759,16.44711551487172,11.076700567234345,266.640625,265.52237373980006,1.0,38.945759097827,3.9215686275,0.0,5.902791985071999,42.161422630782,0.0,0.0,0.0,14.072926404945001,15.915989521264002,10.595930920744,266.640625,265.52237373980006,1.0
5,LOCKED,PARTIAL,4595.393,39.146385111,-51.125,51.125,0.0,12.0,0.0,3.9215686275,6.3058823529,12.4225763398,14.5965928575,10.4696664344,No,On,266.640625,265.5223737398,147.2,TRACTION,39.551594446032325,3.9215686275,0.0,5.641206723170707,36.370200542144445,0.0,0.0,0.0,14.651111517536366,16.4185166566899,11.01745210501515,266.640625,265.52237373980006,1.0,38.927117962058,3.9215686275,0.0,5.873978358611998,42.153141380781996,0.0,0.0,0.0,14.242598039266001,15.960369646959002,10.610821442453,266.640625,265.52237373980006,1.0
5,PARTIAL,LOCKED,4595.422,39.146385111,-48.625,48.625,0.0,12.0,0.0,3.9215686275,7.137254902,12.292530944,12.9668184308,10.4462389401,No,On,266.640625,265.5223737398,147.2,TRACTION,39.53276501596566,3.9215686275,0.0,5.701258218516162,36.89006586200909,0.0,0.0,0.0,14.524000968101008,16.34285885801919,10.961980346121214,266.640625,265.52237373980006,1.0,38.908476826289,3.9215686275,0.0,5.794067120428999,42.181559269345,0.0,0.0,0.0,14.48136384423,16.058512997468,10.627143067062,266.640625,265.52237373980006,1.0
5,LOCKED,PARTIAL,4595.992,38.7686888961,-54.0,54.0,0.0,12.0,0.0,3.9215686275,4.7058823529,14.5615382019,16.5951483587,10.6626528066,No,On,266.640625,265.5223737398,147.2,TRACTION,39.15692649051199,3.9215686275,0.0,5.722451476516999,38.13068664135,0.0,0.0,0.0,13.336597068082002,15.846116908107001,10.532658715437998,266.640625,265.52237373980006,1.0,38.58265548324444,4.1341519773333335,6.742009118720984,5.578662948485858,50.49851807264849,0.0,0.0,0.0,30.71931309596364,16.524809924021213,55.60750295002222,266.640625,265.52237373980006,1.0
5,PARTIAL,LOCKED,4596.332,38.5250139187,-47.5,47.5,0.0,12.0,0.0,3.9215686275,5.9972271737,15.9455993521,17.2732296895,10.9346388487,No,On,266.640625,265.5223737398,147.2,TRACTION,38.970613945519005,3.9215686275,0.0,5.869609968829998,42.253847630782005,0.0,0.0,0.0,13.932396169310003,15.906710513579,10.578330404483001,266.640625,265.52237373980006,1.0,38.499275402426306,7.963695059697897,16.39820756273864,9.787764625790526,46.72990894460106,0.0,0.0,0.0,50.545214966548414,29.95302329335052,133.3346257138116,266.640625,265.5223737398001,1.0
5,LOCKED,PARTIAL,4596.393,38.5250139187,-50.875,50.875,0.0,12.0,0.0,3.9215686275,4.789067142,18.9153780069,16.5144774987,10.9834363444,No,On,266.640625,265.5223737398,147.2,TRACTION,38.933331673981,3.9215686275,0.0,5.889146510720998,42.155641380782,0.0,0.0,0.0,14.177670022595,15.941190800547002,10.605683743353001,266.640625,265.52237373980006,1.0,38.497540221553926,8.236197965239327,17.503704701799673,10.090262042285394,46.56282415434944,0.0,0.0,0.0,52.795440290085395,30.85715478230899,141.58441368968877,266.640625,265.5223737398,1.0
5,PARTIAL,LOCKED,4596.493,38.5250139187,-48.75,48.75,0.0,12.0,0.0,3.9215686275,4.6088138226,26.3005619989,16.2263672841,11.0634322392,No,On,266.640625,265.5223737398,147.2,TRACTION,38.871194554751,3.9215686275,0.0,5.600993930757,42.976461945299,0.0,0.0,0.0,15.156118435059001,16.307570380876,10.664231222894,266.640625,265.52237373980006,1.0,38.49406253837088,8.782353577611392,19.71936352481229,10.804286544313923,45.88629187894937,0.0,0.0,0.0,56.581115390786074,32.703280410130375,158.11061363945063,266.640625,265.5223737398001,1.0
5,LOCKED,PARTIAL,4596.772,38.5250139187,-58.125,58.125,0.0,12.0,0.0,3.9215686275,5.1693404635,46.9052253365,16.2263672841,112.1036456395,No,On,266.640625,265.5223737398,147.8984,TRACTION,38.69721062090699,3.9215686275,0.0,5.464305418765999,45.92299447828901,0.0,0.0,0.0,21.633854053354,16.264113135596,24.458715489436,266.640625,265.52237373980006,1.0,38.44283652178833,12.615719792196671,27.416261466000503,14.995353600720001,89.20575270879834,0.0,0.0,0.0,75.97661544840668,56.977289510483324,238.12209955156172,266.640625,265.52237373979995,1.0
5,PARTIAL,LOCKED,4596.993,38.264038018,-40.25,40.25,0.0,12.0,0.0,9.4720965309,10.7843137255,63.2264819588,18.0702726573,192.1390834943,No,On,266.640625,265.5223737398,148.694,TRACTION,38.58265548324444,4.1341519773333335,6.742009118720984,5.578662948485858,50.49851807264849,0.0,0.0,0.0,30.71931309596364,16.524809924021213,55.60750295002222,266.640625,265.52237373980006,1.0,38.43020197421333,18.964596949891664,25.07269000468387,23.502437537871668,241.9968029058283,0.0,0.0,0.0,116.28715654382167,108.98106622983833,365.79923766921,266.640625,265.52237373979995,1.0
5,LOCKED,PARTIAL,4597.231,38.6391433214,51.4659090909,51.4659090909,0.0,12.0,0.0,17.6470588235,21.8745098039,81.0221354167,83.3445228683,278.3310934918,No,On,266.640625,265.5223737398,149.0,TRACTION,38.48030081641649,6.568912524070103,14.996141576339491,8.171527773352576,43.16509962391856,0.0,0.0,0.0,43.28294057660515,22.69288462530928,104.62247187562475,266.640625,265.52237373980006,1.0,38.49583141289524,21.995538956342852,10.905216787510033,27.941858599185714,436.7346809204365,0.0,0.0,0.0,160.81824303765714,161.30498367533806,489.9002404033856,266.640625,265.5223737398,1.0
5,PARTIAL,OPEN,4597.303,38.3510299849,128.875,128.875,0.0,12.0,0.0,18.431372549,23.9215686275,90.2799479167,100.1471105816,304.4059872725,No,On,266.640625,265.5223737398,149.0,TRACTION,38.50544327543298,7.581181031786598,15.81130915928554,9.349696360375257,45.301365760509285,0.0,0.0,0.0,48.28603125235464,27.95996425178763,124.72959603819382,266.640625,265.52237373980006,1.0,38.461693235306356,22.6467396075492,9.267058286633203,28.796885054211117,492.6263782072461,0.0,0.0,0.0,174.99596388258254,173.43486095579996,527.445726091308,266.640625,265.5223737398,1.0
5,PARTIAL,LOCKED,4603.961,49.0883241867,47.875,47.875,0.0,12.0,0.0,7.0588235294,11.7528223411,40.0215544872,39.2573402035,67.3953236761,No,On,266.640625,265.5223737398,149.0,TRACTION,49.152748732990915,10.012733025219191,-21.028756079942205,16.680340877010103,231.78675571702627,0.5109219548161615,0.0,0.0,86.10392798173939,104.20405581459292,363.8886134671212,266.640625,265.52237373980006,1.0,49.078919649739184,7.0588235294,0.0,12.072732572681083,50.48768317093784,0.0,0.0,0.0,40.00836759458919,28.355968372844597,64.76156452697568,266.640625,265.52237373980006,1.0
5,LOCKED,PARTIAL,4604.323,49.0883241867,50.6612903226,50.6612903226,0.0,12.0,0.0,7.0588235294,12.1568627451,39.6372195513,39.4595749863,64.8658736947,No,On,266.640625,265.5223737398,149.0,TRACTION,49.152748732990915,6.928104575166667,0.49514755392584936,12.34050553402121,73.04041039646363,0.5109219548161616,0.0,0.0,45.06658442830303,39.84115146345556,140.9837770889778,266.640625,265.52237373980006,1.0,49.0700100884079,7.0588235294,0.0,10.938393116926315,61.634855719765795,0.0,0.0,0.0,40.18281754166052,21.664420562034206,63.496763755973674,266.640625,265.5223737397999,1.0
5,PARTIAL,LOCKED,4604.612,49.0883241867,35.0,35.0,0.0,12.0,0.0,7.0588235294,9.5476606484,40.7923869681,-4.1220207214,62.8465061681,No,On,266.640625,265.5223737398,149.0,TRACTION,49.11469794175102,7.039215686265001,0.49019607838659085,12.498448048732998,65.70616554825901,0.5058127352680001,0.0,0.0,39.957134939305,30.733832939630997,69.613119143632,266.640625,265.52237373980006,1.0,49.010997993911104,7.0588235294,0.0,9.4117647059,38.633496252866664,0.0,0.0,0.0,41.283729499122224,14.291702718488889,62.438377731699994,266.640625,265.5223737398,1.0
5,LOCKED,PARTIAL,4613.952,42.8746122644,53.4596774194,53.4596774194,0.0,12.0,0.0,10.1960784314,11.5006794797,43.8108648256,50.1542261509,89.5055207365,No,On,266.640625,265.5223737398,149.0,TRACTION,42.7042360812421,10.1960784314,20.63983487972054,11.41762060623158,17.557295203731577,0.0,0.0,0.0,45.555711926584216,55.036422770073685,87.85864274377369,266.640625,265.5223737398,1.0,42.117635947218005,10.196078431399998,0.0,11.687559697185,74.122455477147,0.0,0.0,0.0,48.380809915338,51.843655377362005,92.10157107413201,266.640625,265.52237373980006,1.0
5,PARTIAL,LOCKED,4616.772,40.3891274954,49.75,49.75,0.0,12.0,0.0,0.0,2.3764705882,22.8813935114,33.0919550976,31.6313585383,No,On,266.640625,265.5223737398,149.0,BRAKE,40.84214414312999,8.024836601327998,-12.77876807309719,9.306829187845,66.350169176744,0.0,0.0,0.0,42.594571613038994,52.184917672031,70.23034862959,266.640625,265.52237373980006,1.0,39.681899221403,0.0,0.0,6.502352941177001,46.389067582723,0.0,818.663279857436,1650.0004125001,10.602014008408002,13.368205421800997,2.028295910516,266.640625,265.52237373980006,1.0
5,LOCKED,PARTIAL,4616.781,40.3891274954,51.5846774194,51.5846774194,0.0,12.0,0.0,0.0,2.4470588235,22.5223934146,31.5010414724,30.8770336129,No,On,266.640625,265.5223737398,149.0,BRAKE,40.83593043120699,7.922875817013999,-12.77876807309719,9.212946834903,66.12141917674401,0.0,0.0,0.0,42.25529145742099,52.002874644348,69.63719901633,266.640625,265.52237373980006,1.0,39.662263891729005,0.0,0.0,6.544549019609003,46.702595808529,0.0,835.163283982437,1650.0004125001,10.379045681244998,13.067946250062999,1.5347957584789997,266.640625,265.52237373980006,1.0
5,PARTIAL,LOCKED,4616.793,40.3891274954,48.67578125,48.67578125,0.0,12.0,0.0,0.0,2.5411764706,22.0437266189,26.552237374,29.8712670457,No,On,266.640625,265.5223737398,149.0,BRAKE,40.82971671928399,7.8209150326999985,-12.77876807309719,9.119770364314,65.916908808081,0.0,0.0,0.0,41.91212376870899,51.798134232003,69.03657515651201,266.640625,265.52237373980006,1.0,39.641137271193,0.0,0.0,6.585803921570002,47.051120254094,0.0,851.663288107438,1650.0004125001,10.158417762099,12.817175119308997,1.04683939176,266.640625,265.52237373980006,1.0
5,LOCKED,PARTIAL,4617.181,39.7677563032,-50.875,50.875,0.0,12.0,562.500140625,0.0,7.0588235294,12.4568604001,19.5097084648,4.0964201771,No,On,266.640625,265.5223737398,149.0,BRAKE,40.53869882678,3.844444444454,-12.77876807309719,7.376668537445,51.63325912998901,0.0,93.439567177416,549.00013725,27.537436792027002,37.543439683817994,40.065802796249,266.640625,265.52237373980006,1.0,39.21658459018255,0.0,0.0,6.903641456590476,57.859613003114276,0.0,1247.1249647559905,1659.0004147501,5.920233805500001,9.19642640720635,-7.965074138073017,266.640625,265.5223737398,1.0
5,PARTIAL,LOCKED,4617.201,39.7677563032,-49.4233870968,49.4233870968,0.0,12.0,592.500148125,0.0,7.0588235294,12.04915041,16.9639294334,3.3441067848,No,On,266.640625,265.5223737398,149.0,BRAKE,40.5088272648616,3.574305142941414,-12.90784653848201,7.272927221424242,51.213454278837375,0.0,106.12582836733938,600.00015,26.669516467718182,36.65794417883939,38.11539269014343,266.640625,265.52237373980006,1.0,39.19851338647705,0.0,0.0,6.898553519777049,58.11446282130163,0.0,1268.46512264758,1659.0004147501,5.716612211973771,8.914451506057379,-8.340800157788525,266.640625,265.52237373979995,1.0
5,LOCKED,PARTIAL,4617.462,39.146385111,-51.75,51.75,0.0,12.0,1209.0003022501,0.0,7.0588235294,6.7285350398,11.0864810563,-6.4735829842,No,On,266.640625,265.5223737398,149.0,BRAKE,40.19020522414,0.989542483662,-12.77876807309719,6.314119517830001,46.340086537126005,0.0,345.41661292632,1200.0003000001,18.758278869818003,26.886579388788995,20.240816815453,266.640625,265.52237373980006,1.0,38.81374319167428,0.0,0.0,6.7794957983428565,67.85260126466571,0.0,1506.4190869460544,1659.0004147501,3.0684642147114283,5.137167104645714,-13.227207779894286,266.640625,265.52237373979995,1.0
5,OPEN,PARTIAL,4680.711,45.9814682256,115.875,115.875,27.6443109527,12.0,0.0,15.2941176471,21.1764705882,118.8975914094,118.0959928018,247.5849817127,No,On,266.640625,265.5223737398,150.8,TRACTION,46.229543839131004,15.294117647099995,0.0,21.529404599287,170.803310060329,24.552503601930002,0.0,0.0,108.458194677223,101.712952681287,242.048469686407,266.640625,265.52237373980006,1.0,46.013185617218184,15.294117647099995,0.0,20.398824314959597,69.21282287096162,29.65234361175858,0.0,0.0,120.90859430112424,120.57433975598586,249.07876690968791,266.640625,265.52237373980006,1.0
5,PARTIAL,LOCKED,4681.502,45.9814682256,48.0,48.0,30.7298719882,12.0,0.0,15.2941176471,20.3921568627,121.6359794092,120.2226303322,248.7036873143,No,On,266.640625,265.5223737398,150.8,TRACTION,46.073110052360995,15.294117647099995,0.0,20.639894895351002,92.58772337209099,28.854406549188997,0.0,0.0,119.77677580181202,120.23231990413801,248.602533203691,266.640625,265.52237373980006,1.0,46.044031776027005,15.274509803959996,-3.566647421848756e-11,20.014582293523002,32.502080225134,32.002852850983004,0.0,0.0,121.72809868855202,120.02354425643702,247.55787884184204,266.640625,265.52237373980006,1.0
5,LOCKED,PARTIAL,4688.591,45.3600970333,50.125,50.125,27.3753076069,12.0,0.0,15.6862745098,20.0,115.5997538183,118.8212622486,246.582916106,No,On,266.640625,265.5223737398,150.8,TRACTION,45.587280734688,14.230467571626004,2.323406441045579,18.483477124186,9.731962136485,29.753609889925997,0.0,0.0,101.89477945735102,99.34412582962999,218.17776472205705,266.640625,265.52237373980006,1.0,45.3600970333,15.686274509800006,0.0,20.235214894017002,63.713050520907,30.508590483866996,0.0,0.0,118.657349226761,117.60026375387497,251.33300607390294,266.640625,265.52237373980006,1.0
5,PARTIAL,LOCKED,4688.601,45.3600970333,47.560483871,47.560483871,26.9951500829,12.0,0.0,15.6862745098,20.0,115.6619272508,118.5861643135,246.6777794049,No,On,266.640625,265.5223737398,150.8,TRACTION,45.577022566170704,14.263296616220206,2.3468751929753324,18.504760018488888,10.22591483320404,29.758856754931312,0.0,0.0,102.39031344111515,99.77845002332727,219.0314559003546,266.640625,265.52237373980006,1.0,45.3600970333,15.686274509800004,0.0,20.237590802037378,63.876207759794944,30.544079780846463,0.0,0.0,118.68760601439698,117.59030516236363,251.38002856550906,266.640625,265.52237373980006,1.0
5,LOCKED,PARTIAL,4688.613,45.3600970333,53.6814516129,53.6814516129,26.9951500829,12.0,0.0,15.6862745098,20.0,115.7365353698,118.0099438844,246.7916153636,No,On,266.640625,265.5223737398,150.8,TRACTION,45.574853310842,14.277526395156006,2.323406441045579,18.519712418304,10.599260523582,29.731219688211,0.0,0.0,102.523029579212,99.96652716622899,219.30791913540006,266.640625,265.52237373980006,1.0,45.3600970333,15.686274509800006,0.0,20.235214894017005,63.30292804106801,30.643229134836997,0.0,0.0,118.76736224206401,117.671112843798,251.5022421992159,266.640625,265.52237373980006,1.0
5,PARTIAL,LOCKED,4689.252,45.3600970333,49.75,49.75,32.2346385812,12.0,0.0,15.6862745098,20.3921568627,119.709417705,118.7475060336,252.8533801661,No,On,266.640625,265.5223737398,150.8,TRACTION,45.451121821097004,15.678431372546006,0.32679738559106125,20.404434937599,53.695937022006994,29.297680713101997,0.0,0.0,116.128579968423,114.09940278627198,245.54602116961595,266.640625,265.52237373980006,1.0,45.3600970333,15.686274509800004,0.0,20.08670583833232,24.51186757564647,33.621231312519186,0.0,0.0,121.68493151457474,120.960115217399,254.91584243515854,266.640625,265.52237373980006,1.0
5,LOCKED,PARTIAL,4689.261,45.3600970333,50.171875,50.171875,32.1948701675,12.0,0.0,15.6862745098,20.3921568627,119.7653737942,118.7475060336,252.9387571351,No,On,266.640625,265.5223737398,150.8,TRACTION,45.448263513612,15.682352941173002,0.32679738559106125,20.406160427794998,54.159687022007,29.283630181662,0.0,0.0,116.24114372659,114.35386172777201,245.79559616764197,266.640625,265.52237373980006,1.0,45.3600970333,15.686274509800002,0.0,20.083588991144897,24.25003076519388,33.63578601808061,0.0,0.0,121.70451883825203,120.98269286213163,254.93601677495508,266.640625,265.52237373980006,1.0
5,PARTIAL,LOCKED,4689.272,45.3600970333,49.3951612903,49.3951612903,32.2504289807,12.0,0.0,15.6862745098,20.3921568627,119.8337645699,118.7475060336,253.0431067639,No,On,266.640625,265.5223737398,150.8,TRACTION,45.444286737981,15.686274509800006,0.32679738559106125,20.405768270932,54.628593272007,29.270913061738,0.0,0.0,116.350942162005,114.602598204321,246.04073675391098,266.640625,265.52237373980006,1.0,45.3600970333,15.686274509800006,0.0,20.077995642695,23.51104564225,33.668234908171,0.0,0.0,121.77646385037899,121.09032407716201,254.96276048131395,266.640625,265.52237373980006,1.0
5,LOCKED,PARTIAL,4700.371,44.7387258411,64.625,64.625,15.185905029,12.0,0.0,3.137254902,3.9215686275,33.1905324836,16.5260019072,15.903534014,No,On,266.640625,265.5223737398,149.0,TRACTION,45.25877294962901,6.775942684764,-10.961322628354853,6.629895460146002,7.458556665444002,21.659803521321997,0.0,0.0,52.09231795513901,52.777867178053,62.83965767888101,266.640625,265.52237373980006,1.0,45.09779832555715,3.1372549019999996,0.0,3.9215686275000006,73.77399553571429,14.779443226628572,0.0,0.0,31.940403988485713,17.8408466431,14.197357898342856,266.640625,265.5223737398,1.0
5,PARTIAL,OPEN,4705.953,39.7677563032,-242.875,242.875,0.0,12.0,1200.0003000001,0.0,4.4470588235,12.8564508174,20.6517401798,-9.2049423037,No,On,266.640625,265.5223737398,149.0,BRAKE,,,,,,,,,,,,,,,38.90432050738043,0.0,0.0,7.664542507108695,149.59328997925218,0.0,1318.6352401447612,1350.0003375001,13.61196039978261,13.983843447434785,-7.702104525489131,266.640625,265.5223737397999,1.0
5,OPEN,PARTIAL,4706.252,38.5250139187,-109.625,109.625,0.0,12.0,1350.0003375001,0.0,8.3362453892,13.8981860433,12.5616053549,-7.2114409917,No,On,266.640625,265.5223737398,149.0,BRAKE,39.174553938360006,0.0,-8.714596949545582,7.106146954563332,183.82965837813336,0.0,1296.907186971914,1350.0003375001,13.743530490786668,16.975860294226667,-8.249306223276667,266.640625,265.5223737398,1.0,38.475304223325,0.0,0.0,8.468460007775,93.72822423135,0.0,1350.0003375001,1350.0003375001,13.30015802753125,8.87944528625625,-6.8006951741375,266.640625,265.5223737398,1.0
5,PARTIAL,OPEN,4840.001,38.0254802152,142.25,142.25,0.0,12.0,0.0,14.1176470588,14.6196078431,77.5366847826,76.7064635248,150.3339973967,No,On,266.640625,265.5223737398,149.0,TRACTION,,,,,,,,,,,,,,,38.48902085483846,12.644544997457695,-1.9755117794795518,13.184308633933332,118.55670410225642,0.0,0.0,0.0,65.42097989429743,67.59360895813461,130.17346676350513,266.640625,265.52237373980006,1.0
5,OPEN,PARTIAL,4840.352,38.5250139187,118.125,118.125,0.0,12.0,0.0,12.5490196078,12.3562645397,72.9465013587,62.9632221433,139.8684612828,No,On,266.640625,265.5223737398,149.0,TRACTION,38.270629866030774,12.790346907976925,96.74421438844455,13.457843511684617,136.15287363006152,0.0,0.0,0.0,75.64749686455386,71.38723881643078,146.02668273051538,266.640625,265.5223737398,1.0,38.52501391869999,11.653267973831003,-7.154628233076649,11.38467925616,118.02372054720801,0.0,0.0,0.0,53.09090472735101,65.73111261054899,109.90754792943002,266.640625,265.52237373980006,1.0
5,PARTIAL,OPEN,4840.631,38.5250139187,120.375,120.375,0.0,12.0,0.0,12.5490196078,12.2655794991,69.0625,69.9416356869,131.5497018077,No,On,266.640625,265.5223737398,149.0,TRACTION,38.444355560536586,12.769010043026826,30.674994806092165,13.29661156829024,118.27405717158537,0.0,0.0,0.0,72.60074645413657,69.17964323600975,139.08014628405124,266.640625,265.5223737398,1.0,38.517629828477766,8.913646266564648,-11.665809744631385,9.056174411255556,104.22350733477376,0.0,0.0,0.0,37.26213764997071,52.658047488799006,82.82288398352323,266.640625,265.52237373980006,1.0
5,OPEN,PARTIAL,4840.82,38.5250139187,118.25,118.25,0.0,12.0,0.0,12.5490196078,13.7254901961,57.7381163758,62.5024440694,125.2040116173,No,On,266.640625,265.5223737398,149.0,TRACTION,38.469897373955,12.699346405205,20.96124645082965,13.083472552419998,119.63689437639,0.0,0.0,0.0,69.95204228940666,68.13318029903166,135.84275814614665,266.640625,265.52237373979995,1.0,38.50472601171613,7.135779042786021,-11.996768585331147,7.942727795861291,96.62394541637742,0.0,0.0,0.0,27.81124741983441,44.862051485276346,62.789527470235505,266.640625,265.52237373980006,1.0
5,PARTIAL,OPEN,4841.041,38.5250139187,121.625,121.625,0.0,12.0,0.0,12.5490196078,12.5252525253,43.1025094697,70.6676734276,96.1862093443,No,On,266.640625,265.5223737398,149.0,TRACTION,38.499017776985895,12.604323780764103,-0.5027652087069746,13.10225536073205,117.66401450858461,0.0,0.0,0.0,64.15912040999486,67.32673644607307,128.21778139096665,266.640625,265.52237373980006,1.0,38.50472601171613,4.538266919672042,-11.996768585331147,6.106228143363442,90.97775483437206,0.0,0.0,0.0,17.975909321832265,31.319612230337636,37.60863059277634,266.640625,265.52237373980006,1.0
5,OPEN,PARTIAL,4841.32,38.5250139187,117.0,117.0,0.0,12.0,0.0,6.2745098039,1.9607843137,24.6258835565,48.8932327989,59.5528752531,No,On,266.640625,265.5223737398,149.0,TRACTION,38.52091286883099,11.933509301129998,-6.197850805759681,11.791502100758999,118.32104287583701,0.0,0.0,0.0,55.073158173351004,66.40320917964799,113.22066123872204,266.640625,265.52237373980006,1.0,38.50472601171613,2.050200835787097,-4.981017841943251,5.184655239718279,82.50925377933656,0.0,0.0,0.0,10.57895773511398,15.089105806123658,14.372195196926878,266.640625,265.52237373980006,1.0
5,PARTIAL,LOCKED,4841.511,38.5250139187,45.5,45.5,0.0,12.0,0.0,3.137254902,5.4431372549,11.9770106196,15.4888051348,34.4741411619,No,On,266.640625,265.5223737398,149.0,TRACTION,38.52501391869999,10.271568627425,-9.697299795322214,9.789542001251998,114.31471984207099,0.0,0.0,0.0,44.908100662218985,60.141701685733,96.053548350013,266.640625,265.52237373980006,1.0,38.50472601171612,1.6529622601752691,-1.429006489129473,5.525160439305377,82.69978508940537,0.0,0.0,0.0,8.817659415649462,10.987343206892472,4.2094100832666665,266.640625,265.52237373980006,1.0
5,LOCKED,PARTIAL,4841.721,38.264038018,-52.9637096774,52.9637096774,0.0,12.0,0.0,1.568627451,6.6666666667,8.1338778409,17.0868564583,6.900663889,No,On,266.640625,265.5223737398,149.0,TRACTION,38.50734218556086,8.38981244669674,-12.553425703462034,8.6994054691,101.05463810118806,0.0,0.0,0.0,33.72734611191304,50.44067404445217,76.57652921841631,266.640625,265.52237373980006,1.0,38.52501391869999,1.7490196078420002,0.32679738559106114,5.210438424238,91.47819176621198,0.0,0.0,0.0,9.036719807116,10.998397734701,-0.49738921043299994,266.640625,265.52237373980006,1.0
5,PARTIAL,OPEN,4843.701,38.5250139187,-122.125,122.125,0.0,12.0,0.0,1.9607843137,2.3917685886,12.843254431,16.2263672841,-4.0121458935,No,On,266.640625,265.5223737398,149.0,TRACTION,38.52501391869999,1.9607843137,0.0,4.541180733759,92.062393901211,0.0,0.0,0.0,11.043605578217003,11.154986023717,-4.931156183609,266.640625,265.52237373980006,1.0,38.52501391869999,2.290196078452,0.3565062388954137,3.923569800121001,118.01773007545299,0.0,0.0,0.0,14.644539085328,16.425797298533002,-5.149167717281,266.640625,265.52237373980006,1.0
5,OPEN,PARTIAL,4844.391,38.5250139187,-110.625,110.625,0.0,12.0,0.0,2.3529411765,5.4039215686,15.7892071759,14.537112039,-5.6698588674,No,On,266.640625,265.5223737398,149.0,TRACTION,38.52501391869999,2.1647058823559995,0.3565062388954137,3.2101607533310004,125.74488172043,0.0,0.0,0.0,13.776990609117,17.298565296322,-4.54731693765,266.640625,265.52237373980006,1.0,38.52501391869999,2.3529411765,0.0,5.382940399937,76.789652561401,0.0,0.0,0.0,12.508877178236,10.462545610277,-5.565697889437998,266.640625,265.52237373980006,1.0
5,OPEN,PARTIAL,4893.553,45.2731050664,113.25,113.25,20.7041379413,12.0,0.0,8.2352941176,7.2352941176,61.5842100349,54.4844297369,93.7368944635,No,On,266.640625,265.5223737398,147.2,TRACTION,44.91212889315151,14.532022081018182,-12.345405332495163,19.297523795360604,423.37735561145456,7.559595557743434,0.0,0.0,107.10391117573229,124.23515078892424,288.8996771318111,266.640625,265.52237373980006,1.0,44.779363517072994,8.235294117600002,0.0,9.46553631441,49.465093460448,14.581471334120998,0.0,0.0,51.013491043939005,45.641355792555,66.622518335908,266.640625,265.52237373980006,1.0
5,PARTIAL,LOCKED,4893.731,44.7387258411,43.5,43.5,18.4356569782,12.0,0.0,8.2352941176,10.1960784314,57.8306306026,44.8723294689,66.7923249159,No,On,266.640625,265.5223737398,147.2,TRACTION,44.92543204548299,12.402388134717002,-12.221951279170215,15.874942655647999,344.8230568879299,11.043617733594001,0.0,0.0,91.212925581881,103.228037432857,223.99587224238897,266.640625,265.52237373980006,1.0,44.769670126474004,8.235294117600002,0.0,9.591348001462002,44.124318969063005,13.027779900603997,0.0,0.0,47.46765432183499,45.23395730487199,65.144865456058,266.640625,265.52237373980006,1.0
5,LOCKED,PARTIAL,4894.079,44.7387258411,50.75,50.75,13.5157047594,12.0,0.0,8.2352941176,9.2745098039,50.4921719373,50.1542261509,65.7615151651,No,On,266.640625,265.5223737398,147.2,TRACTION,44.956376330857005,9.048366013037002,-4.966783398156845,10.366043965181,178.11075176964303,16.527310286977,0.0,0.0,67.226086283887,63.37735115618901,124.981737110883,266.640625,265.52237373980006,1.0,44.73872584109999,8.235294117600002,0.0,9.78051992562727,44.98622874934949,11.626323112601012,0.0,0.0,41.33205481358788,43.37575993351414,61.98199984764444,266.640625,265.52237373980006,1.0
5,PARTIAL,LOCKED,4894.11,44.7387258411,49.0,49.0,13.1349806817,12.0,0.0,8.2352941176,9.1529411765,49.8384586653,49.4397128187,65.6696901585,No,On,266.640625,265.5223737398,147.2,TRACTION,44.956376330857005,8.916339869246002,-4.531053550626263,10.145139674751999,164.638615260907,16.922453338803,0.0,0.0,65.66166909986099,61.12087195574401,118.719857832522,266.640625,265.52237373980006,1.0,44.73872584109999,8.235294117600002,0.0,9.775370391064644,44.98980929916565,11.59184017041616,0.0,0.0,40.84111351352525,43.23560449984545,61.58312211469597,266.640625,265.52237373980006,1.0
5,LOCKED,PARTIAL,4895.04,44.7387258411,51.75,51.75,12.3497372714,12.0,0.0,8.2352941176,9.0980392157,34.5282061688,48.4887632331,53.7787747553,No,On,266.640625,265.5223737398,147.2,TRACTION,44.73872584109999,8.235294117600002,0.0,9.788401000881999,44.963357503828,11.699424858953998,0.0,0.0,42.09018133027999,43.54049832982599,62.516841331144995,266.640625,265.52237373980006,1.0,44.41653337106969,6.582161484119192,-2.59443980965314,7.971756783518181,29.291769356555562,11.06484380070606,0.0,0.0,29.361435462265657,33.092589250242426,43.004764813592914,266.640625,265.52237373980006,1.0
5,PARTIAL,LOCKED,4895.08,44.7387258411,49.875,49.875,12.2466245003,12.0,0.0,8.2352941176,9.0196078431,33.9803165584,45.3370233634,52.7963509036,No,On,266.640625,265.5223737398,147.2,TRACTION,44.73872584109999,8.235294117600002,0.0,9.78051992562727,44.98622874934949,11.626323112601012,0.0,0.0,41.33205481358788,43.37575993351414,61.98199984764444,266.640625,265.52237373980006,1.0,44.38868673616,6.461437908494,-2.5684954115566088,7.962392156860999,27.91613538733,10.983851048898,0.0,0.0,29.031348235238003,32.134233661447,42.25820558619001,266.640625,265.52237373980006,1.0
5,LOCKED,PARTIAL,4895.1,44.7387258411,50.6041666667,50.6041666667,12.2352934266,12.0,0.0,8.2352941176,9.0196078431,33.7063717532,44.8760470201,52.3051389777,No,On,266.640625,265.5223737398,147.2,TRACTION,44.73872584109999,8.235294117600002,0.0,9.770871589114996,45.027286206174,11.61983006042,0.0,0.0,41.094516586654,43.34305175284899,61.757929516641006,266.640625,265.52237373980006,1.0,44.376259312315995,6.406535947710001,-2.5684954115566088,7.954549019607,27.292907200287,10.948593279843,0.0,0.0,28.885927160899005,31.732106152942002,41.92845935649,266.640625,265.52237373980006,1.0
5,PARTIAL,LOCKED,4895.2,44.7387258411,48.75,48.75,12.1281770095,12.0,0.0,7.4509803922,8.3607843137,32.3366477273,44.2537289566,49.8490793484,No,On,266.640625,265.5223737398,147.2,TRACTION,44.73872584109999,8.226143790804,-0.3195352214470619,9.750636294998001,45.43789154891601,11.528189119990001,0.0,0.0,39.493656956994,43.004192452164986,60.31885435685301,266.640625,265.52237373980006,1.0,44.31412219309599,6.149019607840001,-1.7587641117229544,7.953250148545999,23.611425084743004,10.789335416101999,0.0,0.0,28.219524081556003,29.682187030116,40.379315682203995,266.640625,265.52237373980006,1.0
5,LOCKED,PARTIAL,4899.892,42.2532410721,-50.5,50.5,0.0,12.0,0.0,0.0,5.8352941176,11.880546875,10.068840856,3.8250316114,No,On,266.640625,265.5223737398,147.2,TRACTION,42.42988802534,3.3973856209570004,-3.691820162494595,6.433520948167,31.719502961548006,2.6953861112319997,0.0,0.0,16.280653665866,16.773018915875998,12.011376535538998,266.640625,265.52237373980006,1.0,41.98861004671699,0.0,0.0,7.742039215683003,91.08204391190398,0.0,0.0,0.0,7.1964930327620005,5.384677273892001,-11.609709893858998,266.640625,265.52237373980006,1.0
5,PARTIAL,LOCKED,4899.899,42.2532410721,-49.1742424242,49.1742424242,0.0,12.0,0.0,0.0,6.0,11.7990625,9.7112349655,3.5848950976,No,On,266.640625,265.5223737398,147.2,TRACTION,42.423674313416996,3.3581699346820004,-3.691820162494594,6.419227801205,31.867002961548,2.5904150440859994,0.0,0.0,16.219468149039,16.71186511568,11.925060799774998,266.640625,265.52237373980006,1.0,41.985937006056574,0.0,0.0,7.75963557139697,91.50535503804242,0.0,0.0,0.0,7.150002432082829,5.340974670946466,-11.763190752358584,266.640625,265.52237373980006,1.0
5,LOCKED,PARTIAL,4899.91,42.2532410721,-50.65,50.65,0.0,12.0,0.0,0.0,6.2588235294,11.671015625,8.4819647167,3.2075377189,No,On,266.640625,265.5223737398,147.2,TRACTION,42.41746060149399,3.318954248407,-3.691820162494595,6.406892332364,32.00319851079,2.4854439769399996,0.0,0.0,16.157563942307995,16.646713792493998,11.836166506764998,266.640625,265.52237373980006,1.0,41.979660529367685,0.0,0.0,7.775638740341416,91.9990337607535,0.0,0.0,0.0,7.084227489760605,5.315768422410102,-11.985100317114139,266.640625,265.52237373980006,1.0
5,OPEN,PARTIAL,5000.901,47.8455818023,118.625,118.625,25.3090863101,12.0,0.0,14.5098039216,19.6078431373,105.0996216588,107.6524639881,218.6004496051,No,On,266.640625,265.5223737398,149.0,TRACTION,47.64271678278385,14.509803921599998,0.0,19.845695617310103,158.4290171835788,23.7871706710303,0.0,0.0,108.16858364884948,102.62624617801113,220.66790317305154,266.640625,265.52237373980006,1.0,47.75250642119101,14.509803921599998,0.0,19.607843137299998,91.067758153973,27.015420060886,0.0,0.0,107.27066577290799,107.84279253976501,223.316137019744,266.640625,265.52237373980006,1.0
5,PARTIAL,LOCKED,5002.121,47.8455818023,49.75,49.75,29.1707162413,12.0,0.0,14.5098039216,19.6078431373,108.3093664148,105.4280013379,226.79998802,No,On,266.640625,265.5223737398,149.0,TRACTION,47.75156626582627,14.509803921599998,0.0,19.607843137299998,78.83599129771112,27.82139294981414,0.0,0.0,107.80138120353939,107.81548861366363,224.76435849768689,266.640625,265.52237373980006,1.0,47.84558180230001,14.509803921599998,0.0,19.520117647089002,37.168205412107,30.828466069697004,0.0,0.0,109.260931326183,109.81965351138801,228.45651676671704,266.640625,265.52237373980006,1.0
5,LOCKED,PARTIAL,5013.651,47.22421061,50.25,50.25,25.0099459633,12.0,0.0,14.1176470588,19.2389827218,94.2300649309,107.2691950855,198.0731620761,No,On,266.640625,265.5223737398,149.0,TRACTION,47.22421061000001,12.836199095016,1.8748571689978832,17.596385151998003,17.752831484692003,27.087661255156,0.0,0.0,88.146954123699,88.431452741585,184.679736951426,266.640625,265.52237373980006,1.0,47.22421061000001,14.092356445275756,-0.5924842525661072,19.198404701096973,57.96595160458182,28.116858350532322,0.0,0.0,97.29000157977272,103.46376410963836,206.31071196381313,266.640625,265.52237373980006,1.0
5,PARTIAL,LOCKED,5013.659,47.22421061,46.59375,46.59375,25.0002962747,12.0,0.0,14.1176470588,19.1958803724,94.3471324846,107.3890489348,198.3133702082,No,On,266.640625,265.5223737398,149.0,TRACTION,47.22421061000001,12.855806938153,1.8748571689978835,17.612264779176,18.124081484692,27.070347374478,0.0,0.0,88.23642253397901,88.69000623766402,184.922961939587,266.640625,265.52237373980006,1.0,47.22421061000001,14.084434084412123,-0.7956217106517188,19.194643580282833,57.83242887730909,28.17335938920505,0.0,0.0,97.28466609192725,103.433656848999,206.28342558383633,266.640625,265.52237373980006,1.0
5,LOCKED,PARTIAL,5013.67,47.22421061,51.4583333333,51.4583333333,25.0099459633,12.0,0.0,14.1176470588,19.1523073876,94.508100371,107.6840737945,198.6436563898,No,On,266.640625,265.5223737398,149.0,TRACTION,47.22421061000001,12.87541478129,1.8748571689978835,17.628218923611,18.463607694369,27.053454029613,0.0,0.0,88.32691762877201,88.94625640152701,185.167130857958,266.640625,265.52237373980006,1.0,47.22421061000001,14.076511723548485,-0.7956217106517188,19.190322292539395,57.646217808285854,28.22979347768687,0.0,0.0,97.2767597066899,103.40013129675859,206.24904661540606,266.640625,265.52237373980006,1.0
5,PARTIAL,LOCKED,5014.18,47.22421061,49.5,49.5,28.2331900672,12.0,0.0,14.1176470588,19.6078431373,99.3384255573,104.6829588422,213.9569248127,No,On,266.640625,265.5223737398,149.0,TRACTION,47.22421061000001,13.847963800888001,1.4827003062707766,18.932293846917002,44.546411790667996,26.802149226904998,0.0,0.0,94.467682508804,97.786234135837,198.845918382562,266.640625,265.52237373980006,1.0,47.22421061000001,13.37538278712121,-1.6508765766229134,17.742982040456564,30.793627625227273,29.18401285058081,0.0,0.0,93.55163332610609,99.95165899517374,194.22816688886064,266.640625,265.52237373980006,1.0
5,LOCKED,PARTIAL,5014.21,47.22421061,52.375,52.375,28.4461318458,12.0,0.0,14.1176470588,19.6078431373,98.9876094745,105.3596355058,215.368147589,No,On,266.640625,265.5223737398,149.0,TRACTION,47.22421061000001,13.890196078414,1.3922025686370858,19.018024772952,45.622943870977004,26.813281148441,0.0,0.0,94.81968876159503,98.30723938419902,199.725206309522,266.640625,265.52237373980006,1.0,47.22421061000001,13.320060331797995,-1.6343678108566844,17.651826729853,29.262180344271002,29.15332449386801,0.0,0.0,93.17928322638099,99.298693943379,192.681686571655,266.640625,265.52237373980006,1.0
5,PARTIAL,LOCKED,5014.312,47.22421061,49.5,49.5,29.3157539852,12.0,0.0,14.1176470588,19.3787614056,97.794834793,105.4713873466,211.4169217893,No,On,266.640625,265.5223737398,149.0,TRACTION,47.22421061000001,14.01861754800808,1.1523433982998588,19.26201277458182,49.39020680319495,26.914987008372727,0.0,0.0,95.8881128376596,100.32775284615052,202.62415497266164,266.640625,265.52237373980006,1.0,47.22421061000001,13.163197586697997,-1.6343678108566844,17.384888271295,24.844734527738996,29.038304799035,0.0,0.0,92.142018174613,97.54192499523398,188.353252663841,266.640625,265.52237373980006,1.0
5,LOCKED,PARTIAL,5014.34,47.22421061,51.0,51.0,29.3520134212,12.0,0.0,14.1176470588,19.2156862745,97.467406449,105.4944361638,210.1153415258,No,On,266.640625,265.5223737398,149.0,TRACTION,47.22421061000001,14.043137254880003,1.1408199643168602,19.293482282691,50.002993395964985,26.968518284225997,0.0,0.0,96.07096204339202,100.72157937013903,203.16310621042095,266.640625,265.52237373980006,1.0,47.22421061000001,13.116138763167996,-1.6343678108566844,17.312009218683002,23.575299043867993,28.993059730203,0.0,0.0,91.841280419346,97.04276940156798,187.12329030490596,266.640625,265.52237373980006,1.0
5,PARTIAL,LOCKED,5014.4,47.22421061,49.375,49.375,29.8505806659,12.0,0.0,14.1176470588,19.2156862745,96.7657742834,105.1739832542,207.3262409613,No,On,266.640625,265.5223737398,149.0,TRACTION,47.22421061000001,14.094117647037,0.7843137254828788,19.35054314268,52.350411712192006,27.054694956253,0.0,0.0,96.49839142127398,101.72498360255601,204.32992594634794,266.640625,265.52237373980006,1.0,47.22421061000001,13.022021116107998,-1.6343678108566844,17.165579010956,21.106520818061,28.883728210018997,0.0,0.0,91.25460838189599,96.05929282048803,184.763037194709,266.640625,265.52237373980006,1.0
5,LOCKED,PARTIAL,5020.27,46.6028394178,57.75,57.75,26.6376547063,12.0,0.0,16.0784313725,21.3137254902,149.0146849066,121.2813889013,355.8022502334,No,On,266.640625,265.5223737398,147.2,TRACTION,46.602839417800006,14.046553773016008,2.475407671478088,18.705024757372,14.976543392599002,29.392218580547002,0.0,0.0,109.67408875794399,103.56012555663501,245.601886716176,266.640625,265.52237373980006,1.0,46.75002392637374,23.80803556382525,17.218262743775213,37.8220958717,88.85956897037273,41.342902508887875,0.0,0.0,199.99424296559692,219.26506954297878,559.4616312162879,266.640625,265.52237373980006,1.0
5,PARTIAL,LOCKED,5020.771,46.6028394178,40.625,40.625,49.8830692111,12.0,0.0,21.9607843137,34.354494273,205.208279305,192.6535382729,559.3217455719,No,On,266.640625,265.5223737398,147.7665338645,TRACTION,46.602839417800006,16.475689755553535,8.535376875631792,23.130970387593937,50.045954211596964,32.645257604642424,0.0,0.0,149.42585963832926,128.79092425335557,365.19619020305356,266.640625,265.52237373980006,1.0,47.06545138931,31.046752593787996,11.0714646809106,43.39557232978899,306.77758117370695,24.019253020102,0.0,0.0,237.854735286621,292.170248510631,767.1698264568439,266.640625,265.52237373980006,1.0
5,LOCKED,PARTIAL,5021.01,46.6028394178,50.4921875,50.4921875,52.8622917748,12.0,0.0,30.5882352941,54.5098039216,222.2998046875,309.4073216218,656.6751139984,No,On,266.640625,265.5223737398,148.6235059761,TRACTION,46.633788626401994,19.460955710959997,15.238943897432517,30.752442106959,51.240339124083995,38.233122970264006,0.0,0.0,174.58043208604602,166.083392370727,451.40634730920794,266.640625,265.52237373980006,1.0,47.237267013673005,32.379587732496,2.2181086886522987,40.001355457122,425.165808810991,11.128664295648,0.0,0.0,251.481270598233,296.976770132925,864.6930178554769,266.640625,265.52237373980006,1.0
5,PARTIAL,OPEN,5021.059,46.6282015073,126.875,126.875,49.5031949639,12.0,0.0,31.3725490196,50.7629586488,225.1801006611,311.67588399,677.0283547216,No,On,266.640625,265.5223737398,148.7992031873,TRACTION,46.633788626402,20.234811920109003,16.086636509836787,32.372598969705,54.775148851907005,39.419312020445,0.0,0.0,179.64947798479497,176.24569020976003,471.744326388157,266.640625,265.52237373980006,1.0,47.29363100402021,32.45974069499899,1.3292422679850242,39.25914080812626,447.06092919161614,8.62593533329495,0.0,0.0,253.93464477404038,296.55426565398284,881.4360992952041,266.640625,265.52237373980006,1.0
5,PARTIAL,LOCKED,5026.551,51.5738089557,49.0524193548,49.0524193548,8.4549639494,12.0,0.0,2.7450980392,5.3529411765,12.6304089525,23.1499345563,36.4018744416,No,On,266.640625,265.5223737398,149.0,TRACTION,51.71250335359999,3.865546218485715,-235.03947033281977,9.675380647314284,72.30119527649286,1.1989215923785714,0.0,0.0,13.226514240442858,20.76374468529286,41.2848674786,266.640625,265.5223737398,1.0,51.04050377771798,1.9768356780674157,-0.9159037579921687,7.915205131438203,12.40436867992247,0.5955674280370787,0.0,0.0,10.165349692114608,9.77898086090674,12.382903078944945,266.640625,265.5223737398,1.0
5,LOCKED,OPEN,5033.801,39.7677563032,-254.0,254.0,0.0,12.0,525.00013125,0.0,4.2941176471,6.34765625,17.0353064156,-11.9007436623,No,On,266.640625,265.5223737398,147.2,BRAKE,,,,,,,,,,,,,,,38.8143602844468,0.378774333719149,7.208385180925696,7.37435687663617,119.53714410118083,0.0,187.64626923027126,517.500129375,14.147177653520208,12.569072671171277,-0.34029610600212723,266.640625,265.52237373980006,1.0
5,OPEN,PARTIAL,5034.119,39.146385111,-116.625,116.625,0.0,12.0,300.000075,0.0,8.0901960784,6.34765625,12.6099335199,-8.8907911203,No,On,266.640625,265.5223737398,147.2,BRAKE,39.3132201058375,0.0,-6.808278867002881,7.117769607840625,175.12492810270314,0.0,416.1171320904844,525.00013125,6.34765625,15.57803269929375,-10.431853693393752,266.640625,265.5223737398,1.0,38.53545295473732,2.3779984721239997,15.08492959476147,8.272297038831999,89.72678454912133,0.0,60.64001515999999,300.000075,22.918655203970665,18.190887861024,13.370749605169333,266.640625,265.52237373980006,1.0
5,PARTIAL,LOCKED,5034.92,38.0651992365,41.1330645161,41.1330645161,0.0,12.0,0.0,10.9803921569,13.0809551543,42.495178478,47.941539703,48.2776819643,No,On,266.640625,265.5223737398,147.2,BRAKE,38.70824264345609,0.43420472401951227,8.263270817158725,7.514506663462194,104.58005953907927,0.0,147.2591209362256,450.0001125,15.288571029645121,11.64285429587317,1.2624801811963415,266.640625,265.52237373980006,1.0,38.41213148545,10.9803921569,0.0,12.143040186374998,76.542244203625,0.0,0.0,0.0,45.807855199075,52.41282435545,54.64225056175,266.640625,265.5223737398,1.0
5,LOCKED,PARTIAL,5034.931,38.2019008988,53.0,53.0,0.0,12.0,0.0,10.9803921569,13.038245001,43.0536373889,47.3705238455,49.3506360574,No,On,266.640625,265.5223737398,147.2,BRAKE,38.70049513252891,0.5612672232108434,13.6309604771941,7.58157230793012,103.81563791229638,0.0,145.48491465988553,450.0001125,15.61636148083012,12.080187854995179,1.8289283954506024,266.640625,265.52237373980006,1.0,38.431243356963634,10.980392156899999,0.0,12.061657930500001,78.68244822213636,0.0,0.0,0.0,46.05823863636364,52.8712153109,55.12330642578181,266.640625,265.5223737398,1.0
5,PARTIAL,OPEN,5044.219,38.0403443888,193.5833333333,193.5833333333,0.0,12.0,0.0,14.9019607843,16.2235294118,88.8175670113,88.2100538208,184.2524405765,No,On,266.640625,265.5223737398,147.2,TRACTION,,,,,,,,,,,,,,,38.500032260564275,15.662264905933679,1.2085642337440408,17.22158586807245,208.1193667701704,0.0,0.0,0.0,94.68471357553062,89.26019025165307,203.04092511236328,266.640625,265.52237373980006,1.0
5,OPEN,PARTIAL,5052.47,41.6318698799,117.25,117.25,0.0,12.0,0.0,10.9803921569,11.537254902,56.2991698701,56.3341029471,119.7972381277,No,On,266.640625,265.5223737398,147.2,TRACTION,41.50219787150506,14.06419651517879,-5.702657267186678,15.510767860310102,213.06192423373034,0.0,0.0,0.0,76.01126057871616,87.40843165465958,171.5422950245919,266.640625,265.52237373980006,1.0,41.65722182454202,10.9803921569,0.0,12.013891671534997,89.70355337370002,0.0,0.0,0.0,57.58952943253999,59.36608844926199,105.97402886731201,266.640625,265.52237373980006,1.0
5,PARTIAL,LOCKED,5056.031,42.8746122644,49.125,49.125,0.0,12.0,0.0,5.8823529412,5.7004244997,34.4890412526,26.4451719007,67.2103508529,No,On,266.640625,265.5223737398,147.2,TRACTION,42.403519060907,10.383710407244997,-6.44090114670204,10.985632062754002,97.84332616996498,0.0,0.0,0.0,53.606390763927,60.54845709030899,106.48068695007602,266.640625,265.52237373980006,1.0,42.750889875171,5.882352941199998,0.0,7.457452261616001,12.361075917686001,0.0,0.0,0.0,26.958652651294997,25.208663389448,40.110784891772006,266.640625,265.52237373980006,1.0
5,LOCKED,PARTIAL,5059.17,43.3717092182,50.2741935484,50.2741935484,0.0,12.0,0.0,9.0196078431,10.2470588235,45.3475896898,46.0976343298,74.493777077,No,On,266.640625,265.5223737398,147.2,TRACTION,42.926330432316156,7.024696436464645,3.1075414318890777,9.114478280858586,12.602534532457577,0.0,0.0,0.0,37.310031349381816,31.549083771696967,53.08514793305757,266.640625,265.52237373980006,1.0,43.186444226942996,9.519758672688,1.8521682775760848,11.250720017110998,54.371611538337994,0.0,0.0,0.0,50.34092265742799,48.28415235003401,89.40260684855701,266.640625,265.52237373980006,1.0
5,PARTIAL,LOCKED,5059.52,42.8746122644,49.75,49.75,0.0,12.0,0.0,9.0196078431,11.1254901961,48.8055985423,44.8299493858,84.699705698,No,On,266.640625,265.5223737398,147.2,TRACTION,42.93737703128889,8.133826957338382,3.1075414318890777,10.301013397036364,32.61502359181313,0.0,0.0,0.0,42.78679272325051,37.556382467660605,66.98093069744243,266.640625,265.52237373980006,1.0,43.397958980767996,10.213876319771998,2.2086745163805883,12.054428360495997,57.204329076261985,0.0,0.0,0.0,53.783023592543,53.76094996432301,98.31003991392599,266.640625,265.52237373980006,1.0
5,LOCKED,PARTIAL,5059.719,43.4959834566,51.25,51.25,0.0,12.0,0.0,9.4117647059,11.1411764706,50.7717235756,41.9718960573,90.744288423,No,On,266.640625,265.5223737398,147.2,TRACTION,42.956785434306,8.751432880818001,3.115784835289836,10.913604313367003,39.653992097625,0.0,0.0,0.0,45.378271091764,41.520230558208,74.178347342286,266.640625,265.52237373980006,1.0,43.495983456599994,10.663951734555999,1.8425583130946466,12.401988692999,63.835254857382004,0.0,0.0,0.0,55.747517862981006,56.745751960242,102.180291749142,266.640625,265.52237373980006,1.0
5,PARTIAL,LOCKED,5059.799,43.4959834566,49.4677419355,49.4677419355,0.0,12.0,0.0,9.4117647059,11.9882352941,51.562125599,46.4664154045,93.174271428,No,On,266.640625,265.5223737398,147.2,TRACTION,43.006495129682,8.953846153820002,1.8664132917472012,11.182829510397001,43.625585328319005,0.0,0.0,0.0,46.35413428625201,42.655054437200015,77.008202435512,266.640625,265.52237373980006,1.0,43.4959834566,10.815241403490909,1.8611700132269158,12.476716643751516,65.87625456548788,0.0,0.0,0.0,56.48347205762425,57.8435143098212,103.42596608735253,266.640625,265.52237373980006,1.0
5,LOCKED,PARTIAL,5059.999,43.4959834566,52.5,52.5,0.0,12.0,0.0,10.1960784314,11.7647058824,53.5356987847,53.5424022741,99.2492289405,No,On,266.640625,265.5223737398,147.2,TRACTION,43.130769368122,9.236199095001998,1.1147793049022727,11.145262824323,49.14860882988901,0.0,0.0,0.0,48.561313482382005,46.091187758921,83.754128791554,266.640625,265.52237373980006,1.0,43.495983456599994,11.114932126707002,1.0938952114783158,12.81022398711,71.739182395952,0.0,0.0,0.0,58.468159879009,59.905524577786,106.09865840761103,266.640625,265.52237373980006,1.0
5,PARTIAL,OPEN,5065.651,43.4959834566,120.5,120.5,0.0,12.0,0.0,13.3333333333,16.1019607843,78.9719571085,76.314633633,148.1431451636,No,On,266.640625,265.5223737398,147.2,TRACTION,43.4959834566,12.260843731421215,2.0288188736278268,14.215282898864645,89.81346628021616,0.0,0.0,0.0,70.35442104062727,67.48168297506868,127.03258183358281,266.640625,265.52237373980006,1.0,42.922706394676,14.633484162911996,1.7877111994750157,17.137523199369,137.754248020477,0.0,0.0,0.0,86.97980769937301,84.521793273276,167.78878630239703,266.640625,265.52237373980006,1.0
5,OPEN,PARTIAL,5065.66,43.4959834566,119.6290322581,119.6290322581,0.0,12.0,0.0,13.3333333333,16.0784313725,79.1170086498,75.873732066,148.5306643037,No,On,266.640625,265.5223737398,147.2,TRACTION,43.495983456599994,12.271568627440004,2.0085306848915483,14.234149677719,90.120331617414,0.0,0.0,0.0,70.440596401306,67.570012481648,127.24368746688299,266.640625,265.52237373980006,1.0,42.916492682754,14.653092006049997,1.7877111994750157,17.153288697487998,138.323582697896,0.0,0.0,0.0,87.120098361031,84.666569585481,168.174689384185,266.640625,265.52237373980006,1.0
5,PARTIAL,OPEN,5065.67,43.4959834566,120.5080645161,120.5080645161,0.0,12.0,0.0,13.3333333333,16.0784313725,79.2781770291,75.2313392263,148.961241126,No,On,266.640625,265.5223737398,147.2,TRACTION,43.495983456599994,12.291176470577001,2.0085306848915483,14.257914383601001,90.56258968193,0.0,0.0,0.0,70.613604686817,67.704558093073,127.61421719106198,266.640625,265.52237373980006,1.0,42.910278970831996,14.672699849187998,1.7877111994750157,17.169450313649996,138.87672785918699,0.0,0.0,0.0,87.25873206097202,84.81776982608298,168.565860453582,266.640625,265.52237373980006,1.0
5,OPEN,PARTIAL,5065.78,42.8746122644,118.75,118.75,0.0,12.0,0.0,13.4238310709,16.0784313725,81.0510292014,76.314633633,153.4213519548,No,On,266.640625,265.5223737398,147.2,TRACTION,43.46951304381199,12.510784313712003,2.4006875476829888,14.572502618888002,95.74231596792099,0.0,0.0,0.0,72.508433259585,69.02894808410501,131.979799171373,266.640625,265.52237373980006,1.0,42.87461226439999,14.883559577701995,1.6972134619044272,17.370995174022998,144.618582432186,0.0,0.0,0.0,88.67369408568202,86.61240128924001,172.56937245382204,266.640625,265.52237373980006,1.0
5,PARTIAL,OPEN,5065.992,42.8746122644,120.5,120.5,0.0,12.0,0.0,14.1176470588,16.2156862745,84.4677988424,81.3340712034,161.5398969001,No,On,266.640625,265.5223737398,147.2,TRACTION,43.33902509345,13.051885369518002,2.7564320209673485,15.334152109322003,103.111195130005,0.0,0.0,0.0,76.081616668066,72.42602046497701,140.85365205149998,266.640625,265.52237373980006,1.0,42.87461226439999,15.154147813006995,1.0101010101404633,17.706852967649,156.244748704475,0.0,0.0,0.0,90.81801501241998,89.791365952679,178.824585755566,266.640625,265.52237373980006,1.0
5,OPEN,PARTIAL,5071.791,41.6318698799,111.25,111.25,0.0,12.0,0.0,8.6274509804,6.6745098039,51.9840947872,50.6336415479,119.1375629395,No,On,266.640625,265.5223737398,147.2,TRACTION,41.6318698799,13.600754147812,-7.042877238952809,14.783563732147,190.343843813278,0.0,0.0,0.0,79.707771255569,84.95040261098599,177.30028642811396,266.640625,265.52237373980006,1.0,41.56405685666162,7.25251509566667,-0.6123876197106108,8.783950456834344,39.714317718502016,0.0,0.0,0.0,34.7042099319707,32.711332729246465,60.28207903485555,266.640625,265.52237373980006,1.0
5,PARTIAL,LOCKED,5071.992,41.6318698799,48.8318965517,48.8318965517,0.0,12.0,0.0,6.6666666667,7.9479712677,38.807088129,37.9844506878,85.717960041,No,On,266.640625,265.5223737398,147.2,TRACTION,41.6318698799,12.019054801406998,-8.772592694147022,12.667266550182001,168.153619320363,0.0,0.0,0.0,70.676875035473,74.94483895920499,159.54006880277,266.640625,265.52237373980006,1.0,41.506445495565,7.291101055821002,1.1234517116807075,8.764032752289,31.337884672209,0.0,0.0,0.0,32.266948420509,31.357536607710006,49.35825025495599,266.640625,265.52237373980006,1.0
5,LOCKED,PARTIAL,5073.031,41.6318698799,50.625,50.625,0.0,12.0,0.0,7.8431372549,9.2078431373,33.5611979167,33.5590777921,49.5625817025,No,On,266.640625,265.5223737398,147.2,TRACTION,41.506445495565,7.326395173467003,1.1234517116807075,8.806904427692,31.393564246736002,0.0,0.0,0.0,32.139668259195005,31.253363389227005,48.35188256663199,266.640625,265.52237373980006,1.0,41.288117788292,8.221582339217,1.031098036431283,9.567176699896002,37.534847950269004,0.0,0.0,0.0,40.099572172619,35.446974129602,58.447337746987,266.640625,265.52237373980006,1.0
5,PARTIAL,LOCKED,5073.05,41.6318698799,49.8991935484,49.8991935484,0.0,12.0,0.0,7.8431372549,9.3568627451,33.80859375,33.9278588668,49.8049805061,No,On,266.640625,265.5223737398,147.2,TRACTION,41.506445495565,7.349924585231001,1.1234517116807075,8.85452547215,31.497782996735996,0.0,0.0,0.0,32.092957134888,31.214318692950005,47.774575217267,266.640625,265.52237373980006,1.0,41.288117788292,8.245111750981,1.031098036431283,9.567725719504004,37.813728998655996,0.0,0.0,0.0,40.34534970238,35.628414418324,58.820052486422,266.640625,265.52237373980006,1.0
5,LOCKED,PARTIAL,5073.991,41.6318698799,50.9916666667,50.9916666667,0.0,12.0,0.0,9.0196078431,9.4117647059,45.7338169643,43.884947882,67.324672986,No,On,266.640625,265.5223737398,147.2,TRACTION,41.288117788292,8.162758809806999,1.031098036431283,9.548902190092,37.128503864247,0.0,0.0,0.0,39.479496534629,34.96433189816799,57.527014341823005,266.640625,265.52237373980006,1.0,41.63186987990001,9.32197794940808,1.142340417494197,10.5792165194,56.27135185642627,0.0,0.0,0.0,48.498225844038394,44.980070359928284,79.64776404901616,266.640625,265.52237373980006,1.0
5,PARTIAL,LOCKED,5074.309,41.6318698799,46.875,46.875,0.0,12.0,0.0,9.0196078431,10.9803921569,47.5083705357,41.3034803595,74.9237601172,No,On,266.640625,265.5223737398,147.2,TRACTION,41.394869359112,8.539229398030999,1.031098036431283,9.863879864329004,45.139282204608,0.0,0.0,0.0,43.166666666667,37.83991818921601,63.812199070811005,266.640625,265.52237373980006,1.0,41.63186987990001,9.702251270878785,1.142340417494197,10.85416475100101,58.64107884126465,0.0,0.0,0.0,49.87579818695455,48.68107403196666,85.88143231640406,266.640625,265.52237373980006,1.0
5,LOCKED,PARTIAL,5074.52,41.6318698799,50.6370967742,50.6370967742,0.0,12.0,0.0,9.0196078431,9.8514557338,48.6858258929,47.5727586284,80.387212506,No,On,266.640625,265.5223737398,147.2,TRACTION,41.495176422996,8.786288221553,1.031098036431283,10.45736197725,47.929438790631,0.0,0.0,0.0,45.17706473214401,39.982803765343,68.35646750802601,266.640625,265.52237373980006,1.0,41.6318698799,9.954248366026997,1.130917013319255,11.348906165130002,62.161716187930004,0.0,0.0,0.0,50.50556095244201,49.66563583757802,86.91816840969803,266.640625,265.52237373980006,1.0
5,PARTIAL,LOCKED,5074.831,41.6318698799,49.8984375,49.8984375,0.0,12.0,0.0,10.1960784314,11.9450980392,50.4213169643,46.8351964791,88.439978823,No,On,266.640625,265.5223737398,147.2,TRACTION,41.570814677578,9.130718954217,0.8932461874192822,10.328216766999,53.97194674450898,0.0,0.0,0.0,47.545293898805994,43.704193357548,75.567578640416,266.640625,265.52237373980006,1.0,41.6318698799,9.980392156883,-1.6201227966240115,11.313391264618001,65.836594590053,0.0,0.0,0.0,51.015897305871995,52.243804157315004,84.08381122689302,266.640625,265.52237373980006,1.0
5,LOCKED,PARTIAL,5074.931,41.6318698799,54.125,54.125,0.0,12.0,0.0,10.1960784314,12.1568627451,50.7847512824,52.747589837,91.0292927513,No,On,266.640625,265.5223737398,147.2,TRACTION,41.62772740528485,9.250676701632322,1.142340417494197,10.41776059789798,55.69758370386061,0.0,0.0,0.0,48.181843118942425,44.366839643745465,78.1419420745899,266.640625,265.52237373980006,1.0,41.65612435584546,9.8356110121,-1.636487673357587,10.92356812231212,68.30637329273736,0.0,0.0,0.0,51.067917196310106,51.79321002247374,82.19683146331919,266.640625,265.52237373980006,1.0
5,PARTIAL,LOCKED,5076.091,41.6318698799,49.375,49.375,0.0,12.0,0.0,8.6274509804,9.6745098039,50.9218142811,45.9939146526,68.7517134623,No,On,266.640625,265.5223737398,147.2,TRACTION,41.663801247849996,9.588235294132998,-1.620122796624011,10.586373209869999,68.02402998992099,0.0,0.0,0.0,51.099460130629986,49.809949370986004,78.33627499366,266.640625,265.52237373980006,1.0,41.754033893037004,9.025311942953,1.6191325014339784,9.656497920366002,49.002376977945,0.0,0.0,0.0,51.316163635959995,46.30247775944399,76.78847158201,266.640625,265.52237373980006,1.0
5,LOCKED,PARTIAL,5076.1,41.6318698799,50.0040322581,50.0040322581,0.0,12.0,0.0,8.6274509804,9.6392156863,50.9090633096,46.169011312,68.8763068598,No,On,266.640625,265.5223737398,147.2,TRACTION,41.6641237869202,9.566250742736363,-1.6364876733575873,10.570192784776767,67.73197473729392,0.0,0.0,0.0,51.10206085553837,49.644044883070706,77.96534656102425,266.640625,265.52237373980006,1.0,41.754033893037004,9.044919786089999,2.0548623488777182,9.691141612186001,48.980774155363996,0.0,0.0,0.0,51.373918082650995,46.30354841417699,77.05941717103,266.640625,265.52237373980006,1.0
5,PARTIAL,LOCKED,5076.11,41.6318698799,49.2620967742,49.2620967742,0.0,12.0,0.0,8.6274509804,9.6,50.8948955635,46.4664154045,69.0147439681,No,On,266.640625,265.5223737398,147.2,TRACTION,41.663801247849996,9.556862745113,-1.6201227966240115,10.560883013792,67.55469531250199,0.0,0.0,0.0,51.100130880078986,49.60929454736001,77.874456164012,266.640625,265.52237373980006,1.0,41.754033893037004,9.064527629227,2.0548623488777187,9.726613190716,48.96351609084799,0.0,0.0,0.0,51.43416148905099,46.31092403566899,77.33923841929001,266.640625,265.52237373980006,1.0
5,LOCKED,PARTIAL,5076.309,41.6318698799,51.625,51.625,0.0,12.0,0.0,8.6274509804,8.2352941176,50.6129574158,47.3883680911,71.7696424235,No,On,266.640625,265.5223737398,147.2,TRACTION,41.663801247849996,9.243137254913,-1.6201227966240115,10.20778618646,61.212100134411,0.0,0.0,0.0,51.06286319002199,48.77288692608099,74.178194208529,266.640625,265.52237373980006,1.0,41.755267872967686,9.601568959852525,3.6371607968590576,10.798966892123234,50.460190831827276,0.0,0.0,0.0,53.035383012888886,46.70662394996162,84.29006446959495,266.640625,265.52237373980006,1.0
5,PARTIAL,LOCKED,5076.431,41.6318698799,48.5,48.5,0.0,12.0,0.0,8.6274509804,9.3803921569,50.4401109132,42.0886271636,73.4585751449,No,On,266.640625,265.5223737398,147.2,TRACTION,41.66380124785,9.054901960793,-1.6201227966240115,9.673258521927,59.322210983324005,0.0,0.0,0.0,51.00200415249499,48.51222710925399,72.767937447997,266.640625,265.52237373980006,1.0,41.754033893037004,10.050651309468996,3.600789188890467,11.586229818358,53.197402217741,0.0,0.0,0.0,54.56281150416901,49.090651783147,90.48458679672,266.640625,265.52237373980006,1.0
5,LOCKED,PARTIAL,5076.75,41.6318698799,51.375,51.375,0.0,12.0,0.0,9.0196078431,9.8039215686,49.9881598122,47.5727586284,77.8747189,No,On,266.640625,265.5223737398,147.2,TRACTION,41.75464815289901,8.713725490194,0.05446623094285144,9.060784313713002,54.265441158055,0.0,0.0,0.0,50.69809785878,45.801434325708996,71.97372876492301,266.640625,265.52237373980006,1.0,41.663503322413135,11.328643628104043,4.43739926797292,13.158948096410104,71.03254028863839,0.0,0.0,0.0,59.91927515802121,56.89687460291413,111.31337074722121,266.640625,265.52237373980006,1.0
5,PARTIAL,LOCKED,5077.031,41.6318698799,49.375,49.375,0.0,12.0,0.0,10.1960784314,12.0941176471,55.2334607713,42.7786046581,89.628301562,No,On,266.640625,265.5223737398,147.2,TRACTION,41.754033893037004,8.915508021383,1.2923351157595837,9.440980392141002,49.19935908479999,0.0,0.0,0.0,50.97384886309301,46.351541999596,75.10720794786099,266.640625,265.52237373980006,1.0,41.6318698799,12.766515837105999,4.8109298108220475,15.235125929436002,90.02812054771603,0.0,0.0,0.0,65.97979989220201,65.54555982058301,135.63062334124098,266.640625,265.52237373980006,1.0
5,LOCKED,PARTIAL,5077.039,41.6318698799,50.2217741935,50.2217741935,0.0,12.0,0.0,10.1960784314,12.9411764706,55.4041722074,43.0284240957,90.3744855855,No,On,266.640625,265.5223737398,147.2,TRACTION,41.754033893037004,8.931194295893,1.6191325014339784,9.464941176455003,49.18935908479999,0.0,0.0,0.0,51.01611526322801,46.34416637810301,75.324280055357,266.640625,265.52237373980006,1.0,41.6318698799,12.813574660635,4.810929810822047,15.282184752965,90.897233450942,0.0,0.0,0.0,66.192472260916,65.961449703466,136.43429604190203,266.640625,265.52237373980006,1.0
5,PARTIAL,LOCKED,5077.05,41.6318698799,49.060483871,49.060483871,0.0,12.0,0.0,10.1960784314,12.6901960784,55.6389004322,43.884947882,91.4004886178,No,On,266.640625,265.5223737398,147.2,TRACTION,41.754033893037004,8.946880570403,1.6191325014339784,9.496313725475002,49.170689729961,0.0,0.0,0.0,51.060202119693,46.33548217860301,75.54770650622099,266.640625,265.52237373980006,1.0,41.6318698799,12.860633484163998,4.8109298108220475,15.331439654925997,91.78920673723199,0.0,0.0,0.0,66.405119673327,66.37448450706101,137.22941675090198,266.640625,265.52237373980006,1.0
5,LOCKED,PARTIAL,5077.189,41.6318698799,50.25,50.25,0.0,12.0,0.0,11.3725490196,13.9607843137,58.6050116356,50.1542261509,104.3654360261,No,On,266.640625,265.5223737398,147.2,TRACTION,41.754033893037004,9.234965034959,2.8818349405494006,10.007565458492001,48.86312546584901,0.0,0.0,0.0,51.91959547316899,46.42674632461601,79.520250737897,266.640625,265.52237373980006,1.0,41.664268167425256,13.424440483261614,3.584068052228915,15.923937096794948,105.35505050505151,0.0,0.0,0.0,69.27437623438686,71.61709368529394,147.28788276497778,266.640625,265.52237373980006,1.0
5,PARTIAL,LOCKED,5077.199,41.6318698799,49.9516129032,49.9516129032,0.0,12.0,0.0,11.3725490196,14.1568627451,58.8184009309,50.1542261509,105.2981660555,No,On,266.640625,265.5223737398,147.2,TRACTION,41.754033893037004,9.262416015351,2.8818349405494006,10.056820360453,48.923125465849,0.0,0.0,0.0,51.997830053579,46.443110984804015,79.862682689812,266.640625,265.52237373980006,1.0,41.66394418455,13.474509803919,3.5482273717066253,15.976070274845997,106.86431720430201,0.0,0.0,0.0,69.59253513239601,72.14692693417099,148.22514830105297,266.640625,265.52237373980006,1.0
5,LOCKED,PARTIAL,5077.21,41.6318698799,51.3024193548,51.3024193548,0.0,12.0,0.0,11.3725490196,14.3725490196,59.0531291556,50.1542261509,106.3241690878,No,On,266.640625,265.5223737398,147.2,TRACTION,41.754033893037004,9.289866995743001,2.8818349405494,10.109094870257001,48.979360344880995,0.0,0.0,0.0,52.07832603665699,46.43942317405802,80.213196008046,266.640625,265.52237373980006,1.0,41.66394418455,13.509803921565997,3.5482273717066253,16.008815372885,107.88992582325402,0.0,0.0,0.0,69.804608423508,72.51808724154901,148.895721127823,266.640625,265.52237373980006,1.0
5,PARTIAL,OPEN,5077.9,41.6318698799,121.125,121.125,0.0,12.0,0.0,14.5098039216,17.2549019608,73.7368335663,79.0459184671,168.5834158885,No,On,266.640625,265.5223737398,147.2,TRACTION,41.6318698799,12.062416015357,5.147630147530282,14.259322007863998,79.94564658938201,0.0,0.0,0.0,63.000463078888,60.451102067928,123.62971344636499,266.640625,265.52237373980006,1.0,41.66394418455,14.874509803910998,0.43572984744374027,17.607411764681,161.21892587276102,0.0,0.0,0.0,83.77526042308999,87.84550331940099,176.37107097658998,266.640625,265.52237373980006,1.0
5,OPEN,PARTIAL,5077.91,41.6318698799,119.75390625,119.75390625,0.0,12.0,0.0,14.5098039216,17.2549019608,73.9479541068,79.3949965206,168.7386921304,No,On,266.640625,265.5223737398,147.2,TRACTION,41.6318698799,12.113396407514001,5.147630147530282,14.338380831394,80.60689658938199,0.0,0.0,0.0,63.213450804511005,60.739673258832994,124.516034850004,266.640625,265.52237373980006,1.0,41.66394418455,14.878431372537998,0.43572984744374027,17.611333333308,161.868508022382,0.0,0.0,0.0,83.933674239789,87.93662793332798,176.511501354098,266.640625,265.52237373980006,1.0
5,PARTIAL,OPEN,5077.92,41.6318698799,121.1774193548,121.1774193548,0.0,12.0,0.0,14.5098039216,17.2549019608,74.1590746472,80.3942742712,168.8939683724,No,On,266.640625,265.5223737398,147.2,TRACTION,41.6318698799,12.164376799670999,5.147630147530282,14.416576909825999,81.255725974463,0.0,0.0,0.0,63.42620245329201,61.038623852563994,125.40238620787001,266.640625,265.52237373980006,1.0,41.66394418455,14.882352941164998,0.43572984744374027,17.615254901935,162.504233828834,0.0,0.0,0.0,84.08996278536901,88.01775976974899,176.650225310405,266.640625,265.52237373980006,1.0
5,OPEN,PARTIAL,5082.43,40.3891274954,116.625,116.625,0.0,12.0,0.0,6.2745098039,3.6420112599,35.1901640952,40.0424870075,85.4251086327,No,On,266.640625,265.5223737398,147.2,TRACTION,40.768894947635985,13.279738562117998,-8.829318829425532,14.208030214770003,202.627449512766,0.0,0.0,0.0,69.001933524069,84.08404160123601,157.70517971558,266.640625,265.52237373980006,1.0,39.900441020402035,6.524064171136366,0.36010731201556984,6.893085795086868,25.036092119262623,0.0,0.0,0.0,27.01653894283333,28.134783129514137,44.38692086727273,266.640625,265.52237373980006,1.0
5,PARTIAL,OPEN,5082.439,40.3891274954,122.6291666667,122.6291666667,0.0,12.0,0.0,6.2745098039,3.5294117647,34.5642651674,38.9640254173,83.9389759439,No,On,266.640625,265.5223737398,147.2,TRACTION,40.76268123571298,13.189542483685996,-8.829318829425532,14.067979739134003,201.767449512766,0.0,0.0,0.0,68.438079408442,83.57357721695399,156.660567592668,266.640625,265.52237373980006,1.0,39.880473037464014,6.5294117647200025,0.35650623889541416,6.936782388116999,23.821616950758,0.0,0.0,0.0,26.959469894712996,28.030769923444996,43.874554982006,266.640625,265.52237373980006,1.0
5,OPEN,PARTIAL,5082.45,40.3891274954,116.625,116.625,0.0,12.0,0.0,6.2745098039,3.5643564356,33.7992775889,35.0342020907,82.1225915464,No,On,266.640625,265.5223737398,147.2,TRACTION,40.756467523789986,13.099346405253996,-8.829318829425532,13.926803268546003,200.971846018143,0.0,0.0,0.0,67.867930119327,83.052762076857,155.600670517428,266.640625,265.52237373980006,1.0,39.87533511364648,6.531986532001012,0.36010731201556984,6.970847296728282,22.884209041169694,0.0,0.0,0.0,26.89038092810505,27.960028184381812,43.48821117832525,266.640625,265.52237373980006,1.0
5,PARTIAL,LOCKED,5082.56,40.3891274954,49.875,49.875,0.0,12.0,0.0,6.2745098039,6.3294117647,25.17578125,28.3961427472,63.9587475717,No,On,266.640625,265.5223737398,147.2,TRACTION,40.68486030884847,12.07499834952626,-8.918503868106598,12.455670601707071,188.01270517676565,0.0,0.0,0.0,60.816343925030296,76.51790832886667,142.31068255082727,266.640625,265.52237373980006,1.0,39.731343951336015,6.576470588256002,0.35650623889541416,7.268001172741,15.464156013256998,0.0,0.0,0.0,26.747836026465002,27.493179311885992,39.759722945644,266.640625,265.52237373980006,1.0
5,LOCKED,PARTIAL,5082.57,40.3891274954,51.7862903226,51.7862903226,0.0,12.0,0.0,6.2745098039,6.6039215686,25.4539585513,27.5277227972,62.3074890285,No,On,266.640625,265.5223737398,147.2,TRACTION,40.681902980713986,12.016993464069996,-8.829318829425532,12.394408013337,186.631328124998,0.0,0.0,0.0,60.459938298279994,76.03669067305,141.527163201036,266.640625,265.52237373980006,1.0,39.718916527492006,6.580392156884002,0.35650623889541416,7.279099211956999,15.137664077772998,0.0,0.0,0.0,26.773899304188998,27.498982409239996,39.525258925917996,266.640625,265.52237373980006,1.0
5,PARTIAL,LOCKED,5082.58,40.3891274954,48.625,48.625,0.0,12.0,0.0,6.2745098039,6.8784313725,25.1950228416,25.4458941501,60.6562304853,No,On,266.640625,265.5223737398,147.2,TRACTION,40.67568926879098,11.926797385637997,-8.829318829425533,12.283976640787998,185.08069102822398,0.0,0.0,0.0,59.79808890353001,75.38906352133,140.243961436889,266.640625,265.52237373980006,1.0,39.706489103648,6.5843137255120014,0.35650623889541416,7.286275682545998,14.846897948741,0.0,0.0,0.0,26.802277249248,27.528484895211,39.307541886375,266.640625,265.52237373980006,1.0
5,LOCKED,PARTIAL,5084.8,38.5250139187,51.3709677419,51.3709677419,0.0,12.0,0.0,10.1960784314,9.898989899,35.6752666299,49.4166640016,74.4028136054,No,On,266.640625,265.5223737398,146.5470941884,TRACTION,38.73688931152599,7.742383107080001,3.766473178296195,8.163430919566,23.579783686153995,0.0,0.0,0.0,27.745684501767002,31.111213402990003,59.917823113238,266.640625,265.52237373980006,1.0,38.266701037371426,10.476190476185716,2.546473134317893,10.758356676000002,77.93947532642858,0.0,0.0,0.0,38.29578700402857,49.017930086199996,75.82373883537856,266.640625,265.5223737398,1.0
5,OPEN,PARTIAL,5186.541,48.4669529945,114.75,114.75,23.7227359862,12.0,0.0,12.1568627451,18.4274113686,89.1613176722,78.5082224895,192.8105468155,No,On,266.640625,265.5223737398,143.6,TRACTION,48.40407520582123,13.373351412584844,-2.208222152739382,19.421232488765654,178.13778505739998,22.524980429479797,0.0,0.0,103.43546070216465,106.42602822792324,235.88013871941416,266.640625,265.52237373980006,1.0,48.37473449770501,12.083660130728994,0.12279659337837671,17.299953483232,85.42410361380202,25.1503687039,0.0,0.0,83.40808643854,81.015717957159,158.59168839722398,266.640625,265.52237373980006,1.0
5,PARTIAL,LOCKED,5187.501,48.2386941892,48.125,48.125,26.4696715381,12.0,0.0,12.1568627451,16.7280649634,81.7037679542,82.9757417937,143.3846697569,No,On,266.640625,265.5223737398,143.6,TRACTION,48.378285190232,12.083660130728994,0.12279659337837671,17.371967743482003,89.015064589786,25.003169923204005,0.0,0.0,83.80666557674202,80.777011235846,161.17896652412398,266.640625,265.52237373980006,1.0,48.02504398428701,11.274423615623999,-2.735097146890408,15.568769133206,26.449547564020005,26.427416273668996,0.0,0.0,72.640836260999,73.87658011616399,124.369023549399,266.640625,265.52237373980006,1.0
5,LOCKED,PARTIAL,5189.159,47.8455818023,56.5,56.5,16.2892591967,12.0,0.0,7.0588235294,9.6098645644,51.653068961,37.0855468183,58.1556108987,No,On,266.640625,265.5223737398,143.6,TRACTION,47.877543107459005,8.729627235524,-3.940895705713699,11.732416942359999,13.503873412484001,22.501053250745002,0.0,0.0,55.958198780326,56.292498362968,82.813186128613,266.640625,265.52237373980006,1.0,47.8455818023,6.728586171336842,-2.293314986545996,9.4117647059,76.15344893836843,15.502239424684209,0.0,0.0,52.1600053089579,10.334499497,56.824648332147355,266.640625,265.5223737398,1.0
5,PARTIAL,LOCKED,5189.17,47.8455818023,49.3125,49.3125,16.0991895726,12.0,0.0,7.0588235294,9.4117647059,51.7083662975,37.0565499193,58.0104276125,No,On,266.640625,265.5223737398,143.6,TRACTION,47.87754310745901,8.690411549249,-3.9408957057136997,11.656679580873996,14.011373412484001,22.402658592592005,0.0,0.0,55.786590407435995,56.03987589173799,82.216683804904,266.640625,265.52237373980006,1.0,47.8455818023,6.710239651444444,-2.4207213746874405,9.4117647059,77.64461276827778,15.469075527577777,0.0,0.0,52.185096365149995,8.849941140205553,56.75877170546111,266.640625,265.5223737398,1.0
5,LOCKED,PARTIAL,5189.179,47.8455818023,57.1653225806,57.1653225806,16.1372034974,12.0,0.0,7.0588235294,9.4117647059,51.7536095728,35.7717642399,57.8916412874,No,On,266.640625,265.5223737398,143.6,TRACTION,47.877543107459005,8.651195862974,-3.940895705713699,11.578819310551996,14.431685912484001,22.302582549303008,0.0,0.0,55.618989695411,55.77566209600499,81.626834726896,266.640625,265.52237373980006,1.0,47.8455818023,6.689734717447059,-2.5631167496690543,9.4117647059,78.8492768969647,15.429773882294118,0.0,0.0,52.21047794117059,7.266304487282353,56.69213231828824,266.640625,265.5223737398,1.0
5,PARTIAL,OPEN,5262.57,39.146385111,-238.5,238.5,0.0,12.0,1350.0003375001,0.0,3.2941176471,12.9228940217,17.4040874902,-15.0226242199,No,On,266.640625,265.5223737398,140.0,BRAKE,,,,,,,,,,,,,,,38.72851671389999,0.0,0.0,6.818915801611765,160.71793402246766,0.0,1350.0003375001002,1350.0003375001,13.861630816161766,15.320746840114706,-13.071237882420588,266.640625,265.52237373979995,1.0
5,OPEN,PARTIAL,5262.82,38.5250139187,-113.25,113.25,0.0,12.0,1350.0003375001,0.0,7.8431372549,14.1277098124,11.6463442604,-12.2344608532,No,On,266.640625,265.5223737398,140.0,BRAKE,38.8636612185,0.0,-24.242424243619812,6.268235294116,188.347889242472,0.0,1350.0003375001002,1350.0003375001,13.858650316388001,18.162486220808,-13.690105183684,266.640625,265.5223737398,1.0,38.42215655582223,0.0,0.0,7.8431372549,97.88472507801112,0.0,1350.0003375001,1350.0003375001,13.736041561011112,8.066775585944445,-11.661957975211113,266.640625,265.5223737398,1.0
5,OPEN,PARTIAL,5334.93,42.2532410721,118.375,118.375,0.0,12.0,0.0,12.1568627451,12.5647058824,74.476796875,71.5435284799,138.4073522885,No,On,266.640625,265.5223737398,141.8,TRACTION,42.58087315531617,13.30560507029899,-1.8219715189267909,14.653093448829296,134.15881488861012,0.0,0.0,0.0,80.28137007010505,78.1596282110495,146.05137629994852,266.640625,265.52237373980006,1.0,42.253241072099996,12.156862745099998,0.0,13.918587644142999,108.978193950751,0.0,0.0,0.0,69.75194954151999,67.484466517092,129.44261174750704,266.640625,265.52237373980006,1.0
5,PARTIAL,OPEN,5337.418,42.2532410721,120.9166666667,120.9166666667,0.0,12.0,0.0,14.9019607843,18.1882352941,79.4745126856,78.4581736294,172.0745275667,No,On,266.640625,265.5223737398,141.8,TRACTION,42.253241072099996,12.662745098023999,2.880387586299,14.450828282839,112.288556016406,0.0,0.0,0.0,73.305800935685,67.461003941488,144.183062483466,266.640625,265.52237373980006,1.0,42.2532410721,15.28619528623535,0.39611804322367705,17.41189306889697,166.49305332621213,0.0,0.0,0.0,85.54281735287273,89.06284936463639,181.508853631099,266.640625,265.52237373980006,1.0
5,OPEN,PARTIAL,5351.668,45.3600970333,118.5967741935,118.5967741935,20.6265200862,12.0,0.0,12.1568627451,15.2941176471,73.0050281709,74.1249960024,132.9636092894,No,On,266.640625,265.5223737398,141.8,TRACTION,45.3600970333,14.202136752134997,-7.253044704162993,18.673496930080997,319.341708424495,10.291550632740998,0.0,0.0,98.603422197799,103.077482242639,252.98164905930196,266.640625,265.52237373980006,1.0,45.384115017432315,12.050215579628285,-1.9044136690558455,15.76548207522222,107.04169911114143,22.218725350419188,0.0,0.0,74.28834170346566,74.12588182505152,121.37728402558687,266.640625,265.52237373980006,1.0
5,PARTIAL,OPEN,5352.649,45.6086455102,121.125,121.125,22.4536557271,12.0,0.0,10.9803921569,13.1741409435,73.7881747159,80.3725812668,111.9491747463,No,On,266.640625,265.5223737398,141.8,TRACTION,45.38138935282199,12.074811463047004,-1.8853695323652873,15.805360548977001,107.17312198840098,22.163774693587,0.0,0.0,74.25980995836902,74.003346933845,121.918628817373,266.640625,265.52237373980006,1.0,45.279260097401995,10.917507002835,0.09924171686344056,13.666799762345,68.74180954611899,23.363729654088992,0.0,0.0,69.914910601674,67.649917343349,117.323201945622,266.640625,265.52237373980006,1.0
5,OPEN,PARTIAL,5352.669,45.1115485564,117.0967741935,117.0967741935,22.4328065514,12.0,0.0,10.5882352941,11.7647058824,73.6283735795,74.1249960024,112.1670201069,No,On,266.640625,265.5223737398,141.8,TRACTION,45.384115017432315,12.050215579628285,-1.9044136690558455,15.76548207522222,107.04169911114143,22.218725350419188,0.0,0.0,74.28834170346566,74.12588182505152,121.37728402558687,266.640625,265.52237373980006,1.0,45.276872082624,10.921428571463002,0.49139857965488093,13.696192113345,67.007243685904,23.394773287163993,0.0,0.0,69.781286850695,67.346432211925,117.48876441963598,266.640625,265.52237373980006,1.0
5,PARTIAL,LOCKED,5353.518,45.3600970333,49.2625,49.2625,24.2724930228,12.0,0.0,10.9803921569,13.7254901961,67.4511297818,66.892128474,121.414555662,No,On,266.640625,265.5223737398,141.8,TRACTION,45.329437648735,10.911473820326,-3.1988980518478827,13.889556508604,77.487742064522,23.239036122807992,0.0,0.0,70.903962654905,69.99453350035299,116.03811807597101,266.640625,265.52237373980006,1.0,45.07261224868383,10.911528558621209,-1.418114906065059,14.219624707582824,31.18814330900808,24.671391789320204,0.0,0.0,65.43638890156667,64.58000042156868,116.50250704333737,266.640625,265.52237373980006,1.0
5,LOCKED,PARTIAL,5358.769,43.4959834566,-52.375,52.375,11.5701593979,12.0,0.0,3.5294117647,3.9215686275,19.7716564119,14.8004137955,15.0353985083,No,On,266.640625,265.5223737398,141.8,TRACTION,43.771375169026996,4.403921568623001,1.000858254791948,6.130654708612001,17.737028653289002,17.837911212458,0.0,0.0,30.552246218517002,25.707651639074,23.669489994139003,266.640625,265.52237373980006,1.0,43.205888396084994,3.8156862745440003,0.4901960785115919,5.7889569780449985,50.400479717509,10.542883497040998,0.0,0.0,15.622158310865,16.270241252627,14.579984099598999,266.640625,265.52237373980006,1.0
5,PARTIAL,LOCKED,5359.049,43.4959834566,-46.125,46.125,10.5333661505,12.0,0.0,3.9215686275,7.0549019608,14.080642174,14.3824619109,13.2963045984,No,On,266.640625,265.5223737398,141.8,TRACTION,43.59213907948889,3.5294117647000003,0.0,5.28318427010202,34.77891908909192,14.897118032247471,0.0,0.0,24.58675895979495,18.311507368042424,17.130621474563636,266.640625,265.52237373980006,1.0,43.03349327234848,3.945335710087879,0.3300983692839003,5.685122162441416,43.791417363546465,10.533366150499997,0.0,0.0,15.675842458447475,16.851381367352527,15.867348471932324,266.640625,265.52237373980006,1.0
5,LOCKED,PARTIAL,5359.391,42.8746122644,-52.125,52.125,10.5333661505,12.0,0.0,3.9215686275,5.9176470588,15.1675309806,16.9639294334,14.415423416,No,On,266.640625,265.5223737398,141.8,TRACTION,43.448223161042996,3.6627450980519995,0.4901960785115919,5.417552567025,45.518263220316996,12.169867156312996,0.0,0.0,18.804150299458,15.545581855722,14.653183507961998,266.640625,265.52237373980006,1.0,42.842922333593016,4.0823529412070005,0.32679738559106125,6.363457016287999,38.475038422118004,7.910218193020999,0.0,0.0,16.888558456233,17.760438739398996,18.452826016769,266.640625,265.52237373980006,1.0
5,PARTIAL,LOCKED,5359.449,42.8746122644,-49.775,49.775,10.5333661505,12.0,0.0,3.9215686275,6.1450980392,15.3518571525,17.332710508,14.9102337748,No,On,266.640625,265.5223737398,141.8,TRACTION,43.41178289512573,3.6847214133336634,0.4853426519916752,5.501983710313862,46.89783211681683,11.811129182500986,0.0,0.0,18.154516988180198,15.573363094056436,14.5216015304297,266.640625,265.52237373980006,1.0,42.815333452655,4.105882352969001,0.32679738559106125,6.410572916112999,36.000942805646,7.278216223990999,0.0,0.0,17.114818313673,17.948565709714,18.838538582035998,266.640625,265.52237373980006,1.0
5,LOCKED,PARTIAL,5359.979,42.8746122644,-50.0120967742,50.0120967742,10.5333661505,12.0,0.0,3.9215686275,4.3454149337,17.0617753865,16.5951483587,19.4317767089,No,On,266.640625,265.5223737398,141.8,TRACTION,43.081614157645,3.894117647104,0.4901960785115919,5.882743795944001,43.731558381443,10.533366150499996,0.0,0.0,15.470548833753998,16.646695780934998,15.411211310842997,266.640625,265.52237373980006,1.0,42.48600672073599,4.4823529411609995,0.7625272330348005,6.813553724006,28.466876267872998,1.6955321642259997,0.0,0.0,19.295249350647,19.999005959915,21.157174195773997,266.640625,265.52237373980006,1.0
5,PARTIAL,LOCKED,5360.118,42.8746122644,-50.0,50.0,10.5333661505,12.0,0.0,4.3137254902,6.8392156863,17.6811533849,17.7966608922,20.6176153274,No,On,266.640625,265.5223737398,141.8,TRACTION,42.99462219073699,3.9725490196510003,0.32679738559106125,5.672059119636001,45.261717373071995,10.533366150499996,0.0,0.0,15.893157717553999,16.990041370568004,16.345371991922,266.640625,265.52237373980006,1.0,42.399014753814,4.537254901938999,0.43572984744373927,7.0365352809849995,26.387226131090998,0.220860903156,0.0,0.0,19.810420638963002,20.492209506341997,21.431155100732,266.640625,265.52237373980006,1.0
5,LOCKED,PARTIAL,5360.129,42.8746122644,-50.8409090909,50.8409090909,10.5333661505,12.0,0.0,4.3137254902,7.0117647059,17.7301689099,19.1766158812,20.6627603186,No,On,266.640625,265.5223737398,141.8,TRACTION,42.988408478814996,3.9764705882780005,0.32679738559106125,5.680914734610001,45.360467373072,10.533366150499996,0.0,0.0,15.926969983825002,16.994918797684004,16.422870723489,266.640625,265.52237373980006,1.0,42.392801041891,4.541176470566,0.43572984744373927,7.040927437848,26.293890569593994,0.115527241651,0.0,0.0,19.843530127492,20.510648560074,21.443070199855995,266.640625,265.52237373980006,1.0
5,PARTIAL,LOCKED,5360.139,42.8746122644,-48.9655172414,48.9655172414,9.1742221311,12.0,0.0,4.3137254902,7.168627451,17.7747284781,18.7959386429,20.6785033741,No,On,266.640625,265.5223737398,141.8,TRACTION,42.98219476689299,3.9803921569050003,0.32679738559106125,5.693674489017001,45.467058282162995,10.533366150499996,0.0,0.0,15.960922821227,17.017045662162,16.501504120433,266.640625,265.52237373980006,1.0,42.38793426186566,4.543473955216161,0.44013115903408007,7.039637538725252,26.064884239575758,0.02402527307070707,0.0,0.0,19.864427113849494,20.527968862267677,21.450793097085857,266.640625,265.52237373980006,1.0
5,LOCKED,PARTIAL,5363.24,41.0104986877,-51.5,51.5,0.0,12.0,0.0,4.7058823529,5.3581828771,20.394349179,20.6636363435,19.4580025035,No,On,266.640625,265.5223737398,141.8,TRACTION,41.08833599015001,4.6127450980089995,0.4188948306400347,6.352662554187,31.573702805675,0.0,0.0,0.0,20.077197458521,19.922919755111,18.598605433407002,266.640625,265.52237373980006,1.0,40.61505806091699,4.705882352899999,0.0,6.096229222928,42.262943931520006,0.0,0.0,0.0,20.794868506143004,20.708569933670002,20.803140291069003,266.640625,265.52237373980006,1.0
5,PARTIAL,LOCKED,5363.291,41.0104986877,-49.185483871,49.185483871,0.0,12.0,0.0,4.7058823529,4.7764705882,20.4576602225,20.6517401798,19.61789908,No,On,266.640625,265.5223737398,141.8,TRACTION,41.07291677908601,4.632352941143999,0.4188948306400347,6.310783160921,32.921803253194,0.0,0.0,0.0,20.083464054875,19.996081161856004,18.652531337627,266.640625,265.52237373980006,1.0,40.58398950130198,4.705882352899999,0.0,6.150320855622,40.841300916712,0.0,0.0,0.0,20.812828424630997,20.721417790463,20.895127850939,266.640625,265.52237373980006,1.0
5,LOCKED,PARTIAL,5363.869,40.3891274954,-51.375,51.375,0.0,12.0,0.0,4.7058823529,5.4901960784,20.923200707,21.0205212544,21.389302329,No,On,266.640625,265.5223737398,141.8,TRACTION,40.84956982536767,4.705882352899999,0.0,6.2985408344838385,37.06851893741818,0.0,0.0,0.0,20.535714109195958,20.33630247221212,19.8660570465404,266.640625,265.52237373980006,1.0,40.34799272247698,4.839215686251999,0.35650623892489053,6.116242424244,37.985195322435004,0.0,0.0,0.0,20.768150885779,21.049835406978005,21.387031130317997,266.640625,265.52237373980006,1.0
5,PARTIAL,LOCKED,5363.891,40.3891274954,-46.375,46.375,0.0,12.0,0.0,4.7058823529,5.5254901961,20.9158634605,21.0205212544,21.389302329,No,On,266.640625,265.5223737398,141.8,TRACTION,40.83701687198788,4.705882352899999,0.0,6.304284546109091,37.58209544873535,0.0,0.0,0.0,20.55527974932626,20.358652840371718,19.9256580283,266.640625,265.52237373980006,1.0,40.335565298632986,4.847058823507998,0.35650623892489053,6.117497326204,37.83912426705301,0.0,0.0,0.0,20.763958372431997,21.037225473457998,21.385676110086997,266.640625,265.52237373980006,1.0
5,LOCKED,PARTIAL,5365.14,39.7677563032,-50.35,50.35,0.0,12.0,0.0,5.0980392157,5.5294117647,20.7553726341,21.0205212544,21.1252273633,No,On,266.640625,265.5223737398,141.8,TRACTION,40.18438882580909,4.943553178839393,0.36010731204534396,6.269623623086869,34.441672618972724,0.0,0.0,0.0,20.728734383596972,21.01355995093737,21.345114857934345,266.640625,265.52237373980006,1.0,39.590044142230006,4.971568627447,-0.392156862769333,5.643310738931999,38.581567103261,0.0,0.0,0.0,20.68944916881,20.516591781444,20.609096750710002,266.640625,265.52237373980006,1.0
5,PARTIAL,LOCKED,5365.209,39.7677563032,-45.25,45.25,0.0,12.0,0.0,5.0980392157,4.9155503786,20.7681264787,21.0332378432,21.072104411,No,On,266.640625,265.5223737398,141.8,TRACTION,40.142940229051,4.9686274509759984,0.35650623892489053,6.144779266161999,35.231037562809,0.0,0.0,0.0,20.725408433524002,21.029451697874002,21.325485495453997,266.640625,265.52237373980006,1.0,39.546548158776005,4.944117647050999,-0.392156862769333,5.724287115000999,38.24611280218699,0.0,0.0,0.0,20.659055758669002,20.454053139223,20.505107697871004,266.640625,265.52237373980006,1.0
5,LOCKED,PARTIAL,5365.93,39.146385111,-53.75,53.75,0.0,12.0,0.0,4.7058823529,3.9215686275,20.5474532278,20.6405649957,20.2219731116,No,On,266.640625,265.5223737398,141.8,TRACTION,39.726745804514024,5.057843137262999,-0.392156862769333,6.034443071770002,33.993933030681,0.0,0.0,0.0,20.751052117868003,20.626242096538,20.882105949612,266.640625,265.52237373980006,1.0,39.036585228355996,4.705882352899999,0.0,5.556631855343,47.153022162456,0.0,0.0,0.0,20.121783768503,19.897388737154003,19.077810385732,266.640625,265.52237373980006,1.0
5,PARTIAL,LOCKED,5366.168,39.146385111,-49.0564516129,49.0564516129,0.0,12.0,0.0,4.7058823529,6.2745098039,20.3384774191,20.2829591051,19.637489899,No,On,266.640625,265.5223737398,141.8,TRACTION,39.577616718386004,4.963725490190999,-0.392156862769333,5.659345597319999,38.547483769928,0.0,0.0,0.0,20.681296583176,20.500499516368,20.580220642017004,266.640625,265.52237373980006,1.0,38.887456142204,4.705882352899999,0.0,5.6247127464740005,44.094492388598994,0.0,0.0,0.0,19.936234966076,19.651845271894004,18.723166601115,266.640625,265.52237373980006,1.0
5,LOCKED,PARTIAL,5366.269,39.146385111,-51.875,51.875,0.0,12.0,0.0,4.7058823529,4.7058823529,20.2497944079,20.4212520081,19.3894529054,No,On,266.640625,265.5223737398,141.8,TRACTION,39.515479599166,4.924509803910999,-0.392156862769333,5.735411945132999,38.275793086677,0.0,0.0,0.0,20.634157714300997,20.439456546365,20.425779968830003,266.640625,265.52237373980006,1.0,38.825319022974,4.705882352899999,0.0,5.732748397100003,42.890470034215994,0.0,0.0,0.0,19.862227590459998,19.486247158445,18.617198321174,266.640625,265.52237373980006,1.0
5,PARTIAL,LOCKED,5366.549,39.146385111,-48.625,48.625,0.0,12.0,0.0,4.7058823529,6.0104834013,20.0116502193,19.973658849,18.7018255964,No,On,266.640625,265.5223737398,141.8,TRACTION,39.341495665349996,4.814705882326999,-0.392156862769333,5.1951552449489995,47.115648777817995,0.0,0.0,0.0,20.445534216141002,20.500038789410997,19.903519183415998,266.640625,265.52237373980006,1.0,38.65261106054848,4.705882352899999,0.0,5.8520253062202015,40.34332347943839,0.0,0.0,0.0,19.652937996578785,19.279619922854547,18.451332790992932,266.640625,265.52237373980006,1.0
5,LOCKED,PARTIAL,5366.559,39.146385111,-50.3166666667,50.3166666667,0.0,12.0,0.0,4.7058823529,6.0881382256,20.0047971491,19.973658849,18.6772674783,No,On,266.640625,265.5223737398,141.8,TRACTION,39.33091352565253,4.807882749032322,-0.3961180432013464,5.180476609765656,47.517661328604035,0.0,0.0,0.0,20.433348134019194,20.492447310293937,19.87313126001111,266.640625,265.52237373980006,1.0,38.645121377207,4.705882352899999,0.0,5.854891191770999,40.362661077977,0.0,0.0,0.0,19.637402198809,19.279047082961004,18.448827862938,266.640625,265.52237373980006,1.0
5,PARTIAL,LOCKED,5366.569,39.146385111,-48.7890625,48.7890625,0.0,12.0,0.0,4.7058823529,6.2745098039,19.9979440789,20.2829591051,18.6527093601,No,On,266.640625,265.5223737398,141.8,TRACTION,39.329068241506,4.806862745070998,-0.392156862769333,5.189553225924,47.545651381984996,0.0,0.0,0.0,20.42906262417,20.487259425680996,19.861172622193997,266.640625,265.52237373980006,1.0,38.638907665283995,4.705882352899999,0.0,5.858812760399001,40.333364202977,0.0,0.0,0.0,19.627550367835997,19.275359272215,18.446691306656,266.640625,265.52237373980006,1.0
5,LOCKED,PARTIAL,5366.583,39.146385111,-50.375,50.375,0.0,12.0,0.0,4.7058823529,6.2745098039,19.9883497807,20.2591667777,18.6183279946,No,On,266.640625,265.5223737398,141.8,TRACTION,39.31836057227474,4.799960388167675,-0.3961180432013464,5.186041087781818,47.799358169323234,0.0,0.0,0.0,20.41646156029394,20.481872942561616,19.830179678736364,266.640625,265.52237373980006,1.0,38.63269395336099,4.705882352899999,0.0,5.861957780784,40.267114202977,0.0,0.0,0.0,19.61752333017,19.271146389416,18.444898564029003,266.640625,265.52237373980006,1.0
5,PARTIAL,LOCKED,5366.609,39.146385111,-49.0416666667,49.0416666667,0.0,12.0,0.0,4.7058823529,6.2745098039,19.9705317982,19.7119432476,18.5544768874,No,On,266.640625,265.5223737398,141.8,TRACTION,39.304213393818,4.791176470558999,-0.392156862769333,5.204768912196999,48.058950349483005,0.0,0.0,0.0,20.395007966691,20.462991251734998,19.774306131926995,266.640625,265.52237373980006,1.0,38.61405281759199,4.705882352899999,0.0,5.873722486668003,40.086972157522005,0.0,0.0,0.0,19.586117448839,19.282217256758,18.440026158716,266.640625,265.52237373980006,1.0
5,LOCKED,PARTIAL,5366.742,38.5250139187,-50.625,50.625,0.0,12.0,0.0,4.7058823529,6.2745098039,19.8793859649,18.8078348066,18.4390537319,No,On,266.640625,265.5223737398,141.8,TRACTION,39.201541251041405,4.7365815012505035,-0.3961180432013464,5.249419974682828,48.3425467806091,0.0,0.0,0.0,20.280533932039397,20.308406158118178,19.46915220979899,266.640625,265.52237373980006,1.0,38.54582139961224,4.705882352899999,0.0,5.891353477797959,40.378770387290814,0.0,0.0,0.0,19.44658570147653,19.348853507084694,18.42251128329898,266.640625,265.52237373980006,1.0
5,PARTIAL,LOCKED,5366.749,38.5250139187,-49.1935483871,49.1935483871,0.0,12.0,0.0,4.7058823529,6.2745098039,19.8745888158,18.9799326414,18.4390537319,No,On,266.640625,265.5223737398,141.8,TRACTION,39.19477597771799,4.736274509766999,-0.392156862769333,5.259670872974999,48.365371312803006,0.0,0.0,0.0,20.276522452368003,20.293400444602998,19.458851225020002,266.640625,265.52237373980006,1.0,38.54603590972473,4.705882352899999,0.0,5.887403412580412,40.28789638729278,0.0,0.0,0.0,19.442173298236085,19.352656814978353,18.422340742591754,266.640625,265.52237373980006,1.0
5,LOCKED,PARTIAL,5366.758,38.5250139187,-50.6088709677,50.6088709677,0.0,12.0,0.0,4.7058823529,6.2745098039,19.8684210526,19.5453969558,18.4390537319,No,On,266.640625,265.5223737398,141.8,TRACTION,39.18234855387299,4.732352941138999,-0.392156862769333,5.2635924416019995,48.516994296674014,0.0,0.0,0.0,20.268204538442998,20.276682369219003,19.43667816667,266.640625,265.52237373980006,1.0,38.546254888797904,4.705882352899999,0.0,5.883371054337499,40.18038623541354,0.0,0.0,0.0,19.43773321746146,19.350649105178125,18.422166648953127,266.640625,265.5223737398,1.0
5,PARTIAL,LOCKED,5366.792,38.5250139187,-49.2580645161,49.2580645161,0.0,12.0,0.0,4.7058823529,6.3137254902,19.845120614,18.0702726573,18.4390537319,No,On,266.640625,265.5223737398,141.8,TRACTION,39.14506628233799,4.720588235254999,-0.392156862769333,5.275357147483,48.974050748286,0.0,0.0,0.0,20.243371367871003,20.237140512431996,19.37130445608,266.640625,265.52237373980006,1.0,38.546940081381706,4.705882352899999,0.0,5.870332001273119,39.86058946812043,0.0,0.0,0.0,19.424319039510753,19.36475561923011,18.421621904341933,266.640625,265.52237373980006,1.0
5,LOCKED,PARTIAL,5367.092,38.5250139187,-50.375,50.375,0.0,12.0,0.0,4.7058823529,4.8841354724,19.6395285088,19.1766158812,18.4390537319,No,On,266.640625,265.5223737398,141.8,TRACTION,38.941328988283836,4.705882352899999,0.0,5.6444769855313135,44.613654751838375,0.0,0.0,0.0,20.000454059162625,19.77943285833131,18.829577423306063,266.640625,265.52237373980006,1.0,38.5086412809365,4.7058823529,0.0,5.959813254912699,42.61468259945714,0.0,0.0,0.0,19.273671046626987,19.451198906836503,18.41332103407619,266.640625,265.5223737398,1.0
5,PARTIAL,LOCKED,5367.109,38.5250139187,-47.7983870968,47.7983870968,0.0,12.0,0.0,4.7058823529,5.2208358091,19.6278782895,19.1766158812,18.4390537319,No,On,266.640625,265.5223737398,141.8,TRACTION,38.930952125665,4.705882352899999,0.0,5.631129858774,44.649980325532,0.0,0.0,0.0,19.989194635757997,19.758653445574,18.811993314567,266.640625,265.52237373980006,1.0,38.508104473140975,4.7058823529,0.0,5.986964205914754,42.40248551916393,0.0,0.0,0.0,19.261956583531152,19.46020162898852,18.412477339065568,266.640625,265.52237373979995,1.0
5,LOCKED,PARTIAL,5367.419,38.5250139187,-51.75,51.75,0.0,12.0,0.0,4.7058823529,4.9504950495,19.415433114,19.5453969558,18.4390537319,No,On,266.640625,265.5223737398,141.8,TRACTION,38.73832705605199,4.705882352899999,0.0,5.898981659642999,40.667868319242,0.0,0.0,0.0,19.761794776247,19.366362554903002,18.510149484033,266.640625,265.52237373980006,1.0,38.49063137939667,4.705882352900001,0.0,5.930557173373333,47.77969832413999,0.0,0.0,0.0,18.997666983006663,19.89244277396333,18.385015066469997,266.640625,265.5223737398,1.0
5,PARTIAL,LOCKED,5367.492,38.5250139187,-49.5,49.5,0.0,12.0,0.0,4.7058823529,4.9000194137,19.221546231,19.9141780305,18.4390537319,No,On,266.640625,265.5223737398,141.8,TRACTION,38.690269920687875,4.705882352899999,0.0,5.880930157490909,40.61489215680404,0.0,0.0,0.0,19.70561240608788,19.298795067645457,18.47090486699697,266.640625,265.52237373980006,1.0,38.480167128304345,4.705882352900002,0.0,6.26918369587826,46.08005298006522,0.0,0.0,0.0,18.90300430892174,20.010542205700002,18.368568516121737,266.640625,265.5223737398,1.0
5,LOCKED,PARTIAL,5367.679,38.5250139187,-52.5,52.5,0.0,12.0,0.0,4.7058823529,6.6666666667,18.7144963395,20.260608737,18.2831729662,No,On,266.640625,265.5223737398,141.8,TRACTION,38.57677054605399,4.705882352899999,0.0,5.897251898436002,39.789163729544995,0.0,0.0,0.0,19.517820970454,19.300479332525,18.432326246225,266.640625,265.52237373980006,1.0,38.267144873925,4.7058823529,0.0,6.220588235299999,53.14453125,0.0,0.0,0.0,18.644675298275,20.2591667777,18.240921074474997,266.640625,265.5223737398,1.0
