speed_bin_mph,pedal_bin_pct,total_time_s,distance_miles,fuel_gal,mpg
0,0,739.4929999999991,0.0026371915511452866,0.12171797003243862,0.021666410887746963
0,1,0.595999999999691,7.711297720299187e-06,0.0001071129489062693,0.07199220821608662
0,2,0.5169999999984611,1.158133017272762e-05,9.203880382972448e-05,0.12583095054292048
0,3,0.7809999999983006,4.651471996852739e-05,0.00016484544729096,0.28217169920638885
0,4,1.0470000000040898,0.00013074841183878888,0.0001922028714715077,0.6802625311358634
0,5,1.0370000000006314,4.797973841243533e-05,0.00019261735708027688,0.2490935351814576
0,6,0.8040000000007979,5.945831896924557e-05,0.00014824845108204186,0.40107210925489445
0,7,1.0829999999981794,7.31433764475551e-05,0.00020847750195758982,0.3508454186218833
0,8,0.5150000000001569,2.5955819836896197e-05,0.00010120217719950587,0.25647491541341
0,9,2.5139999999972247,0.00012154502343987256,0.0005106714200642424,0.23801023253774847
0,10,1.359000000001572,9.221405376803749e-05,0.0002583394984939397,0.356949108849496
0,11,0.7850000000014461,3.709179892555482e-05,0.000151861035103248,0.24424829516232838
0,12,1.274000000000342,7.512748234602198e-05,0.0002526298880110321,0.2973816080809142
0,13,0.9809999999984029,0.00010457304883528651,0.00021583703351868308,0.48450002824114313
0,14,1.264000000001488,0.00013551386231931662,0.0002839022888683841,0.4773257125170282
0,15,1.1439999999995507,8.569356882854595e-05,0.000222155332974953,0.3857371672378781
0,16,1.8910000000005311,0.00010906824298094734,0.0004855967269101945,0.22460662713881563
0,17,1.2490000000010468,7.814062669039353e-05,0.00035274383537410174,0.22152230274278684
0,18,1.1309999999967886,5.960978820045966e-05,0.0002929022964130491,0.20351423983510966
0,19,1.074000000001206,0.00010435925443787308,0.0002978273031462065,0.3504019051827563
0,20,0.7889999999995325,6.438384533446273e-05,0.00020655411129933494,0.3117044968480859
0,21,0.6819999999993342,2.8586526904361753e-05,0.00017647342670611122,0.16198771360612907
0,22,0.8280000000004861,0.00010281693251603713,0.00025581589310342444,0.40191768880625806
0,23,0.5070000000002892,3.249310093405144e-05,0.00015755177538081904,0.20623760573635072
0,24,0.4950000000003456,5.3208565530387496e-05,0.0002096812052444806,0.2537593460908824
0,25,0.1430000000001428,1.6248382863735914e-05,4.993811499586225e-05,0.3253703682063734
0,26,0.07899999999972351,1.2682876445763575e-05,3.697977079322323e-05,0.3429679571753265
0,27,0.056999999999561624,0.0,1.1484146164934266e-05,0.0
0,28,0.055000000000063665,0.0,1.0963140172870876e-05,0.0
0,29,0.4190000000002101,2.1440758193546573e-05,0.00023788904149776657,0.09012923865073402
0,30,0.04899999999997817,0.0,1.1981670196958117e-05,0.0
0,31,0.23900000000003274,1.960080905215275e-05,0.00010973248797307106,0.17862357278332094
0,32,0.011999999999716238,0.0,2.20143376959918e-06,0.0
0,33,0.009000000000014552,0.0,1.6510753272410973e-06,0.0
0,35,0.010000000000218279,0.0,1.8345281414160745e-06,0.0
0,36,0.007999999999810825,0.0,1.46762251306612e-06,0.0
0,38,0.023000000000138243,0.0,4.2194147251902315e-06,0.0
0,39,0.02699999999958891,4.02063712621033e-06,1.6966147904901925e-05,0.23697996438240831
0,40,0.11999999999989086,1.5771186034857166e-06,5.5711382250885224e-05,0.028308732251220655
0,41,0.1000000000003638,0.0,5.9250856099140516e-05,0.0
1,0,28.250999999999806,0.012109061549455647,0.00468680973830313,2.5836469209521957
1,1,0.6019999999999186,0.00029238678984981007,0.00010120631824571635,2.889017157406431
1,2,0.1289999999999054,6.196092021645177e-05,2.6620875298886847e-05,2.327531289665846
1,3,0.5550000000000637,0.00019633258437757055,9.93825476775459e-05,1.9755237611193697
1,4,0.1529999999996221,6.31727378777768e-05,2.6835837363420248e-05,2.354043848987069
1,5,0.6840000000006512,0.00025621205493629506,0.00011805894064578074,2.170204590476746
1,6,0.10700000000019827,3.9098964815424504e-05,1.918916435881504e-05,2.037554324113305
1,7,0.6080000000010273,0.00026637241634546924,0.00013161692672575937,2.0238461949540127
1,8,0.7909999999990873,0.000351953184021202,0.00018418250266089218,1.9108937001969237
1,9,0.7090000000014811,0.00034475272965909197,0.00015214516386485578,2.265946027474928
1,10,0.8689999999979534,0.0004129934999025835,0.00018226034706037632,2.26595365675329
1,11,0.9740000000001032,0.00042511380867080525,0.0002516102034969282,1.6895730092122248
1,12,1.2080000000000553,0.0005024191606424684,0.0003329020549412882,1.5092101511090907
1,13,1.3449999999995441,0.0005957460318608477,0.0003556321003414136,1.6751750792150657
1,14,1.6789999999998884,0.0007938012532779501,0.0005356542126932538,1.481928517441766
1,15,0.8650000000009186,0.0003671926273921986,0.0003096242267429232,1.1859298972010794
1,16,0.9499999999997613,0.00037917344415467946,0.0003445769721224352,1.1004027396814882
1,17,0.838999999999487,0.00035431909846190505,0.0003470138920531716,1.0210516252404505
1,18,1.4200000000009254,0.0006312941498077955,0.000673571888417489,0.9372335168128496
1,19,0.41000000000008185,0.00017066219678868496,0.00015549026670313965,1.0975747897745354
1,20,1.0219999999992524,0.0004614878457581111,0.0004974404668432915,0.927724776166016
1,21,0.48000000000064347,0.00019909776348427265,0.0002478381326230108,0.8033378938789956
1,22,0.9129999999995562,0.00039840645179670776,0.000554697291306393,0.7182412065838694
1,23,0.5800000000006094,0.00023099649828321544,0.000294479762198985,0.7844223200884247
1,24,0.2789999999995416,0.00010392771351467913,0.00018989127410229333,0.5473011543368437
1,25,0.33100000000013097,0.0001411544702469807,0.00023671450419913,0.5963068073270159
1,26,0.3489999999997053,0.00014494031327700861,0.00026745072105214526,0.5419327818852632
1,27,0.1710000000002765,8.48102636156803e-05,0.0001351240047813907,0.6276476467145118
1,29,0.18800000000010186,8.283648824610723e-05,0.00021012253677649365,0.39422943163026825
1,30,0.009000000000014552,4.182306101506763e-06,1.6180538206962756e-05,0.258477564096542
1,31,0.20400000000017826,7.92562073900242e-05,0.00021351101816708578,0.37120429695108864
1,32,0.01900000000023283,7.275884900498201e-06,2.7830525716234884e-05,0.2614354099769602
1,34,0.02999999999974534,1.035618653741209e-05,3.294812541882159e-05,0.314317928737036
1,35,0.009000000000014552,3.1068559612550235e-06,8.915806767101924e-06,0.34846604938981923
1,36,0.018000000000029104,6.213711922510047e-06,1.783161353420385e-05,0.34846604938981923
1,37,0.023999999999887223,8.28494922996107e-06,2.3775484712121638e-05,0.3484660493898192
1,38,0.01900000000023283,6.558918140497042e-06,1.7412190041701348e-05,0.3766854212358556
1,39,0.010999999999967258,3.797268397072031e-06,9.512208268714454e-06,0.3991994592424142
2,0,15.87900000000053,0.010973046271887766,0.0024504766478732906,4.47792321604493
2,1,0.25199999999998113,0.00017182738126496588,5.6628646321653316e-05,3.0342837490583556
2,2,0.06899999999950523,4.656831879498927e-05,1.3802255924387105e-05,3.3739643033794247
2,3,0.27899999999931424,0.00019262506958927657,5.961082795946663e-05,3.231377187383728
2,4,0.13300000000026557,9.109992090480642e-05,2.9126446378836565e-05,3.127738953111703
2,5,0.13400000000081036,9.251526639850393e-05,2.5560654576818065e-05,3.6194404224064574
2,6,0.1069999999994593,7.349440379138567e-05,1.920473266810149e-05,3.8268902286496167
2,7,0.17900000000057048,0.0001235838260095883,3.829192603938182e-05,3.227412115088882
2,8,0.5859999999997854,0.0004060632422958455,0.00013771435851683695,2.9485904496022486
2,9,0.46900000000047726,0.0003225766614963542,0.00010773632843262646,2.994130820952186
2,10,0.12999999999931333,9.010826320585824e-05,2.1429694014095444e-05,4.204832003041633
2,11,0.47900000000029763,0.00032989408845320023,0.00011962268527309207,2.7577886894953916
2,12,1.128999999999877,0.0007850401917601627,0.0002752661213141043,2.851931752488926
2,13,0.34199999999987085,0.00023753584011848298,0.00013492761292768668,1.7604687058814887
2,14,0.5480000000009113,0.0003746368092369351,0.00019532987732332716,1.9179698178830233
2,15,0.8759999999989247,0.0006028357520795741,0.00037932540904503284,1.58923113955703
2,16,0.6000000000009038,0.00041153667682171385,0.00025231259917520493,1.6310587666529657
2,17,0.4989999999995689,0.00034811339576013115,0.00021352863756523866,1.6302890316235605
2,18,1.450999999998885,0.0010012267345531473,0.0007510145175474895,1.3331656195179156
2,19,0.17500000000012506,0.00012367676614539712,6.341083211235835e-05,1.950404402929974
2,20,0.6510000000004652,0.0004517379588616422,0.0003770968635542444,1.1979361339786398
2,21,0.3800000000003365,0.00026534750597837246,0.00021417114173587323,1.2389507934062027
2,22,0.590000000000316,0.0004088427038664241,0.0004281652567180715,0.9548712733028443
2,23,0.2119999999993638,0.00014379761300559489,0.00013380777760176992,1.074658107195802
2,24,0.20100000000007867,0.00014138956272941242,0.0001081006714475348,1.30794342751177
2,25,0.2980000000002292,0.0002061537090380704,0.000238966786772306,0.8626877057793777
2,26,0.24699999999984357,0.00017386212120058857,0.00025232566242449164,0.6890386000774564
2,27,0.1679999999996653,0.00011153690395813644,0.00016306473351097585,0.6840038404173329
2,28,0.09900000000016007,7.059171265187186e-05,0.00010855890835386215,0.6502618138141995
2,29,0.17000000000007276,0.00011877367046335588,0.00019263156993824348,0.6165846569253108
2,30,0.010999999999967258,9.037498784695323e-06,1.0493500968639662e-05,0.8612472435752688
2,31,0.18000000000029104,0.0001244266706817441,0.00021807447849426755,0.5705696124593271
3,0,32.999000000001985,0.031649758720631485,0.004896832612615792,6.463312354008524
3,1,0.33399999999983265,0.000335006038027079,5.366672274896275e-05,6.242342011345455
3,2,0.2660000000007585,0.00024137437250827174,5.09683284463422e-05,4.735771799194531
3,3,0.3060000000002674,0.0003088145784165035,4.7975112330773996e-05,6.436974577304159
3,4,0.32099999999945794,0.0003276904544104734,6.552404192597737e-05,5.001072045901348
3,5,2.0720000000012533,0.002132704320482312,0.0003926452091755051,5.431632095959263
3,6,0.4989999999988868,0.00046029187908524637,0.00010628761088218244,4.3306258863553735
3,7,0.3460000000011405,0.0003205517928899543,7.167904295791377e-05,4.472043426670272
3,8,0.37699999999949796,0.0003644455672836852,8.384454946503743e-05,4.346681681862414
3,9,0.11000000000012733,0.00010373446848182018,2.4208433353652668e-05,4.285055004030994
3,10,0.3529999999998381,0.0003153458800609146,6.757888004945864e-05,4.666337764551941
3,11,0.9579999999998563,0.0009166583497507342,0.000352234784426701,2.6024072302872976
3,12,0.7980000000000018,0.0007233422205484766,0.00023915557300507282,3.0245676964974324
3,13,0.5909999999996671,0.0005672127017988756,0.000193020185397355,2.93861857313628
3,14,1.5399999999999636,0.001515381922683733,0.0005698816491664888,2.6591168971665198
3,15,1.2910000000005653,0.001242427436637965,0.0006553480283941068,1.8958284496292195
3,16,0.42200000000002547,0.000405890086642321,0.00021454406261959294,1.891872847406655
3,17,0.9699999999995725,0.0009208026491122287,0.0004838953178498992,1.902896380985143
3,18,1.7430000000001655,0.0016766200953374831,0.0010098302510049867,1.6602989400138337
3,19,0.54300000000012,0.0005278349097231794,0.0003368956867243575,1.5667606636799873
3,20,1.212999999999738,0.00115137824251884,0.0007760254530143103,1.4836861832901866
3,21,0.7109999999993306,0.0006836081628475237,0.0004318740379854444,1.5828878393254184
3,22,0.679000000000201,0.0006540111117233472,0.0005902512527339591,1.1080215564034157
3,23,0.1790000000000873,0.0001710980098447117,0.00015744846766148644,1.086692124642151
3,24,0.5190000000003465,0.0004909477660061655,0.0006096324052658655,0.805317699265116
3,25,0.3489999999997053,0.00032865822947728766,0.00034904518027463406,0.9415922294606514
3,26,0.32500000000027285,0.00031780832759785037,0.00034809512550079957,0.9129927548988915
3,27,0.032000000000152795,3.1888424379511354e-05,2.3211457236532106e-05,1.3738225934958845
3,28,0.13000000000010914,0.00012091836795449993,0.00015284856820269545,0.791099121021191
3,29,0.21900000000005093,0.00021246231106176978,0.00024857310141606113,0.8547276831299249
3,30,0.07999999999992724,7.115735769779301e-05,6.987605372446988e-05,1.0183368107531583
3,31,0.24899999999934153,0.0002509288937504367,0.0003165474564000402,0.7927054496161317
3,32,0.010999999999967258,1.1391805190910537e-05,2.0179809555076273e-06,5.645149999963654
3,33,0.018999999999778083,1.9676754420492405e-05,3.4856034685737475e-06,5.645149999963655
3,34,0.021999999999934516,2.2783610381821074e-05,4.11668114923556e-06,5.534460784278092
3,35,0.01800000000048385,1.9393685322851157e-05,3.7747251037956013e-06,5.137774219200814
3,36,0.1089999999999236,0.00011502272562076067,5.29664964979671e-05,2.171612872774686
4,0,20.256999999997362,0.026008194353367972,0.0029318983547505107,8.870769449161594
4,1,1.1489999999989209,0.001583288318441697,0.0001738666216024295,9.106338547614438
4,2,0.050000000000466116,6.731521249313538e-05,8.719418731104993e-06,7.720149079777554
4,3,0.10800000000017462,0.0001385557014841522,2.030753411726863e-05,6.8228717816768585
4,4,0.08899999999948704,0.00011292040593990491,1.577107152571753e-05,7.159970440547946
4,5,1.2519999999992706,0.00159089755724373,0.000239944963930674,6.630260252944419
4,6,0.25000000000113687,0.00031454626974282857,5.6977365235475666e-05,5.520547825314033
4,7,1.712999999999738,0.002139284580928482,0.00037253903973774295,5.742444019919304
4,8,0.5959999999990941,0.0007698754551216825,0.00012626715830950716,6.097194753005821
4,9,1.2020000000005098,0.0016253603262530885,0.00030763123783778093,5.283469707683484
4,10,0.3389999999999418,0.0004495904863321124,0.00010703763293707302,4.2003029588334115
4,11,1.168999999999869,0.0014980492098378574,0.00038987572650315194,3.8423761932399922
4,12,0.3960000000006403,0.0005202300333225968,0.00011212935221264677,4.639552651084713
4,13,0.845999999999151,0.0011334208477629015,0.0002931729967505611,3.866047897744294
4,14,1.2059999999993352,0.0015353751698670482,0.000508808940308481,3.0175868547753506
4,15,1.1889999999996803,0.0015188950544004973,0.0006819198384704005,2.227380651965629
4,16,1.2230000000009795,0.0015549735278244652,0.0005611073650396062,2.771258451962587
4,17,1.0190000000004602,0.0013177573421273867,0.0005887366017216156,2.238279968111255
4,18,1.1340000000002988,0.0014333487459730608,0.0007572942199401192,1.8927237369993377
4,19,0.7749999999995794,0.0009989875883788589,0.0005396445966284519,1.8511953878909437
4,20,1.3130000000008977,0.0016952036619769558,0.0009546171552586159,1.7757942570366936
4,21,0.964999999999975,0.0012582644759447238,0.000693443353286782,1.8145166003550302
4,22,0.981999999999914,0.0012688046496165967,0.0008517592186731314,1.4896283149046956
4,23,0.2620000000004552,0.00033981141000804876,0.00019689843779167188,1.7258207521564277
4,24,0.31199999999967076,0.0003910450237985586,0.0003224730815116273,1.2126439266356526
4,25,0.39299999999957436,0.0005007262764992848,0.0004078706416714787,1.2276595207913912
4,26,0.17599999999947613,0.00021645438406622293,0.00018717497439366837,1.1564280148422716
4,27,0.09000000000014552,0.00011386728629018154,0.00010274531689731708,1.1082479448088098
4,28,0.13000000000010914,0.00016035863659623188,0.000165786668823235,0.9672589342343888
4,29,0.1309999999999718,0.00017086768449941088,0.0001764532637405534,0.968345276688363
4,31,0.1110000000007858,0.0001358365315141209,0.00015323446659389203,0.886461998618889
4,32,0.07899999999972351,0.00010533189333298876,9.765193296509994e-05,1.0786462708386282
4,33,0.021000000000185537,2.899732230467286e-05,2.850856731723539e-05,1.017144144144416
4,36,0.15099999999983993,0.0001823419634477397,6.795385760150181e-05,2.683320268836509
5,0,15.680000000002053,0.024306749036645443,0.002258291514393146,10.763335416055538
5,1,0.7130000000006476,0.0010807497487722373,0.00010710277094576803,10.090772995214847
5,2,0.062000000000352884,9.631253479671484e-05,1.0860107082159565e-05,8.868470086720619
5,3,0.08700000000044383,0.00013514823431143947,1.3487450895477413e-05,10.020294817663219
5,4,0.4479999999998654,0.0006946481161086985,9.635849710080448e-05,7.208996995687877
5,5,0.30600000000004,0.0004726701618077944,5.167131963000627e-05,9.147630933220992
5,6,0.17599999999947613,0.0002734033245818529,2.9754578830520858e-05,9.188613495056718
5,7,1.3350000000000364,0.002074202628856791,0.00026663672909704814,7.779133189493337
5,8,0.37000000000080036,0.0005738673645888537,0.00011189672024327889,5.128544995252649
5,9,0.7819999999992433,0.0012093195184488927,0.00023258577001827353,5.199456176333919
5,10,0.15399999999999636,0.00023989463082291142,4.684255932684269e-05,5.1212964080176135
5,11,0.4080000000003565,0.0006328916687477253,0.00014380878550688056,4.400924926227434
5,12,0.5440000000007785,0.0008420062943487521,0.0001974424750035047,4.264565131356899
5,13,0.5039999999994507,0.0007768374409990596,0.00021484651589295047,3.6157786304811523
5,14,0.6790000000000873,0.0010544051283537458,0.00032594196312331564,3.2349474681013266
5,15,0.737999999999829,0.0011452554846717266,0.00038837169773722177,2.948864428959043
5,16,0.46200000000021646,0.0007146663428861083,0.00023664075690180305,3.020047570176881
5,17,0.5200000000002092,0.0008007991634925027,0.00030716770414720437,2.607042187966267
5,18,0.9450000000001637,0.0014656940607272878,0.0006031606791900485,2.430022564958127
5,19,0.483000000000402,0.0007454017432721571,0.00036701986939522585,2.0309574642387282
5,20,0.8279999999997472,0.001276210715001812,0.000655829203028874,1.9459498130119475
5,21,0.8020000000008736,0.0012379235727925386,0.0006307026229966626,1.962769025615879
5,22,0.4909999999992465,0.0007554590252104877,0.0004758061851289556,1.5877452812130615
5,23,0.3019999999994525,0.0004673887131504231,0.00028781440274183766,1.623923989549818
5,24,0.22999999999996135,0.0003547240464877453,0.00017299505948932897,2.050486571899044
5,25,0.3390000000008513,0.0005213543267349987,0.00039635254262577975,1.3153803007824794
5,26,0.13000000000010914,0.0002006096894132151,0.00015771949221602704,1.2719397367729395
5,27,0.03099999999994907,4.4911328949711035e-05,3.753444577249192e-05,1.196536355483513
5,28,0.17899999999963256,0.00027635483774600194,0.0002288589900710035,1.2075332398358607
5,29,0.18000000000040473,0.00027986490810836065,0.0002286621918428812,1.22392296624473
5,31,0.13899999999966894,0.00021408428304252463,0.00021121876446246685,1.0135665909577223
5,33,0.041999999999916326,6.190359737014899e-05,5.74662271228687e-05,1.077217010223983
5,34,0.09900000000016007,0.00015730932695853713,0.00014054298688274448,1.1192968816706654
5,35,0.018999999999778083,2.9515131630738605e-05,2.0913620811442483e-05,1.4112874999909135
5,36,0.07999999999992724,0.0001229881760663063,7.957509168985847e-05,1.5455612234246492
6,0,20.341999999997853,0.03693382154341662,0.002835389938763171,13.026011356846237
6,1,0.7390000000004875,0.0012841774868160814,0.00011758444812718391,10.921320865724224
6,2,0.07999999999992724,0.0001422353179652544,1.761147015719388e-05,8.076288730907258
6,3,0.051000000000385626,9.222184111540184e-05,1.1227312225306201e-05,8.214062214065368
6,4,0.03799999999955617,6.583772987909545e-05,8.469045207856162e-06,7.773925898756831
6,5,0.09500000000025466,0.00016397295350821734,2.5198158939988393e-05,6.507338647189788
6,6,0.3000000000001819,0.0005178093268669807,7.705018193784001e-05,6.720416666695501
6,7,2.1280000000001564,0.003851148958455116,0.00048666916548702996,7.913279146422009
6,8,0.18999999999959982,0.00032754316642731883,5.244881511978314e-05,6.2450060250030885
6,9,1.4280000000003383,0.00258352678690195,0.0004105920310767993,6.29219904762037
6,10,0.40099999999983993,0.0007420000530231203,0.0001791737510402452,4.141231897614598
6,11,0.7270000000003165,0.0013211360038571875,0.00026563554489522097,4.973491045327933
6,12,1.4669999999996435,0.0026441757349982757,0.00057708323040659,4.581965989785034
6,13,0.12099999999986721,0.00021914841400297351,4.993585600820096e-05,4.388598324358008
6,14,1.681000000001859,0.0030248727427647963,0.0008199883450481174,3.6889216304498755
6,15,1.3219999999988943,0.002387683945822178,0.0008069549568240422,2.9588813175142517
6,16,0.7150000000006003,0.0013134556445272582,0.00039529485773838794,3.3227238321337405
6,17,0.7419999999992797,0.0013555426874172964,0.0005112264319805085,2.6515504727834167
6,18,1.154999999999518,0.0020718984473676884,0.0008106805591519314,2.5557519839073746
6,19,0.9209999999998217,0.0016739043570775962,0.0007446530229588991,2.2478984244585374
6,20,1.113999999999976,0.0020270870029832143,0.0009584671084953166,2.114925994868523
6,21,1.1859999999996944,0.00216840489627672,0.0010434133993615959,2.0781838699823494
6,22,0.6770000000006462,0.0012216715203080646,0.0006818666446430719,1.7916575475657082
6,23,0.3580000000007999,0.0006488524231498242,0.00037811787578782933,1.7160056815560614
6,24,0.27899999999999636,0.0005042353904567939,0.0002662558173345827,1.8938004641722477
6,25,0.39099999999962165,0.0007061439583633905,0.00046496833073060253,1.518692589780964
6,26,0.2259999999998854,0.0004193085907708797,0.0002762652618659591,1.517775300226938
6,28,0.16900000000032378,0.00031370222741354894,0.0002337771584586295,1.3418857063790661
6,29,0.12099999999975353,0.00021701653422622573,0.0001574003130960092,1.3787554164130063
6,30,0.05999999999994543,0.00010450949028517503,7.455815891048088e-05,1.4017176900874868
6,31,0.13200000000006185,0.00024379237526760757,0.00020059938664039,1.215319644544321
6,32,0.06000000000040018,0.000114632154969543,9.803947703596496e-05,1.16924486375515
6,33,0.08899999999994179,0.00015573379693929363,0.00016186453624195842,0.9621242586856676
6,34,0.07999999999992724,0.0001376245605487533,0.00013301751720258716,1.0346348619569374
6,35,0.051000000000385626,9.297554135792157e-05,7.584379623261489e-05,1.2258819570787725
6,36,0.06099999999969441,0.00011618219857391115,0.00010128062962858368,1.14713148012581
7,0,11.51600000000198,0.023895428560540853,0.0015292913549288505,15.625164219706567
7,1,0.13799999999946522,0.00028671224265700804,2.0858285452524166e-05,13.745724369800087
7,2,0.3409999999998945,0.0007081194841687552,8.386183734168746e-05,8.44388230231096
7,3,2.317000000000462,0.004799056841349735,0.00036783830649337777,13.04664782496255
7,4,1.0630000000001019,0.0022017252578136557,0.00018155625086553376,12.126959260930775
7,5,1.6290000000003602,0.003374045573827746,0.0002886498693217433,11.689059765576646
7,6,0.37699999999949796,0.0007808564649055158,8.052624585998155e-05,9.696918769357053
7,7,1.2330000000001746,0.002551847423615916,0.0002706572504329617,9.42833572547496
7,8,0.0500000000001819,0.00010573321248343198,1.0652738011391261e-05,9.925449435663264
7,9,0.22399999999970532,0.0004655105848487455,5.877461259336508e-05,7.9202663243295595
7,10,1.4490000000005239,0.003007379712917482,0.0004408547716333022,6.8217016269906345
7,11,0.5309999999994943,0.001100752162917014,0.00019925709421957975,5.5242809157098005
7,12,0.05999999999994543,0.00012262604797498697,2.421577146614158e-05,5.063891858512224
7,13,0.03999999999996362,8.58119252499526e-05,2.8168280332296793e-05,3.0464026996906717
7,14,0.41799999999921056,0.0008618142271305437,0.00023967111050258617,3.5958202276583697
7,15,1.2800000000006833,0.0026554805832604434,0.0007287370040333423,3.6439491456631807
7,16,0.6299999999996544,0.0013071116521298353,0.00040494128211155045,3.227904167522641
7,17,0.4230000000002292,0.0008775214049713891,0.0002989414973161376,2.9354285465540095
7,18,0.5959999999993215,0.0012345825484748167,0.0004320540194604068,2.8574726605175194
7,19,0.6700000000010959,0.0013932851913371778,0.0005178915785248887,2.6903028531679816
7,20,0.7809999999998354,0.0016234162305885204,0.0007422931779580825,2.187028358598488
7,21,1.008000000000095,0.002094172075178705,0.0009627025437104565,2.1753054345398617
7,22,0.37499999999982947,0.0007768630630194325,0.00037487824091824286,2.072307694137037
7,23,0.29899999999958027,0.0006197111883290729,0.00031295852032633997,1.980170367890493
7,24,0.18000000000000682,0.00037256279536514555,0.00018795642964587807,1.9821763802764165
7,25,0.21000000000003638,0.0004340553942743725,0.00025136704593138126,1.7267792310089125
7,26,0.14199999999982538,0.0002958047713763854,0.0001732198161647862,1.7076843627116112
7,28,0.2589999999996735,0.0005377935931644906,0.00036108273112386206,1.4893916180666404
7,30,0.03999999999996362,8.49665222669181e-05,7.12589435010048e-05,1.1923629244618257
7,31,0.09800000000041109,0.000200441998854918,0.0001663911844391594,1.2046431397825
7,32,0.18099999999958527,0.0003758306494835248,0.00029334179859224205,1.28120387645794
7,36,0.007000000000061846,1.3669489354426327e-05,1.181436123056602e-05,1.1570231422297073
7,37,0.05099999999993088,0.00010503655483998461,8.666531083225292e-05,1.2119792086512051
7,38,0.021000000000185537,4.58454992462889e-05,3.62135855110828e-05,1.265975147151843
8,0,22.075999999999425,0.0514217661815799,0.0031427150639799883,16.362210742853183
8,1,0.07799999999997453,0.00018658396077972188,1.836729575143728e-05,10.15848839724385
8,2,0.3649999999997817,0.0008783772214684127,6.95089983387229e-05,12.63688504311356
8,3,0.21899999999959618,0.0005254038636564195,4.182597156544295e-05,12.561665491364547
8,4,0.018000000000029104,4.194255547606781e-05,4.451299082241998e-06,9.422542655781847
8,5,0.06000000000040018,0.0001384276933827429,1.3531479570931465e-05,10.230048580948637
8,6,0.03999999999996362,8.975361665658503e-05,5.857281449780698e-06,15.323425624347534
8,7,2.0820000000007894,0.004916464928148609,0.0005358862638504967,9.174455961648272
8,8,0.5979999999995016,0.00134854809026484,0.0001473881473846163,9.149637295770741
8,9,0.42899999999963256,0.0009712238858403299,0.00011817002950973077,8.218868099380089
8,10,2.119999999999891,0.004867766077807295,0.0007022318710726698,6.931850117215142
8,11,1.4299999999998363,0.0033270084384529317,0.0005108354047978599,6.512877547650491
8,12,0.7660000000000764,0.0018253057784286698,0.0002912634803815211,6.2668542449528255
8,13,0.9760000000001128,0.0022714044988603015,0.00045575250535614395,4.983855211251843
8,14,0.5030000000001564,0.0011827869685474678,0.0002713594490771102,4.358746203863953
8,15,1.6229999999993368,0.0037795652625521566,0.0010938052418776947,3.4554280029449465
8,16,1.7149999999998045,0.004013323191404018,0.0010248068905263827,3.9161750652775282
8,17,0.7630000000003747,0.001799023745288962,0.000516363821096929,3.48402361239646
8,18,1.5300000000007685,0.0036108448981061717,0.0012053366780914664,2.9957147772385007
8,19,1.1279999999995312,0.0026222528109727974,0.0009454809408216054,2.7734591970665305
8,20,1.3600000000004115,0.0031735494001739,0.0013272972130236507,2.390986260676607
8,21,1.33099999999979,0.003132524286663028,0.0012889000280136094,2.430385769709947
8,22,0.6679999999992674,0.0015645197081426653,0.0006823253216042662,2.2929234173285638
8,23,0.38100000000031287,0.0008935098312584164,0.0004154740588306694,2.15057910901382
8,24,0.2909999999999968,0.0006813645677715156,0.0003287379033882443,2.0726681065639516
8,25,0.36999999999989086,0.0008661954355403903,0.0004515693611951092,1.9181891199348529
8,26,0.3690000000001419,0.0008633646653950814,0.00045938742928483095,1.8793824348636565
8,28,0.2599999999998772,0.0006099119573514615,0.00036378917679571055,1.676553334333978
8,30,0.13999999999987267,0.00033296831904695455,0.00023640463441006382,1.408467815691772
8,33,0.05900000000019645,0.00013340663371765282,8.579002376107758e-05,1.555036679896324
8,34,0.15099999999983993,0.00036232985532176463,0.0002455495550222966,1.4755875052954752
8,35,0.028999999999996362,7.007686223546343e-05,4.785422815805529e-05,1.4643818306714746
8,36,0.03099999999994907,7.553675649829477e-05,5.0124550331281146e-05,1.5069812297379288
8,37,0.007999999999810825,1.9951510389750435e-05,1.2621553612368632e-05,1.5807491694365368
8,38,0.05099999999993088,0.00011818334027553388,8.877605416369152e-05,1.3312524575334148
8,39,0.028999999999996362,7.039357787629437e-05,5.2845201813582054e-05,1.3320713226645697
9,0,20.265000000000782,0.054029625855009415,0.002832592915907856,19.074264272701793
9,1,0.01999999999998181,5.333436066712209e-05,6.0116076017070685e-06,8.871896537621177
9,2,0.11100000000033106,0.0003046444873063644,1.56884895359674e-05,19.418344041849092
9,3,0.03799999999978354,0.00010200843739189312,7.815823693494297e-06,13.05152743872696
9,4,0.009000000000014552,2.330141970903768e-05,3.962580785378634e-06,5.880364583358563
9,5,0.04199999999968895,0.0001102933866216972,9.356093520888282e-06,11.788401470705455
9,6,0.029000000000223736,7.508235239624594e-05,6.604301309064498e-06,11.36870486105689
9,7,0.07399999999984175,0.00019538671933702343,1.3575508246078514e-05,14.392589639762752
9,8,0.030000000000427463,7.939743012058884e-05,6.971206937347713e-06,11.389337719301247
9,9,0.29399999999964166,0.0007627331384735749,9.453193223562961e-05,8.068523729869307
9,10,1.3949999999997544,0.0037119345029463405,0.00049714119829219,7.466559833901931
9,11,1.7280000000000655,0.00460501672652061,0.0005909805288368264,7.792163196280339
9,12,1.1190000000003693,0.002928389019737921,0.0004634792671043255,6.318274036363236
9,13,0.2799999999992906,0.0007580314297820579,0.00012110290836896534,6.25939905152861
9,14,0.9410000000004857,0.002560487723918572,0.00047515623144340764,5.388728074007239
9,15,2.6039999999974555,0.006989335060974075,0.0017541990461388617,3.9843454916693655
9,16,1.2940000000007785,0.003447445345009751,0.0007696294162009607,4.479357561496293
9,17,1.640999999999849,0.004416237083822494,0.0010911442276729734,4.047344953875413
9,18,1.891999999999939,0.005069733781074163,0.0015965831502201611,3.1753647032884387
9,19,0.8759999999998058,0.0023515116962692234,0.000769486224598682,3.055950348553194
9,20,1.2609999999994557,0.003348009170490673,0.001172808878546118,2.8546928930492577
9,21,1.101000000000056,0.002911482853550174,0.0011038751986820708,2.63751088621814
9,22,0.9430000000008931,0.002500958616900424,0.0010095511870791567,2.4772974851688523
9,23,0.5480000000015934,0.0014698897977523824,0.0005960409935982055,2.4660884293861893
9,24,0.22800000000000864,0.0006039624426694081,0.0002653351431997915,2.276224835451359
9,25,0.36000000000012733,0.0009565999641479033,0.0004600674600164076,2.079260211347674
9,26,0.3630000000000564,0.0009654861628948888,0.0004726348807337264,2.042773824471126
9,28,0.36200000000008004,0.0009617835525356899,0.0005285872696229091,1.8195359741104251
9,30,0.13000000000010914,0.0003500250259622556,0.0002139209570245743,1.6362353218251835
9,34,0.09999999999990905,0.0002665581850423531,0.0001601147384879787,1.6647948062717919
9,35,0.03099999999994907,8.561114204147047e-05,5.045245913278355e-05,1.6968675761899805
9,37,0.010999999999967258,2.7859550790111517e-05,1.735463621736559e-05,1.6053088316673776
9,38,0.021000000000185537,5.4556119929063145e-05,3.313157823354383e-05,1.6466502001352954
9,39,0.01999999999998181,5.3439276282436776e-05,3.161258893216167e-05,1.6904428927701427
9,40,0.056999999999789,0.00014708767363128024,0.00010754003964704727,1.367747995202816
9,41,0.07400000000052387,0.0001955282538879236,0.00014688235175340666,1.3311895646672793
9,42,0.02699999999958891,7.423314509820588e-05,5.496539835985287e-05,1.3505432019651533
10,0,12.067999999998733,0.03536098002901927,0.0017291620161215483,20.449778389380047
10,1,1.0479999999997744,0.003075096989128227,0.00021894252541919835,14.045224806101473
10,2,0.042000000000371074,0.00012323861979442215,1.0787025471386365e-05,11.424708333295827
10,3,0.11099999999987631,0.0003257020665963037,3.335025398767734e-05,9.766104531517152
10,4,0.027999999999792635,8.215907986161377e-05,9.353935252523528e-06,8.783370596824335
10,5,0.06100000000014916,0.0001789894239859932,2.2035200957794383e-05,8.12288593731569
10,6,0.03999999999996362,0.00011737011408878215,1.455881532994427e-05,8.061790154544905
10,7,0.05999999999994543,0.00017605517113317322,2.0115967975797773e-05,8.75201090720523
10,8,0.03900000000021464,0.00011443586123729647,1.2988459241015579e-05,8.810580155337087
10,9,0.04999999999972715,0.00014671264261031052,1.8018735404496813e-05,8.142227482495606
10,10,0.1590000000001055,0.0004626833459257844,5.511142680073837e-05,8.395415847219283
10,11,0.6280000000001564,0.001840707226772236,0.0002728061654571904,6.747308015152193
10,12,0.047999999999774445,0.0001436356602646479,2.468076819086443e-05,5.8197402590497385
10,13,0.31199999999989814,0.0009147542073081629,0.00017033240688224703,5.3704061608226095
10,14,0.1890000000003056,0.0005478731222686982,8.628253473729036e-05,6.349756922844706
10,15,1.6020000000011407,0.004689980907246032,0.0011048435883925245,4.2449274779877655
10,16,1.307999999999879,0.0038374825871985234,0.0008067371781462268,4.756794023075199
10,17,1.1940000000001874,0.0035009679140156924,0.0008316499175887092,4.209665437310954
10,18,2.003000000000611,0.005864333693061057,0.001608661993995985,3.645472892968523
10,19,0.37000000000011823,0.0010840693508570149,0.00031557722871749367,3.435195103470153
10,20,0.7010000000000787,0.0020524245002064576,0.0006725452303973648,3.051727092011059
10,21,0.9329999999999359,0.002734055330946578,0.0009654333584626503,2.8319462000984403
10,22,0.4989999999988868,0.0014614114442826184,0.0005450344328926561,2.6813194838470724
10,23,0.6709999999982301,0.001965553645956429,0.0007345358938427858,2.675912317468206
10,24,0.18100000000004002,0.0005307050994741738,0.00022884344322283563,2.319074962341837
10,25,0.2699999999999818,0.0007899837117862058,0.00034588171994821945,2.283970693520522
10,26,0.24900000000002365,0.0007261249528189491,0.0003380301553299795,2.1481070294161118
10,27,0.009999999999763531,3.0205544066507957e-05,1.3575508245861609e-05,2.2250028153248618
10,28,0.2070000000003347,0.0006035518378989965,0.00031465986392799046,1.9181087488079467
10,30,0.13000000000010914,0.0003803965397628253,0.00020080602619165894,1.894348227377183
10,35,0.06899999999995998,0.0001997639341799125,0.00013828966654184642,1.4445326189246686
10,36,0.010000000000218279,3.0309105933161583e-05,2.0546715183860033e-05,1.475131458335012
10,42,0.01900000000023283,5.318831188315623e-05,4.182724162388606e-05,1.2716189215016815
10,43,0.07199999999966167,0.00021006183397378553,0.00015743617999266414,1.3342665833455405
10,44,0.01900000000023283,5.4325102513113455e-05,3.2764672605377414e-05,1.6580389240391034
10,45,0.010999999999967258,3.227678137434837e-05,1.8969020981771697e-05,1.701552304958953
10,46,0.009999999999763531,2.9475300144025226e-05,1.724456452852691e-05,1.7092516366687924
10,47,0.01999999999998181,6.024512360631976e-05,3.489920005412727e-05,1.7262608745438857
10,48,0.009000000000014552,2.709536881529381e-05,1.5520108076066316e-05,1.7458234622140163
11,0,16.918999999998448,0.05404970159671904,0.002640158594934086,20.47214197678471
11,1,0.03899999999970305,0.00012446410186644103,6.700894831432633e-06,18.57425090192483
11,2,0.04899999999997817,0.00015812516017547296,8.569118387738142e-06,18.452908808184972
11,3,0.03300000000035652,0.00010804954620685987,5.723727801124717e-06,18.87747809838687
11,4,0.0659999999993488,0.00021345481278005,1.027335759159632e-05,20.777512208341463
11,5,1.1620000000005462,0.003811263972931998,0.00022860607144820292,16.671753067571288
11,6,0.028999999999541615,9.339554225398913e-05,4.9165354188215565e-06,18.99621060319242
11,7,0.13100000000042655,0.00042704425599060985,2.2968292330089607e-05,18.592773457135106
11,8,0.12099999999952615,0.0003968145474852516,2.17941943194782e-05,18.207351080218878
11,9,0.14700000000021873,0.00048208048331113397,2.8375667789636965e-05,16.989220725483467
11,10,2.112000000000876,0.006824909985071688,0.0007831831179034533,8.714322141342464
11,11,1.3319999999990273,0.004250318301507411,0.0005809482328505054,7.316173905293795
11,12,0.1669999999998879,0.0005245314689267595,5.791385844950974e-05,9.057097609617129
11,13,0.7310000000000514,0.0023547913317805776,0.0002726531732980612,8.636581424293007
11,14,0.8610000000003311,0.0027522290655931677,0.0004829144981481967,5.699205710631956
11,15,2.3669999999999902,0.0075849236503945355,0.001717642529398992,4.415891852100636
11,16,1.9350000000000023,0.006180883406966814,0.0013409181893778085,4.609441094862595
11,17,1.495000000000175,0.004744258774582581,0.0010872223456881633,4.363650906733044
11,18,4.613999999999351,0.014835673266354018,0.003557031191036492,4.170802129522799
11,19,0.5199999999997544,0.001649495268771663,0.0004621902831903592,3.5688661764710803
11,20,1.2390000000000327,0.00395994352531544,0.0012570791879840258,3.150114617414031
11,21,1.2480000000000473,0.003984547506449945,0.0013308261762509715,2.9940405272720803
11,22,1.059000000001106,0.00337640501707195,0.0011435759332018762,2.9524974416158085
11,23,1.099000000001297,0.003527884238385814,0.001260641952045294,2.798482338829114
11,24,0.27899999999999636,0.0008918550901346861,0.0003849074860208982,2.3170635088304405
11,25,0.3510000000001128,0.0011216256999224846,0.00047433880104273755,2.3646087932440234
11,26,0.09900000000016007,0.0003093677620584113,0.0001401126263649803,2.207993455582919
11,27,0.23899999999980537,0.0007679419618618425,0.0003267553611996239,2.3502046272247252
11,28,0.44099999999968986,0.001406373157883095,0.0006645814206853256,2.1161788670420902
11,30,0.1289999999999054,0.00041694100069389166,0.00021298871721360098,1.9575731810983776
11,36,0.13000000000010914,0.0004107452387363299,0.00026387825829242515,1.556570978580393
11,44,0.03900000000021464,0.0001213301225610808,9.301057676827664e-05,1.3044766173567388
11,45,0.047000000000025466,0.00015315419063776395,0.00011762260631253564,1.302081253248352
11,49,0.03099999999994907,9.682667171678408e-05,6.354589654875173e-05,1.5237281551689132
11,50,0.03099999999994907,0.00010019794095116672,7.506889154498384e-05,1.3347465093596684
11,51,0.018000000000029104,5.959786194784636e-05,4.358838863916497e-05,1.3672875692013213
12,0,10.515000000000157,0.03636654772740348,0.001596266046060956,22.78225977251336
12,2,0.010999999999967258,3.677724762269609e-05,2.0179809555076273e-06,18.22477438269218
12,3,0.5299999999999727,0.0018282314471379595,0.0001452518548536794,12.586630642201731
12,4,0.10300000000066234,0.00035439245554870583,3.1407271537979065e-05,11.283770865614951
12,5,1.0739999999997565,0.0037003231001662726,0.00023525865437922536,15.728743794485597
12,6,0.03999999999930992,0.00013808248716095113,1.2988459240641419e-05,10.631167608309182
12,7,0.04900000000026239,0.0001691510467759891,1.6860392753581974e-05,10.032449970066867
12,8,0.04300000000012005,0.00014843867370099774,1.4022269805390785e-05,10.585923374825615
12,9,0.09699999999955367,0.0003348500313695425,2.884978125008015e-05,11.606674881412221
12,10,0.7220000000003495,0.002490928405454619,0.00028169533788212993,8.842632697374995
12,11,0.9180000000001769,0.0031698121379249316,0.00039809692321532864,7.962413053392015
12,12,0.5450000000000159,0.001882875534649528,0.0002182156183021694,8.628509495788045
12,13,0.09100000000000819,0.0003141376582966116,4.340493582496079e-05,7.23737179484461
12,14,0.5889999999998281,0.0020340378854082713,0.00033388208855337733,6.092084466768549
12,15,1.5569999999996185,0.0053750256664146946,0.0011111745324045039,4.837246993758501
12,16,1.129000000000758,0.003899090870987827,0.0007496386235472965,5.201293994881554
12,17,0.7889999999991346,0.002727410217966884,0.0005831718766135508,4.676854847330457
12,18,3.1820000000003574,0.010996117325037935,0.002559079910379768,4.296902679919093
12,19,0.6070000000004256,0.0021008788501946946,0.0004688205010455625,4.48120089780485
12,20,0.7199999999999136,0.0024889703789885208,0.0007449711929215932,3.3410290258706423
12,21,0.8409999999994966,0.002906512077270097,0.0008885391304240773,3.2711131989008657
12,22,0.6329999999989013,0.002188614286864222,0.0007048857191180718,3.104920737509818
12,23,0.7059999999985394,0.002441194214425522,0.0008376830277548072,2.9142218876852644
12,24,0.3280000000000882,0.0011350296157438993,0.0004230121031398997,2.683208369970727
12,25,0.19899999999961437,0.0006863044818232477,0.000259402189335631,2.645715842186912
12,27,0.12900000000036016,0.00044555421339417974,0.00018920318994702391,2.354897998912878
12,28,0.26299999999991996,0.0009094094177020039,0.00040262518614875205,2.258699775840694
12,29,0.03999999999996362,0.00013750375909220682,5.445527004118381e-05,2.5250771686232483
12,30,0.1490000000001146,0.0005146520437196451,0.0002513811178415774,2.0472979360525536
12,31,0.032000000000152795,0.00011161552643703323,4.5789822408964366e-05,2.4375618983659137
12,32,0.018000000000029104,6.428084983710393e-05,2.5860371988240287e-05,2.4856892958204515
12,37,0.01999999999998181,6.722362716916877e-05,4.162956185628558e-05,1.6148050609141538
12,38,0.04999999999972715,0.00017221563258647594,0.00010456810405786312,1.6469231620684242
12,39,0.041999999999916326,0.00014603603842375446,8.85410671855439e-05,1.649359365837842
12,40,0.01900000000023283,6.784337800663056e-05,4.043300023642319e-05,1.6779209460077447
12,45,0.09400000000005093,0.00032302707065970545,0.0002611465485475475,1.2369570743183351
12,46,0.02999999999974534,0.00010630942506576425,9.146957312824746e-05,1.1622381238918669
12,51,0.09100000000034925,0.00031294271369779,0.0002463778631989496,1.2701738282594384
12,52,0.009999999999763531,3.551640895721571e-05,2.898554463305587e-05,1.2253145285637266
13,0,17.78400000000198,0.06621936414366661,0.0026538597694671625,24.952096152752645
13,1,0.07999999999998408,0.00029704995051110843,1.680427777500334e-05,17.677043577140545
13,2,0.04800000000000182,0.0001789894239860615,9.70128432638493e-06,18.450075058542254
13,3,0.18099999999995475,0.0006629685414956631,3.790135140082157e-05,17.491949943539275
13,4,0.093000000000103,0.0003426273243998335,1.882225873053391e-05,18.20330542178848
13,5,0.04699999999991178,0.00017593847789419548,8.805735078590682e-06,19.9799876244237
13,6,0.1139999999999759,0.0004318834379764114,2.3043874889450443e-05,18.741788872240797
13,7,0.2590000000000714,0.0009803518151155122,5.5998604609886084e-05,17.506718639600518
13,8,2.9789999999998145,0.011185442439208201,0.0008164375774356942,13.700303303456423
13,9,0.9290000000008263,0.0035019809897796662,0.00027110418847104377,12.917472834078724
13,10,0.2399999999996112,0.0009056285969401726,6.83545185475374e-05,13.248993865860527
13,11,0.19800000000009277,0.0007364805440371003,6.633006278691989e-05,11.103269212980939
13,12,0.17299999999994498,0.000643050142721637,5.6912484163326225e-05,11.298929438332467
13,13,0.1169999999999618,0.00044255437135941203,3.71675401442671e-05,11.907012668624876
13,14,0.4370000000000118,0.0016119404345293264,0.0001966428268703514,8.197300965328855
13,15,0.8040000000003431,0.0029729746336959397,0.0005033415972498823,5.906475145188559
13,16,3.024000000000086,0.011260870558760957,0.0023423238039675383,4.807563557048246
13,17,3.0990000000003874,0.011579216006596258,0.0022761407039521655,5.087214505891812
13,18,5.752999999999787,0.021340460660384586,0.004838978659421228,4.410116713128269
13,19,1.950999999999965,0.007280067300393561,0.0015518136814252625,4.691328210038196
13,20,1.9110000000003424,0.007095688508341404,0.00181357190665618,3.9125487565719204
13,21,1.6270000000004075,0.006063652016989076,0.0017754570397954586,3.415262594969709
13,22,1.2590000000013788,0.004681504117314892,0.0014261225063352024,3.2826802020993626
13,23,1.4060000000001764,0.005235350173557134,0.0016833605551271797,3.1100587201068146
13,24,0.6050000000003024,0.0022645888439847195,0.0007914895839038087,2.861173273835451
13,25,0.23100000000022192,0.0008647914546399788,0.00030261376369304004,2.8577399920156656
13,27,0.23099999999976717,0.0008633269495486776,0.0003553919857750105,2.429224586103153
13,28,0.4230000000003429,0.0015807702961922543,0.000691479257613334,2.2860704479384397
13,30,0.19099999999980355,0.000711278053379119,0.00031270213565885686,2.2746184700033183
13,32,0.009999999999990905,3.6246652880522585e-05,1.4568311710935635e-05,2.4880475925919545
13,33,0.03099999999994907,0.00011236462392953762,4.611284324608957e-05,2.4367316352601245
13,34,0.049999999999954525,0.00018336756823041558,7.521565379634885e-05,2.4378910369760916
13,35,0.03999999999996362,0.00015255348756130281,6.363566289570345e-05,2.397295488401409
13,40,0.019999999999527063,7.316258312049216e-05,4.256105287891747e-05,1.7190031301301076
13,41,0.03500000000030923,0.00013079088643946143,7.54834949057077e-05,1.732708410001981
13,42,0.02500000000009095,9.596732857922546e-05,5.705382519698343e-05,1.6820489817797437
13,46,0.021999999999934516,8.006504591776169e-05,6.780416010505626e-05,1.1808279284590844
13,47,0.068000000000211,0.0002574675745209587,0.00021622396154844236,1.1907448771040863
13,52,0.05900000000019645,0.0002224285053196909,0.00018263388077588246,1.2178928924619528
14,0,18.688999999998174,0.07567679295093056,0.0026803189924515373,28.234248671167773
14,1,0.12199999999984357,0.0005017572377313591,2.247590497685281e-05,22.324228468135203
14,2,0.13600000000019463,0.0005585788857032114,2.4325843154679937e-05,22.96236484595392
14,3,0.1810000000002674,0.0007356965874863713,3.1737336845839034e-05,23.18079147787177
14,4,0.12099999999986721,0.0004934215228816005,1.9886285052496417e-05,24.812151770883876
14,5,1.5080000000002656,0.006237693601397342,0.00029587060203759263,21.08250552248106
14,6,0.16099999999960346,0.000658998669988527,3.165946299809923e-05,20.815219450440203
14,7,1.3989999999998872,0.005697551117728887,0.0003329086550223883,17.11445777024248
14,8,1.9099999999998545,0.007706011986327816,0.00043859680393106855,17.56969480228798
14,9,1.922999999999547,0.007966289370079125,0.0005502404185228696,14.477833873899655
14,10,2.3500000000001364,0.009522297469532951,0.0007560219323639433,12.595266171390632
14,11,1.8599999999992178,0.007647554754498638,0.0006619984652593994,11.552224296323706
14,12,1.7580000000007203,0.007106103402066211,0.0006817178068366602,10.423819549382602
14,13,1.199999999999818,0.004899267177081457,0.0006463061972517191,7.580411882037582
14,14,0.4210000000002765,0.0017320403852419185,0.00017356582975533254,9.979155388381994
14,15,0.831000000000131,0.0033681080269058897,0.0004794720459215589,7.02461813061967
14,16,2.6000000000002785,0.010501285981117983,0.001864124592061883,5.633360573556219
14,17,3.098999999999023,0.012566882187638953,0.002456294794635095,5.116194609493474
14,18,5.764999999999617,0.02338924032442559,0.0052069638269054775,4.491915270002158
14,19,2.0300000000007685,0.008237303376064022,0.0019062236471508714,4.321268067561679
14,20,2.374999999999204,0.00964032586983395,0.0024514378700040084,3.9325189464492474
14,21,2.361999999999341,0.009589089956669294,0.002645008841970835,3.625352703745339
14,22,1.0630000000005566,0.004309082113492761,0.0012637411380372924,3.409782259826697
14,23,1.3550000000000182,0.005489208615429959,0.001680522252202685,3.2663706822299874
14,24,0.8279999999996335,0.003340488574873259,0.0011285100375542216,2.9600876055236314
14,25,0.5709999999996853,0.002315947353607948,0.000764756307453997,3.028346848577331
14,26,0.05900000000019645,0.0002394934522569795,8.420484168939606e-05,2.844176741527429
14,27,0.31199999999978445,0.0012637446422581323,0.0004965218759796881,2.5451942872902342
14,28,0.43699999999967076,0.0017743489377922406,0.0006821455628063318,2.601129486927406
14,29,0.05900000000019645,0.00024440600228089717,7.650356743054032e-05,3.1947007242871392
14,30,0.1790000000000873,0.0007241563436212393,0.0003142217239900459,2.304603050437657
14,35,0.009999999999990905,3.9015494419964515e-05,1.6877658900644134e-05,2.311665062651284
14,36,0.11900000000014188,0.00047782176578693106,0.00021665402956184135,2.2054598603740367
14,42,0.009000000000014552,3.507640380180671e-05,2.1463979254134264e-05,1.6341985512798378
14,43,0.07999999999992724,0.0003174965147986507,0.00019460815641244867,1.6314656109569985
14,44,0.03999999999996362,0.0001635276374859361,0.00010906269800470793,1.499391088590868
14,47,0.08100000000013097,0.0003278990874314129,0.00027145924740833464,1.2079127550890918
14,52,0.12100000000009459,0.000479734490035544,0.0004100666797710844,1.1698938580021936
14,53,0.02999999999974534,0.00012085474289174745,0.00010243461577463502,1.1798232655808296
14,54,0.03000000000020009,0.0001234903528715776,0.00010364064816537793,1.1915243204049224
15,0,13.576999999999543,0.05856957982937899,0.0019495198896868982,30.043078882763044
15,1,0.07899999999995089,0.00033848505284616133,1.2881382700472386e-05,26.277074497115006
15,2,0.068000000000211,0.0002914106086272128,1.0823716034137937e-05,26.92334201193984
15,3,0.09000000000037289,0.0003872583099749164,1.2915078115323896e-05,29.984976205093933
15,4,0.06999999999993634,0.0003020554406700031,9.83307083773488e-06,30.718322450281846
15,5,0.32899999999949614,0.0014196605711481315,6.412474413410679e-05,22.139044612468712
15,6,0.15800000000081127,0.0006817822803735563,3.520826408947834e-05,19.364268531980837
15,7,0.17399999999906868,0.0007508235239478147,3.823156646609822e-05,19.63883757192126
15,8,0.24900000000161526,0.0010752828481715724,5.18994207043152e-05,20.71859056573569
15,9,2.5669999999995525,0.011066455088830666,0.000750304967724049,14.749276047577421
15,10,1.3609999999998763,0.005861467484262524,0.0003943556716066521,14.86340353717294
15,11,0.22100000000045839,0.0009465796139442295,6.885791306974676e-05,13.746853073886092
15,12,2.0660000000004857,0.008909852058320757,0.0007584434034405082,11.747550335203936
15,13,0.2989999999995234,0.001286114905938692,9.784093688287812e-05,13.144956977244137
15,14,0.9809999999995398,0.004226067107298806,0.00044663686912542634,9.461975487097607
15,15,1.5139999999998963,0.006525692650985641,0.0007799991112086813,8.366282162646918
15,16,1.6240000000010184,0.007009972300969019,0.0011044468118572093,6.347043810268446
15,17,1.428000000000793,0.006161437251120415,0.0008347052001066989,7.381572859894498
15,18,3.295999999999765,0.014226495273119134,0.0025882106050547265,5.496652878763056
15,19,1.7219999999994116,0.007437013256312512,0.0016873320832554467,4.407557546090123
15,20,1.6700000000008686,0.007212244381627474,0.0017280556161506167,4.173618206625393
15,21,1.51599999999911,0.006547755537914273,0.0017337938124241383,3.7765479903053745
15,22,0.6809999999998126,0.00293496906136817,0.0007953278839591659,3.6902629978944113
15,23,1.4799999999995634,0.0063847053134150535,0.0018886621124955952,3.380543968756055
15,24,0.5000000000002274,0.002163766419844702,0.0006867685249787067,3.150648786520596
15,25,0.4170000000001437,0.0018008976927581975,0.0005790087151731177,3.110311892662527
15,26,0.18000000000006366,0.0007747634397898839,0.00029619500005586153,2.615720858366163
15,27,0.020999999999958163,9.122581964440379e-05,2.9279069136303123e-05,3.1157349716180995
15,28,0.16800000000012005,0.0007227907760615402,0.00026349380388931477,2.743103501459037
15,29,0.31199999999989814,0.0013463935103100548,0.0004792369247779139,2.8094527794034136
15,30,0.1540000000004511,0.0006656657458391659,0.00027567301503188593,2.414693167418549
15,31,0.03999999999996362,0.00017462567895407854,6.714897148333623e-05,2.6005711643314426
15,36,0.03999999999996362,0.00016951738806793043,8.098341027283051e-05,2.093235978786665
15,37,0.14099999999984902,0.0006106266487033717,0.000312168445215005,1.9560806291065216
15,44,0.07999999999992724,0.0003432745262863348,0.00022603001086495081,1.5187121611538374
15,47,0.05099999999993088,0.00021798486598593387,0.00017559129946130033,1.2414331840740032
15,48,0.027000000000043656,0.00011889646707255146,9.314086570530423e-05,1.2765231047855774
15,54,0.018999999999778083,7.984179131387698e-05,6.760440037354351e-05,1.1810147101773938
15,55,0.021000000000185537,8.999966789754181e-05,7.550917829970456e-05,1.1919036854079228
15,56,0.03999999999996362,0.00017516338840451237,0.00014397526610906248,1.2166213901756195
16,0,23.00199999999964,0.10525302338536377,0.0033192090587361666,31.71027239406254
16,1,0.032000000000152795,0.00014515921463185486,3.5222940314587973e-06,41.211555121573866
16,2,0.030000000001109584,0.0001365290591883627,4.916535419005091e-06,27.76936349540032
16,3,0.0409999999997126,0.00018934561052222438,5.957813591896863e-06,31.78105652378091
16,4,0.04099999999925785,0.00018917300741112553,7.236846612015465e-06,26.140253836116717
16,5,0.04899999999997817,0.00022144978878923787,6.443596643768465e-06,34.36741947579845
16,6,0.0500000000001819,0.00023146076910923407,8.805735078646994e-06,26.285229687468426
16,7,0.5900000000001455,0.0027409373702023134,0.0001399864777789165,19.580015253552787
16,8,0.42699999999967986,0.0019410669468086774,7.970343565295237e-05,24.35361701671861
16,9,0.3359999999993306,0.0015646023058635404,9.68174260080206e-05,16.160337765372166
16,10,0.7599999999997635,0.0035112936316909656,0.000189481005521861,18.531111453732798
16,11,0.24899999999934153,0.0011483548819958037,9.120583273003497e-05,12.590805298547965
16,12,2.933000000000675,0.013430232794134316,0.0010885898876995426,12.337274988394107
16,13,1.7129999999995107,0.007898595919870287,0.0008007082345978103,9.864511914052803
16,14,1.3609999999983984,0.006202196925941548,0.0007413739864144472,8.365814069006678
16,15,1.5080000000016298,0.006852640302867594,0.0007993441054702369,8.57282896811547
16,16,3.4779999999992697,0.015959650958312935,0.002345220430053034,6.8051816169587225
16,17,1.8579999999999472,0.008454018991340462,0.0013021406186259994,6.4924009514894205
16,18,6.276000000000494,0.028724587237490044,0.005372513716767011,5.346582391747803
16,19,3.594999999999459,0.016444953736746912,0.003119764976639559,5.271215575495217
16,20,3.584000000000003,0.01636703034551742,0.0034166263306746494,4.790406898926397
16,21,1.9119999999998072,0.00872984729566396,0.002119049224000152,4.11970009794512
16,22,0.7689999999997781,0.003484401717485716,0.0009729043959159244,3.5814430812653333
16,23,2.130999999998494,0.009758503609011667,0.0028885281536842632,3.378365413044315
16,24,1.3800000000010755,0.006312424362661804,0.0018805543345742047,3.35668278581861
16,25,0.5879999999997381,0.0026919862485655296,0.0008136386595063647,3.308577114807647
16,26,0.25099999999997635,0.001150689694407548,0.00032719652594316546,3.5168151345452383
16,27,0.13899999999966894,0.0006426971971761004,0.00020474197365075725,3.1390593033570835
16,28,0.3120000000003529,0.0014302632312876362,0.000504333967113452,2.8359446806125845
16,29,0.1790000000000873,0.0008206960376461439,0.0003149035899839413,2.6061819037629763
16,30,0.35599999999976717,0.0016132101966566024,0.0006205137000882651,2.5997978713880627
16,31,0.07000000000016371,0.00032556871809135746,0.00011505547994972996,2.829667202584396
16,37,0.02800000000002001,0.00012600026953719576,6.574948858696392e-05,1.9163688151055474
16,38,0.10000000000013642,0.0004644293422236539,0.0002390067291263277,1.9431642946679482
16,44,0.0500000000001819,0.00022582890578969495,0.00014859677945199906,1.5197429353618261
16,45,0.08100000000013097,0.00037785528050008146,0.0002535355330735105,1.4903444732952895
16,48,0.05099999999993088,0.00023216527159402401,0.00017717947668086938,1.3103395265818145
16,49,0.07899999999972351,0.00036832446697077336,0.0002780928835476469,1.3244656327484434
16,57,0.041999999999916326,0.0001903024321054895,0.00015941525397630054,1.1937529650316951
16,58,0.027000000000043656,0.00012531795017117227,0.00010599903600887845,1.1822555646701889
17,0,14.391999999997893,0.06967054156067035,0.0022510408684666755,30.950367244166163
17,1,0.02100000000007185,0.00010149062806551391,4.620852647875922e-06,21.96361489955027
17,2,0.0010000000002037268,4.8328870517068105e-06,1.8345281417497735e-07,26.344033333264658
17,3,0.07600000000002183,0.00036922512505121796,1.3135221492258788e-05,28.109546935985808
17,4,0.9300000000007458,0.004505269784454499,0.0001827481885483775,24.652883403338652
17,5,0.4749999999996817,0.00230456014707955,0.00011779264679732743,19.56455016283612
17,6,0.13600000000008095,0.00066534339312725,3.0933079708645266e-05,21.509122253394573
17,7,2.370999999999981,0.011492588000920647,0.0006233717175054128,18.436171674440548
17,8,0.2859999999993761,0.0013881432382975162,6.286537073669619e-05,22.08120658528496
17,9,1.4050000000006548,0.006791763638870387,0.000390834809183302,17.377581216633757
17,10,0.8440000000000509,0.004081258045596203,0.0002444974044623138,16.6924391470392
17,11,1.6270000000006348,0.007864897234208997,0.0006729100383328945,11.687888107144218
17,12,0.5090000000000146,0.002445970195642498,0.00020369719908331098,12.007873484024246
17,13,0.790000000000191,0.0038156726265365223,0.00034296326625034626,11.125601491534868
17,14,0.5749999999999318,0.0027818539821860785,0.0002718601952420438,10.232663813506518
17,15,0.2850000000004229,0.0013852372120664463,0.00021398236334183783,6.473604601952748
17,16,2.08699999999979,0.010096682647874146,0.001466138760834729,6.886580532204003
17,17,0.9200000000005275,0.004446907145807761,0.000686756921805763,6.475227266898214
17,18,3.273999999999006,0.015825507628276246,0.002799314126269609,5.653351826350928
17,19,2.341999999999757,0.011323829970073628,0.002062212260581337,5.491107868247008
17,20,1.0960000000007426,0.005297092560907638,0.0010558671371828918,5.016817338439527
17,21,2.0000000000002274,0.009661410350256961,0.0021399148110796814,4.514857460789457
17,22,0.6660000000003947,0.0032278583849306686,0.000763393031566446,4.228304754507986
17,23,0.9070000000008349,0.004385938940492384,0.0011608538668843376,3.7782007413766747
17,24,1.0279999999994516,0.0049749958299248175,0.0013548903822556625,3.671880688710989
17,25,0.4499999999998181,0.0021797966081735917,0.0005528645739997126,3.9427315669799543
17,26,0.13799999999901047,0.0006726195210399108,0.0001614276850981311,4.166692476764619
17,27,0.14000000000100954,0.000673763484932545,0.0001958788623092408,3.439694702069747
17,28,0.27699999999913416,0.0013411582778213248,0.0004749276321596418,2.8239213450745457
17,29,0.3909999999991669,0.0018964237648329742,0.0006887380752841762,2.753476006173322
17,30,0.18100000000004002,0.0008765911667683294,0.00034211699482147346,2.562255544264207
17,31,0.21000000000003638,0.0010149524850715094,0.00034684659182274694,2.9262287968226377
17,38,0.07199999999988904,0.00034769587443793723,0.00017866836474461842,1.9460405032246202
17,45,0.07999999999992724,0.00038821532522351443,0.00026229716459745533,1.4800591757036503
17,49,0.07000000000016371,0.00033988017911975747,0.0002568429252372031,1.3232997514175897
17,58,0.02999999999974534,0.0001446887865483134,0.00011779138290047208,1.2283478042750233
18,0,23.7960000000011,0.12141914311523329,0.003963652606474918,30.633144518489384
18,1,0.06100000000000705,0.0003077271788314003,1.1961123481774606e-05,25.72728049336587
18,2,0.03999999999999204,0.00020021960638773797,8.145304947706756e-06,24.580983483510728
18,3,0.8879999999999768,0.004572467676564776,0.0002052309785424926,22.27961738056059
18,4,1.5119999999999436,0.007704950685784374,0.00031161880325926455,24.725564071221697
18,5,0.670999999999907,0.003372626776294866,0.00015069474583391312,22.380520021660057
18,6,0.6619999999999777,0.003345335923393826,0.0001841928063428094,18.16214210433209
18,7,2.807000000000386,0.014116851985853409,0.0007170133594683463,19.688408590212077
18,8,0.27999999999985903,0.0014074743638154438,0.00010590425455066018,13.290064405695494
18,9,0.7400000000000091,0.0038079622173623115,0.0002820104384505504,13.502912297446837
18,10,0.2589999999995598,0.0013346924602987583,0.00011713829088293809,11.394160271918091
18,11,1.691000000000031,0.008596880174993566,0.0006757212274541537,12.72252494920599
18,12,0.18999999999994088,0.0009706494099691767,8.558541404331878e-05,11.34129478508903
18,13,0.48200000000042564,0.0024641717370575632,0.00017497731350504158,14.082807009073
18,14,1.8869999999990341,0.009591533207892569,0.0009642063071499709,9.947594344454666
18,15,1.3870000000006257,0.00704397084913404,0.0007633212444569467,9.22805555365535
18,16,4.896000000000072,0.02494801261544816,0.003320918396567187,7.512383514523202
18,17,2.5690000000001874,0.013170689289214636,0.0019750820749141014,6.668426318327781
18,18,5.583000000001022,0.028448826226184224,0.004927629620675166,5.773328844931789
18,19,3.3529999999988718,0.017095026891929512,0.003011354053211036,5.676857184461893
18,20,1.6730000000004566,0.008539526615214966,0.0016335887914799407,5.227464010375971
18,21,3.225999999999658,0.016404818962181125,0.0034315036281684697,4.780650332850451
18,22,1.0790000000001783,0.0055190826738037895,0.001176210704475832,4.692256797869664
18,23,1.3320000000003347,0.006791368827937618,0.0016073675682982656,4.225149842439399
18,24,1.7870000000000346,0.009105606405126893,0.0022559940362203703,4.036183721647674
18,25,0.9730000000006385,0.004966054613607885,0.0012452071126015979,3.9881354381540275
18,26,0.3919999999998254,0.0019970973953995943,0.0005099541903118079,3.916229012999154
18,27,0.04899999999997817,0.0002537265701631925,5.636605699941796e-05,4.501407117510677
18,28,0.8510000000005675,0.004343860292289211,0.0012413941441561977,3.499178977714468
18,29,0.18000000000029104,0.0009237172056502213,0.0003257762267688597,2.8354346626575806
18,30,0.13100000000031287,0.0006617810321078513,0.0002037952132461895,3.247284475265883
18,31,0.41899999999986903,0.0021439266462801375,0.0007281852479480362,2.944204997727624
18,32,0.12099999999963984,0.0006279160203254178,0.00021952697550895383,2.8603137216720187
18,33,0.01999999999998181,0.0001035618653726836,3.855354487475336e-05,2.686182702761029
18,34,0.018999999999778083,9.907418453880681e-05,3.815069747019294e-05,2.5969167304533096
18,36,0.009999999999763531,5.2126138903211824e-05,1.9812903926392622e-05,2.630918672844064
18,37,0.010000000000218279,5.005490159803704e-05,1.969309800787066e-05,2.5417484632449296
18,38,0.1610000000000582,0.000817512645087792,0.00040872936557560417,2.0001319061979013
18,45,0.13000000000010914,0.0006688607378230233,0.00043881913141751496,1.5242287537975072
18,46,0.009000000000014552,4.748616121082678e-05,3.037978602123619e-05,1.563084123687798
18,49,0.07999999999992724,0.0004090918990095143,0.0002958734474278634,1.3826583715635874
18,50,0.012000000000170985,6.32313578022343e-05,4.446896214758861e-05,1.4219211501355693
18,58,0.14000000000032742,0.0007114907274867602,0.0005583508899843657,1.274271681570495
19,0,24.623000000002747,0.13382983621849112,0.004276639540017242,31.293223327854175
19,1,0.1180000000002508,0.0006321278179901197,3.4298338131189134e-05,18.43027541370278
19,2,0.05899999999954275,0.0003198301088287204,1.709612062668209e-05,18.707759252093616
19,3,0.11000000000012733,0.0005985875818566801,3.6282074561423316e-05,16.49816304862359
19,4,0.29199999999983106,0.0015820277521452174,8.837817664989287e-05,17.900660684734042
19,5,0.1570000000001528,0.000852100936415694,6.425739131015438e-05,13.260745869729064
19,6,0.14299999999965962,0.0007812016711283893,6.204230289560882e-05,12.591435757032167
19,7,1.5430000000009727,0.008401106766688822,0.00044560579319246767,18.853226091385633
19,8,0.1810000000000116,0.0009734317451486463,9.258575995315098e-05,10.513838690109681
19,9,2.590999999999866,0.0142415423946097,0.0008136520892950012,17.503233362246338
19,10,1.2399999999995828,0.006734856941000301,0.00047005814911621095,14.327710207051988
19,11,1.4680000000002167,0.008007708805372308,0.0005617216817722409,14.255651980724435
19,12,1.0610000000002913,0.005763269588942778,0.0005131284527956784,11.23163129532722
19,13,0.9299999999998363,0.0050376633792051815,0.00041709306606817594,12.078031952661975
19,14,1.3699999999999761,0.007441190184866771,0.0006514651799163013,11.422237771514967
19,15,1.200999999999965,0.006537922088929447,0.0007260688139825061,9.004548829289025
19,16,3.7119999999999607,0.02015354025305218,0.00248841755308366,8.098938310444646
19,17,2.648999999999859,0.014424331556584449,0.0019388174988734237,7.4397572566607755
19,18,6.182000000000244,0.03357615779903465,0.005364786148629569,6.2586199838760885
19,19,2.431000000000381,0.013213591525488526,0.0021718569351620335,6.084006414770001
19,20,2.227000000000089,0.012138559220638992,0.0021362880321306576,5.6820798684774845
19,21,2.608000000000345,0.014171643444862094,0.0029611836725655953,4.785803587990089
19,22,1.2519999999990432,0.006795913760049865,0.0014444981158590194,4.704688559602895
19,23,1.1370000000006257,0.006176518177802038,0.001380732477174119,4.4733634356477445
19,24,1.5670000000002915,0.008529306562421748,0.0021057654019597527,4.050454316745759
19,25,0.70900000000006,0.00385759823114245,0.0009693907936508434,3.979404649196499
19,26,0.3289999999999509,0.0017831316500541694,0.000475802230348408,3.7476319704270082
19,28,0.624000000000251,0.0033930669876688687,0.0010372424822328052,3.271237965846551
19,29,0.4709999999995489,0.0025604462825917595,0.0007883057224879811,3.2480371631842333
19,30,0.11500000000023647,0.000627091259269967,0.00017411919292101605,3.6015056625861352
19,31,0.3330000000000837,0.0018058794762075545,0.0005773695422385223,3.1277705942124525
19,32,0.23000000000047294,0.0012510959111271412,0.00042528873538612023,2.9417565221690376
19,33,0.03999999999996362,0.0002209319794620213,6.41545282380826e-05,3.4437472385756625
19,34,0.12000000000034561,0.0006592817390901736,0.00023624026949868268,2.7907254782989055
19,35,0.06999999999970896,0.00038679341404216646,0.00012538192653878752,3.0849216048894417
19,36,0.03000000000020009,0.00016258177245002725,5.943871178097983e-05,2.7352842546303777
19,38,0.20799999999962893,0.001127574550679679,0.0005450735337423445,2.068665016512583
19,46,0.056999999999789,0.00030767281195873835,0.0001961650150223847,1.5684387551145618
19,47,0.023000000000138243,0.0001269905099430349,8.01688797786144e-05,1.5840374755605664
19,50,0.07999999999992724,0.00043415147771593113,0.00031717119596870653,1.3688237873869429
19,58,0.07999999999992724,0.0004333915322582934,0.0003319475938240996,1.305602270724545
20,0,13.626999999998475,0.07758383956521177,0.0023153670039883535,33.50822544830652
20,1,0.02200000000084401,0.00012466682591579336,4.035961911182104e-06,30.88899961379451
20,2,0.029999999998835847,0.00017057248413672346,5.503584423914525e-06,30.992980392113378
20,3,0.09900000000016007,0.0005695551725647946,1.5349878840290873e-05,37.104864376506164
20,4,0.03099999999994907,0.0001753681430724422,5.687037238256352e-06,30.83646822158143
20,5,0.009000000000014552,5.025796407808126e-05,1.6510753272410973e-06,30.43953431371358
20,7,4.992000000000189,0.028421735486809055,0.0010098080099329926,28.14568235470327
20,8,0.10799999999994725,0.0006183841016974357,3.306179422155375e-05,18.70388816630819
20,9,0.10299999999983811,0.0005940979836694844,2.6957080660235716e-05,22.038661795668254
20,10,0.540000000000191,0.003079125545698749,0.000244383009850382,12.59958925779609
20,11,0.0989999999999327,0.0005660618536881123,4.4300919369180984e-05,12.77765476988965
20,12,0.16299999999978354,0.0009374073233229981,9.504052891855807e-05,9.863237652289154
20,13,0.08700000000089858,0.000499335306317285,5.185330482215971e-05,9.629768209178676
20,14,0.30600000000049477,0.0017509699139349841,0.00018507918448615505,9.460652848651202
20,15,0.45099999999979445,0.002564447142533286,0.0002900218177049123,8.842255947594008
20,16,1.4790000000002692,0.008415855818188354,0.0009270221724808116,9.07837597418691
20,17,1.0979999999999563,0.006254775149609601,0.0007651689933325166,8.174370895987794
20,18,3.752999999999304,0.021370599333091846,0.0030727061957558357,6.9549764837946135
20,19,1.5500000000003524,0.008836323913314596,0.001374921302525998,6.426785225511125
20,20,1.6159999999994739,0.009198560844059197,0.0016205892856992503,5.676059273766093
20,21,1.5880000000000223,0.009055119839608971,0.0017591038860936446,5.1475753712972745
20,22,0.6710000000007312,0.003821416363318004,0.0007769211702996071,4.918666795814479
20,23,1.031999999999698,0.0058800558297730544,0.0013244079802235452,4.439761703021879
20,24,0.7510000000000332,0.004277331906857451,0.0010281189122381186,4.160347461701779
20,25,0.46099999999978536,0.002626461915921606,0.0006294988857146185,4.172305901606162
20,26,0.18000000000006366,0.0010249306630968058,0.00026069378700223724,3.9315500184437076
20,28,0.30700000000001637,0.001749125200145553,0.0004984640441608441,3.509029830005444
20,29,0.17799999999988358,0.0010142538409009202,0.00031035578199288137,3.2680359115210043
20,30,0.15099999999983993,0.0008570940397604595,0.0002593115911954468,3.30526697942498
20,31,0.1590000000001055,0.0009088361446919156,0.0002700418229879177,3.365538473396319
20,32,0.1790000000000873,0.0010195315128876132,0.0003648679639120686,2.794247820379526
20,35,0.010999999999967258,6.138917241795616e-05,1.654744383516254e-05,3.70988855012803
20,36,0.04899999999997817,0.00027783008667241275,8.145978856000189e-05,3.4106409012806096
20,37,0.03999999999996362,0.00022799855380467782,7.925161570737245e-05,2.8768947076932347
20,38,0.1020000000003165,0.0005833432531720695,0.000260936103284142,2.235578924610703
20,39,0.10800000000017462,0.0006151574803149947,0.0002142039985093436,2.871830052640971
20,40,0.04100000000016735,0.00023561014784876614,8.725015840420014e-05,2.700397938044593
20,47,0.08100000000013097,0.0004624586911354255,0.00029082701244162457,1.5901504033372802
20,50,0.07999999999992724,0.00045615089171254354,0.0003391015197641624,1.3451750143431571
20,58,0.11099999999987631,0.0006307011534862138,0.000467384411860708,1.3494270187046336
21,0,20.88400000000121,0.12446546775316399,0.0034890482490283112,35.67318617271263
21,1,0.052000000000134605,0.0003070609308317287,9.539546335180053e-06,32.188211057725646
21,2,0.03900000000021464,0.00023232378465464052,7.072293181765091e-06,32.849852047091964
21,3,0.13999999999987267,0.0008247610598100896,2.4915138520865095e-05,33.102808524198906
21,4,0.3789999999999054,0.002225889693083821,6.584268261647938e-05,33.80618171421095
21,5,0.27999999999974534,0.0016457001936362758,5.98224950677033e-05,27.509721748880196
21,6,0.06100000000014916,0.00035797884797368086,1.3515076730950829e-05,26.487370741586304
21,7,1.2499999999990905,0.007334903956815889,0.0002882827449298636,25.443437339964277
21,8,0.45500000000083674,0.0026701700955397713,0.00013009190844128895,20.525258853780525
21,9,0.8449999999997999,0.004958364028263852,0.000269574075440468,18.39332665858978
21,10,0.3839999999997872,0.0022535061905160844,0.00017216761715371136,13.089024682871417
21,11,0.1260000000004311,0.0007392303484722512,6.576235850768621e-05,11.24093425551109
21,12,0.20999999999912689,0.0012463053864521442,0.00010064221383546965,12.383525152672117
21,13,0.07299999999941065,0.0004280286352075579,4.2299816072247094e-05,10.118924263795734
21,14,0.06199999999989814,0.00036681739525505657,2.627350053137682e-05,13.96149686323637
21,16,2.2509999999995216,0.01341552498180716,0.0013402569152210224,10.009666676179618
21,17,2.122999999999365,0.012636095034403792,0.001449965151268927,8.714757746657153
21,18,5.341000000000406,0.031871416858277234,0.004541535293358709,7.017762672654826
21,19,4.837999999999965,0.02885638714633956,0.004356628418084683,6.623559408131891
21,20,3.0980000000006953,0.018465162619492385,0.00301746881322479,6.119421197847787
21,21,3.4829999999998336,0.020735819314122522,0.003879716475301811,5.344673881745299
21,22,1.6820000000000164,0.010012453713593208,0.0018288625934433735,5.474688885588615
21,23,2.2479999999997062,0.013432483910258261,0.0028337423002445725,4.740192468841976
21,24,0.9080000000003565,0.005386841969604447,0.001213422494481584,4.439378694644929
21,25,0.8919999999993706,0.00531240793561437,0.0012231115528978057,4.3433552099382675
21,26,0.4910000000002128,0.002923736576314199,0.000709626459025694,4.120106485781891
21,27,0.16700000000037107,0.0010094580811347295,0.00023382528784402501,4.317146748507785
21,28,0.6089999999999236,0.0036254517128604764,0.0009857231809777293,3.6779613007217966
21,29,0.2300000000000182,0.0013754644451838946,0.0003862122024350438,3.5614215100187856
21,31,0.29100000000016735,0.001734188030678335,0.0005282374033504977,3.2829709136057925
21,32,0.23999999999978172,0.0014254879339119072,0.0004790546999942702,2.975626653759909
21,33,0.04100000000016735,0.00024060873388434317,7.685205289884069e-05,3.1308042506171327
21,34,0.16399999999930515,0.0009870839980412865,0.0002459739762506862,4.012961098922483
21,35,0.01900000000023283,0.00011478106745632323,2.8413171853974526e-06,40.39713272640741
21,36,0.010999999999967258,6.645219694738554e-05,1.7677513170246814e-06,37.591371765589656
21,37,0.021000000000185537,0.00012686328508287087,3.6176894948281173e-06,35.06748859022749
21,38,0.4389999999993961,0.0026326437344306682,0.0006892783708343283,3.8194202020934123
21,39,0.12900000000036016,0.000770984727438561,0.00019233193034269423,4.008615345693415
21,40,0.18899999999985084,0.0011356865557600032,0.000337356995819473,3.366423610102734
21,41,0.08899999999994179,0.000523336078413601,0.00022343055187956808,2.342276264419227
21,42,0.028999999999996362,0.0001747758775027448,7.448184253985751e-05,2.3465568458408756
21,43,0.021000000000185537,0.00012760784751384387,5.3935127356931836e-05,2.3659506108025066
21,47,0.1299999999996544,0.0007728788030880966,0.000496835716981219,1.5556023383023254
21,50,0.12800000000015643,0.0007596031444396692,0.0005682634370733337,1.3367095168954946
21,58,0.09999999999990905,0.000601721835134839,0.0004408004218093566,1.365066377806417
22,0,21.544999999998538,0.13548026746309333,0.0033585823887891555,40.33852732489823
22,1,0.05999999999949068,0.0003778282054986957,9.466165209426638e-06,39.9135444120968
22,2,0.13000000000010914,0.0008146866742665052,1.907909267032674e-05,42.70049358969612
22,3,0.21900000000005093,0.0013768163505730473,3.483328653721091e-05,39.525881346345344
22,4,0.07900000000017826,0.0004960613351368366,1.4859677945186561e-05,33.38304753081973
22,5,2.355999999999767,0.01483287104530048,0.0003890160520809684,38.12920049431076
22,6,0.10799999999971988,0.0006897220233822109,2.108973551321297e-05,32.70415709813391
22,7,0.17800000000033833,0.0011334846165089816,3.9599390648522446e-05,28.623789354982783
22,8,1.3079999999999927,0.008348294570823759,0.00030669331616525877,27.22033422575587
22,9,0.19900000000052387,0.0012606931078092839,4.038677012694143e-05,31.215497150347602
22,10,0.3239999999991596,0.0020544085043297895,7.169503352384678e-05,28.654823121694534
22,11,2.731000000000222,0.01726498336317117,0.0008467991424960942,20.388522492216392
22,12,1.6940000000008695,0.010692078910482062,0.0005154545097313968,20.743011669552956
22,13,0.22299999999995634,0.0014117208281410343,9.426823940693172e-05,14.975572229019773
22,14,1.2100000000004911,0.00755752103576069,0.0005247598692627714,14.401865459678074
22,15,0.8939999999993233,0.005575943434772205,0.00045298393502920804,12.309362437793014
22,16,3.30600000000004,0.020738116547575364,0.0018103802073303518,11.455116700682723
22,17,3.2650000000003274,0.020497283527057743,0.002210540432503841,9.272521427640582
22,18,4.0120000000003415,0.025225492125836628,0.0031276782713038787,8.065245187549461
22,19,5.503000000000213,0.03465840715622254,0.0045198972853961565,7.66796344425885
22,20,3.0930000000000177,0.01944753760895598,0.0028999937609270484,6.706061878815607
22,21,5.049999999999727,0.0318192832467978,0.005602149958751267,5.679834256684268
22,22,1.4209999999995944,0.008948436407092898,0.0016406026776206767,5.454359260263175
22,23,3.0400000000003047,0.019100883937742535,0.0038567918406075996,4.952531722514062
22,24,1.520999999998935,0.009588721090391187,0.0019720670431852697,4.862269324730232
22,25,1.26600000000019,0.007980010119584137,0.0017025425322315915,4.687113519052246
22,26,0.4319999999999027,0.0027043596356846515,0.0006060757383190717,4.462081988606064
22,27,0.9899999999997817,0.00623087734384593,0.001336440073669153,4.66229460385699
22,28,0.8040000000000873,0.005073140750696462,0.0012774340888982182,3.9713522558897933
22,29,0.3440000000002783,0.0021670056087727497,0.000506970196610022,4.2744240652861905
22,30,0.17899999999963256,0.001141006128906388,0.0002565296958900574,4.447852031116882
22,31,0.29000000000041837,0.0018228240245917685,0.0005192777587286033,3.510306370630547
22,32,0.30099999999947613,0.0018894616631643397,0.0005589572427161238,3.3803330894916694
22,33,0.018000000000029104,0.00011066228346294046,2.6417205235857555e-06,41.890231186428586
22,34,0.22699999999986176,0.0014220968816472561,0.0004936840261740678,2.880581113122424
22,38,0.181999999999789,0.001133731961907034,0.0005173665705528232,2.1913514062101154
22,40,0.2829999999999018,0.001758207410977869,0.0004039902926741352,4.352103114507423
22,41,0.4590000000002874,0.0029044093077896975,0.0011432815768112167,2.5404146858471464
22,43,0.01999999999998181,0.00012319123854795123,5.1965817555670245e-05,2.370620618370493
22,44,0.019999999999527063,0.00012427423844428353,5.55599951375136e-05,2.236757547164987
22,45,0.020000000000436557,0.00012427423844993486,5.713244783264059e-05,2.175195412840953
22,46,0.028999999999996362,0.0001801976457484496,8.512210575983714e-05,2.116931249995834
22,47,0.12199999999984357,0.0007588918732012678,0.0004622127347606482,1.6418670800886774
22,48,0.009000000000014552,5.592340730134042e-05,2.6609830690724366e-05,2.101607032052036
22,49,0.05999999999994543,0.00037835637101511657,0.00018300029719583584,2.067517795395832
22,50,0.13299999999981083,0.0008384833177802275,0.0005958770841220182,1.4071414057073062
22,58,0.07900000000017826,0.0004935782845147782,0.0003514339517428859,1.4044695512967602
23,0,10.529000000001133,0.06898402938527558,0.0016220663913871104,42.52848696672882
23,3,0.24299999999993815,0.0015953022140038102,3.087441973533769e-05,51.67067843473954
23,4,0.0500000000001819,0.0003279459070150819,5.625397092737274e-06,58.29737911986334
23,5,1.457999999999629,0.009559277306359953,0.00019954415830568184,47.90557332034792
23,7,0.09599999999954889,0.0006296561414637079,1.9933766957293885e-05,31.587413598878907
23,8,0.44099999999980355,0.0028872043583523977,0.00011589788470087818,24.91162255293966
23,9,0.011000000000422006,7.214809954582346e-05,2.017980955591052e-06,35.75261666663837
23,10,1.6310000000003129,0.010696375081283526,0.0004796265000938376,22.301468078162507
23,11,0.22100000000045839,0.0014454901187542818,6.729049222578079e-05,21.481342622732008
23,12,0.6949999999992542,0.0045629748080894756,0.0002599627911845705,17.552415048697554
23,13,0.9730000000008658,0.006371119396198597,0.0003966795407862304,16.06112426058287
23,14,0.23800000000028376,0.0015583713336346358,7.428014927449383e-05,20.979647306252065
23,15,0.5319999999992433,0.0034911833375914298,0.00023143738291396326,15.084785757749756
23,16,0.9049999999999727,0.005923331646844865,0.0005432091903717421,10.904328851268637
23,17,1.2810000000002333,0.008395518781423101,0.0008948477094024137,9.382064336991704
23,18,2.054000000000201,0.013466791694070014,0.0017026299334559818,7.909406165986551
23,19,2.985000000000184,0.019555448751245836,0.0025709995253963957,7.606165834756731
23,20,1.3329999999997995,0.008737369396570813,0.001237223518533021,7.062078327552918
23,21,3.450000000000557,0.02260694474607108,0.0035763360893054084,6.321258456014343
23,22,0.6480000000010477,0.0042447996024054125,0.0007131380712441355,5.952282977965215
23,23,1.347999999998592,0.00882933326760998,0.001671549083532497,5.2821262352349745
23,24,0.719000000000733,0.004705910560911616,0.000976578289120486,4.818774504141184
23,25,1.5489999999999782,0.010145223323684454,0.002060924214710001,4.922657151229609
23,26,0.2589999999997872,0.0016972584220329436,0.0003612996846686775,4.6976471169339105
23,27,0.31899999999996,0.0020930420586015735,0.00033212487663370594,6.3019731608660825
23,28,0.6020000000005439,0.003941339043386622,0.0009204046930121442,4.282180516146736
23,29,0.24899999999934153,0.0016263481995406005,0.00032781184855770014,4.961224576525144
23,30,0.31900000000018736,0.002091347589548271,0.0004973823464651509,4.204708117228686
23,31,0.21199999999998909,0.001388540230608046,0.00038549229439124774,3.601992181972838
23,32,0.2690000000006876,0.001762708313803161,0.0004151608045620253,4.245844729159183
23,33,0.0799999999994725,0.0005262599750754446,0.00011613337539931207,4.531513643394558
23,34,0.19900000000052387,0.0013032881030365267,0.0004215841850893941,3.0914065307268896
23,38,0.1470000000001619,0.0009626429758604328,0.0004420052967282556,2.177899185792483
23,41,0.26099999999996726,0.0017081864449512876,0.0007420562734982597,2.301963484384306
23,47,0.10900000000037835,0.0007145526597794155,0.00046687640481289064,1.530496406357879
23,49,0.010999999999967258,7.104689170770519e-05,3.390208005252813e-05,2.09564993055366
23,50,0.10800000000017462,0.0007041973941812397,0.0004722926656967826,1.4910191187117494
23,51,0.04100000000016735,0.0002711318676715404,0.00013529033533333192,2.004074178717338
23,58,0.08100000000013097,0.0005282054352100874,0.000378008926398657,1.3973358783941245
24,0,21.625999999999806,0.14738837901381727,0.0034921638189458755,42.20545961051366
24,1,0.6829999999999359,0.004641256175054238,0.00010946324413686047,42.40013359417099
24,2,0.12000000000011823,0.0008164127053580103,1.785364035161649e-05,45.72808061993314
24,3,0.2259999999990896,0.0015423957652077709,3.5149559188710356e-05,43.88094191813282
24,4,0.11400000000043065,0.0007855167488566473,1.9142200438448395e-05,41.03586478380428
24,5,4.892000000000053,0.033438314834785716,0.0007813378198075043,42.796232291717054
24,6,0.30799999999965166,0.002119738781072692,7.200415940755512e-05,29.439115719338236
24,7,0.5139999999997258,0.0035340486558497575,8.914613552974783e-05,39.64331863460817
24,8,0.6759999999997603,0.004646745825390468,0.00014919530196564514,31.145389728561714
24,9,1.630000000000848,0.011219168102951937,0.000390905140954026,28.700487477782783
24,10,1.435000000000855,0.00970419364983227,0.00041700477887095466,23.27118091093941
24,11,4.340999999998587,0.02953187309425843,0.0013996957276782853,21.098780620873782
24,12,1.3530000000004065,0.009205774143360672,0.0004928098413789815,18.680175131245463
24,13,1.0739999999996144,0.007277524004440053,0.00046916884027976884,15.51152459336475
24,14,4.344999999999914,0.02981190991237625,0.0021189580717566707,14.069136293792454
24,15,0.7500000000005684,0.00504817623626326,0.0004091464052828366,12.338312572423884
24,16,4.074999999999932,0.02782855700927185,0.0023918741739709184,11.634624142068354
24,17,2.2119999999987954,0.015080664901675643,0.0016343410956015047,9.227366883364907
24,18,6.750000000000114,0.04611559127711914,0.0053421704482063985,8.632369881159851
24,19,3.975999999999999,0.0270881048401917,0.0035580058812368026,7.6132827612908756
24,20,2.2329999999994925,0.015222401136247595,0.0021283550131358593,7.1521907963180125
24,21,5.3299999999994725,0.03628621114428049,0.005636745712234049,6.437439791815433
24,22,0.9619999999991933,0.006527196926186822,0.0010643644738662444,6.132482891388835
24,23,2.388000000000318,0.016241120944485155,0.0028488672876811403,5.700904712098665
24,24,0.7600000000002183,0.005171253123278718,0.0010074537656954094,5.132992996169096
24,25,2.382000000000289,0.016219548169170043,0.00321874958463198,5.039083576619561
24,26,0.8410000000005766,0.005754089796195356,0.0012030060916883279,4.783092817194239
24,27,0.6379999999998063,0.00436367307158075,0.0008795872655314666,4.961046211764014
24,28,0.9369999999996708,0.006383686021753512,0.0016024568858216336,3.983686599143902
24,29,0.1390000000001237,0.0009357941740439134,0.0002654057837652135,3.525899702591813
24,30,0.42000000000007276,0.002869554069580065,0.000782512871977378,3.6671014271354023
24,31,0.29899999999997817,0.0020299258115991504,0.0005114311940978932,3.969108327816629
24,32,0.15999999999985448,0.0010778023631691216,0.0003095966016756097,3.481311995467009
24,33,0.008000000000038199,5.335507304047698e-05,1.4676225131078322e-05,3.635476600007482
24,34,0.42200000000002547,0.002853604012852778,0.0008063486143685116,3.5389209604924607
24,35,0.5459999999998217,0.0037281410894676394,0.001144437274333886,3.257619419672944
24,36,0.08100000000013097,0.0005592962101339043,0.00017562549406805697,3.1845957963094493
24,38,0.08199999999987995,0.0005595340650210106,0.00022550054446060546,2.481298066749281
24,41,0.30900000000019645,0.0021018344647429402,0.00094210811962056,2.230990712180113
24,47,0.13099999999985812,0.0008970963605656401,0.0005833397442905434,1.537862573819116
24,50,0.08100000000013097,0.0005516748638125451,0.00039318038779715607,1.403108804341373
24,52,0.06899999999995998,0.00046447496619798066,0.00023291169282896578,1.9942105978297058
24,53,0.03099999999994907,0.00021268930038091557,0.00010478677981271342,2.0297341015828287
24,54,0.009000000000014552,6.213711922385047e-05,3.061754086835891e-05,2.029461461030165
24,58,0.07999999999992724,0.0005442006969314534,0.00038959612062915947,1.3968329460073234
25,0,13.000000000001535,0.09203502442728673,0.0021027815134124915,43.768229766262316
25,1,0.9880000000000564,0.006983470007371955,0.0001368499288566148,51.030132538022144
25,2,0.1089999999999236,0.0007724610496907578,1.9037265428674653e-05,40.57626094382482
25,3,0.08000000000015461,0.0005724899917821667,1.2792531635474534e-05,44.75189181433128
25,5,1.5209999999997308,0.010778367182136933,0.00024436313139072083,44.10799256334222
25,6,0.2069999999994252,0.001475310979592119,3.3795542638656025e-05,43.6540106891087
25,7,0.031000000000403816,0.00021754830719691024,6.51110727945827e-06,33.4118757163237
25,8,1.090999999999724,0.007726608492407002,0.0002233278376839229,34.59760580023397
25,9,0.11899999999991451,0.0008342837558260939,3.056997791831027e-05,27.2909505546744
25,10,0.022000000000048203,0.00015498290221539665,5.596434011668705e-06,27.693152799131273
25,11,2.2660000000000764,0.016041613738610867,0.000776888506154441,20.648540442458142
25,12,3.3270000000012487,0.023600380174364444,0.0012084912088088096,19.528797563721593
25,13,0.5429999999994948,0.003857180129380554,0.00024717698365619306,15.604932434751442
25,14,3.6490000000004557,0.025809715165860142,0.0017021591138080615,15.162927458713764
25,15,0.4669999999996435,0.003304831727151338,0.0002769829292748017,11.931535765774692
25,16,4.653000000000361,0.032949661230939474,0.0028509869065445797,11.557282551982935
25,17,1.1499999999999204,0.008135764903798437,0.0008339010977480443,9.756270768522942
25,18,4.676000000000556,0.03310259489000427,0.0036943360469249326,8.960363775666265
25,19,1.7469999999998436,0.012369614454570996,0.0014495560931705631,8.53338102116171
25,20,1.162000000000944,0.008235920047936416,0.0011290203206244685,7.2947491710167585
25,21,2.4160000000003947,0.017104501301344534,0.0026251158915635646,6.515712832455864
25,22,0.4899999999997817,0.0034713913590821445,0.0005708648630524913,6.080933656557784
25,23,1.0549999999993815,0.007456748322765795,0.0013432278492951412,5.551365188473961
25,24,0.3400000000001455,0.0024065882116717043,0.0004409236272223641,5.458061358227074
25,25,1.086999999999989,0.007700767648569288,0.00152116618051451,5.062410502687239
25,26,0.5959999999997763,0.0042122945269199375,0.0008440517035721052,4.990564569792485
25,27,0.7419999999999618,0.0052554871331265875,0.001195074404308548,4.397623373221966
25,28,0.6119999999996253,0.004331606371603884,0.001064594243165406,4.068786206023924
25,29,0.08899999999994179,0.0006280613738116401,0.00017450178443007277,3.599168775625444
25,30,0.13000000000101863,0.0009175440371605551,0.00025424613193488144,3.608881009035607
25,31,0.18999999999869033,0.0013464760563166266,0.00034305059242980304,3.9250072322558376
25,32,0.021999999999934516,0.0001567468579644223,3.3028994414684462e-06,47.4573509554786
25,33,0.01999999999998181,0.00014153454934264905,3.3620536141440363e-06,42.09764792185894
25,34,0.08899999999948704,0.0006313256694595877,0.00010835247353744837,5.826592128894882
25,35,0.33400000000074215,0.0023593319318051813,0.0007740732787648713,3.0479439047034207
25,36,0.15899999999987813,0.0011223830500793357,0.00033963185476144333,3.304704886612285
25,37,0.04199999999968895,0.00029960404696637336,7.266026400875981e-05,4.123354780685267
25,38,0.19600000000036744,0.0013844850728625176,0.00046926710073450395,2.950313522289333
25,39,0.08899999999994179,0.0006335440434172741,2.1792036051162443e-05,29.072274014684336
25,40,0.09900000000016007,0.0007005960192478827,2.5426560039512896e-05,27.553708333300136
25,41,0.6320000000005166,0.004479892608179138,0.0012313505263080223,3.6381944153719337
25,47,0.13000000000010914,0.000921166539032448,0.0005646271433046899,1.631459893410329
25,50,0.1269999999999527,0.0008991775244308743,0.0006242161706722719,1.440490597131556
25,53,0.06899999999995998,0.00048374373079614286,0.00023326832509964985,2.0737651826045926
25,54,0.021999999999934516,0.00015584299482353613,7.568235775535805e-05,2.059172037521558
25,58,0.13000000000010914,0.000919861714850233,0.0006689060393973641,1.3751732839472668
26,0,23.301000000000556,0.1712143444413689,0.004156318605827603,41.193748766350126
26,1,0.0489999999997508,0.00036177611636748944,9.579294444860044e-06,37.76646792203025
26,2,0.04199999999946158,0.00030826915258952995,7.382599872844991e-06,41.75617775567376
26,3,1.539000000000101,0.011174308216499236,0.0005069826411557609,22.04081029485611
26,4,0.10500000000013188,0.000768703175417754,3.235883005284107e-05,23.755592342568725
26,5,2.0330000000006407,0.01479624337853693,0.00040685984119182266,36.366930034662545
26,6,2.1469999999999345,0.015701642844749685,0.0003903963153091028,40.219751644729655
26,7,0.7139999999999418,0.005278092042246632,0.00016156822654550375,32.66788374854211
26,8,3.3530000000001223,0.024594451055443816,0.0007470274430224946,32.92308908483195
26,9,1.6010000000010223,0.011872730597766354,0.00037378522200757504,31.7635098947966
26,10,2.2600000000005593,0.016568165827499478,0.0009022496945975235,18.363171444341937
26,11,7.708999999999946,0.05671660159674348,0.0023130088399057115,24.520702479915943
26,12,6.5119999999992615,0.04755165186888308,0.0022075027790210222,21.540925031120985
26,13,14.553999999999974,0.10630655091787605,0.006465556745909541,16.441979414244766
26,14,18.138000000000773,0.13301050047651714,0.008681964519995488,15.320322971855022
26,15,5.653999999999314,0.04159146633270196,0.0028450006635997423,14.619141170981948
26,16,6.921999999999684,0.05058030324057012,0.00403276268753725,12.542345572895286
26,17,4.382000000000858,0.032309224475427195,0.0029477064298663613,10.960801302350852
26,18,7.0610000000000355,0.05183410685516094,0.005592880253207262,9.267873530000296
26,19,2.7729999999996835,0.02031971414635392,0.0023834332457823948,8.525396791502628
26,20,2.9479999999994675,0.021696333022659723,0.002754520563938863,7.87662771761441
26,21,3.7490000000001373,0.027433801050946574,0.003974914879840652,6.901732962907208
26,22,1.3079999999990832,0.009591550213151083,0.0012477417004314463,7.68712804087136
26,23,2.703000000000884,0.019791713002228064,0.002984445652585652,6.631621180664155
26,24,0.626999999999498,0.004607922385770652,0.0007692712179001465,5.98998412854798
26,25,2.1140000000004875,0.015481458865279058,0.0029065584346692356,5.326388308804408
26,26,1.18300000000022,0.008703487088936769,0.0016628063936975884,5.23421555385218
26,27,1.0009999999989532,0.007339168554855028,0.0015887680268727275,4.619408516988586
26,28,1.388000000000602,0.010165837066976992,0.002355456641745179,4.315866777936117
26,29,0.09100000000034925,0.0006596890824286429,3.426492813633848e-05,19.25260370615027
26,30,0.10099999999965803,0.0007320728515964102,5.2794122794697766e-05,13.86655962526825
26,31,0.2870000000007167,0.0021064755548257856,0.0005616852085279458,3.750277776312461
26,32,0.03099999999994907,0.00022472924785907523,2.1235030142027206e-05,10.582949322699733
26,33,0.018000000000029104,0.00013048795037021098,1.3044228896460033e-05,10.003500506313795
26,34,0.12799999999970169,0.0009344776575999809,0.00011217479154356768,8.330549535606119
26,35,1.2220000000006621,0.008946508326180207,0.002542861545979218,3.518283699058039
26,37,0.19100000000003092,0.0013846221400374463,0.00046032801482896886,3.007903267742441
26,38,0.2930000000003474,0.0021560820751221057,0.0007395815877030809,2.9152727852761338
26,39,0.022999999999683496,0.00016665175375592974,4.757542979905882e-06,35.02895390746981
26,41,1.1839999999988322,0.008656179221625156,0.002946030894449506,2.938251339432286
26,47,0.08300000000008367,0.0006120148176704091,0.0003579561260936367,1.7097481312844298
26,50,0.13299999999981083,0.0009818298889573004,0.0006245482280716259,1.572064165466978
26,54,0.23900000000003274,0.0017514291293757632,0.0008790479862005108,1.9924158372126255
26,58,0.07899999999972351,0.0005808186772927365,0.00041680332609666187,1.3935077791534645
27,0,28.314000000000362,0.21706030547172928,0.005255412474143203,41.302239650964204
27,1,0.13200000000023238,0.0010044032536977445,3.0343095458390765e-05,33.1015421638532
27,2,0.0659999999993488,0.0005023258126732348,1.5446726950262845e-05,32.51988685309719
27,3,0.7130000000000223,0.0054962007984480565,0.00012090672935271409,45.45818771107697
27,4,0.35000000000019327,0.0027050359235419007,5.911475210200679e-05,45.75906736230857
27,5,3.944999999999993,0.030444224113226805,0.0006632864772720174,45.89905743056701
27,6,2.7340000000000373,0.021221779025359214,0.0004502561589444536,47.13267904010451
27,7,0.549000000000035,0.004241100524526031,0.00012154369813170894,34.893627474871046
27,8,3.1529999999995084,0.024208906906564055,0.0007122109963947671,33.991200682256036
27,9,2.6719999999990023,0.020326419372687712,0.0006547765797326563,31.04329018760405
27,10,2.3829999999996403,0.018235854931447776,0.0006733610399036915,27.081838494926863
27,11,2.6699999999994475,0.020328772844266173,0.0008434413299746938,24.102177735203117
27,12,6.3370000000002165,0.04850596493347375,0.0024085949128841697,20.138697741991958
27,13,10.490999999999303,0.07978002368039903,0.0042107067179418985,18.946943832600567
27,14,23.728000000000236,0.181357156286908,0.010527343850763348,17.227247333975665
27,15,7.800999999999647,0.059873354089357456,0.004060131312135723,14.746654599666797
27,16,5.6500000000010004,0.0433705473043553,0.0033047767565466553,13.123593664364668
27,17,9.263999999999442,0.07107819506930887,0.00635678553638614,11.181468159096829
27,18,5.532000000000153,0.04253621630682855,0.004262532894363476,9.97909397088195
27,19,1.478999999999587,0.011394490041137056,0.0012414556442335504,9.1783303689209
27,20,3.6800000000004047,0.028212828970697768,0.00348943992920185,8.085202652321048
27,21,2.365000000000464,0.01812896730394718,0.0026155537544148566,6.931215721851197
27,22,0.7789999999995416,0.005997818383235436,0.0009287202421704952,6.45815403917335
27,23,2.5180000000002565,0.019307990688281006,0.0032161818595011398,6.003388966094056
27,24,1.3610000000005584,0.010484724681720492,0.001880747797179253,5.574763770796642
27,25,1.91599999999994,0.014672168810570029,0.0026706473724256385,5.493862260536442
27,26,1.4079999999999018,0.010825412159274921,0.0019688110463506694,5.498451554983191
27,27,0.8340000000004011,0.006392369000766901,0.0012563047422336328,5.088231211641898
27,28,1.5019999999999527,0.011523037352257768,0.002430974178682765,4.740090393926595
27,29,0.018999999999778083,0.00014757565815474858,2.399562808893139e-05,6.150106077982668
27,30,0.009000000000014552,6.990425912686302e-05,1.18877423561359e-05,5.880364583337532
27,31,0.4030000000002474,0.003102222614106497,0.0007921522465947399,3.9161949327823775
27,32,0.009000000000014552,6.990425912686302e-05,1.18877423561359e-05,5.880364583337532
27,33,0.010999999999967258,8.543853893244013e-05,1.4561117482899141e-05,5.867581182061116
27,34,0.008000000000038199,6.213711922407447e-05,1.0681989742479395e-05,5.816998585663482
27,35,0.8609999999991942,0.006596794283458313,0.0019745325675734155,3.340939720009473
27,36,0.01999999999998181,0.00015534279805930315,2.7487706363012728e-05,5.651355409861747
27,37,0.008000000000038199,6.213711922407447e-05,1.1153931099619524e-05,5.5708717105302945
27,38,0.46699999999987085,0.003573972576868664,0.001197941026970427,2.9834294814221205
27,39,0.010999999999967258,8.551448430041213e-05,1.5336655261857968e-05,5.5758235964973
27,41,0.5400000000004184,0.00413176901044818,0.0016553979791368,2.4959369665309565
27,47,0.17699999999967986,0.0013569407869296981,0.0007483593492491837,1.8132208654720408
27,50,0.1289999999999054,0.0009918527238867883,0.0005925915265878966,1.6737544824473134
27,54,0.09999999999990905,0.0007699401284475202,0.00039518157742350374,1.9483198925095626
27,58,0.1410000000000764,0.001075479551344821,0.0007780202168130366,1.3823285412174138
28,0,12.88200000000029,0.10217813691463881,0.0023754521075867153,43.01418521059736
28,1,0.37199999999955935,0.002958966097679558,6.701531300439311e-05,44.15358169685168
28,2,0.0710000000001969,0.0005610878304053456,1.3025149803805941e-05,43.07726504929686
28,3,0.20999999999997954,0.001663438298115778,4.175601876609303e-05,39.83709049068953
28,4,0.06800000000038153,0.0005399025248133626,1.379107941464033e-05,39.14867782141933
28,5,2.2679999999999154,0.01799531378284053,0.00038807057413427177,46.37124013585782
28,6,2.6219999999999004,0.020814365048701038,0.0004634284306789578,44.9138716375394
28,7,0.6779999999997699,0.005373998195618504,0.00014077681511271252,38.173886739203674
28,8,2.1010000000002833,0.01668774649821643,0.0004781811545321781,34.898377612858155
28,9,0.3109999999995239,0.0024704955653208393,7.254142975062858e-05,34.05633958158141
28,10,0.9850000000003547,0.007823440035199655,0.0002973452845843755,26.310960492059372
28,11,2.083999999998923,0.016550475331644523,0.0006648500533430277,24.893545918248346
28,12,0.811000000000206,0.00643798427964771,0.00033984215382613497,18.94404271855403
28,13,0.36799999999993815,0.002922940156796786,0.00018534890754582555,15.769934635703855
28,14,1.496000000001004,0.01188020919418835,0.0006742769471177059,17.619183400785122
28,15,1.0320000000003802,0.008176167808109994,0.0005818944239754365,14.050947167101802
28,16,3.823999999998989,0.030352179428521243,0.0023369685482256294,12.987842498593526
28,17,4.896999999998513,0.03890515503447746,0.003353898136536908,11.599981111724896
28,18,3.2320000000004256,0.025635972018997023,0.002490594463517711,10.293113710205885
28,19,1.9760000000010791,0.01568676394245083,0.0015342373352857303,10.224470218311685
28,20,1.9739999999989095,0.015667342076109272,0.0017530126057698802,8.93738129694085
28,21,1.27699999999993,0.010124765094608502,0.001391102872274215,7.278228876097599
28,22,0.33100000000013097,0.0026266525366856353,0.0003917065618034559,6.705663863766454
28,23,0.9529999999999745,0.007566239779689757,0.0012340793515728935,6.131080444743055
28,24,1.0409999999997126,0.008259937112342,0.0013762144294737003,6.0019259611315166
28,25,1.0230000000001382,0.008115357875905841,0.001456832813138917,5.570548523286177
28,26,0.6010000000001128,0.004766406273950273,0.0008709340480868894,5.4727522530784665
28,27,0.5090000000001282,0.004037472605561239,0.0007878953475921138,5.124376756253422
28,28,0.6890000000000782,0.0054680820361371184,0.0011753989174777201,4.652107429085468
28,30,0.010000000000218279,7.784061776558798e-05,1.2107885733346091e-05,6.428919092885776
28,31,0.19999999999936335,0.0015838703286076188,0.000406524687828777,3.8961233500158903
28,32,0.009999999999763531,7.855133644592029e-05,1.210788573279549e-05,6.487617919382546
28,33,0.010999999999967258,8.733717313082338e-05,1.310452122539723e-05,6.664659595617999
28,34,0.009000000000014552,7.145768710736554e-05,1.0600577509208937e-05,6.740923977518093
28,35,0.3120000000003529,0.0024744783943604245,0.0007117644296105989,3.4765412423239437
28,36,0.19900000000006912,0.0015759214708556523,0.00043444547924258924,3.6274320856166082
28,37,0.0500000000001819,0.0003985898937519226,0.00010124873130325342,3.936739637340174
28,38,0.3679999999994834,0.002920047672995955,0.0009484749503712775,3.0786766396444225
28,39,0.03200000000038017,0.00025295330823835703,3.9681218091897604e-05,6.374635669009537
28,40,0.027999999999792635,0.00022054189643426738,3.6470419450327114e-05,6.047144501166116
28,41,0.495000000000573,0.00392545006732157,0.001428618948123947,2.7477236477063705
28,42,0.02200000000016189,0.00017467434626345204,3.290918849552238e-05,5.307768263177264
28,43,0.03999999999996362,0.00031762769316051663,6.237395680672831e-05,5.0923127122545155
28,44,0.03999999999973625,0.0003197645196476261,6.4434273026713e-05,4.962646502041839
28,45,0.03000000000020009,0.00023995414473558364,4.46545732298231e-05,5.373562602437489
28,46,0.009000000000014552,7.216112619286668e-05,1.3208602617928778e-05,5.463191548734938
28,47,0.12100000000009459,0.0009580784330623295,0.000530990317962273,1.8043237336964046
28,48,0.027999999999792635,0.00022366993858090474,0.00011197959774869687,1.99741687841085
28,50,0.15000000000009095,0.0011890445925304648,0.0006557420847089439,1.813280892377422
28,54,0.18899999999985084,0.001497860409101783,0.0007517015899602147,1.9926263681058067
28,58,0.07900000000017826,0.000626970507543187,0.0004628237449513363,1.3546636584281342
29,0,26.775999999998874,0.21954603526396052,0.005175818561323609,42.4176451826426
29,1,1.077000000000453,0.008761654649281605,0.0001929279715043712,45.41412311010117
29,2,0.12099999999963984,0.0010023265599460993,2.55029523216267e-05,39.30237359602161
29,3,0.20399999999926877,0.001687243718898269,3.786906370542094e-05,44.55467217312639
29,4,0.03899999999975989,0.00032200632943934793,8.05994323001669e-06,39.9514388935319
29,5,0.2810000000004038,0.002328493435077852,5.2165908416995645e-05,44.63630569729001
29,6,2.901000000001204,0.02373565246006168,0.000489598422566713,48.479838508522654
29,7,1.0720000000019354,0.008838941682811331,0.00018918491899354105,46.72117486866435
29,8,2.7889999999992483,0.022885480687647213,0.0005800108129016485,39.456989729479176
29,9,2.964000000000226,0.02452870333720122,0.0006961599401036003,35.234293047012926
29,10,2.8859999999997967,0.02373505608868668,0.0007309052286055099,32.473507042726546
29,11,6.931999999999903,0.05665038861111729,0.002018494007038828,28.0656709475321
29,12,2.77800000000002,0.02263686099268808,0.0010466316808812742,21.628297142341054
29,13,0.543999999999869,0.004448637400395486,0.00020310128062246208,21.903541852426343
29,14,3.807000000000073,0.03121893606629903,0.0014808450644776033,21.081838211961838
29,15,1.4110000000000582,0.011611692060541957,0.000600828596410064,19.326130829859846
29,16,3.8070000000002437,0.031174085734154897,0.002037742892921736,15.2983410431417
29,17,16.113000000000227,0.13218916018200205,0.010680258758490437,12.376962316284354
29,18,3.975999999999317,0.032558447820255534,0.002847162913667151,11.435400364329766
29,19,3.4110000000010814,0.027947776996119153,0.0029049424651284754,9.620767822981003
29,20,5.3770000000004075,0.044225228927726824,0.004915878670146273,8.99640367373243
29,21,2.201000000000249,0.01804826477217419,0.0023389540053966344,7.716382934650144
29,22,0.6480000000001382,0.005315562161245096,0.0007819103879755641,6.798173093732085
29,23,1.9490000000000691,0.015970856407411877,0.0025113909810589087,6.359366792293683
29,24,1.5389999999993051,0.012619231302643119,0.0020800384346325324,6.066826022314573
29,25,1.2190000000005057,0.010024394765030335,0.0015463806241818826,6.482488598390045
29,26,1.4689999999998236,0.01204522209712594,0.002173004884612413,5.543117819210233
29,27,1.0579999999994243,0.008698502826825357,0.0015308326904221856,5.682203470861609
29,28,1.2789999999999964,0.010491100722334307,0.0021375513361064392,4.907999422106933
29,29,0.04900000000043292,0.00040624212930192053,6.591312849770888e-05,6.163296122653947
29,31,0.43100000000049477,0.0035284806732997836,0.0008218253574005404,4.293467756288854
29,35,0.5310000000008586,0.004348839624122129,0.001285572799078925,3.382803079870657
29,37,0.028999999999996362,0.00023478249832799752,6.384157931987785e-05,3.6775797345429257
29,38,0.6519999999998163,0.0053605757057446374,0.001684962113536341,3.1814221000459435
29,39,0.017000000000280124,0.00014134840873758275,4.3661769765468985e-05,3.2373495049981167
29,41,0.588999999999487,0.004833015376498816,0.001789284274540601,2.7010886113888715
29,45,0.03999999999996362,0.0003244938448352605,8.957013091483171e-05,3.6227907843944918
29,46,0.09099999999966712,0.0007382234969981886,0.00023709952489267558,3.1135595793890753
29,47,0.18000000000029104,0.0014765309264941828,0.0005037888376312658,2.9308528022109304
29,48,0.21200000000021646,0.0017449830980900236,0.0007655049840422357,2.2795189247177343
29,49,0.17599999999947613,0.0014480421650554377,0.0005529627235847817,2.6186976143129117
29,50,0.19000000000005457,0.0015503610903986745,0.0008090357489699313,1.9163072736558338
29,51,0.018999999999778083,0.0001547439709448512,6.793969055084895e-05,2.277666702485703
29,52,0.012000000000170985,9.984209225075595e-05,4.182724162396949e-05,2.387011152883209
29,54,0.15000000000009095,0.0012241561744002643,0.0006206317126635394,1.9724357447778555
29,58,0.12099999999963984,0.0009964903919415997,0.0007214480344492923,1.381236546998506
30,0,15.10200000000043,0.12778956166716754,0.0027467260095385307,46.52432067246383
30,1,0.007999999999810825,6.766041870862227e-05,1.7266147212611653e-06,39.18674958313879
30,2,0.021000000000640284,0.00017760859911974855,3.4856034687239116e-06,50.954906578851755
30,3,0.32000000000061846,0.0027064167484141194,7.56691491531136e-05,35.76644879325641
30,4,1.199999999999818,0.010147235244201863,0.00022051527714941348,46.01601927709729
30,5,0.14699999999993452,0.0012394196689506029,4.017616629614442e-05,30.849625118899063
30,6,1.604999999998654,0.013563437242564534,0.00032947352817719273,41.16700154213919
30,7,1.569000000000642,0.013257980177221901,0.0003468296886906787,38.22619749558429
30,8,1.1210000000000377,0.009474424715961534,0.00024744835257956347,38.288493809693755
30,9,1.2769999999996458,0.010823356356076284,0.0003407863007840014,31.759951415818172
30,10,0.6679999999996653,0.005650766459463642,0.0002009926441722138,28.114294842660872
30,11,0.16200000000071668,0.001369192775849498,7.800853943911077e-05,17.551831962168905
30,12,1.406999999999698,0.011902636287988395,0.0005313440677161023,22.400995910521743
30,13,3.811000000001286,0.03224765330995231,0.0013854537626734457,23.275878400824805
30,14,1.5479999999996608,0.013115363072140179,0.0006596824133427016,19.881328965074008
30,15,0.758000000000493,0.006410266250974671,0.000389587259396506,16.45399354410244
30,16,0.6419999999992569,0.005437367289424665,0.0003500404391735032,15.533540359688402
30,17,6.829000000000576,0.05776169902442287,0.0046550423923589395,12.40841525293869
30,18,1.6130000000002838,0.01363423599602561,0.001165826500568156,11.69490999679719
30,19,2.1219999999999004,0.01795970409331493,0.001804418074010143,9.953183440133273
30,20,3.6219999999995025,0.030652195807265904,0.003317164650308862,9.240480663030057
30,21,1.5599999999998317,0.013192919277954896,0.0016215748732067332,8.135868097083508
30,22,0.2589999999995598,0.002191667612182677,0.0002813780799031194,7.789048858878008
30,23,0.8850000000002183,0.007487491524384314,0.0011382422627330194,6.578117655204782
30,24,0.9519999999993161,0.008053567045160684,0.0012756888810611733,6.313112205274829
30,25,0.8889999999996689,0.0075217881406263055,0.0012210042924048646,6.160328990991136
30,26,0.7010000000004766,0.005927233102709927,0.0010490780740182715,5.649944698593228
30,27,0.27899999999999636,0.0023602146782487664,0.00044007956016370547,5.36315451090432
30,28,1.0040000000001328,0.008492053351839116,0.0016766742344327444,5.0648200929217255
30,29,0.32999999999992724,0.0027925008229687394,0.0005139257471446216,5.4336659303098
30,31,0.22899999999935972,0.0019373545526645945,0.0004159543064731166,4.65761388334083
30,35,0.34099999999943975,0.0028860793245165757,0.000806575908806228,3.578186867480477
30,36,0.018999999999778083,0.00016263950987912412,5.6466776190894705e-05,2.880269086538534
30,37,0.01999999999998181,0.0001698989935810946,5.9438711780529335e-05,2.858389566187559
30,38,0.2810000000006312,0.002377779559959452,0.0007661586163402914,3.103508215201426
30,39,0.181999999999789,0.0015403110242476308,0.00048401342336730057,3.1823725332484085
30,40,0.0409999999997126,0.0003440577433746389,0.00012861594563999014,2.6750784411887274
30,41,0.3009999999999309,0.0025476881080174537,0.0008894806488526742,2.8642423096035565
30,48,0.0920000000003256,0.0007763626549096289,0.0003881634209560561,2.000092262680055
30,49,0.15000000000009095,0.0012709013488213534,0.0005146856251113194,2.4692769465758344
30,50,0.1700000000005275,0.001438872158619311,0.0007016074254080301,2.050822306765801
30,51,0.1619999999998072,0.0013714467693823444,0.0005900679047490451,2.3242185489916087
30,52,0.01999999999998181,0.0001698480977923614,6.971206937222575e-05,2.436423123311144
30,55,0.12200000000029831,0.001032293401999297,0.0004949689011471064,2.0855722442499394
30,58,0.028999999999996362,0.00024492381160703616,0.00018454978708739878,1.3271422062982146
31,0,23.085999999999842,0.20132032756953,0.004062410524768388,49.556864413895724
31,1,1.3010000000003856,0.011365874810365434,0.00020222098783667788,56.20521851839133
31,2,0.047999999999774445,0.00042315378191159884,8.47552001311535e-06,49.92658636364426
31,3,0.11999999999989086,0.001057370097518289,2.130422242845997e-05,49.631949772818984
31,4,0.32000000000061846,0.002816713519413496,5.686817094904369e-05,49.53058050587545
31,5,0.5299999999997453,0.0046676438060307,9.888106682012401e-05,47.20462628626043
31,6,0.03000000000020009,0.0002625997237153285,3.0086261519056776e-05,8.7282271195109
31,8,1.40400000000011,0.01215167828700607,0.0003108016226910306,39.09785985604751
31,9,5.521999999999252,0.048195656463323376,0.0013603698777230782,35.42834728448336
31,10,0.9990000000017858,0.008715585487077578,0.00030897729298383803,28.20785114307242
31,11,2.069999999999993,0.018195925122426692,0.0006898399752401673,26.377023332247155
31,12,6.217000000000098,0.054141883089146185,0.002257941062451132,23.978430610749374
31,13,11.969999999999914,0.10448342995933348,0.004362905691972587,23.94812937432386
31,14,8.339999999999463,0.07284210340737102,0.0036090594160412973,20.183126684921696
31,15,12.919000000001063,0.11290721085572214,0.005797729570610102,19.474383805010895
31,16,30.047000000000537,0.2608130934918778,0.016058415269706774,16.241521290328436
31,17,8.960999999999387,0.07803964770421391,0.005992255894036542,13.023417071003012
31,18,2.797000000000253,0.024504001267573586,0.002048227603825951,11.963514807534946
31,19,3.715999999999326,0.032403437012320485,0.0032058330769698306,10.107649473424354
31,20,7.003000000000611,0.0609751060116074,0.006370684702283737,9.571201348223887
31,21,3.415999999999599,0.029828238741960247,0.0035482372557497505,8.406494997938765
31,22,0.8430000000008704,0.007339986232227288,0.0009611540557546265,7.636638672314064
31,23,1.9069999999994707,0.01662717975423823,0.002427658099292721,6.849061554047676
31,24,1.779999999999518,0.015515605173784665,0.002458981134826869,6.30976990999855
31,25,2.349999999999909,0.02055646887368683,0.0031679115333873827,6.48896557149316
31,26,1.0970000000008895,0.009567211694270956,0.0016696007791100027,5.730239117024642
31,27,0.7020000000002256,0.006140199555364353,0.0011348079086440739,5.410783189465938
31,28,1.3689999999996871,0.011927996102605459,0.002310529742334746,5.1624507938826385
31,29,0.581000000000131,0.0050830272922896755,0.0010770593278991835,4.7193568270785775
31,30,0.028999999999541615,0.0002507676597203134,5.572001532390804e-05,4.500495167895537
31,31,0.37100000000054933,0.003218933426974538,0.0007416950234151447,4.339969024131935
31,32,0.027000000000498403,0.0002330141970935513,5.419196129716054e-05,4.299792654040008
31,33,0.02099999999973079,0.00018123326440042667,6.24106473688125e-05,2.9038837448590793
31,34,0.01999999999998181,0.00017260310895484302,5.9438711780529335e-05,2.9038837448590797
31,35,0.7529999999997017,0.006580589164996094,0.0018151876505839624,3.6252941467947175
31,36,0.6279999999997017,0.005462298764851829,0.0005057825085552155,10.799698827970676
31,37,0.03900000000021464,0.00034342265245222297,7.870125726546485e-05,4.363623458947223
31,38,0.26100000000019463,0.0022842581907620693,0.0006738588768906953,3.389816872788028
31,39,0.42200000000002547,0.003667947243654339,0.0011525982541838076,3.182329341850107
31,40,0.0500000000001819,0.0004422885625740427,0.00013415364730828773,3.296880639835716
31,41,0.42099999999982174,0.0036796584542114754,0.0012506827402544963,2.942119800472114
31,48,0.03899999999975989,0.00033971053491835675,0.0001709528429771808,1.9871593183372922
31,49,0.25,0.0021705201166262716,0.0008793429063832852,2.4683432377405135
31,50,0.29899999999997817,0.0026179073739300445,0.0011181521556104803,2.3412800849994686
31,51,0.15000000000009095,0.0013185781114468183,0.000572648693142061,2.302595163907428
31,52,0.027999999999792635,0.0002439910909584516,9.764386104090016e-05,2.498785774727311
31,55,0.03899999999975989,0.00033657606246017787,0.00016455717428041683,2.0453442029007434
31,56,0.15000000000009095,0.0013130235524324713,0.0006295366769949689,2.085698260981488
31,58,0.19000000000005457,0.0016677474607830684,0.0011715463760805919,1.4235436981696936
32,0,25.70899999999972,0.23290975979091,0.005047753453716998,46.1412709488422
32,1,0.27000000000015234,0.002426568353288807,4.998145713639484e-05,48.54937195342111
32,2,0.051999999999964075,0.0004696219909060336,1.4076701334404384e-05,33.361650556458606
32,3,0.0990000000003306,0.0009012540375347675,2.060948662134152e-05,43.73005762314824
32,4,0.6309999999995739,0.005749632030116685,0.0001143443253723154,50.28349252483992
32,5,1.0129999999994652,0.009144472370669758,0.0002074708215612746,44.07594427908033
32,6,1.9840000000004352,0.01798768995256779,0.0003777542397519478,47.617440281754085
32,7,0.9360000000004902,0.008538141787118134,0.00019711778892232546,43.31492268555529
32,8,0.22100000000057207,0.001990113846252295,8.007650589068851e-05,24.852655895962496
32,9,1.232999999998924,0.011246853388618043,0.00035963330090483473,31.273114476109534
32,10,2.386999999998636,0.021417010423948373,0.0006584606413854304,32.52587790044069
32,11,2.2730000000010477,0.020690519308138054,0.0007142272676311001,28.96909743695861
32,12,2.5969999999995252,0.02339854819292716,0.0009452491269534134,24.753842691547238
32,13,8.71799999999945,0.078965486596817,0.003152922144671452,25.04517491187387
32,14,7.488000000000966,0.06786548376344284,0.0031185589238967113,21.76180903410456
32,15,12.978999999998564,0.11775881836022217,0.006026742487604115,19.539381117150782
32,16,11.905000000000257,0.10818094669161846,0.006403875790717062,16.89304262403645
32,17,7.170999999999424,0.06491061165376358,0.004688011187287782,13.846087191467898
32,18,4.429000000000485,0.040098552223407,0.003291142016464589,12.183780591298113
32,19,2.903000000000077,0.02618142643820881,0.0024135651472267246,10.84761539098799
32,20,6.145999999999503,0.05569835700086081,0.005525774034098016,10.079738450606508
32,21,2.741999999999962,0.024835229577300375,0.0028480578484189603,8.720057983052252
32,22,0.8389999999990323,0.00759439973081054,0.0009689338898063801,7.837892564918038
32,23,2.8670000000008713,0.025962803113192403,0.003602466725559035,7.206951539340995
32,24,2.2629999999990105,0.02054374219058555,0.003142249295129953,6.537909714046393
32,25,2.2780000000002474,0.02066274710379358,0.0032989345632562094,6.26346073484963
32,26,1.2429999999997108,0.01125483032198435,0.0019036724879349862,5.912167346702088
32,27,0.3189999999998463,0.0028623132171480647,0.0004898680280959662,5.843029250701235
32,28,1.3320000000001073,0.012063789593054004,0.0022567321726761004,5.345689550190797
32,29,0.25900000000001455,0.002334170527451515,0.00044986618506543584,5.1885885290800315
32,30,0.01999999999998181,0.0001825864727765552,3.522294031438776e-05,5.183737392359968
32,31,0.41099999999960346,0.003732217930662981,0.0008023664500123753,4.651512947239278
32,35,0.6869999999998981,0.006209638609244481,0.0017136141244968827,3.623708815464877
32,38,0.2999999999999545,0.002721950919743668,0.0007998475669683557,3.4030870782799494
32,39,0.02999999999974534,0.00026926084996688106,6.525678674269603e-05,4.12617389557598
32,40,0.4980000000000473,0.0044937748967400805,0.0013655565234822235,3.290801090591824
32,41,0.5380000000002383,0.004867172728597947,0.0015864557641028136,3.067953635221889
32,42,0.11900000000014188,0.0010826800108340734,0.0003143517926962585,3.4441668092544004
32,49,0.22100000000000364,0.0019980953152474454,0.0008448430714332326,2.3650490639140593
32,50,0.3120000000003529,0.002819213075368153,0.0011973337395759355,2.354575823083917
32,51,0.018000000000029104,0.0001602408183590316,7.141031828044434e-05,2.2439448838433957
32,52,0.26299999999991996,0.0023741823179957997,0.0009517954154755061,2.4944250407107553
32,56,0.13099999999985812,0.0011807066431566758,0.0005396732519724044,2.1878176078607097
32,58,0.13100000000031287,0.0011899686558374072,0.0007427227467824468,1.6021707440528472
33,0,13.741999999998256,0.12802930210248623,0.0023001674631761976,55.66086128602842
33,1,0.008999999999957708,8.276664280561108e-05,2.6417205235690707e-06,31.330582499995124
33,2,0.04100000000022419,0.00038034475883256055,1.1796749760345823e-05,32.241487406223555
33,3,0.04999999999955662,0.0004660283941736453,1.7328952823366496e-05,26.893049968100147
33,4,0.05900000000002592,0.0005499135051300194,1.9849594489692706e-05,27.70401709796
33,5,0.2100000000003206,0.0019551064836930473,6.789882175740165e-05,28.794409580162135
33,6,0.9829999999995493,0.009152685496249794,0.00030025446400462505,30.483095485663814
33,7,1.2029999999992356,0.011211949332565477,0.0002550649455370119,43.957233358586066
33,8,1.888999999999271,0.01762698398374897,0.0004212352879761532,41.84593382106881
33,9,2.3720000000005825,0.022094749286931645,0.000600354451527471,36.802840773007304
33,10,1.2259999999995443,0.011427161211846445,0.00034026249499447654,33.58336983931168
33,11,0.7230000000000132,0.006741973446512004,0.00021276712392318396,31.68710147600661
33,12,10.17799999999994,0.09488104621860284,0.003437581669361422,27.601103143020975
33,13,2.5710000000013338,0.023955388197991315,0.00101869714689016,23.515711486108913
33,14,9.974999999998033,0.09291939023446971,0.004172206832005119,22.271041196156048
33,15,5.380999999999631,0.05013596867062432,0.0025080534640906016,19.98999199516793
33,16,6.4230000000004,0.05993172776964834,0.0033355356437195275,17.96764723006143
33,17,6.865000000001828,0.0640554804897887,0.004290615749236293,14.929204625510973
33,18,1.745999999999185,0.01629577925374531,0.001212285933089044,13.442191160481249
33,19,2.129000000000133,0.01985136807680493,0.0018302418834635957,10.846308488601355
33,20,3.1600000000005366,0.029427044252738625,0.00293144713898752,10.038401805499486
33,21,2.2810000000001764,0.02125344604737785,0.0023698094771868656,8.968419719802633
33,22,0.6010000000003402,0.005602400952470121,0.0007151352065564264,7.834044389238266
33,23,0.9200000000000728,0.008574924724960263,0.0011677403041101392,7.343177840808251
33,24,1.821999999999889,0.016970917676205555,0.0024671127451330642,6.878857769951744
33,25,0.9400000000009641,0.008753067537545333,0.0013290292289594976,6.586060973540924
33,26,0.6699999999993906,0.006242854960170347,0.0010272694535674305,6.077134814522704
33,27,0.032000000000152795,0.00029825817227520195,4.096825079975541e-05,7.280227162566155
33,28,0.8079999999999927,0.007528291616392069,0.0013775594277242863,5.46494870920286
33,29,0.01900000000023283,0.00017709078978972567,2.370210358686877e-05,7.471522058819959
33,30,0.11099999999987631,0.0010286394385564997,0.00017988649143058343,5.718269506376149
33,31,0.26099999999996726,0.0024293469354075554,0.0004893389450558774,4.964548519901986
33,32,0.12800000000061118,0.001192437039156155,0.0002062878693657844,5.780451573920501
33,33,0.13099999999985812,0.0012209943927444554,0.0002226491265791684,5.483939737397985
33,34,0.09899999999970532,0.0009247720741398308,0.00017515913543125322,5.279610862790466
33,35,0.4860000000007858,0.004530566994552841,0.001082542709968739,4.185116164778082
33,36,0.1000000000003638,0.0009345694913106374,0.00030081675198322816,3.106773426510315
33,37,0.02999999999974534,0.0002796170365042931,9.025878455493454e-05,3.0979481707302265
33,38,0.19000000000005457,0.001769463667781144,0.0005358728643240861,3.3020214039257727
33,39,0.009999999999763531,9.320567883335154e-05,3.008626151785546e-05,3.0979481707302265
33,40,0.19800000000032014,0.0018455989319512596,0.0005652894724185854,3.264874054800424
33,41,0.5109999999997399,0.00476045960490194,0.0015166720807406452,3.138753370192743
33,42,0.041999999999916326,0.0003885495139996483,0.00012075837649606697,3.2175781529515937
33,47,0.021999999999934516,0.00020681048806610666,9.218944197141043e-05,2.243320749573929
33,48,0.028999999999996362,0.0002711147352135475,0.00012129900070776794,2.235094548443262
33,49,0.11899999999968713,0.0011081510394358415,0.0004992517114069325,2.2196239173882457
33,50,0.16899999999986903,0.0015707270391240784,0.0006540111499628312,2.4016823554359066
33,52,0.07800000000042928,0.0007247430532935208,0.0002757031624451119,2.6287077988733825
33,56,0.1790000000000873,0.0016674944711775788,0.0007774181466013383,2.144913234232328
33,58,0.08099999999967622,0.0007549534970996234,0.0004500809759350043,1.6773726006331924
34,0,25.954000000001543,0.24872456154586942,0.004445727683997202,55.946872868793996
34,1,0.11600000000021282,0.0011201342944077586,2.5499941165159195e-05,43.92693642517923
34,2,0.0409999999997126,0.00039439810395919993,9.429474646608327e-06,41.82609516862749
34,3,0.23300000000017462,0.0022403355165501867,5.011930882243434e-05,44.700048128903376
34,4,0.1360000000005357,0.0013117145868187978,2.712019641970691e-05,48.366706734676875
34,5,0.22800000000006548,0.002196985576457278,4.466442550454604e-05,49.18871230603121
34,6,0.4499999999997044,0.004294246085432982,9.036568872821971e-05,47.52075866259579
34,7,2.2370000000009895,0.02127593931022618,0.00046089962583152226,46.16176303428679
34,8,11.87100000000055,0.11411140281493964,0.0024877311490484615,45.86966837577541
34,9,4.349000000000615,0.04155992948620853,0.0010103758258928888,41.133139195488184
34,10,4.9569999999993115,0.04771375045988717,0.0014337545847853167,33.27888256903575
34,11,11.229999999998427,0.10797989426212597,0.003268857257435244,33.03291816016688
34,12,18.45500000000095,0.17618334154082527,0.006276345165979299,28.071008983989707
34,13,7.129999999999768,0.06776936899633047,0.002651281358124643,25.560987251940116
34,14,8.814000000000306,0.08421260771075556,0.0036950133316337734,22.79088061463649
34,15,5.6899999999996,0.05416257488037471,0.002555858908846562,21.191535531520334
34,16,28.361999999999284,0.2711795333983156,0.01554531845246983,17.44445018784615
34,17,10.350999999998521,0.09892640749269407,0.006489918393597056,15.243089588043931
34,18,6.099000000000615,0.058464839226072894,0.004360624429939697,13.407446608943895
34,19,3.6280000000001564,0.034808301425467654,0.0031263867377363786,11.133715802117997
34,20,6.975000000000364,0.06677883787018682,0.00640929505113668,10.419061275443028
34,21,4.701000000000704,0.04503373752504899,0.004807276391853024,9.367827820628008
34,22,1.2289999999998145,0.011747544818170925,0.0014013685470400455,8.382908866467679
34,23,1.9490000000002965,0.018667706152281683,0.0023071451650590615,8.091257730548481
34,24,3.5839999999991505,0.03434915680073277,0.004859545787061777,7.068388344479675
34,25,2.3389999999997144,0.022421098222203877,0.0033732758957461394,6.646683792001106
34,26,0.9279999999997699,0.008878192940181578,0.0013369552461278279,6.640605933441039
34,27,0.07899999999995089,0.0007499605084092282,4.603010962410844e-05,16.29282473002049
34,28,1.3449999999998,0.012875549472378728,0.002180161393243759,5.905778128298019
34,29,0.049999999999954525,0.0004790392165303883,4.094740192672846e-05,11.698891602148144
34,30,0.07100000000036744,0.0006844403682530809,7.002760821296679e-05,9.773864704497294
34,31,0.4200000000005275,0.004034404467889909,0.0007905708084585578,5.10315385380359
34,32,0.3489999999999327,0.003373969628480876,0.00047592990190824903,7.089215481004424
34,34,0.04199999999946158,0.0004004115962728391,7.417070656625324e-05,5.398513979574538
34,35,0.7950000000000728,0.007616035050577586,0.0017684486852638324,4.30661919344375
34,36,0.16199999999935244,0.0015416909691800405,0.00030959543482528355,4.9796954210583735
34,37,0.3590000000008331,0.003435175491620839,0.0007941576928569797,4.325558415562036
34,38,0.3780000000006112,0.003612550961376593,0.000972319612726877,3.7153945205786494
34,39,0.04100000000016735,0.00039425667883700923,8.339764930718468e-05,4.72743155367383
34,40,0.34099999999943975,0.003279209202474095,0.0009011943379796256,3.6387370229441367
34,41,0.7460000000000946,0.007140633775668498,0.0022057807994669758,3.23723634614737
34,42,0.21000000000026375,0.0020242099405433146,0.0006252682736883503,3.2373463131318774
34,43,0.07899999999972351,0.0007637315290011299,0.00017155533754956796,4.451808611203734
34,44,0.27000000000043656,0.0026061275733641584,0.0008847981438348881,2.945448734859108
34,45,0.05999999999994543,0.0005730423217300344,0.00022367300910890788,2.5619645571585985
34,46,0.02999999999974534,0.0002885517856739749,8.997259816458632e-05,3.2071074033688447
34,47,0.010000000000218279,9.493170992734993e-05,4.249500986776195e-05,2.2339495913229124
34,49,0.22800000000006548,0.002180278746197984,0.000987067866467688,2.2088438092917655
34,50,0.1799999999998363,0.0017237879096022911,0.0007392771908116923,2.3317206739594543
34,52,0.23999999999978172,0.0022952318008907214,0.000957516214671917,2.3970683375603814
34,56,0.1799999999998363,0.0017336705031494827,0.0007513031154721103,2.307551329745337
34,58,0.12800000000015643,0.0012318413136148086,0.0007068708438895488,1.742668161041437
35,0,17.169999999998822,0.16900051904476793,0.0029796055926866434,56.71909042578483
35,1,0.11000000000001364,0.001083681715447822,1.7280535668919334e-05,62.711118232111595
35,2,0.15899999999987813,0.0015605497409622057,3.352231114465028e-05,46.552570144354405
35,3,0.24400000000059663,0.002396559658319534,5.176103165321838e-05,46.30046159774564
35,4,0.1399999999996453,0.0013771603315055145,2.991800291384806e-05,46.03115841225058
35,5,1.2799999999986085,0.012611766810725282,0.00021602500443237312,58.38105104482666
35,6,0.23800000000051114,0.002340731418203675,6.0892092658792415e-05,38.440646658670694
35,7,0.34300000000018827,0.0033744805336825487,6.744001001326919e-05,50.03677391237933
35,8,2.2899999999997362,0.022537225541557793,0.00046491634084731056,48.475873101134006
35,9,0.8899999999977126,0.008769473671075266,0.0001962228710041707,44.69139415908797
35,10,2.025000000001455,0.019908953800798056,0.0005259122660682545,37.85603623516591
35,11,4.882000000001312,0.04803938003378713,0.001429454959517604,33.60678118182815
35,12,4.590000000000032,0.045179780779131255,0.0014781990987569535,30.564070034357222
35,13,0.7499999999996589,0.007390298987240134,0.0002613186436206082,28.280794989773618
35,14,6.691000000000372,0.0658611132820003,0.0027205965129520546,24.208335550109183
35,15,3.019000000000233,0.029729829348045207,0.001293803958374959,22.97861987173575
35,16,9.586999999999989,0.09432438093378084,0.00523866360896208,18.005428096664723
35,17,4.8060000000006085,0.04730069676666439,0.0031742457649873135,14.90139714082707
35,18,4.028999999999769,0.039651077988408494,0.0030053750076910477,13.193387809154437
35,19,2.179999999999609,0.021448691963937873,0.0019456831822257145,11.02373303108998
35,20,3.3689999999999145,0.03314208220224669,0.003210852067554485,10.321896339338062
35,21,2.106999999999175,0.02073796711198011,0.0021942362966076495,9.451109319466452
35,22,0.1639999999997599,0.0016145523933452197,0.00017536870006293654,9.20661664690328
35,23,1.0019999999989295,0.009862159030361157,0.0012422654221323664,7.938850148008322
35,24,1.7360000000010132,0.017074204592928636,0.0023426829949374345,7.2883120037265785
35,25,1.5549999999997226,0.01529752457078445,0.0021445630240436026,7.133166243788332
35,26,0.5450000000000728,0.00536978836473693,0.0008300420722913506,6.469296610367597
35,27,0.09199999999964348,0.0009051307033548257,0.0001604740387890182,5.640355973995509
35,28,0.705000000000382,0.006935347448351695,0.001192815495448289,5.81426672843919
35,31,0.16999999999916326,0.001674237379111426,0.00033999709896209533,4.9242696017770395
35,32,0.2680000000000291,0.00263759643680787,0.00055795638876436,4.727244798915275
35,35,0.3919999999998254,0.003858572080115649,0.0009028538521370652,4.273750475763453
35,37,0.170999999999367,0.0016832803206846565,0.00043999469704859054,3.825683200219944
35,38,0.1999999999998181,0.0019697149767774016,0.00048384276854284477,4.070981535405507
35,39,0.17200000000002547,0.001694746776049147,0.00047653703000389165,3.5563800278759174
35,40,0.18899999999985084,0.0018606602183868918,0.0005507512913077846,3.3784037327786693
35,41,0.5119999999992615,0.005036592969456666,0.0015186240157452524,3.3165503226847095
35,42,0.33100000000013097,0.0032613838695087238,0.0009435532307050206,3.4564916566199724
35,44,0.11999999999989086,0.0011816205776547357,0.000514257264805504,2.2977226740814904
35,47,0.010999999999967258,0.00010706807754651465,2.583015623049763e-05,4.145080524913725
35,48,0.11799999999971078,0.001163436806280892,0.0004912348378179746,2.368392297762887
35,49,0.052000000000134605,0.0005094539149546344,0.0001668883775361559,3.052662638800372
35,50,0.15099999999983993,0.001486625434557475,0.0006161678445302163,2.412695579223093
35,51,0.020000000000436557,0.00019709321045596878,5.8704900525314385e-05,3.357355326255589
35,52,0.1299999999996544,0.0012805355136102238,0.0005321239664976414,2.4064608892520156
35,53,0.012000000000170985,0.00011892028540902778,3.522294031492167e-05,3.3762168730317206
35,54,0.007999999999810825,7.948861666545368e-05,2.348196020905792e-05,3.3850928950468018
35,55,0.010999999999967258,0.0001096909040718124,3.2675147631579495e-05,3.357013266125219
35,56,0.08100000000013097,0.0007987219696898415,0.00035320612090297145,2.261348041330396
35,58,0.11999999999989086,0.0011814052938210222,0.000680633882840678,1.7357427004520198
35,60,0.009999999999763531,9.979911759541784e-05,3.155388403092158e-05,3.162815629848249
35,62,0.010999999999967258,0.00010936132983353559,3.470927243473118e-05,3.15078139535144
35,63,0.008000000000265572,7.931458062952185e-05,2.5243107226172167e-05,3.142029224805104
35,64,0.02099999999973079,0.00020716515548910232,6.837653288450536e-05,3.029769816481109
35,65,0.010000000000218279,9.838377210631417e-05,3.2669277142337456e-05,3.011507468551075
35,66,0.009999999999763531,9.969555572986473e-05,3.378467025078208e-05,2.9509110194010812
35,74,0.0909999999998945,0.000902424261226708,5.3816983744087575e-05,16.768391657138345
36,0,32.42399999999998,0.32778628535189286,0.0058503807286012935,56.028197233286704
36,1,0.8350000000000364,0.008473039557827298,0.0001386517162131874,61.110239304931255
36,2,0.16599999999993997,0.001685240536535845,3.067705445881816e-05,54.934887532900675
36,3,0.3989999999994325,0.004039385636470858,7.434077106970064e-05,54.33607397861934
36,4,2.223000000000752,0.02258053485933789,0.00031280757158833896,72.18666333644354
36,5,3.1220000000002983,0.03146278554217551,0.0005515556673788895,57.043717258302145
36,6,0.7890000000007831,0.008013090345994667,0.00018732804143215044,42.77571197954889
36,7,3.4620000000028313,0.03514798207521639,0.0006993162217661762,50.26049872895482
36,8,5.525999999999158,0.05579111045153512,0.0011428607730902508,48.817066579928316
36,9,9.80300000000068,0.09935366172086169,0.002316834241032957,42.8833707484248
36,10,2.4429999999988468,0.02457764667243405,0.0006435349032634083,38.19162961915379
36,11,3.0420000000001437,0.030597367984448974,0.0010262997920996593,29.81328479259577
36,12,8.10199999999827,0.08192769588416529,0.0027261434451030307,30.052599041085656
36,13,3.5960000000011405,0.03645690425696706,0.0013124977201728336,27.776737206192102
36,14,8.44599999999889,0.0853846455713658,0.003380871951545985,25.255214274625697
36,15,8.39299999999821,0.08432601189239884,0.0038447972127584836,21.932499225856024
36,16,6.603999999999928,0.06682688575929659,0.0037260080641611727,17.935249899772067
36,17,20.557000000000244,0.2080601504263756,0.013197435068241361,15.765195990776782
36,18,7.225999999999999,0.07307010793614116,0.005125262998161411,14.256850421598587
36,19,3.1379999999993515,0.03174020033860402,0.0028435215540103397,11.162285826122705
36,20,4.821000000000026,0.04867767539766584,0.004766831906659563,10.21174573612719
36,21,4.2169999999999845,0.04265612294949243,0.004481717054042981,9.517808115756017
36,22,0.5919999999998709,0.005932023648563179,0.0007877860728477884,7.5299930438213405
36,23,1.105000000001155,0.011156290010121807,0.0013738720000964866,8.120327082390721
36,24,3.021000000001095,0.030504346569467766,0.00411130928306519,7.419618537364142
36,25,3.0000000000001137,0.030338937092872612,0.003948082865970556,7.684473229873406
36,26,0.9009999999998399,0.009098535982327351,0.0013269485047995137,6.856736300932818
36,27,0.5610000000001492,0.005676091281116798,0.0009339363739477261,6.077599544735686
36,28,0.5670000000000073,0.005741959234151017,0.000974174952447171,5.894176625796997
36,30,0.02099999999973079,0.00021385525199225846,3.511286862516532e-05,6.0905092738275695
36,31,0.47900000000072396,0.004840631608406592,0.0009625964614715883,5.028723667866368
36,32,0.4019999999998163,0.004062136673977978,0.0008537613447922665,4.757929951684987
36,33,0.0319999999992433,0.00032628891716033985,6.436782681945848e-05,5.0691305467796575
36,34,0.009000000000014552,9.23357591666493e-05,2.6086990170409336e-05,3.539532869199546
36,35,0.6950000000006185,0.007032782453326663,0.0016231867387079618,4.332700782735989
36,36,0.02099999999973079,0.0002125987013589051,4.516680226316348e-05,4.706968186948524
36,37,0.44299999999975626,0.004488479378262225,0.0011540953444004627,3.8891755347942505
36,38,0.4670000000003256,0.004723601977880558,0.0012675150035778994,3.7266635618094703
36,39,0.1089999999999236,0.0010911968548126241,0.00033148848256508366,3.2918092549365756
36,40,0.2810000000004038,0.0028347485542526375,0.0007946195191292645,3.5674287958077397
36,41,0.35900000000037835,0.0036254496811235254,0.0011314100514200063,3.2043640381074114
36,42,0.4680000000000746,0.004734298296182544,0.0014146539050239044,3.3466123971166963
36,43,0.02099999999973079,0.00021512100812476613,6.836500156472404e-05,3.146654036438542
36,44,0.20100000000002183,0.00203369920467784,0.0008130624529372772,2.5012828932523927
36,46,0.018000000000029104,0.00018330450171029637,5.94387117806795e-06,30.839245370368094
36,48,0.1430000000000291,0.0014525369941600465,0.0005896540352013476,2.4633715830742218
36,50,0.18699999999989814,0.0018922893082173313,0.0008018863458862498,2.3597973926416733
36,51,0.012000000000170985,0.00012220300114174122,3.962580785428688e-06,30.839245370368094
36,52,0.14000000000032742,0.0014128230428316643,0.0006125386730492928,2.3065042339260926
36,54,0.007999999999810825,8.146866742474019e-05,2.641720523519016e-06,30.839245370368094
36,56,0.21099999999978536,0.002132717857991226,0.0008566621332833563,2.489567094342189
36,57,0.009999999999763531,0.00010183583428092523,4.0946668114544755e-06,24.87035916965168
36,58,0.15000000000009095,0.001512639708409593,0.0008292008494124028,1.8242138915818717
36,59,0.020000000000436557,0.00020194563748163026,3.535502634137059e-05,5.711935709840615
36,60,0.009999999999763531,0.00010010980319152162,3.155388403092158e-05,3.1726618217084748
36,61,0.010000000000218279,0.00010010980319607408,3.155388403235648e-05,3.172661821708475
36,62,0.010000000000218279,0.00010183583428555618,4.388191314267251e-06,23.206789994424145
36,64,0.009000000000014552,9.165225085514819e-05,4.292795850826853e-06,21.350246794870216
36,65,0.009000000000014552,9.165225085514819e-05,4.292795850826853e-06,21.350246794870216
36,66,0.010999999999967258,0.00011201941771133323,5.246750484319831e-06,21.350246794870216
36,67,0.021000000000185537,0.00021240538588157998,3.973587954294203e-05,5.345430586279997
36,68,0.03899999999975989,0.0003971597537025548,7.804082713396777e-05,5.089127938390193
36,69,0.06399999999985084,0.0006509173924264255,0.00010371321394414177,6.276127869077502
36,70,0.016000000000076398,0.00016200527806575765,2.656396748676373e-05,6.098685301677225
36,71,0.04199999999946158,0.0004248798129976557,9.452369557747155e-05,4.494955581264008
36,72,1.1880000000001019,0.011922528627020817,0.005656470214319332,2.1077683034269294
36,73,0.12300000000050204,0.0012505205236005882,0.0003595797458989867,3.4777279250647366
36,74,0.22999999999956344,0.002326428465762781,0.000565295170538197,4.115422503163918
37,0,36.32800000000134,0.37922684183514493,0.00798005597208137,47.52182731072178
37,1,0.11099999999987631,0.001166797016533759,1.5832531962458435e-05,73.69617312634698
37,2,0.9689999999994825,0.010200843739230069,0.00013979849759311692,72.96819289803523
37,3,0.9230000000005703,0.009565206371656544,0.0002052203231575321,46.609449904793586
37,4,3.296999999999457,0.03432966564560551,0.0005082289451226327,67.54763965149989
37,5,0.799000000000774,0.008281735359942859,0.00018739975841539227,44.192881730324736
37,6,0.6009999999994307,0.006223709446683447,0.00011302626439979058,55.0642762523697
37,7,4.58799999999826,0.047879404860209605,0.0010979082188637044,43.60966065976177
37,8,4.731000000000449,0.04929124153270737,0.00122415600924598,40.26548998690809
37,9,3.6869999999994434,0.038220401579452994,0.0009010870564104366,42.415881248708075
37,10,9.741000000001122,0.10141543509229341,0.002648752347798244,38.28800196311076
37,11,8.614000000000487,0.09003204473316785,0.0025324019912306194,35.55203520015273
37,12,7.495000000000232,0.07798345500862243,0.0026694925538542137,29.212838558410628
37,13,9.010999999999854,0.09432885222144524,0.0037556652376138575,25.116416467772456
37,14,17.068000000001348,0.17818261891268264,0.006568007066278942,27.128871378274983
37,15,1.6949999999994816,0.017632396363117465,0.0009051703338959432,19.47964455178936
37,16,12.540999999998803,0.1303858198067674,0.006674757963975977,19.534164461163474
37,17,9.321000000000595,0.096985303627866,0.006260202106882193,15.492359826729013
37,18,12.843000000001211,0.13393752851837876,0.009214843011612624,14.534976705472848
37,19,4.492000000000985,0.04698898340350398,0.0037720114912931113,12.45727472251028
37,20,3.4019999999986794,0.03550811639513636,0.003187697860187413,11.13910977530623
37,21,4.698999999999273,0.04902766659545688,0.004995997330100299,9.813389270660922
37,22,0.7730000000008204,0.008117700556998984,0.0009040303185182951,8.97945609866701
37,23,1.1159999999995307,0.011654427486431883,0.0013936688994379825,8.36240766449743
37,24,2.7909999999998263,0.029130746545702867,0.0038217717305920056,7.622314622435709
37,25,2.1079999999999472,0.021936118197266628,0.0029166666425678137,7.520954872633033
37,27,0.5899999999996908,0.006149363858849969,0.0009821946546885825,6.260840282010804
37,28,0.5809999999999036,0.006074596485535126,0.000985140482571842,6.166223592473402
37,29,0.021999999999934516,0.00023025593171984243,6.49789867673456e-05,3.543544508384898
37,30,0.29799999999977445,0.0031275824243094216,0.0005966930980963071,5.2415260613666845
37,31,0.5290000000002237,0.005511342570565692,0.001059177177409518,5.203418925665539
37,32,0.021999999999934516,0.00023002710654978765,5.6976041203414844e-05,4.037260253455465
37,35,0.635000000000673,0.006630064625682623,0.001510138381532628,4.390368926954774
37,36,0.18100000000004002,0.0018783611725169606,0.000512046156708551,3.6683434645640656
37,37,0.2910000000006221,0.0030444690334642914,0.0007328306451014813,4.154396454098475
37,38,0.2989999999997508,0.0031180124625438555,0.000770422567761532,4.047145804156882
37,39,0.012000000000170985,0.00012427423844910409,3.554236403833128e-05,3.4965102016027516
37,40,0.3109999999996944,0.0032440292360872355,0.0009297116267565751,3.4892854329513665
37,41,0.05999999999994543,0.0006213711922361015,0.0001910643073671432,3.252157353712821
37,42,0.29899999999997817,0.0031279093299347548,0.0009722823773016878,3.2170791150359412
37,43,0.09100000000034925,0.0009418628024861437,0.0003004957095585471,3.1343635616954986
37,44,0.22800000000006548,0.00238388213340791,0.0008904481901131917,2.6771710694418687
37,48,0.1289999999999054,0.0013490945722676444,0.0005738961722775002,2.3507641929615573
37,49,0.011999999999716238,0.00012626581277868086,8.541563026044817e-05,1.4782518421238933
37,50,0.13099999999985812,0.0013696780951734184,0.0005938629669072587,2.3063874521532775
37,52,0.23099999999976717,0.0024070526015376754,0.0010353008266825244,2.3249789235180427
37,53,0.010000000000218279,0.00010455765254228226,6.740580542457061e-05,1.5511668747773637
37,56,0.19000000000050932,0.001980485571024002,0.0008494788848478766,2.3314123592120417
37,58,0.29700000000002547,0.0031001929704168587,0.0016979927975600282,1.825798657610183
37,59,0.009000000000014552,9.320567883565071e-05,3.632365719930414e-05,2.5659772727245174
37,61,0.009999999999763531,0.00010356186537032887,4.03596191093183e-05,2.565977272724517
37,63,0.013000000000374712,0.0001346304249884917,5.24675048448668e-05,2.565977272724517
37,66,0.007000000000061846,7.262755262414167e-05,2.8251733377440483e-05,2.5707290824900704
37,69,0.01999999999998181,0.00020878583475758786,8.071923822047192e-05,2.5865684483706612
37,71,0.010999999999967258,0.0001152189679348515,4.406611474272252e-05,2.6146840629710795
37,72,0.0909999999998945,0.0009478342134098485,0.00041137018755232934,2.3040906757232547
37,73,0.05900000000019645,0.0006118200130645821,0.0002529986527975819,2.418273798296011
37,74,0.057999999999992724,0.0006004487764086423,0.0002325469601512576,2.582053861370998
38,0,23.310999999999922,0.24941795449455917,0.005086378136615888,49.03645537067837
38,1,2.5209999999988213,0.026971634145131724,0.00041383535476536117,65.17479435855417
38,2,5.728000000000975,0.06128776003692752,0.0008364967986212768,73.26717823420566
38,3,1.3020000000008167,0.013934376556131329,0.0002447090565943316,56.94262709381922
38,4,1.0750000000005002,0.011508303072323076,0.0001580320094806916,72.82260796493361
38,5,0.08000000000038199,0.0008557385977043927,1.9886285052596526e-05,43.03159667283659
38,6,0.07300000000009277,0.0007804182560779983,1.6987730589165803e-05,45.94011259960306
38,7,0.5399999999990541,0.005775079907268535,0.0001192249059481307,48.43853607048353
38,8,0.5729999999998654,0.006139606945612116,0.00016307675037869197,37.64857302684106
38,9,0.2849999999998545,0.0030501273603793155,6.179875361172375e-05,49.3558070692332
38,10,0.7300000000016098,0.00780305761156505,0.00018161834854232562,42.96403790802321
38,11,4.0439999999989595,0.043262318157611085,0.0012229243698981956,35.37611909820108
38,12,2.95900000000006,0.031652254099575595,0.0010472592518358398,30.223895414711656
38,13,0.2790000000006785,0.002970706222725075,0.000129604475598847,22.921324352409194
38,14,2.580999999999449,0.027612504573747778,0.0009426361813343174,29.29285457159284
38,15,3.2020000000002256,0.034270260981413773,0.0014627810474761545,23.428154911182926
38,16,6.75200000000018,0.07226052672113098,0.0033749575521318524,21.410795722596962
38,17,5.357000000000539,0.05733202824699682,0.003459160875374555,16.57396990557398
38,18,4.798000000000002,0.051338321280410305,0.003543680106928913,14.487289972937775
38,19,3.9700000000010505,0.04252145560598667,0.0033105778440596896,12.844118945061124
38,20,1.3900000000001,0.014860015135033116,0.0013450817872988604,11.047666599422483
38,21,2.596000000000231,0.02776856711099826,0.00264391842190219,10.50280783286041
38,22,0.7939999999996417,0.00850352519169929,0.0008651926903158478,9.828475537160385
38,23,0.7410000000008949,0.00792910252910035,0.0007153839096826336,11.083702641030808
38,24,1.5329999999999018,0.016402048980519297,0.002066524222322027,7.937022369904437
38,25,0.9609999999997854,0.010286908497278015,0.0013233567578556946,7.773344894498774
38,26,0.07899999999972351,0.0008440562777832061,9.1236251100906e-05,9.251325735092863
38,27,0.3779999999994743,0.004042313938174455,0.0005987196372462994,6.75159738666053
38,28,0.37300000000027467,0.003997224623833691,0.0006817826157649988,5.86290194470356
38,29,0.17600000000038563,0.0018859340617495696,0.00025338419143229146,7.4429823387522696
38,30,0.48200000000019827,0.005156729230770792,0.000525775273276242,9.807858020096447
38,31,0.31300000000010186,0.0033515024806152886,0.000578443967541011,5.793996771826774
38,32,0.08999999999923602,0.0009650463148868087,0.00015351514939701192,6.286326259508514
38,33,0.03800000000046566,0.00040745380312799976,8.490196238326098e-05,4.799109369094302
38,34,0.11100000000033106,0.001187854595830126,0.00031843142189833857,3.7303309728314336
38,35,0.28399999999965075,0.0030356520182581465,0.0006612667056785273,4.590662121939523
38,37,0.18099999999958527,0.0019367898417639127,0.00046245485215554486,4.188062537859331
38,38,0.17899999999985994,0.001913909032143445,0.0004728679737207157,4.047449052394134
38,39,0.009999999999763531,0.00010654922687164712,7.117969188370683e-05,1.4969048622144492
38,40,0.12800000000015643,0.0013697041971659034,0.00037320888784776035,3.670073896323268
38,42,0.1790000000000873,0.0019151900069132434,0.0005881853911079191,3.2560992433112776
38,44,0.1380000000003747,0.0014756728026736954,0.0005716019699682729,2.5816440114011563
38,47,0.10100000000011278,0.0010828308877975942,0.0004706298493891324,2.3008121758598308
38,48,0.028999999999996362,0.00030744336516996183,0.00013373123101624435,2.2989645936379413
38,50,0.13000000000010914,0.0013893154289995981,0.000589407474619364,2.3571391419778145
38,52,0.07900000000017826,0.0008459059849931497,0.00036940719084962217,2.2899012416287805
38,56,0.13000000000010914,0.0013896184464083825,0.0005950235867533661,2.3354006082188663
38,58,0.03999999999996362,0.0004269961384691833,0.00021255283332715795,2.0088941266285434
38,65,0.01999999999998181,0.00021585956156589876,9.243086587499586e-05,2.335362322125476
38,66,0.03899999999975989,0.00041735431745001386,0.0001756832205521643,2.375607164635805
38,67,0.041999999999916326,0.0004494584957172712,0.00018800244392784107,2.3907056010919834
38,68,0.008000000000265572,8.561114204439754e-05,3.564561559937614e-05,2.401729935220866
38,69,0.03199999999969805,0.00034302340734379934,0.00016760102337230176,2.046666544403024
38,70,0.03800000000046566,0.0004053236853639357,0.00019648236681160138,2.0629010732173407
38,71,0.010999999999967258,0.00011771532030678849,8.031564202920356e-05,1.4656587102171958
38,72,0.018000000000029104,0.00019044216557930795,0.000105338605877982,1.807904746716554
38,75,0.012000000000170985,0.0001267861645454732,4.6490687038072115e-05,2.727130370038317
38,76,0.007999999999810825,8.49941777353235e-05,3.0610412415404236e-05,2.7766426855638
38,77,0.01900000000023283,0.00020386630611761918,7.11063107606063e-05,2.8670634706949727
39,0,28.25799999999822,0.3091911195557127,0.005111800824423756,60.48575251180043
39,1,0.43600000000014916,0.004770716087769083,9.326589815792101e-05,51.15177339193307
39,2,0.24800000000072941,0.0027101327918264456,6.375516930058385e-05,42.50844004584311
39,3,2.217999999999165,0.024315891430751448,0.00036149408710397255,67.26497693379349
39,4,2.757000000000062,0.03019745292652002,0.0004660695169661516,64.79173562581035
39,5,2.1469999999994798,0.023701036435744532,0.00039335756410962505,60.25316047853926
39,6,1.6140000000004875,0.017735260956282584,0.0003513792474197593,50.47327378186327
39,7,1.2490000000009331,0.01367510099287801,0.00032344390271691584,42.27966852368435
39,8,5.389000000000124,0.059069217890146575,0.0012758437013129567,46.29816162384083
39,9,5.400999999999385,0.059589517692587426,0.0013840387051276067,43.05480581707673
39,10,9.41399999999976,0.10371872166334925,0.0026017304974115655,39.86528265188801
39,11,7.798000000000229,0.08499669825940163,0.002335068301287099,36.400090829270866
39,12,7.996999999999616,0.08808731198967835,0.00257601914058376,34.1951310073405
39,13,8.635999999999285,0.0945391169482611,0.0032100729860051686,29.450768677353956
39,14,5.608000000000857,0.06173055826703389,0.0024126463644087302,25.586243876301477
39,15,10.171999999999684,0.11169434090988246,0.00458008349595418,24.386966091021645
39,16,20.004000000001156,0.21982115443712494,0.010272681934722805,21.39861389985268
39,17,15.019999999998959,0.16453809447925524,0.009508501313034412,17.30431421970818
39,18,7.864000000000146,0.08617813365153491,0.005462914112916925,15.775121459033898
39,19,10.963999999998123,0.12018868130603766,0.009067921953097286,13.254269492800981
39,20,1.0669999999990978,0.011708082711522324,0.0010145440701881485,11.540240641642155
39,21,4.461000000000922,0.04887369604722391,0.004813492692764302,10.153478807746279
39,22,1.6540000000002237,0.018132709439066284,0.0019394959646702181,9.349186473893734
39,23,0.289999999998372,0.0031576524168669506,0.0004517803101421495,6.9893537765588265
39,24,2.1660000000003947,0.02373052773811774,0.002962022990259034,8.011594716232254
39,25,2.0230000000010477,0.022202686799313708,0.0027872287819910965,7.965864496940543
39,26,0.1720000000004802,0.0018829209228870066,0.0002509446851395661,7.50333055206886
39,27,0.8109999999996944,0.008933360991328663,0.0011428924921095334,7.816449099984551
39,28,0.5789999999999509,0.006333378010067683,0.0009590689086044084,6.603673576785755
39,29,0.599999999999909,0.00656161011473492,0.0010818052517596749,6.065426382485888
39,30,0.7790000000004511,0.00852252397542367,0.0013557921882421454,6.286010532686106
39,31,0.39099999999962165,0.0042745836130713396,0.0007343531764564941,5.820882580909735
39,32,0.44000000000005457,0.004845709667322475,0.0007323334613989567,6.616807674014851
39,33,0.10099999999965803,0.0010978938554372705,0.0001437028228399215,7.6400298459013225
39,34,0.3680000000003929,0.004023312978494102,0.0008141970340029091,4.941448826844691
39,35,0.4489999999996144,0.00493755609866393,0.0010375840419969327,4.758704739869667
39,37,0.32999999999992724,0.003622684345861462,0.0008345193156425121,4.3410431346005325
39,38,0.27899999999999636,0.0030575776974329405,0.0007333452564509626,4.169356344145651
39,40,0.28099999999994907,0.003081349103354735,0.0008270576263432,3.7256764283509343
39,41,0.010999999999967258,0.00012151258870386055,8.71767772779295e-05,1.3938641975312367
39,42,0.17899999999985994,0.0019714356908690734,0.0005849785064198985,3.370099361315634
39,44,0.45100000000002183,0.004950565083231845,0.0017133290229807156,2.8894421426535106
39,47,0.17899999999985994,0.0019622745905597664,0.0008361599276944835,2.3467694702498867
39,49,0.009999999999763531,0.00011046598972849895,7.925161570557049e-05,1.3938641975312365
39,50,0.2300000000000182,0.0025247908236521763,0.0010734673074095755,2.351996009775877
39,52,0.1799999999998363,0.0019658368805366235,0.0008351682025494164,2.353821511086931
39,54,0.010000000000218279,0.00011046598973352235,7.925161570917442e-05,1.3938641975312367
39,56,0.18700000000035288,0.0020595003637410548,0.0009039854227929692,2.2782451041942537
39,58,0.12099999999963984,0.0013256145396474436,0.00067982476240418,1.9499356495333404
39,61,0.011999999999716238,0.00013255918767419875,9.180859392736421e-05,1.4438646972316667
39,65,0.21000000000049113,0.002317180141896657,0.001042181075384563,2.2233949518241074
39,67,0.018999999999778083,0.00020819191602142195,0.00014052338800527346,1.4815463744270745
39,77,0.03099999999994907,0.00033924326899418866,0.00011601555966042957,2.9241187129306874
39,86,0.011999999999716238,0.00013048795036691438,6.648329984189524e-05,1.9627177152341926
39,87,0.008000000000265572,8.87179980056118e-05,4.432219989711624e-05,2.0016605270395007
39,90,0.010000000000218279,0.00011056368960658003,5.5402749870765446e-05,1.9956354127635376
40,0,11.136000000001445,0.12502523637429183,0.0020815814372089525,60.06262072644607
40,1,0.07600000000047658,0.0008524867551326763,1.4859677945236615e-05,57.36912726335011
40,2,0.06299999999987449,0.0007068097311680919,1.298845924093549e-05,54.41828919479938
40,3,0.11200000000030741,0.0012555709520375472,2.284698883664739e-05,54.955642558181076
40,4,2.778000000000702,0.03118887283204522,0.0004355745578070686,71.60398208074375
40,5,0.6469999999999345,0.007260284603444055,0.00011163625379644337,65.03518665793281
40,6,1.2879999999986467,0.01445589187408932,0.00028849104241535393,50.1086333671203
40,7,0.3299999999994725,0.0037068877731292423,8.300946315207491e-05,44.656207043986704
40,8,3.0410000000008495,0.03410582090805125,0.00074466916924657,45.79996368395151
40,9,3.742999999999711,0.042013927241423894,0.0010464907369742023,40.147443027448034
40,10,1.8519999999998618,0.02080107093899376,0.0005964545602635359,34.87452745738597
40,11,0.44400000000041473,0.004978031051952714,0.00019461304440823442,25.579123265295802
40,12,9.460000000000036,0.10613717252395603,0.003310964409786601,32.05627104001302
40,13,0.5889999999990323,0.006606242249330461,0.0002608891455290002,25.322028005170946
40,14,3.0439999999999827,0.03416964012105518,0.0013517838901447026,25.277442918333247
40,15,5.4809999999996535,0.061483873779291716,0.0026543223679339244,23.163679936566872
40,16,7.275000000000887,0.08161523180293924,0.004029342935637067,20.255221038919913
40,17,4.285000000000082,0.04808221558129022,0.0027224118098032797,17.66162466976832
40,18,3.611000000001013,0.04052739691609559,0.0027072806210378876,14.96978059871704
40,19,6.645999999999731,0.07457117485514946,0.005588967345886832,13.342567640877288
40,20,0.9710000000004584,0.010897402402538782,0.0009672193286899749,11.266733489805757
40,21,2.6879999999980555,0.03017977670077853,0.0029879811823095613,10.100390484203471
40,22,0.7800000000002001,0.008752582832919074,0.0009339680491793325,9.371394279076114
40,23,0.0690000000006421,0.0007741249436690372,0.00011536951798695177,6.709960804001888
40,24,1.2900000000004184,0.014484947533011409,0.0018056744609337633,8.02190419502353
40,25,1.1829999999999927,0.013267515207401836,0.0017104538091655462,7.756722301594605
40,26,0.08500000000049113,0.0009526025465978985,0.00014474568153103449,6.581215664065625
40,27,0.3419999999996435,0.003835594778514872,0.0005208511579749847,7.364089951200775
40,29,0.21899999999982356,0.0024577500946748885,0.00041196032156197535,5.965987416837047
40,30,0.26900000000023283,0.0030189329458916963,0.0005132006364999494,5.882558849655663
40,32,0.31899999999996,0.003580049145639803,0.0006517528277622491,5.4929552940056565
40,35,0.45100000000002183,0.005062296660854631,0.0010549640073105734,4.7985491692365665
40,36,0.11200000000008004,0.001259118104437128,0.0002767878505884745,4.549036750565951
40,37,0.057999999999992724,0.0006492534984576539,0.00014923562689828746,4.3505261575384875
40,38,0.17200000000002547,0.0019297385055719609,0.0004679611725331469,4.123714997819125
40,40,0.17099999999982174,0.0019198328191902172,0.0005020736617312843,3.8238070735878082
40,42,0.17200000000002547,0.0019306476202713358,0.0005679376248748151,3.399400806905317
40,44,0.2139999999999418,0.0024099731681717987,0.000720948481206565,3.342781392837552
40,47,0.07200000000011642,0.0008079067188262645,0.00034825713051260694,2.319856933401736
40,50,0.08100000000013097,0.0009097736593038591,0.00039725061772484337,2.2901755685475513
40,52,0.12100000000009459,0.0013589609305433474,0.0006037799018901512,2.250755492670556
40,56,0.06999999999970896,0.0007852334974096705,0.0003384769168876223,2.3199026528310522
40,58,0.028000000000247383,0.0003146554676274365,0.00014892699451828155,2.1128168781302503
40,59,0.009999999999763531,0.00011219202081790256,4.696392041811584e-05,2.3888981119775865
40,60,0.04100000000016735,0.0004626784848612732,0.00019255207371961412,2.4028745882789364
40,65,0.11200000000008004,0.0012573487445709925,0.0005311721557455605,2.3671209625176237
40,74,0.010999999999967258,0.00012505427172785,8.071923822030509e-05,1.5492498998385287
40,76,0.017999999999574356,0.00020201628199600073,9.612927460583086e-05,2.1015063603085498
40,77,0.01999999999998181,0.00022501345428422846,0.00011349124893724908,1.9826502606261878
40,78,0.010000000000218279,0.00011308822927357959,7.338112565664298e-05,1.541107856572408
40,80,0.010000000000218279,0.00011219202082300445,7.208961784508607e-05,1.5562854149691117
40,81,0.009999999999763531,0.00011262352859039236,7.128242545962146e-05,1.5799620714952933
40,84,0.007000000000061846,7.964195119098143e-05,4.160206228715604e-05,1.9143750769194339
40,85,0.011999999999716238,0.00013445782187248716,6.648329984189524e-05,2.022430026672006
40,94,0.009000000000014552,0.00010161763790041431,4.9862474882681137e-05,2.0379581667276896
41,0,19.802999999998292,0.227255044712177,0.003978447173721052,57.121543855922255
41,1,0.7000000000005002,0.008089636966743257,0.00012585154889578924,64.27920067508936
41,2,0.08099999999922147,0.0009334376132189192,1.756534487792749e-05,53.140864566335466
41,3,0.33400000000085583,0.0038573800715936586,6.671085621204433e-05,57.822373907670325
41,4,6.11899999999946,0.07027772828703144,0.0010089535707984083,69.65407558984012
41,5,0.55600000000004,0.006409443847929585,0.00011316873889077483,56.6361692350012
41,6,1.430999999999358,0.016540493184826126,0.00030165164023348385,54.833095460788755
41,7,3.6650000000006457,0.042136898028492915,0.0011079514899951933,38.03135643481622
41,8,4.901999999999816,0.056579513162372884,0.0012088337536032363,46.80504080376914
41,9,4.809999999997899,0.05519642116223034,0.001261685630477483,43.748157091510464
41,10,8.014000000002852,0.09239193711553127,0.0023422066810206686,39.44653469917925
41,11,1.661000000000854,0.019142247113877978,0.0005506670595023233,34.76192516613973
41,12,5.297000000000139,0.06073910331437183,0.0017530819555903211,34.64704152631526
41,13,0.8559999999978345,0.009888892636465408,0.00032486910127287825,30.43962198226755
41,14,11.154000000003407,0.1282768178393561,0.004715745650305709,27.201810138135897
41,15,10.491999999999507,0.1205159660445654,0.004686757464169094,25.71414607346903
41,16,10.387000000000171,0.11926144990513857,0.005706146308146218,20.900524358248287
41,17,5.450999999999226,0.062420252272679375,0.0035373729033964544,17.645934985464994
41,18,11.184999999998126,0.12860569227559224,0.008107998640746503,15.861582860816997
41,19,6.966000000000008,0.07996430733190406,0.005948487699597147,13.442796113929852
41,20,4.586999999999989,0.05279154537210447,0.004086561891232842,12.918327625322766
41,21,5.232000000000653,0.06004769635846878,0.005217969652855305,11.507866153573797
41,22,1.039000000000442,0.011860851527430922,0.0011847289321795442,10.011447517881184
41,23,0.8319999999994252,0.009578746341269947,0.0010571198225444664,9.061173707077117
41,24,1.9679999999993925,0.022578854296279118,0.0026720377685627507,8.450050580094887
41,25,1.7209999999993215,0.019766714608471916,0.0024599264980469256,8.035489931982044
41,26,0.09200000000009823,0.0010603008983107543,9.0905027669067e-05,11.663831203821871
41,27,0.8150000000002819,0.009354478167227225,0.0012021826938841051,7.781245075990947
41,28,0.19699999999988904,0.0022573034589109895,0.0002801042602025599,8.05879731096771
41,29,0.14600000000018554,0.001679600853241896,0.00017753241053158292,9.460812525514015
41,30,0.7699999999992997,0.008857223012928793,0.0013174060501142358,6.723229343117681
41,31,0.28099999999994907,0.003251524786716438,0.00045334075258821575,7.172363764238739
41,32,0.49099999999998545,0.005638982815284971,0.0010261911664876942,5.495060763956198
41,34,0.058999999999286956,0.0006843537144352613,0.00014396702945046987,4.7535447320645385
41,35,0.8209999999999127,0.009415650621208457,0.0019256177699926388,4.889677883084996
41,36,0.33799999999973807,0.00388658725688828,0.00085681536123711,4.536084940490147
41,38,0.2989999999997508,0.0034349780628895126,0.0007994734072086725,4.2965507444238735
41,40,0.34700000000020736,0.003991313039111318,0.00103910655035832,3.8411008358430374
41,41,0.010000000000218279,0.00011564408300224648,2.7429864770453147e-05,4.2159917290885
41,42,0.28899999999998727,0.0033202422638122777,0.0009463316870748094,3.508539668660388
41,43,0.01999999999998181,0.00023128816599923412,5.198905990403352e-05,4.448785310335835
41,44,0.07600000000002183,0.00087289144440011,0.00021925546534491173,3.981161623620012
41,47,0.23900000000003274,0.002740584603148731,0.0010749784550022601,2.549432121542351
41,50,0.18899999999985084,0.002173568091801433,0.000917596681871079,2.3687619351121585
41,52,0.18899999999985084,0.0021727782780958525,0.0009449883772237092,2.2992645523104525
41,54,0.009000000000014552,0.00010496734783166972,4.7220754359095384e-05,2.222907051281605
41,55,0.011999999999716238,0.00013957603243003281,6.179864878018819e-05,2.258561233700938
41,56,0.18000000000029104,0.0020670751067773684,0.000882503248013869,2.342286117846541
41,58,0.06000000000040018,0.0006947110751563815,0.0003269679506395581,2.1247069438992656
41,60,0.23999999999978172,0.00277097193948928,0.0010975297864780225,2.524735067447545
41,65,0.13999999999987267,0.0016039074858375953,0.0006829623699973068,2.3484566006819967
41,66,0.06000000000040018,0.0006958089248629087,0.00030048470239055355,2.3156217914831965
41,72,0.03999999999996362,0.0004628766912608083,0.00026998713217262356,1.7144398236166885
41,73,0.04100000000016735,0.000470778439880093,0.0002922964919469458,1.610619534789159
41,74,0.03900000000021464,0.0004493115994578526,0.00022895791778020655,1.9624200106902598
41,76,0.009999999999763531,0.00011391805190758397,4.5877879758446914e-05,2.48307141714869
41,83,0.032000000000152795,0.00036744325178188436,0.0002081238363529976,1.765502972752559
41,84,0.009999999999763531,0.00011550024707282433,6.934516374237417e-05,1.6655847479417885
41,97,0.010999999999967258,0.00012735178444625982,6.094302485633034e-05,2.0896859771316616
42,0,15.378000000000156,0.1817860690415924,0.0028483453352033616,63.82163946023544
42,1,0.16200000000071668,0.001920554793348807,4.883587293473416e-05,39.32672189387295
42,2,0.047000000000025466,0.0005566450263795761,7.961852133575577e-06,69.91401209677994
42,3,2.941000000000713,0.03491648930002684,0.0005346846360058322,65.30295981731926
42,4,8.378999999997632,0.09895725029746326,0.0014566649040236113,67.93412130965932
42,5,3.018999999999778,0.03591883676558525,0.0006424683898817611,55.90755487938589
42,6,2.001000000001113,0.02368443981593162,0.0004605710761589281,51.42407120624068
42,7,0.6770000000010441,0.007966889597397785,0.0001583100582899096,50.32459518654338
42,8,5.671999999998093,0.06684501466226636,0.0014179971031107002,47.14044515015339
42,9,1.2650000000006685,0.01501866477087066,0.0003638416890244855,41.278020699436524
42,10,10.008999999997968,0.11838448393699318,0.0030774840424085876,38.467944043128085
42,11,1.9130000000005793,0.02271341600480128,0.0007046831595644873,32.23209707301473
42,12,15.282999999998992,0.1806290484238969,0.005507732690049604,32.795536491853625
42,13,6.38000000000045,0.07563348212042677,0.0026382660272301485,28.667875543935395
42,14,5.183999999999514,0.06140264561287274,0.0022952261152678227,26.75232963080322
42,15,9.717999999997573,0.11491109604619983,0.004966181019827218,23.138724824452286
42,16,28.59200000000078,0.33787334788629136,0.016147622743096245,20.9240303208561
42,17,6.507999999998674,0.07704098724113953,0.004173777748408378,18.45833484318091
42,18,18.405000000000655,0.21739828693391172,0.013497031472916886,16.107118618649046
42,19,4.117999999999029,0.04848583780521698,0.003654380368046528,13.267868399570947
42,20,6.7260000000023865,0.07942729655585129,0.006405701879884728,12.399468168393843
42,21,4.301999999999339,0.05082166920645168,0.0046027864096835165,11.041500665668762
42,22,0.2489999999995689,0.0029388116049271305,0.00030918391972706413,9.505059666496894
42,23,1.5089999999995598,0.01786866032708268,0.0017934813428207897,9.963114697908608
42,24,0.8490000000012969,0.010027941427218997,0.0010854230086766903,9.238740423832283
42,25,1.6789999999989504,0.019832649841957383,0.00239313074237551,8.2873240023112
42,26,0.6350000000004457,0.007508208232228465,0.0009793259970891461,7.666709813223725
42,27,0.2150000000003729,0.0025423954660378826,0.00042331768898605027,6.005880529414076
42,28,0.06499999999959982,0.0007677386286260729,0.00012624528205664896,6.081325306727678
42,29,0.10899999999878673,0.0012895178269868362,0.00014784095385533103,8.72233162299999
42,30,0.09200000000100772,0.0010880442062015437,0.00013508731422017483,8.054377366835295
42,31,0.8400000000006003,0.00992090571199262,0.0014976991378780997,6.624097898626219
42,32,0.6710000000002765,0.007919533057731038,0.0012945322244608075,6.1176793501835345
42,33,0.0749999999998181,0.0008854174367398326,0.00014757842913611696,5.999639933307461
42,34,0.7420000000008713,0.008764926558586185,0.0016507433380257555,5.309684647323067
42,35,0.4130000000000109,0.004855952462107614,0.0009404779651528965,5.1632814824302296
42,36,0.6880000000001019,0.008142691485007804,0.0015690931358327907,5.18942521578625
42,37,0.04099999999993997,0.0004882941952327295,7.048400886256503e-05,6.9277301775618625
42,38,0.3890000000001237,0.004597533974228381,0.001024049572654127,4.48956192844504
42,39,0.0500000000001819,0.0005954807258966108,8.326311724345295e-05,7.151794763526392
42,40,0.35299999999961074,0.004178785308448781,0.0010079737319000047,4.145728381802051
42,41,0.08999999999991815,0.0010719392793699704,0.00019281368683970754,5.559456369200125
42,42,0.33000000000083674,0.003913255145296729,0.0010370169610320295,3.77356908550685
42,43,0.02699999999958891,0.00032155959197810403,7.192377649970774e-05,4.470838540846235
42,44,0.019999999999527063,0.00023819229035214527,3.448912905705382e-05,6.906300531918751
42,45,0.03200000000060754,0.0003803327118455712,9.19098598838775e-05,4.138105664899265
42,46,0.03099999999994907,0.00036953980420965606,5.977324338261877e-05,6.182361593533891
42,47,0.25,0.0029585310098930477,0.0010582374193778203,2.795715739888016
42,49,0.018000000000029104,0.00021148812364384196,9.291992949506513e-05,2.2760254424759743
42,50,0.193000000000211,0.002280540367233938,0.0009617815650982077,2.3711624863604777
42,51,0.007999999999810825,9.3896091269113e-05,4.1974003873691036e-05,2.2370058275037783
42,52,0.19200000000046202,0.002267862595881142,0.000991916982979371,2.286343146448887
42,53,0.010999999999967258,0.00012910712549769906,5.7714255327518145e-05,2.2370058275037783
42,54,0.018000000000029104,0.000210885774018841,9.444150871819077e-05,2.2329776057275272
42,58,0.02099999999973079,0.000245901895887715,0.000114511246583202,2.147403885862396
42,60,0.07999999999992724,0.000944431686544775,0.0003477032553134121,2.716200300435741
42,66,0.18099999999958527,0.0021400716034292466,0.0009344892107991455,2.2900977118816868
42,73,0.03099999999994907,0.0003631699678899779,0.00019790889589132104,1.8350360970605775
42,83,0.03900000000021464,0.00045966813244853466,0.0002656332000674865,1.7304619013427232
42,84,0.012000000000170985,0.00014291537421670303,8.321419649400245e-05,1.7174398148157746
42,99,0.009999999999763531,0.00011837967944081181,5.509454914050214e-05,2.1486640926840135
43,0,9.169999999999618,0.11079052857652376,0.0017005690300487774,65.14909222670364
43,2,0.01999999999998181,0.00024164435253644693,6.68575435841937e-06,36.14316942891332
43,3,1.5969999999997526,0.01929779474027715,0.00027997059475912757,68.92793422423519
43,4,2.3650000000020555,0.028554750136781885,0.0004144631653709918,68.89574882057885
43,5,1.2090000000002874,0.014612879533524088,0.00024899616107713473,58.68716798809307
43,6,0.6149999999997817,0.00741963598271141,0.0001311810174756091,56.56028688823797
43,7,0.5060000000003129,0.0061133536299317216,0.00013773312869830794,44.38549888257076
43,8,1.510000000000332,0.01823037536480501,0.0003876037147601425,47.03354139958735
43,9,0.8400000000015098,0.01014919823716232,0.0002462103702653861,41.22165214333851
43,10,5.898999999998978,0.07131632721130927,0.0017914578728634146,39.809100895752195
43,11,6.983000000000288,0.08440046389196777,0.002354431332863409,35.84749434561837
43,12,6.517999999998324,0.07873947409091887,0.002395564453660765,32.86886060218238
43,13,2.582000000000562,0.03120654322608954,0.0010271008470939746,30.383134542614485
43,14,3.797999999999888,0.045903832205211756,0.0017624716996417133,26.045145697683193
43,15,2.0910000000017135,0.02524746572432881,0.0010918161824146598,23.124282393847228
43,16,15.229000000001065,0.18396571278001853,0.008524077495287271,21.581891164378565
43,17,7.77800000000002,0.09395238593389406,0.005275003122440317,17.81086830720773
43,18,3.561000000000604,0.04299197303758714,0.0025810957669673354,16.656481168887684
43,19,0.16000000000030923,0.0019331548202970697,0.00014216761442966582,13.59771582334213
43,20,6.240000000000123,0.07542221750568931,0.006065741635993087,12.434129580816071
43,21,0.807000000001608,0.009743499183605517,0.0009371191383725951,10.39728971977471
43,22,0.0909999999998945,0.0010994818040405588,0.00014110827815625202,7.7917597635418705
43,23,0.900000000000091,0.010868542800627297,0.0011451538238034735,9.490902073337976
43,24,0.7309999999997672,0.008828862704163188,0.0009574810404163266,9.220926923340718
43,25,0.6010000000005675,0.007267726578241143,0.0009202302033903092,7.897726624778677
43,26,0.3910000000000764,0.004722637343266857,0.0006616093655851397,7.1381053366589935
43,28,0.01900000000023283,0.0002272878351241526,9.48952736391172e-05,2.395143892924729
43,29,0.022999999999683496,0.0002770381429926961,0.0001181436123029906,2.3449269714405316
43,30,0.018000000000029104,0.0002172057829338512,9.246021832550144e-05,2.349180943626906
43,31,0.34700000000020736,0.004190603103391316,0.0006902228679117312,6.071376794672107
43,32,0.3239999999996144,0.003910902604858822,0.0006824519265102106,5.730663879663483
43,33,0.09899999999970532,0.0011961395450529398,0.00020060745081583914,5.962587831052272
43,34,0.3090000000006512,0.0037333488160507084,0.0007245784133704686,5.152442782120104
43,35,0.05099999999993088,0.0006161930989676649,0.00011788677836466396,5.226990740739134
43,36,0.5299999999999727,0.0064030672766736026,0.0013180519347450461,4.85797798089964
43,37,0.03099999999994907,0.000374548746431218,6.288137948406078e-05,5.956433359197518
43,38,0.29199999999968895,0.003531950402767469,0.0008024115299261766,4.401669556134637
43,39,0.057999999999992724,0.0007030598440182938,0.00014822516879805318,4.74318801401512
43,40,0.22299999999972897,0.002694315645970165,0.0006679575667642892,4.033662885236755
43,41,0.12200000000007094,0.0014707510914047247,0.00037583978032393187,3.913239546215948
43,42,0.26300000000014734,0.0031764416866352212,0.0007776736712792154,4.084543175301551
43,47,0.5579999999997654,0.0067418746866300125,0.0019010692572647317,3.5463593242942957
43,50,0.1799999999998363,0.002175862142754825,0.0008658742500408142,2.5129077838407397
43,52,0.13099999999985812,0.001583198981529735,0.0006658199745740165,2.3778183923404312
43,60,0.2290000000002692,0.0027665991960046554,0.0011531990658953059,2.3990647216287493
43,66,0.12800000000015643,0.0015477576896004135,0.0006776005229343735,2.2841742844261588
43,84,0.08799999999973807,0.0010636820872328783,0.0006050429039544632,1.758027538676717
44,0,18.91599999999994,0.23339247939851432,0.0037612755573529885,62.05141735554338
44,1,0.2480000000000473,0.003080275082409184,3.6357945403748333e-05,84.72082369350888
44,2,1.800000000000182,0.02230472323116446,0.00026955317402251185,82.7470250055437
44,3,0.9299999999980173,0.011461852609176681,0.00017311137516792715,66.21085759418224
44,4,3.0989999999997053,0.038256874934589624,0.0005220122005775845,73.28731951525272
44,5,2.90099999999984,0.03580068555511541,0.0006087208196149948,58.81298027190645
44,6,0.9800000000004729,0.012127238310240623,0.00025509009225225214,47.54100091919017
44,7,4.311999999999216,0.05331580126825649,0.0010336059367457339,51.582328789750484
44,8,3.0670000000002346,0.03792529321370351,0.0008249315235186604,45.97386829386406
44,9,5.589000000000851,0.06904971429230654,0.0015994431811829919,43.17109548163848
44,10,7.811999999998534,0.09659537548793756,0.0024693668889434503,39.11746606810101
44,11,6.505000000000564,0.07995741972302116,0.00219133887167405,36.4879301675229
44,12,5.664999999999054,0.06967551319028326,0.002093356105166542,33.284118749943914
44,13,8.949000000001433,0.11043682143810679,0.0035549052411844254,31.066038036308214
44,14,11.56200000000058,0.1421505978288874,0.00516871008524138,27.502141827374118
44,15,6.777999999999565,0.08360608836822196,0.003456774833584635,24.186153971019117
44,16,20.283000000000698,0.2510175200023223,0.012229318546916678,20.525879593316358
44,17,13.252000000000862,0.16384913435108933,0.009201390884525398,17.806996399494942
44,18,3.008999999998423,0.0371351215806948,0.0024120478279392107,15.395682104870223
44,19,2.1450000000022555,0.02664713349652655,0.001767682181494911,15.07461792367638
44,20,10.449999999998681,0.12886412602691943,0.010368025475702423,12.428993961185173
44,21,1.5339999999987413,0.018913726862498485,0.0015266528721856513,12.389016001666716
44,22,0.32000000000061846,0.003976775630327686,0.0003494903357235907,11.378785688291217
44,23,1.3289999999997235,0.016389923031962607,0.001684362434175154,9.73063914239389
44,24,0.9789999999998145,0.012083198012501295,0.0013185605488805507,9.163931093463892
44,25,1.450999999999567,0.017930729573363495,0.001929142174361395,9.29466465026048
44,26,0.5900000000001455,0.007273454398866385,0.0009356093832280643,7.774028915540927
44,29,0.009000000000014552,0.00011220280851518142,2.0711088904912324e-05,5.4175233871247
44,30,0.031000000000176442,0.00038533644074377726,7.221143051251063e-05,5.336224999406676
44,31,0.6580000000001291,0.008136959053469383,0.0012709566623518018,6.402231716078031
44,32,0.6730000000000018,0.008306032157404837,0.0014128683924791176,5.878843494283634
44,33,0.01999999999998181,0.0002485484768947739,5.024625816972963e-05,4.946606691690119
44,34,0.7049999999992451,0.008703902008164427,0.0017032421566353893,5.110196441684046
44,35,0.05600000000004002,0.0006862699612056014,0.00017392941165020207,3.9456809213256725
44,36,0.8270000000004529,0.010202746098496881,0.002047763968870998,4.982383836024814
44,37,0.011999999999943611,0.00014705784882897564,3.8745234345679705e-05,3.7955080492466644
44,38,0.2680000000000291,0.0033082314935779372,0.0007116310775100058,4.648801321540686
44,39,0.012000000000170985,0.00014705784883176204,2.343206104450164e-05,6.2759246210767845
44,40,0.38000000000010914,0.004682848811051853,0.0010590629521552164,4.42169070452531
44,41,0.03900000000021464,0.00047793800869904703,7.299073806695807e-05,6.5479267829928025
44,42,0.43399999999951433,0.0053590299534658865,0.0014279277269878266,3.753012041282096
44,43,0.027000000000043656,0.0003325475710328011,6.769995890652813e-05,4.912079363178674
44,44,0.031000000000176442,0.00038258618931937645,8.044626043380848e-05,4.755798308787392
44,45,0.04099999999993997,0.0005063523884244608,0.00012717536125045475,3.981528996228035
44,46,0.03999999999996362,0.0004911439077870279,9.909257712352149e-05,4.956414718882567
44,47,0.5900000000001455,0.007275253329419843,0.0022401422702690225,3.2476746794060296
44,48,0.03099999999994907,0.00037989944280934806,6.919840149261926e-05,5.490003159247376
44,49,0.0500000000001819,0.0006153030084286969,0.00011384658292770988,5.404668217573126
44,50,0.3129999999996471,0.0038758505768458794,0.001359304491296075,2.851348319426443
44,51,0.018000000000029104,0.00022210222854127906,4.380429848963923e-05,5.070329538408464
44,52,0.19000000000005457,0.002346030997053353,0.0009479683163925043,2.474798953177232
44,53,0.010999999999967258,0.0001349169461452651,2.7040944803802206e-05,4.989357699006676
44,54,0.03000000000020009,0.00037002654497969014,7.374803128380831e-05,5.017443022386566
44,55,0.009999999999763531,0.0001242742384445613,2.5805695854770406e-05,4.815767772508569
44,56,0.009000000000014552,0.00011184681460293084,2.4215771466224776e-05,4.618759090906126
44,57,0.021000000000185537,0.00026097590074205575,6.145669273665584e-05,4.246500895522428
44,58,0.03999999999996362,0.0004977196787316411,0.00012181266858725765,4.085943477833845
44,60,0.22100000000000364,0.002742018160562525,0.00111105824226014,2.467933773646869
44,66,0.1799999999998363,0.0022241476962032015,0.0009625934625033987,2.310578435073621
44,84,0.021000000000185537,0.00025710733975668336,0.00014460033045550404,1.7780549943888242
44,96,0.14199999999982538,0.0017496788808756187,0.0007373262124684866,2.3730051248522517
44,97,0.02599999999983993,0.00032016000590175245,0.00014217519714450339,2.2518696110992527
44,98,0.010999999999967258,0.00013653656366584358,5.942550317778861e-05,2.297608877746561
44,99,0.06000000000040018,0.0007446818743539253,0.0003199857365335371,2.3272345899576576
45,0,18.939000000001215,0.2402462995608778,0.0041431283335972,57.98669030179138
45,1,1.6039999999998145,0.020472900069164454,0.000290148798178747,70.56000299733127
45,2,1.7990000000002055,0.02271572772870271,0.0003557888758391247,63.8460875853071
45,3,0.47999999999933607,0.006078287590767255,0.00013734330930372787,44.256160868567875
45,4,3.5520000000008167,0.045126107730226316,0.0006442390653140181,70.04559356895058
45,5,4.064999999999145,0.05162643690593533,0.0008628970435703981,59.82919664705453
45,6,0.5670000000009168,0.007153957143127502,0.0002035796420552352,35.14082779056312
45,7,3.056999999998652,0.03876322728197096,0.0007391102667873414,52.445797364527756
45,8,6.117999999998801,0.07772701395968358,0.0017863856589214221,43.510769117242766
45,9,9.800000000000068,0.12440119981662873,0.0028461233754843783,43.70899760993567
45,10,7.062000000002172,0.08928605852636692,0.0026292421247788487,33.958857453600615
45,11,3.276000000000977,0.04169525361642194,0.0015642623836138127,26.654897575492505
45,12,6.129999999997381,0.07791573774863235,0.0026463307794266358,29.442932211790197
45,13,32.31599999999912,0.41169647041686813,0.01450366936570409,28.38567675779901
45,14,21.926999999999452,0.2787590392311865,0.010885249621652819,25.608878888425497
45,15,32.069000000002006,0.40763836575953843,0.016969865198718702,24.021308418544002
45,16,19.928999999995767,0.25389403327647325,0.012646539692786457,20.076166243426535
45,17,17.542000000000826,0.22234117790563734,0.012628993268898466,17.605613778669035
45,18,15.161000000001195,0.19235480028976293,0.012343217970747977,15.58384537530018
45,19,5.9929999999983465,0.07608774650139437,0.005218792941732908,14.579567986487183
45,20,7.185999999999353,0.09117000910737416,0.007387508661429286,12.341103514826228
45,21,1.6810000000002674,0.021312545246913527,0.001932554997009385,11.028170106358958
45,22,0.3650000000000091,0.004629387985277646,0.0004741374240294747,9.763810555038281
45,23,0.9090000000003329,0.01149517719297332,0.0011410503492466295,10.074206804776784
45,24,0.7160000000003492,0.009134960856387696,0.0009883128205630408,9.242985283934209
45,25,1.1600000000000819,0.01466538539926642,0.0016867023529512247,8.694708567641696
45,26,0.37999999999897227,0.004853040189727206,0.0004411357735519515,11.001239257136952
45,27,0.37400000000070577,0.0047210782088235054,0.0007918643168536402,5.961978723302037
45,28,0.0500000000001819,0.0006351794409562153,0.00010993226434418129,5.777916471979187
45,29,0.0479999999993197,0.0006071397283214627,0.00011142923930545447,5.4486572115703495
45,30,0.05300000000124783,0.00067234194708114,0.00012743064123974077,5.276140342229261
45,31,0.6679999999998927,0.008490043509938126,0.001294771732642605,6.557173975840595
45,32,0.34799999999995634,0.004383354582252853,0.0007377351830421567,5.941636894932219
45,33,0.03199999999992542,0.0004032008625172825,8.600052099910103e-05,4.6883537196419685
45,34,0.4469999999992069,0.005670505097173139,0.0010440966372493544,5.431015573531525
45,35,0.031000000000858563,0.0003906008355753457,7.493220121508362e-05,5.212723358468734
45,36,0.5309999999994943,0.0067265078510317525,0.0012890795437488362,5.2180704314568995
45,37,0.01999999999998181,0.0002520005390736597,6.530920183292729e-05,3.8585763108592643
45,38,0.40299999999979264,0.0051066592070736355,0.0010749085182960591,4.750784946023772
45,39,0.03999999999996362,0.0005040010781473194,0.00013534995749713377,3.723688484778374
45,40,0.3650000000000091,0.004628197309614949,0.0010937528624996675,4.231483608680709
45,41,0.023999999999887223,0.0003020489273444951,8.717677727777934e-05,3.464786572484195
45,42,0.3429999999998472,0.004350258217299667,0.0011833264460957824,3.6762959466111202
45,47,0.28000000000065484,0.003548946466016826,0.00102842599303979,3.4508525552985674
45,50,0.24699999999984357,0.003127798560252498,0.0011137014160174275,2.8084713867361675
45,52,0.1799999999998363,0.0022801824706696317,0.0008831717840554033,2.581810823030767
45,58,0.009000000000014552,0.00011285197388443248,2.7467289143982896e-05,4.108595256447225
45,59,0.03799999999955617,0.00047720387565897165,0.00012048373640034099,3.96073270896354
45,60,0.5220000000003893,0.006625017822630239,0.002175703958248601,3.0449996643675954
45,66,0.18100000000004002,0.002293185487724236,0.0010022055459848246,2.2881388921778725
45,96,0.08100000000013097,0.0010238763857396476,0.00038014211572151086,2.693404238560432
45,99,0.03999999999996362,0.000502457420154411,0.00021133764188632653,2.3775102990155954
46,0,5.831999999999425,0.07545220072276876,0.0013640608698128939,55.31439424189217
46,1,1.8940000000002328,0.024518381508171268,0.00031735986211389554,77.257348628958
46,2,0.7820000000001528,0.010131546257482896,0.00014037303157800194,72.17587412332146
46,3,0.8009999999999309,0.010366833824252627,0.00016191365666906753,64.02692668130655
46,4,1.2649999999998727,0.016366921521715667,0.00022521343588505408,72.67293559727548
46,5,2.7860000000007403,0.03605558958783854,0.0005837514474400278,61.76531081157232
46,6,0.7070000000001073,0.00916191249218462,0.0001736314883910391,52.766422594678716
46,7,2.8899999999998727,0.03742400454832027,0.0007525645508238302,49.72863059700636
46,8,5.214000000001533,0.06746274559952016,0.0014921726362544046,45.21108614406882
46,9,4.703999999999837,0.06088440840257061,0.001347807883981107,45.17291308812678
46,10,3.390000000000782,0.04386066848080334,0.0010792618259114566,40.639506955378685
46,11,1.7480000000002747,0.022621906356994893,0.0006536880251248976,34.606579113442706
46,12,6.13900000000217,0.07947119177192462,0.0024191630160357368,32.850697222609426
46,13,9.194999999999482,0.11898154153234479,0.004085020616315831,29.126301359930714
46,14,37.65000000000032,0.4874133815580237,0.018678955565671142,26.094252424573973
46,15,21.092000000001008,0.2729587706974589,0.01123527535713813,24.29480026264238
46,16,35.720000000003665,0.46229780238991397,0.022416181082520702,20.623397031280966
46,17,3.9209999999998217,0.05074243169818675,0.0028370951759196564,17.885347001705142
46,18,4.923000000000684,0.0637091767614406,0.0043375975776359,14.687664224527648
46,19,2.031999999999016,0.026295148880396853,0.0017410526286663498,15.103017822349802
46,20,4.863999999999692,0.06294576840904618,0.004842793611283677,12.997821807310343
46,21,1.0220000000003893,0.013226875582318628,0.001086424218346078,12.174687713105854
46,22,0.19800000000032014,0.00256262814337024,0.00019801987405301255,12.941267413816204
46,23,0.169999999999618,0.0022002083420383897,0.00016848306450372965,13.05892879215575
46,24,1.510000000000673,0.019539074574051466,0.0019914170924961424,9.811643501342155
46,25,0.011999999999716238,0.00015534279805565996,9.149158746454192e-06,16.97891602502404
46,26,0.6120000000003074,0.007919824082065364,0.0008880256906371256,8.918462794002258
46,27,0.028000000000247383,0.0003624665288083135,2.3628722461132038e-05,15.340081521739114
46,28,0.03199999999969805,0.0004148701864296319,3.87085437827446e-05,10.717793693251043
46,29,0.046000000000731234,0.0005976984582866462,6.642718486594591e-05,8.997799010944659
46,30,0.07200000000034379,0.0009320567883604504,0.00010538017412771386,8.844707233363067
46,31,0.17799999999942884,0.0023013236060231636,0.0003359362033258205,6.850478106377649
46,34,0.28000000000065484,0.003623011479526038,0.0006369481706872475,5.688078946230304
46,36,0.2999999999999545,0.0038825501336617447,0.0007489116245875962,5.184256734964893
46,37,0.028999999999996362,0.00037560128695912046,7.341781621785954e-05,5.115941964884432
46,38,0.1790000000000873,0.0023137645912837687,0.0004716117038259547,4.9060796678991005
46,40,0.1790000000000873,0.0023146700602758494,0.0005303289922232176,4.364592723042371
46,42,0.1790000000000873,0.0023148102826270347,0.0005887448430545095,3.9317716493573016
46,47,0.17999999999938154,0.0023285781782539,0.0006788218520764555,3.430322950168718
46,50,0.25200000000040745,0.0032473973765558776,0.0009953176172190724,3.2626744673013413
46,52,0.1790000000000873,0.002315069682138219,0.0008545277009753909,2.70918038057246
46,60,0.3690000000001419,0.004771653385500444,0.0018373282372832415,2.597060932648611
46,66,0.13000000000010914,0.0016816739604151132,0.0007431052007512992,2.263036187493905
46,96,0.22899999999981446,0.002962044606347832,0.0012273404775636884,2.4133845990540364
47,0,10.775000000000091,0.14228950958725956,0.002155746988143178,66.00473542111665
47,1,0.7269999999996344,0.009551047193762567,0.0001567483622806766,60.93235715382008
47,2,2.7609999999999673,0.03647595220377231,0.0005032486862362327,72.48096855766045
47,3,0.5970000000004347,0.007864416917926323,0.00027564890592506015,28.53055734625117
47,4,2.8949999999992997,0.03822566744341922,0.0006452958032525706,59.237433826076796
47,5,4.285999999999149,0.05655786710518777,0.001135941237399155,49.789430335923335
47,6,4.942000000001826,0.0654966255531181,0.0013930250819678715,47.01754936141825
47,7,7.889000000001033,0.10439185044228734,0.0021080297288823082,49.52105229447434
47,8,2.303999999999178,0.03039043498676871,0.0007653319425963748,39.708828673307046
47,9,8.519999999998845,0.11269457361289675,0.002585051504833486,43.59471113135747
47,10,10.87399999999775,0.1434394175523891,0.0038105890536431785,37.64232131387965
47,11,9.017000000001417,0.11943933379496077,0.0036450544578006993,32.767503250699406
47,12,21.47199999999725,0.28177443503308314,0.009111949830697502,30.923615720951997
47,13,4.247999999999365,0.05588935321889102,0.002055129018578507,27.195058175738573
47,14,50.23500000000058,0.6630582227129121,0.026047335453256663,25.455894477299054
47,15,23.091999999998734,0.3042036155810286,0.013366599322780675,22.75848989223271
47,16,23.593999999999824,0.3115552114196139,0.01618345252175978,19.251467571626403
47,17,5.57199999999807,0.07364230260930556,0.004325972509551777,17.023294171819828
47,18,14.637999999999238,0.19321516726531918,0.012712109700723296,15.199299865570353
47,19,2.444000000000301,0.03220874107900921,0.0023735724077996526,13.569731840987878
47,20,3.7170000000006667,0.04895191158776857,0.00391845146915098,12.492667568593134
47,21,0.09699999999952524,0.0012777675384233393,0.00014115507000200448,9.052225601285128
47,22,0.10800000000017462,0.00142114495789226,0.00015456180166025532,9.19467127470538
47,23,0.2039999999999509,0.002688466025078709,0.0002898730434192724,9.274632761177836
47,24,2.548000000000002,0.03364032605070662,0.003537529834748846,9.509552603701215
47,25,0.032999999999901775,0.00043685846876339056,6.424517551076248e-05,6.7998641966540685
47,26,1.05800000000022,0.013973631791946332,0.00168374469497251,8.299139313501728
47,27,0.02800000000002001,0.0003688528438365705,3.6763943953215635e-05,10.033005281097108
47,28,0.029999999999290594,0.00039468577580073234,4.158983209854233e-05,9.489958383711906
47,29,0.08199999999987995,0.0010786390980060722,0.00011093735554979658,9.722956642155602
47,30,0.04499999999961801,0.0005937523238774998,8.764414310514793e-05,6.774580740268823
47,31,0.08399999999960528,0.0011021136627445461,0.00013099878745956257,8.413159267483698
47,32,1.260000000000673,0.016603338092843117,0.002496973062656043,6.649386147234629
47,33,0.04700000000025284,0.0006188219770929028,9.602213816537298e-05,6.444576104180726
47,34,0.6840000000001965,0.009029508395276529,0.0015421122472685175,5.855286093000131
47,35,0.5020000000001801,0.006630797122813493,0.0010330372433905682,6.418739658456377
47,36,0.4600000000000364,0.006073935265789545,0.001127208072023817,5.388477439559364
47,37,0.009000000000014552,0.00011961395450594341,2.7407850432202216e-05,4.364222389560539
47,38,0.007999999999810825,0.00010632351511370803,2.386354206245511e-05,4.455479192294278
47,40,0.28099999999994907,0.0037005261156911216,0.000830566528607212,4.455424084927409
47,42,0.2799999999999727,0.0036961745389794617,0.0009179759539375062,4.026439388880865
47,47,0.23000000000047294,0.003032233771516734,0.0008594163365921711,3.528247768177643
47,50,0.3400000000001455,0.004472541626962051,0.0012040771355563116,3.7144975972786267
47,52,0.33100000000013097,0.00437414671219121,0.0015757537628823663,2.775907515010485
47,60,0.41099999999960346,0.005439323587222981,0.002344235921154625,2.3202970051512173
47,66,0.1799999999998363,0.0023765123010016415,0.0010487018270360696,2.266146810975187
47,96,0.2090000000002874,0.0027458647004659966,0.001211742527943381,2.2660463234928216
48,0,4.752999999999702,0.06398216152850378,0.0009401055445249824,68.0584875827243
48,1,0.36300000000028376,0.004893588112094978,0.0002983765683485898,16.400711822578028
48,2,1.5510000000003856,0.020877282468940692,0.0003596832138717417,58.04352737012981
48,3,1.6549999999992906,0.02228518548681825,0.0005222385137522109,42.67242821044029
48,4,0.6900000000005093,0.009278284659696307,0.00017083205600118662,54.31231629988613
48,5,1.4099999999993997,0.019012092462574365,0.0003430961620957016,55.41330554805572
48,6,0.8709999999991851,0.011708544233020401,0.00022831219992292592,51.2830424172383
48,7,4.515999999999622,0.0608079695914189,0.0011102236488801265,54.77091904208256
48,8,0.8380000000011023,0.01127778821411376,0.00028305040771535835,39.843744812602246
48,9,8.31100000000049,0.1118882428947298,0.0026907686609483794,41.582260310440084
48,10,1.5900000000009413,0.021389517803331613,0.0006880285617132406,31.08812481573465
48,11,3.8079999999993106,0.05126083381431763,0.0015938504840521694,32.16163267961826
48,12,2.644000000001938,0.035592368303450236,0.00134059378359138,26.54970412297464
48,13,2.2819999999977654,0.030730338029096915,0.0012243841883301197,25.098607383201006
48,14,19.105999999999767,0.25724201809658637,0.01091010821345602,23.578319578839377
48,15,3.5300000000015643,0.0475344937608298,0.002170626796444009,21.898971227436398
48,16,4.214999999999236,0.05673955366372529,0.003410570368205814,16.636382639298557
48,17,2.4810000000014725,0.033366770359781604,0.0020474272880252314,16.29692568568052
48,18,5.783000000001152,0.07784864042016405,0.005215973389145616,14.925045549919066
48,19,0.08599999999978536,0.0011599101524845485,0.0001005710790705759,11.533237618645614
48,20,0.8460000000004584,0.011388085763242071,0.0010029873176257513,11.354167259262747
48,21,0.057000000000243745,0.0007652259256828242,8.82774941627291e-05,8.668414672852188
48,22,0.03099999999994907,0.00041735431745195317,4.2141732161818154e-05,9.90358715795955
48,23,0.05099999999993088,0.0006860339528705471,8.817811515307868e-05,7.780093186156006
48,24,0.6220000000000709,0.008373839830941901,0.0008829877468951323,9.483528916892679
48,25,0.03899999999975989,0.0005242343895291827,6.898559622763235e-05,7.599186180827693
48,26,0.6000000000003638,0.008078093773634689,0.0009107973131930991,8.869255164262922
48,27,0.03999999999996362,0.000538521699938399,6.0416627597838545e-05,8.913468383622012
48,28,0.021000000000185537,0.0002813677251857241,4.00578579507317e-05,7.024033225435726
48,29,0.05099999999947613,0.0006866151674150304,6.837174064743329e-05,10.042382436270566
48,30,0.28900000000021464,0.0038934999140189924,0.00033920330986888337,11.47836651571589
48,31,0.009000000000014552,0.0001211673824864459,3.446367030005287e-05,3.5158003030878584
48,32,0.44099999999889405,0.005939816011534613,0.0009418982728409598,6.306218179611797
48,33,0.21100000000069485,0.0028407019671869934,0.0004835516665884064,5.874660689785123
48,34,0.5769999999995434,0.007771372910635855,0.0013355469185517832,5.8188692607391435
48,36,0.2799999999999727,0.0037697524266574797,0.0007045532732557715,5.350556969577742
48,37,0.012999999999919964,0.00017501955247906136,4.9605640942502465e-05,3.5282187499991227
48,40,0.009000000000014552,0.0001211673824864459,3.4342366806614824e-05,3.528218749999122
48,42,0.22800000000006548,0.003069495204088183,0.0007377636987600419,4.160539762592112
48,43,0.018999999999778083,0.00025579780746798456,7.250055214633394e-05,3.5282187499991227
48,46,0.008000000000265572,0.00010770433999135318,3.052654827351053e-05,3.528218749999122
48,47,0.19200000000000728,0.0025861965254853933,0.0007312437628413473,3.5367091753868425
48,49,0.03900000000021464,0.000523918123174379,0.0001413737745348201,3.705907442156741
48,50,0.009999999999763531,0.00013354742508239759,3.558984594185341e-05,3.7524024492993586
48,52,0.2579999999998108,0.0034726696365526256,0.0010602631224709753,3.2752904094782282
48,60,0.20100000000002183,0.002706723912956106,0.0011722062407176284,2.3090850559702196
48,66,0.11900000000014188,0.0016018000018795347,0.0007195130490474642,2.2262278689734627
48,96,0.15000000000009095,0.0020141596607670892,0.0009642576888809988,2.0888188748637098
49,0,12.46600000000035,0.1711588930120634,0.00376320204422692,45.482249159232914
49,1,1.619000000000824,0.0222520465698567,0.0002988388282749581,74.46169796042318
49,2,1.0099999999997635,0.01382951788677206,0.0001825593324171304,75.75355202972013
49,3,0.10400000000004184,0.0014217318084603133,4.7527487464265805e-05,29.91388529699286
49,4,0.01999999999998181,0.0002767039187290275,1.0444081026902204e-05,26.49385025032691
49,5,0.19400000000018736,0.002650227532322573,7.283463447731871e-05,36.386913332390996
49,6,2.3599999999996726,0.0322011117879877,0.0008040161636046194,40.05032889341616
49,7,4.466999999998961,0.06091439112857316,0.0012067957167934357,50.47614130619236
49,8,0.7060000000005857,0.009630217861023594,0.0002667978985976149,36.09555364432576
49,9,6.0169999999986885,0.0822928006237771,0.002082343707809001,39.519316775213774
49,10,1.5840000000002874,0.02176989851489455,0.0007347603180675954,29.628571358002755
49,11,4.171000000001413,0.0569694800177152,0.0017920134625121701,31.790765644054588
49,12,2.68100000000004,0.03665598684678409,0.0014032038091036719,26.123066805383694
49,13,5.932999999999083,0.08130738330987038,0.0029717013907961313,27.360549603568273
49,14,8.808999999999173,0.12081943797075301,0.004907295170247348,24.620373093364016
49,15,7.8340000000027885,0.10774135669524813,0.004599517131364497,23.424492967000965
49,16,11.129999999998518,0.15275672003337876,0.007181447673158826,21.271020410594637
49,17,0.5510000000008404,0.0075374051649542105,0.0004721660151401807,15.963463958151332
49,18,2.688999999998714,0.03687996555242295,0.0024403265009070043,15.11271771982792
49,19,0.9909999999999854,0.013554708839371066,0.0010929421266665615,12.40203713321262
49,20,0.35299999999870124,0.004867925481835562,0.0004299753267137551,11.321406553814324
49,21,0.14200000000073487,0.0019568754189919105,0.00018684246550849584,10.473397541967943
49,22,0.10799999999971988,0.0014836188292979898,0.00015036503994305436,9.866780402278748
49,23,0.2609999999997399,0.003591904432176842,0.0003558972261309492,10.092532811298824
49,24,0.5869999999999891,0.008004784653984685,0.0008014440080802068,9.987952462405314
49,25,0.11400000000139698,0.0015561896303543086,0.00013281234956775381,11.717205782587433
49,26,0.08299999999871943,0.0011341405083017764,0.00010789073623816615,10.511935944140646
49,27,0.062000000000352884,0.0008498597358140924,7.545083311083782e-05,11.263755491813354
49,28,0.032000000000152795,0.00043979272161893664,3.538063779188055e-05,12.430322036757177
49,29,0.05300000000079308,0.0007274185423897556,4.269607415227626e-05,17.037129451185727
49,30,0.3179999999993015,0.004346318886578292,0.0005069478087584128,8.573503645716595
49,31,0.1500000000005457,0.002064333183106986,0.00013737925137661728,15.026528114116271
49,32,0.9999999999995453,0.01373545913016214,0.002065855014950611,6.648801116612008
49,33,0.1690000000000964,0.0023301419708916123,0.00027267491043808043,8.545494586018194
49,34,0.49400000000059663,0.00677174969597935,0.0010183541390529464,6.649700174319488
49,35,0.023999999999887223,0.0003294993349930873,2.8985544633623155e-05,11.367712394504014
49,36,0.4850000000005821,0.0066611903596700515,0.0011586291562989412,5.74919966708604
49,37,0.041999999999916326,0.0005747683528179767,3.766359655380979e-05,15.260580651048766
49,38,0.14699999999947977,0.002007891966462519,0.0001563976247617957,12.838378904543314
49,39,0.03199999999969805,0.0004399653247215862,4.1386954869115296e-05,10.630531434674529
49,40,0.028000000000247383,0.0003866309640623048,2.773806549785065e-05,13.938641975312366
49,41,0.3149999999995998,0.004348459165137756,0.0006938370571929008,6.267262781740981
49,42,0.3380000000001928,0.004634387107819107,0.0010919867323066982,4.243995802063904
49,44,0.009999999999763531,0.00013635645607094226,1.871218704159303e-05,7.287040032672407
49,45,0.009999999999763531,0.00013635645607094226,1.8866287405464975e-05,7.227519285614405
49,46,0.010000000000218279,0.00013635645607714303,1.871218704244396e-05,7.287040032672408
49,47,0.22999999999956344,0.003154354472767909,0.0008632226754795081,3.654160812001039
49,49,0.010000000000218279,0.00013635645607714303,1.9379955285919408e-05,7.0359530796344725
49,50,0.010999999999967258,0.00014999210168113687,2.1939488948278924e-05,6.836626962220249
49,52,0.3200000000001637,0.0044046557271105406,0.0011414351347343024,3.8588751941088923
49,53,0.009000000000014552,0.00012272081046694843,1.9152473795996728e-05,6.4075696839016
49,54,0.010999999999967258,0.00014999210168113687,2.3408579083888473e-05,6.4075696839016
49,56,0.009000000000014552,0.00012284264795569863,1.9152473795996728e-05,6.413931133082941
49,57,0.021999999999934516,0.0003018456094396293,4.746291207353939e-05,6.359609982884057
49,58,0.009000000000014552,0.0001234518353991996,1.9152473795996728e-05,6.445738378976593
49,59,0.009000000000014552,0.00012427423844770094,2.0869592136327472e-05,5.954799578060662
49,60,0.4299999999998363,0.005901186432882297,0.002615280778421919,2.2564255744819564
49,61,0.010000000000218279,0.00013808248716690294,2.61236807337649e-05,5.285720973784184
49,62,0.009000000000014552,0.00012427423844770094,2.5756775104961116e-05,4.824914529915819
49,63,0.021999999999934516,0.00030378147175965135,6.296100581183797e-05,4.8249145299158185
49,64,0.009000000000014552,0.00012427423844770094,2.5756775104961116e-05,4.824914529915819
49,65,0.0500000000001819,0.0006904124358219562,0.00014426429789034115,4.785747034562603
49,66,0.29999999999972715,0.0041366170108851465,0.001510718310508214,2.738178906095052
49,96,0.18100000000004002,0.002476858065562713,0.0008418230320049851,2.9422550481465626
50,0,6.76299999999992,0.09507478552395937,0.0015642202340041384,60.78094596729775
50,1,1.0400000000004184,0.014608868357153552,0.00019311395779169596,75.64895113853724
50,2,0.5990000000001601,0.008394333928121982,0.00011366222696089773,73.85332975228275
50,3,0.11999999999989086,0.0016982486275870666,2.700205280726585e-05,62.893315545627445
50,4,0.05999999999971806,0.0008428315485598176,3.24107165870383e-05,26.00471810909861
50,5,0.11100000000010368,0.0015668495983479737,4.1663296235214355e-05,37.60743243890656
50,6,1.1190000000001419,0.01583779573446326,0.00028484752520956726,55.600959575868245
50,7,0.0909999999998945,0.0012879643990203124,2.2629271529457372e-05,56.91585773513393
50,8,0.09200000000055297,0.0013021178539639375,2.0253190680913114e-05,64.29198611115983
50,9,0.6100000000001273,0.008537714295001839,0.00023862093857581574,35.77940119571358
50,10,1.4520000000002256,0.020441904002853332,0.0006360545605816123,32.1386014183455
50,11,0.9079999999999018,0.012824103761814025,0.000363365333404439,35.29259008189514
50,12,0.10199999999986176,0.001427810889955476,5.523323946907558e-05,25.85057301871439
50,13,0.4650000000001455,0.006525281246410915,0.00021029014878156288,31.029895048431374
50,14,0.5740000000009786,0.008033666719700929,0.0002893274017481178,27.766698457047166
50,15,1.146999999997206,0.016011468897707024,0.0006687848307479782,23.94113646357615
50,16,0.17800000000011096,0.002487106018245102,0.00011204609003469578,22.19716919595279
50,17,0.10199999999963438,0.0014282907265955526,8.785188363411176e-05,16.257940837605055
50,18,0.5820000000001073,0.008137559451943993,0.000531349691536862,15.314885058852916
50,19,0.08699999999976171,0.0012194409647621344,8.711073426459125e-05,13.998745103653803
50,20,0.08100000000035834,0.0011341750289467305,6.886818642746302e-05,16.4687802566331
50,21,0.11099999999987631,0.0015537731868089594,9.940647567973027e-05,15.63050270301239
50,22,0.3409999999998945,0.00478477220808056,0.0003458213592005523,13.835964959312204
50,23,0.14599999999995816,0.0020517511140520904,0.0001743852091595475,11.765625788680932
50,24,0.06199999999989814,0.0008735511031685265,9.948827317124061e-05,8.780442913758872
50,25,0.07700000000022555,0.0010893083737419313,0.0001077578468093164,10.108854306169684
50,26,0.19399999999995998,0.0027457702572547113,0.0002759666006845323,9.9496469878741
50,27,0.18899999999985084,0.002675002982581639,0.00030566011490773613,8.751560482103109
50,28,0.009999999999990905,0.00014153454934292682,2.605029960751594e-05,5.433125586858578
50,29,0.08200000000010732,0.0011605833046145746,0.00017272449356703232,6.719274612689289
50,30,0.05099999999993088,0.000721826201648605,0.00011524505784110323,6.263402658392861
50,31,0.19900000000006912,0.002816537531927784,0.00041481002516212753,6.789945664468806
50,32,1.4279999999996562,0.020072541705534852,0.0030331483260066195,6.617725065876336
50,33,0.02200000000016189,0.00031137600855701353,5.6638248414172285e-05,5.497627791736222
50,34,0.018999999999778083,0.00026891564374866467,4.882091216992833e-05,5.508206049339357
50,35,0.009999999999990905,0.00014153454934292682,2.5683393979241068e-05,5.510741666670843
50,36,0.27100000000018554,0.0037926306029522103,0.000678586089005437,5.589019086009914
50,40,0.030000000000654836,0.0004246036480384349,9.467388228470978e-05,4.484907957630149
50,41,0.06999999999970896,0.0009907418453972698,0.00021974711888570486,4.508554425746877
50,42,0.5600000000001728,0.007878844473102062,0.0017935058986298898,4.392984979375276
50,47,0.33100000000013097,0.004648660989325563,0.001270346162512817,3.6593655544487556
50,52,0.23099999999976717,0.0032501888770996613,0.0008791633029574746,3.696911445423324
50,60,0.3670000000001892,0.005157721733703211,0.002312551498886992,2.2303164864374136
50,65,0.01900000000023283,0.0002689562562513222,7.947175908538352e-05,3.384299773235908
50,66,0.5210000000001855,0.007318231599106312,0.002257581547606857,3.241624475033464
50,95,0.12100000000009459,0.001705698598686331,0.0007591644354648225,2.2468104655639762
50,96,0.11099999999987631,0.0015587090057664018,0.0006072368867186712,2.5668878815797984
51,0,4.273000000000138,0.061218296181698544,0.0008811855119971278,69.4726539964925
51,1,0.35699999999860665,0.005107553422550364,8.788723213995353e-05,58.11485124957611
51,2,0.579000000000633,0.008285345794289474,0.00012382788419245056,66.91017817451014
51,3,0.057000000000243745,0.0008181635321740465,1.6976498784296524e-05,48.19389101190041
51,4,0.12100000000009459,0.0017384800711703378,3.189607968921442e-05,54.50450613710375
51,5,0.2699999999999818,0.0038702624132313144,5.1229076046077056e-05,75.54815959886291
51,6,1.195999999999458,0.017120114149942273,0.0005154703172117111,33.212609103369175
51,7,0.781999999999698,0.011198002900529346,0.00026986915329356344,41.49419362630218
51,8,0.33999999999969077,0.0048716951337476515,0.00016350379225431774,29.795609426416846
51,9,0.2940000000012333,0.0042141778418772185,0.00010278134852801471,41.0013869464709
51,10,0.12200000000007094,0.0017477790812775165,8.345708801876713e-05,20.942248558738243
51,11,0.09999999999990905,0.0014329157854172795,0.00011559042395083609,12.3964921698595
51,12,0.20300000000042928,0.0029130327898075022,0.00011961063050270268,24.354296750753107
51,13,0.11899999999991451,0.0017057167603766565,9.980033940177955e-05,17.091292179976712
51,14,0.2010000000002492,0.002880796654079838,0.00016525368096989367,17.432571771909085
51,15,0.09800000000018372,0.0014036611513540784,9.654020891186964e-05,14.539653137020485
51,16,0.17099999999982174,0.0024522979015920276,0.00010886089990944748,22.526893527721107
51,27,0.5889999999999418,0.008441629028562452,0.0010283060549789202,8.209257338988927
51,28,0.029999999999972715,0.00042978174129710916,5.81653334236099e-05,7.388967207788005
51,29,0.25900000000001455,0.003707317519653986,0.0005075492993470991,7.304349596035306
51,32,0.6300000000001091,0.009024951215729543,0.0013339557975723894,6.765554924798615
51,40,0.22999999999956344,0.0032926720142517846,0.0007733924601891345,4.257440023977678
51,42,0.2380000000000564,0.003407979071716681,0.0007968749959385266,4.276679641206339
51,47,0.17799999999988358,0.0025481088996885982,0.0006690756549205394,3.8084017568853494
51,52,0.18800000000010186,0.0026920024819888904,0.0007751077279996231,3.473068819654704
51,60,0.2139999999999418,0.0030646216653138782,0.0013753732551196995,2.2282108903209425
51,65,0.34999999999990905,0.005012524224509612,0.0015728701263823417,3.186864662525316
51,66,0.24099999999998545,0.0034469885302207846,0.0012972763018172817,2.6570966612063227
51,95,0.07899999999972351,0.001129638099394284,0.0005027585522361745,2.2468799274917717
52,0,7.152999999999793,0.10426918644752141,0.0010348122478932417,100.76145374177918
52,1,0.15899999999987813,0.00230497643760106,3.9374844403998634e-05,58.53931545611346
52,2,0.19900000000006912,0.002888685631467138,9.00691916881769e-06,320.71850288918785
52,3,0.18399999999951433,0.0026775180564474073,7.713361178471755e-05,34.71272762282218
52,4,0.5389999999999873,0.007894979563570836,0.00012425164137736734,63.540243622157256
52,5,1.5319999999994707,0.022303811855647324,0.0004626024986538726,48.21377299203788
52,6,0.07700000000045293,0.0011169147180525435,6.0699399519647565e-05,18.40075399248412
52,7,0.18200000000001637,0.002641193908299707,0.00016553348193464789,15.955647627483861
52,8,0.08200000000056207,0.0011902365187382536,6.0018422673827816e-05,19.83118625437118
52,9,0.12299999999959255,0.0017915962349778008,6.657921508918277e-05,26.909242360066276
52,10,0.18600000000014916,0.0027240222655279234,9.643385120709213e-05,28.247573143979007
52,11,0.141999999999598,0.002074516766522276,0.00011605225022262648,17.875713418246253
52,12,2.28899999999976,0.03337672962277557,0.0011934405299390825,27.966814252972654
52,13,0.03699999999980719,0.0005371226408826728,2.5940227918985933e-05,20.706165056072887
52,14,0.2680000000009386,0.003929699123503696,0.00018498427823131184,21.243422203641764
52,15,0.043999999999414285,0.0006434643901751225,5.009746714546338e-05,12.844249955926005
52,16,0.08799999999996544,0.0012818637528400436,8.105569787595546e-05,15.81460386414486
52,17,0.03500000000030923,0.0005096969807479925,5.245383581013011e-05,9.717058302332156
52,18,0.06799999999998363,0.0009941939075795733,7.772235304947334e-05,12.791608444313693
52,19,0.018000000000029104,0.00026270193182968183,2.2249157298319975e-05,11.807275588344119
52,20,0.062000000000352884,0.0009056485126911256,7.146757168641714e-05,12.672160132498943
52,21,0.04799999999954707,0.0007012864316768574,6.446673006293833e-05,10.878269007784285
52,22,0.04900000000043292,0.0007154398866239983,5.937069312269266e-05,12.050387977541448
52,23,0.09400000000005093,0.0013754741752620436,0.0001038609689989634,13.243417508224594
52,24,0.34099999999943975,0.005001306260322586,0.00047664202256650774,10.492793382741938
52,25,0.6279999999999291,0.009213141062299673,0.000766272867319847,12.023316308358927
52,26,0.07000000000039108,0.0010245289039843791,0.00012114254063800743,8.457218237199015
52,27,1.1609999999998308,0.016864349425580672,0.0019830912176760167,8.504071459377442
52,28,0.016999999999825377,0.0002464772395847738,3.475099895692734e-05,7.092666311269894
52,29,0.010000000000218279,0.00014498661152510917,2.026614029162619e-05,7.154130457935125
52,30,0.02999999999974534,0.00043495983456214114,6.0555255966477525e-05,7.182858492133669
52,31,0.011000000000422006,0.0001594852726802574,2.219779051150157e-05,7.184736363631401
52,32,0.2600000000002183,0.00376965189957372,0.0005369764909977959,7.020143270274365
52,40,0.28099999999994907,0.004106454318683439,0.0009033271886214376,4.545921312243768
52,42,0.32999999999992724,0.00481795111769776,0.0011070820643838434,4.351936746784201
52,47,0.17199999999957072,0.0024986543861546507,0.0006378877368616766,3.9170754378312718
52,48,0.11000000000058208,0.0016141497543329909,0.00041502062517743304,3.889324183931573
52,52,0.27700000000004366,0.004041137803226343,0.0011806006789307508,3.4229506007791985
52,60,0.44699999999966167,0.0065120709495245736,0.0028087007298527923,2.3185350010094807
52,65,0.18000000000029104,0.0026181122229207736,0.00103606297644644,2.5269817399522903
52,66,0.1799999999998363,0.002624863276362805,0.0011668612537219507,2.249507615400073
52,94,0.15799999999990177,0.0023077344269965,0.0010361205282125902,2.22728376106742
52,95,0.03000000000020009,0.00043448429539098355,0.00019592760550026682,2.2175756922134786
53,0,3.5349999999998545,0.0524727113096254,0.0003604365639809451,145.58098859359737
53,1,0.0500000000001819,0.0007421933685082556,1.3014724384933957e-05,57.02720599811011
53,2,0.08599999999978536,0.001274697194661919,2.3215248041198726e-05,54.90775685014389
53,3,0.09999999999990905,0.0014843867370097612,6.10692403926022e-05,24.306618642493824
53,4,1.1300000000005639,0.01677269526185371,0.00023581655524985458,71.12602948543008
53,5,0.20100000000002183,0.0029910711890411995,7.7018571087248e-05,38.83571386507368
53,6,0.10999999999967258,0.001632825410707362,5.0521106456421206e-05,32.31966845610981
53,7,0.21000000000003638,0.0031172121477238733,9.282119178989576e-05,33.58297914101124
53,8,0.1610000000000582,0.0023888622530594127,5.749081920784841e-05,41.55206493793178
53,9,0.849999999999909,0.012616399591461621,0.0003019005361502218,41.78992111886765
53,10,1.3520000000016807,0.020099756505441737,0.0005158317919128198,38.96571871017747
53,11,1.1299999999996544,0.016773570128220425,0.0005867545821931937,28.58702878045457
53,12,4.220999999998185,0.0626718909397861,0.002167939330552422,28.90850775045278
53,13,0.15099999999938518,0.0022414239728776515,7.96692142150644e-05,28.13412928646443
53,14,2.480000000000473,0.03679215761020263,0.0014504257628920934,25.366453459045346
53,15,0.19200000000000728,0.0028500225350614416,0.00010742701773818294,26.529848776100334
53,16,0.8000000000001819,0.01187509389609159,0.000538750913475787,22.041900253084748
53,17,0.010000000000218279,0.0001484386737043512,4.9494820468529004e-06,29.990748991348514
53,18,0.03899999999975989,0.0005789108274307693,2.0817027289015348e-05,27.809485926756064
53,19,0.012000000000170985,0.0001781264084438714,6.604301309047813e-06,26.97127222221681
53,20,0.03000000000020009,0.0004453160211063034,1.656830709650285e-05,26.877581307042426
53,21,0.007999999999810825,0.00011875093895808082,4.40286753919836e-06,26.971272222216815
53,22,0.009999999999763531,0.00014843867369760102,5.848907368253118e-06,25.378872386200044
53,23,0.03900000000021464,0.0005816055494446301,4.6958165036911146e-05,12.38561065977478
53,24,0.4689999999995962,0.006959770121057246,0.0006873925435059986,10.124884517308576
53,25,0.7019999999997708,0.010416080234820822,0.0010891050381767456,9.563889496148347
53,27,0.010999999999967258,0.0001632825410707362,7.668327630928984e-06,21.293109649118534
53,28,0.009000000000014552,0.00013359480633121603,6.27408624351617e-06,21.293109649118534
53,29,0.011000000000422006,0.00016328254107748642,7.668327631245998e-06,21.293109649118534
53,30,0.01999999999998181,0.00029687734740195223,1.4039276960313523e-05,21.146199212478702
53,31,0.009999999999763531,0.00014843867369760102,7.352788790461261e-06,20.188078010641327
53,32,0.009000000000014552,0.00013368801200996615,6.855264758705036e-06,19.501509674036267
53,33,0.020000000000436557,0.00029846529601123704,1.6349314796300056e-05,18.255523227112946
53,34,0.009999999999763531,0.00014923264799869334,8.43882945013019e-06,17.684045978247735
53,36,0.021999999999934516,0.00032861262882641075,1.8807582505331085e-05,17.472348119874745
53,37,0.021999999999934516,0.00032751270705343757,2.041462915713348e-05,16.043039750197707
53,38,0.04899999999997817,0.0007273495011351206,6.377186725044299e-05,11.40549167674039
53,39,0.028000000000247383,0.00041562828636678323,3.91598377061573e-05,10.613636590772487
53,40,0.25,0.0037115327194723086,0.0007319510535311054,5.0707389538781245
53,41,0.028000000000247383,0.0004156282863667833,4.262342683711848e-05,9.751170124238689
53,42,0.23099999999999454,0.003429764675428641,0.0007449241805503475,4.604179546024056
53,43,0.01900000000023283,0.00028203348003556723,2.9976189830451677e-05,9.408583333331446
53,44,0.02099999999973079,0.0003117212147683372,3.3131578232826385e-05,9.408583333331444
53,45,0.09200000000009823,0.0013709221913102308,0.00025377333284786125,5.402152290493452
53,46,0.01900000000023283,0.00028203348003556723,3.230491738957421e-05,8.730357568615485
53,47,0.26399999999966894,0.003927045034468489,0.0005900881802055612,6.655013888094618
53,48,0.18000000000029104,0.0026733948631098643,0.0007218910814411246,3.7033216392879056
53,52,0.17399999999997817,0.0025838206763257026,0.0007498083419430919,3.4459748335552747
53,60,0.2510000000002037,0.00372622047306617,0.0014923835793810513,2.4968248944494396
53,65,0.16899999999986903,0.002509640286373711,0.0010627008862065133,2.3615678870206716
53,66,0.13099999999985812,0.0019456779178057611,0.0008841119457386105,2.2007144312254376
53,93,0.12100000000009459,0.0017974283802456182,0.0007960046957887092,2.25806253374506
54,0,7.722000000000207,0.11677320769940515,0.00013255519056423683,880.9402876065901
54,1,0.8410000000003492,0.012741713393786387,0.00014405756690295227,88.44876161465464
54,2,0.027999999999792635,0.0004220146013911942,1.6437372146340545e-06,256.7409179727961
54,3,0.20899999999983265,0.003139995758100851,3.467771855086027e-05,90.54793363916251
54,4,0.6339999999995598,0.00952220283542636,0.00011600764600984442,82.08254509895241
54,5,0.056999999999789,0.0008578374515016869,1.0225435223856222e-05,83.89251241847668
54,6,0.04900000000043292,0.0007373604814609757,8.199217611508407e-06,89.93059050244233
54,7,0.12199999999984357,0.0018427412505710472,2.8178352251459193e-05,65.39563541993915
54,8,0.10100000000056752,0.0015220142147714204,2.261682186517193e-05,67.295671507021
54,9,1.5410000000001673,0.023386601035363278,0.0006486777563230374,36.05272542090514
54,10,5.463999999999487,0.08222649615307254,0.002218692466348822,37.06079026282902
54,11,1.9119999999998072,0.02902723558216984,0.0009060407684147972,32.03744974186503
54,12,13.858000000001084,0.20955769480265193,0.007433780618515496,28.189921865692614
54,13,1.350999999999658,0.020447370871677466,0.0008133647960217025,25.139237611080333
54,14,1.0219999999999345,0.015445260598578724,0.000620615675994937,24.88699721259494
54,15,0.27799999999979264,0.00419859176039597,0.000216017487203807,19.43635126370443
54,16,2.6970000000001164,0.04088304609593067,0.0020212757993437087,20.226357090509396
54,17,0.032000000000152795,0.0004860503548192097,3.2486671032967426e-05,14.961531587092026
54,18,0.419999999999618,0.006379410906965865,0.0004767069648631758,13.382248167481421
54,19,0.04100000000016735,0.0006214028948519512,5.265095765770698e-05,11.802309445001919
54,20,0.07899999999972351,0.0011870091928394952,0.00011080403211618373,10.712689512912807
54,21,0.10100000000102227,0.0015214422554561602,0.00012148389236823984,12.523818802614516
54,22,0.08999999999923602,0.0013532083741931307,0.00011743988730928967,11.522561926761062
54,23,0.36000000000012733,0.005410037326455227,0.0005112726997213394,10.581510277008487
54,24,0.04000000000041837,0.0006078736291235836,4.8798448560966815e-05,12.456822850917705
54,25,1.0090000000000146,0.015241075452685453,0.0015787461724345376,9.65391126122741
54,26,0.012999999999919964,0.00019747401274630808,3.3388412172838204e-06,59.14447555159724
54,27,0.02900000000045111,0.0004410571397474296,7.448184254102545e-06,59.216733192991335
54,29,0.006999999999607098,0.00010688547872063952,1.7978375784475996e-06,59.45224418600328
54,32,0.03099999999994907,0.0004720315303067445,1.1374074476512703e-05,41.50065407796324
54,33,0.010000000000218279,0.00015189073588359322,3.669056282832149e-06,41.397766666677725
54,34,0.018999999999323336,0.00028859239816224987,6.971206936980645e-06,41.397766666677725
54,35,0.052000000000134605,0.0007879331923808002,2.5717089394162525e-05,30.638505792947615
54,36,0.04700000000048021,0.0007124514837779668,2.3922246963678524e-05,29.781963410865696
54,37,0.04100000000016735,0.000623069043230021,1.9155409041098277e-05,32.527054989701085
54,38,0.04899999999997817,0.0007461307245121083,2.9537370698735568e-05,25.2605667620933
54,39,0.018999999999323336,0.00028928985562285786,1.4097248049077586e-05,20.521016202292525
54,40,0.3789999999999054,0.005725598643375172,0.0011717652394716133,4.886301838034578
54,41,0.512000000000171,0.007749236087070456,0.0016852651541065112,4.598229583153592
54,42,0.24999999999977263,0.0037752773519157037,0.0008181754493274764,4.614263792709626
54,43,0.01900000000023283,0.00028534816422999705,5.786101757970905e-05,4.931613306608423
54,44,0.04899999999997817,0.0007358070534733945,0.00014737850300815795,4.992634871808034
54,46,0.009999999999763531,0.0001500631735464515,2.6930873114763304e-05,5.5721614708506415
54,47,0.026000000000294676,0.00039031869587153646,6.375205434734734e-05,6.1224489134878715
54,48,0.27999999999974534,0.004231716983783527,0.0012055602149034232,3.510166420117412
54,52,0.27999999999974534,0.004230615691965401,0.001219033878024015,3.4704660536776792
54,60,0.4299999999998363,0.006504522034755556,0.0025191556431150373,2.582024676614444
54,65,0.23999999999978172,0.0036318146433163686,0.0015985601246619548,2.271928710898117
54,66,0.18000000000029104,0.0027210655742720326,0.0011997637929917868,2.2680010766841505
54,89,0.007000000000061846,0.00010667591313124806,4.7771112801853904e-05,2.233063181377432
54,90,0.010999999999967258,0.00016735669362175187,7.506889154488373e-05,2.2293747806531714
54,91,0.01999999999998181,0.00030378147176027926,0.00013648889371825255,2.22568637992891
54,92,0.052000000000134605,0.0007889220643592139,0.000354871123668698,2.2231227387656904
54,93,0.08899999999994179,0.0013386701581728786,0.0005932775951855476,2.2563976274111774
55,0,10.664999999997917,0.1647661396148805,0.002031295312263702,81.11382851135662
55,1,1.5530000000003383,0.023993653988156206,0.00026941601735490047,89.05800859103888
55,2,0.018999999999323336,0.00029342528521283007,3.402263475898693e-05,8.624413931825872
55,3,0.02099999999973079,0.00032449384483089147,4.121548264555048e-05,7.873105541951551
55,5,0.2090000000002874,0.0032105904296716096,0.00011904050936911541,26.97057032674782
55,6,0.1790000000000873,0.002749740128759369,7.568455918938009e-05,36.33158676235254
55,7,0.19000000000005457,0.0029202720004063132,9.32820869326683e-05,31.30581761656112
55,8,0.3670000000001892,0.005672255969586124,0.000147180089429852,38.53956055849251
55,9,1.7579999999984466,0.027229702310905393,0.0007298517254564503,37.308540024175315
55,10,4.606000000001131,0.07125372999016366,0.0019530451963667467,36.48340044701326
55,11,0.38700000000062573,0.0059480757376993675,0.0001763065143732142,33.73712967354225
55,12,3.9329999999999927,0.06042255249344054,0.0021753087293565625,27.776541176899066
55,13,1.1850000000004002,0.018288190589413784,0.0007739618654471591,23.629317419725478
55,14,1.0099999999993088,0.015672132155617583,0.0006727584486324774,23.295333098342322
55,15,0.13599999999996726,0.0020958702368638208,0.00014532883015558212,14.42157233784984
55,16,2.686999999999898,0.041472456329725474,0.002169304953749589,19.1178544344544
55,17,0.9699999999997999,0.015063667073188411,0.0009113503536025815,16.52895290339386
55,18,0.34000000000060027,0.005274131669104116,0.0003066410622872225,17.199691488689073
55,19,0.057999999999992724,0.0008977087696741523,7.752931752286225e-05,11.578958752080222
55,20,0.0999999999994543,0.0015491602841074424,0.00011759109559376608,13.1741291828696
55,21,0.07799999999997453,0.0012063265805473268,8.711762310544547e-05,13.847101625892762
55,22,0.062000000000352884,0.0009606536714534344,9.822063669032877e-05,9.780568563021996
55,24,0.010000000000218279,0.00015534279806283524,4.3661769765702576e-05,3.5578676470613644
55,26,0.019999999999527063,0.00031029811974431145,8.732353952743414e-05,3.553430397159132
55,29,0.021999999999934516,0.00033841333940813926,4.695511468502295e-05,7.207166709702049
55,30,0.020000000000436557,0.0003069228483500328,6.149338330026682e-06,49.91152411493694
55,31,0.019999999999527063,0.0003073717573197864,5.10725296425286e-05,6.01833822352584
55,34,0.010000000000218279,0.00015361676697307536,4.3661769765702576e-05,3.5183357843122796
55,36,0.010000000000218279,0.00015386334284308073,4.3661769765702576e-05,3.5239831932773433
55,37,0.010000000000218279,0.00015361676697307536,4.3661769765702576e-05,3.5183357843122796
55,38,0.05199999999967986,0.0007965348290188383,3.052654827230921e-05,26.093183609015473
55,39,0.691000000000713,0.0106379462283252,0.001632341579288468,6.516985392825835
55,40,0.7820000000003802,0.012082530225232188,0.002423197459425827,4.986193006365699
55,41,0.46699999999987085,0.007204400346720036,0.0015927523230578784,4.523239578698915
55,42,0.01099999999951251,0.00016897844365920578,4.802794673909602e-05,3.518335784312279
55,45,0.012000000000625732,0.00018434012037327896,5.2394123720431496e-05,3.5183357843122796
55,46,0.007999999999810825,0.00012289341357287175,3.4929415810973656e-05,3.51833578431228
55,47,0.009999999999308784,0.000153616766959104,4.366176976173156e-05,3.5183357843122804
55,48,0.05900000000019645,0.0009052051596047368,0.00025875484363484003,3.4983119422575153
55,50,0.009000000000014552,0.00013999873392472637,4.01567418805673e-05,3.4863070898805844
55,51,0.02099999999973079,0.0003262198759206513,9.60494186759759e-05,3.396375328633261
55,52,0.261000000000422,0.004026578825176014,0.001153265108909148,3.4914598508791093
55,54,0.010000000000218279,0.00015541183930617008,5.760418364046474e-05,2.697926252651538
55,55,0.06999999999970896,0.00108743128902334,0.00032873996892950324,3.307876716556284
55,56,0.07800000000042928,0.0012116738248703351,0.0004468280657786476,2.711722735587029
55,57,0.06099999999969441,0.0009448052539791367,0.0003525574599395269,2.6798617568358822
55,58,0.06800000000066575,0.0010514401592085886,0.00023616564215789423,4.4521300795550225
55,59,0.03099999999994907,0.0004762119776053565,0.0001781235098866125,2.673493116705915
55,60,0.24900000000025102,0.003838535757303388,0.0014463193248440776,2.6540029517459476
55,65,0.13100000000031287,0.0020262546672061483,0.0008861196533396251,2.286660339345324
55,66,0.1799999999998363,0.0027777125869089775,0.001235488039285326,2.2482715320463633
55,67,0.011000000000422006,0.00017087707787194443,7.496181500750615e-05,2.279521618504488
55,68,0.022999999999683496,0.00035728843553180554,0.00015672486229607605,2.279717654859608
55,70,0.006000000000312866,9.320567884052681e-05,4.072652474067154e-05,2.288574324325959
55,72,0.007999999999810825,0.00012427423844461687,5.430203298344644e-05,2.2885743243259586
55,75,0.007999999999810825,0.0001238539873966268,5.430203298344644e-05,2.280835184096749
55,76,0.012000000000170985,0.00018641135767398945,8.145304947825635e-05,2.288574324325959
55,78,0.012000000000170985,0.00018542076591797533,8.145304947825635e-05,2.2764128182514867
55,80,0.006999999999607098,0.00010784692515875223,4.759132904090575e-05,2.2661045054248334
55,81,0.013000000000374712,0.00019994569276390214,8.845067362210999e-05,2.2605332958586057
55,83,0.010999999999967258,0.00016897844366619148,7.502046000195155e-05,2.2524314521904523
55,84,0.018999999999778083,0.00029187185723906323,0.0001295653845113089,2.2526993482089166
55,85,0.009000000000014552,0.00013825509027297355,6.142000217336882e-05,2.2509782706083943
55,87,0.010000000000218279,0.00015361676697307536,6.824444686067797e-05,2.2509782706083943
55,88,0.010999999999967258,0.00016897844366619148,7.506889154488373e-05,2.2509782706083943
55,89,0.02099999999973079,0.0003212251734549696,0.00014331333840245832,2.241418538118846
56,0,5.55800000000113,0.0873095354081399,0.0017980376145561383,48.55823632460161
56,1,0.968000000000302,0.01520300611098409,0.00020061444360624795,75.7822110795945
56,2,0.011999999999716238,0.00018848259497420965,3.082007277438852e-06,61.15579166666949
56,3,0.49399999999968713,0.007773122326719014,8.027556752525558e-05,96.83048736184274
56,4,0.040000000000873115,0.0006282753166092695,6.934022463081743e-05,9.060762637478392
56,5,0.04100000000016735,0.0006439821995130729,1.0374962227277789e-05,62.07079943095299
56,6,0.04199999999946158,0.0006596890824168765,1.0787025471152775e-05,61.155791666669494
56,7,0.06600000000116779,0.001036654272401009,1.6951040026614453e-05,61.15579166666948
56,8,0.3119999999994434,0.004900547469436591,9.810267278570068e-05,49.95325132620534
56,9,0.7439999999996871,0.011656605512239526,0.00035521005124728843,32.81609141213317
56,10,3.0960000000000036,0.04861102722973256,0.0013668240326676745,35.56494915798111
56,11,0.08900000000039654,0.0013979125794313396,7.606062804945451e-05,18.37892501390363
56,12,0.08999999999923602,0.0014136194623280004,3.179561009242145e-05,44.4595797413222
56,13,0.06900000000041473,0.0010837749211338474,2.3641672071419112e-05,45.84172041046303
56,14,0.14199999999982538,0.0022286033975139363,4.3897740443226186e-05,50.768066306197085
56,17,0.9700000000002547,0.015232821572024133,0.0009434353651348905,16.146121011529154
56,18,0.010999999999967258,0.0001727757120632635,1.0501572892461692e-05,16.452365167820385
56,19,0.016999999999825377,0.00026701700955036834,5.5514853650660004e-05,4.809830018298064
56,20,0.010999999999967258,0.0001727757120632635,1.0654939445080273e-05,16.21555082070782
56,22,0.21900000000005093,0.0034401085827495867,0.0008048360226457855,4.2742974791818
56,23,0.6549999999992906,0.010293137228236122,0.0010579986915035212,9.728875197008563
56,24,0.012000000000170985,0.0001884825949813523,1.180849074057749e-05,15.961616020383534
56,26,0.021999999999934516,0.000345551424126527,6.105168536949447e-05,5.6599817357243305
56,29,0.007000000000061846,0.00010994818040519363,6.9345163744626635e-06,15.855205246914311
56,30,0.009000000000014552,0.00014136194623422856,8.915806767101924e-06,15.855205246914313
56,32,0.012000000000170985,0.0001884825949813523,1.1887742356286064e-05,15.855205246914311
56,33,0.012999999999919964,0.00020418947789229845,6.963868824620539e-05,2.9321269977170306
56,35,0.011000000000422006,0.00017416317552329272,3.344906392103859e-05,5.2068176237885275
56,36,0.021000000000185537,0.00033074074966587825,4.135026430724802e-05,7.998515975819406
56,37,0.009999999999308784,0.00015763310853271525,3.0453167144737136e-05,5.176246785220076
56,38,0.02700000000095315,0.00042549432434312555,0.00012184935915396355,3.491970144918772
56,39,0.4249999999992724,0.0066667480666343015,0.0013147833081844286,5.070605950907871
56,40,0.48900000000003274,0.007676458190688021,0.0014613476930461495,5.25299915086368
56,41,0.23300000000017462,0.00365932120412786,0.0007904244280882033,4.62956491992365
56,42,0.02599999999983993,0.0004102969638014245,0.00014977087746105046,2.7394976296919054
56,43,0.028999999999541615,0.00045599275626456633,0.00010317837843137876,4.4194603869243325
56,44,0.008000000000265572,0.00012576778372106395,3.553904362613617e-05,3.538862357808966
56,45,0.007999999999810825,0.00012565506331613978,3.4235117468249395e-05,3.6703558395170046
56,46,0.041999999999916326,0.0006600630558266768,0.0001728110832941672,3.8195643661528718
56,47,0.027000000000043656,0.0004240858387026857,9.730337261868638e-05,4.358387867649751
56,48,0.02099999999973079,0.00032935138946844987,8.937821104669443e-05,3.6849181205516044
56,49,0.042000000000371074,0.000657765790645524,0.00014048485572275336,4.682111728424477
56,50,0.021999999999934516,0.00034574919852233194,0.00013792701989623853,2.5067546502667604
56,51,0.01999999999998181,0.00031413765829749207,5.9630797668366624e-05,5.268043872975694
56,52,0.009999999999763531,0.0001570688291451747,5.6179726492801815e-05,2.795827586759426
56,53,0.027000000000498403,0.0004241134552071626,0.000130295382830091,3.2550152276709525
56,54,0.39299999999957436,0.006173605863970044,0.0012415624990737041,4.972448723746089
56,55,0.07000000000016371,0.001097458050204708,0.00022548112004655503,4.867183780079308
56,56,0.03000000000020009,0.00047186982488800196,6.028475299440576e-05,7.827349395157844
56,57,0.011999999999716238,0.0001896010631201832,1.604888383407733e-05,11.813971929785833
56,58,0.22999999999956344,0.0036052060250521037,0.0004028724517636252,8.948752909934292
56,60,0.19099999999980355,0.0029995837851225365,0.0011363779680127674,2.6396004406597537
56,61,0.010999999999967258,0.0001727757120632635,7.708687250039137e-05,2.2413117364747976
56,63,0.01999999999998181,0.0003128293267317718,0.00014015795000100128,2.2319770425404832
56,64,0.009000000000014552,0.00014030561520747686,6.250499453129842e-05,2.244710462893025
56,65,0.19099999999980355,0.002998336571219549,0.001312443179417415,2.2845458136713326
56,66,0.07900000000017826,0.0012392018547443492,0.0005503195935828714,2.2517858153595625
57,0,6.998000000000729,0.1116915540682962,0.0019635077311585007,56.88368438579889
57,1,0.2799999999983811,0.004468463202648257,0.0001464090291017045,30.52040731411581
57,2,0.10700000000088039,0.0017058365258141004,5.024385529837125e-05,33.95114717379975
57,3,1.5359999999996035,0.024474161751838943,0.00039602801681520004,61.79906651215388
57,4,0.028999999999996362,0.0004609581778521097,3.795271818882088e-05,12.145590615111375
57,5,0.09900000000016007,0.0015722489112673153,9.350223031013777e-05,16.81509527689681
57,6,0.0749999999998181,0.0011909614517846116,7.073720369850294e-05,16.836422554399288
57,7,0.11099999999942156,0.0017626229486363148,0.00010351508490387306,17.027691667095038
57,8,0.10400000000026921,0.0016514665464829417,0.00010937404363786978,15.099254736807922
57,9,0.4519999999997708,0.007177431025028165,0.00031121558381057735,23.0625694804433
57,10,8.842000000001008,0.1411915276007687,0.004063716923905845,34.74442985193524
57,11,0.8809999999998581,0.014100309751884255,0.00044524479681519084,31.668668230921327
57,12,2.7140000000008513,0.043446242015822256,0.0014954980432642035,29.051353300999796
57,13,0.9169999999990068,0.014561488683839396,0.0006553992025520031,22.217739397819916
57,14,2.038000000000011,0.03236418961953051,0.0014260345033429685,22.695236015440756
57,15,0.011000000000422006,0.00017657298046763517,3.228769528945683e-05,5.468739062502643
57,16,0.028000000000247383,0.00044462560867126165,8.516403783242313e-05,5.220814089934877
57,17,0.017999999999574356,0.000285830748422241,5.6796991255658844e-05,5.032498062012446
57,18,0.010999999999967258,0.00017467434626164676,3.8099480439984e-05,4.584691031070662
57,20,0.028000000000247383,0.00044617903665201416,8.985518836535135e-05,4.965534486866239
57,21,0.008000000000265572,0.00012703588819488383,3.35204982003356e-05,3.7897971395190058
57,22,0.08699999999998909,0.0013815152840733268,0.0002731340460690145,5.058012005300323
57,23,1.6589999999996508,0.026508036416680033,0.0022750384929807474,11.651686992754701
57,24,0.03800000000046566,0.0006047414110736936,0.00015500782941020705,3.9013604240165707
57,25,0.01900000000023283,0.00030171023445653053,6.163582901403281e-05,4.895046262585992
57,26,0.02999999999974534,0.00047638458071095615,0.00012279830660034068,3.8794067597478947
57,27,0.019999999999072315,0.0003175897204619355,7.139983525901493e-05,4.4480455635482254
57,28,0.0430000000005748,0.0006845439301237208,0.0001782535455597295,3.840282267453371
57,29,0.030000000000654836,0.0004763845807253985,9.315733902130182e-05,5.113763292621164
57,30,0.02999999999974534,0.00047638458071095615,0.0001299337877145991,3.6663641466170427
57,31,0.03799999999955617,0.0006053191030972291,0.00016530071976708324,3.6619266023169965
57,32,0.022999999999683496,0.000367126812741751,5.562289324542285e-05,6.600282569299135
57,33,0.02299999999922875,0.0003652281785359196,8.771815027391053e-05,4.163655724561569
57,34,0.009000000000014552,0.0001431205439479814,1.7501398468755632e-05,8.177663299506456
57,35,0.035000000000763976,0.0005571628357182003,0.00015557472547396206,3.581319742141859
57,36,0.019999999999527063,0.000319348318183004,3.9002068284732134e-05,8.187984182059827
57,37,0.03999999999996362,0.0006379573740083296,0.0001402680216896898,4.548131258453628
57,38,0.0500000000001819,0.0008026044566431976,0.00013718601441242446,5.85048308372248
57,39,0.36300000000028376,0.005783067165533882,0.0010744124607362194,5.382539180131206
57,40,0.43499999999994543,0.0069519162891943185,0.0013326416751450467,5.21664331744515
57,41,0.37099999999963984,0.00591782830334796,0.001297714656698831,4.560192237022216
57,43,0.012000000000170985,0.00019262506959641132,2.465605822044517e-05,7.812484375003777
57,45,0.009999999999763531,0.00016052089132425975,2.054671518292568e-05,7.812484375003777
57,47,0.009000000000014552,0.0001444688021954836,1.849204366510029e-05,7.812484375003778
57,49,0.010999999999967258,0.00017657298046033554,2.2601386701685423e-05,7.812484375003778
57,50,0.010000000000218279,0.00016052089133155936,2.1894531777569947e-05,7.331551684334554
57,51,0.009000000000014552,0.0001444688021954836,1.8896388643227108e-05,7.645312812046998
57,53,0.1710000000002765,0.0027454074384785938,0.0007565086502260333,3.6290496316972813
57,54,0.2719999999999345,0.004333771697321911,0.0011097718555276009,3.9051014636351327
57,55,0.006999999999607098,0.00011236462392333198,1.6521236289396147e-05,6.801223707178085
57,56,0.01999999999998181,0.0003174408079904338,3.0556764030029425e-05,10.388561029514488
57,57,0.027999999999792635,0.00044649317430322925,5.261642536267549e-05,8.485813531147977
57,58,0.021000000000185537,0.0003349881138624045,3.969631128838103e-05,8.438771840255454
57,59,0.010000000000218279,0.00016052089133155936,2.494958272325861e-05,6.433810661767816
57,60,0.23900000000003274,0.0038219648559611494,0.0013853654294588703,2.758813504862775
57,62,0.010000000000218279,0.00015997939138182534,2.494958272325861e-05,6.412106893983787
57,63,0.019999999999527063,0.00031843581414052555,5.163177535549854e-05,6.167438790318753
57,64,0.021000000000185537,0.0003344418343467615,5.6275169919454984e-05,5.942973336649865
57,65,0.1390000000001237,0.0022252069861436593,0.000930226112723705,2.392114084637171
57,66,0.23099999999976717,0.003692167047272541,0.001618474251376678,2.281264001655865
57,69,0.07100000000036744,0.0011402059846378815,0.0003100734440308196,3.6772126300649957
58,0,2.2980000000015934,0.03727879442398512,0.0009503229916244756,39.227499231878
58,1,0.04199999999968895,0.0006811609091742932,1.9812903926709633e-05,34.37966043210986
58,2,0.01900000000023283,0.00030868128655102823,5.136678795965008e-06,60.09355437865907
58,3,0.0239999999992051,0.00038898648882694574,2.2929400331085885e-05,16.964529521497706
58,4,0.01900000000023283,0.0003082691525970276,4.840952859470897e-06,63.67943699222896
58,5,0.029999999999972715,0.0004867407672520573,1.4594038270252682e-05,33.35202760460007
58,6,0.02099999999973079,0.00034071853707238217,4.953225981723291e-06,68.78719814714405
58,7,0.049000000000205546,0.0007936358637270172,5.542476420767976e-05,14.319156338730071
58,8,1.2739999999996598,0.020680965309429495,0.0004736861157180929,43.65964005104481
58,9,0.03000000000020009,0.00048674076725574634,1.0456810405971515e-05,46.547728069908004
58,10,3.10799999999972,0.05042177070262155,0.001509640217056167,33.39985920681496
58,11,4.561999999999898,0.07404079915235792,0.002278873295867419,32.49009029445641
58,12,1.0509999999999309,0.01704587285416214,0.0005729086038620187,29.75321497923869
58,13,0.03899999999975989,0.0006327629974243543,3.155388403162234e-05,20.05341075571611
58,14,0.27899999999999636,0.0045307727136555285,0.0001544641107747023,29.332203389718188
58,15,0.17000000000007276,0.0027581976810986805,0.00015325013121694937,17.998011872459823
58,20,0.2270000000003165,0.0036962783179609925,0.0002973230990536601,12.431857227796142
58,23,1.029000000000451,0.016693993895383362,0.0012559032382676593,13.292420456221103
58,40,0.33100000000013097,0.005368333228816848,0.0010104386758547142,5.312873860727727
58,41,0.22100000000000364,0.003586602850463778,0.0007231679357834368,4.959571177029948
58,53,0.16899999999986903,0.002742571815966409,0.0007708917177582949,3.5576615402506038
58,60,0.12100000000009459,0.00196417765769566,0.0007205238371684768,2.7260411888862817
58,65,0.11999999999989086,0.001947788511087368,0.0008555131046615433,2.2767488896128
58,66,0.14800000000013824,0.002400480185826507,0.0009921185742394589,2.419549687059003
58,67,0.012999999999919964,0.00021082236879350398,4.054307192416067e-05,5.199960407239626
58,68,0.038000000000010914,0.0006165383051866771,0.00011939109144080534,5.164022690020885
58,69,0.11899999999968713,0.0019290666872372633,0.00047873552852733604,4.0295039166434305
59,0,2.9600000000000364,0.04878188712186669,0.001029137044987091,47.40076878923214
59,3,0.007000000000061846,0.00011598928921869145,2.2955817538869365e-05,5.0527187290235025
59,6,0.8440000000005057,0.013996513798942345,0.00026254693380567623,53.31052088881695
59,7,0.9510000000000218,0.0157037484424287,0.00048243128077562526,32.55126495359322
59,8,0.9239999999999782,0.015177967106329968,0.0003729651951889058,40.69539812861726
59,9,0.8160000000002583,0.013491608031211853,0.0003950458475638415,34.15200568342017
59,10,1.4539999999992688,0.023854017368470506,0.0007264180588017977,32.83786392620375
59,11,8.537000000000944,0.14055179087961583,0.0045580543700340795,30.835918018802605
59,12,0.2089999999993779,0.0034543060195025327,0.0003721873427071873,9.281094822776268
59,13,0.08400000000006003,0.001382896108946416,0.00012691265682024584,10.896439674295813
59,14,0.14799999999991087,0.002442539515804886,0.0001262155361266222,19.35213041724496
59,15,0.14900000000034197,0.0024645238474040846,0.00013138817167422155,18.7575777636582
59,17,0.009999999999990905,0.00016569898459651596,2.861863900544005e-05,5.7898974358989825
59,18,0.009999999999990905,0.00016569898459651596,2.861863900544005e-05,5.7898974358989825
59,19,0.020000000000209184,0.0003313979691967995,6.153007386235767e-05,5.3859511031651675
59,20,1.272000000000162,0.020973873688766895,0.0017763633224132348,11.807198124465526
59,21,0.02099999999973079,0.000344343202360169,2.696756367788194e-05,12.768791666656558
59,23,0.03799999999955617,0.0006244780481908564,6.20305331378366e-05,10.067268756230392
59,24,0.009000000000014552,0.00014859014173574026,3.004957095578797e-05,4.9448340528509185
59,25,0.012000000000170985,0.00019883878151883322,3.5539946777755967e-05,5.594796828544608
59,27,0.010999999999967258,0.0001812830537604882,3.309488767032508e-05,5.477675451457651
59,28,0.009000000000014552,0.00014859136106699027,2.6971966545810568e-05,5.509103713836183
59,29,0.019000000000005457,0.00031239374368358965,5.947540234343107e-05,5.252486429258984
59,30,0.009999999999990905,0.00016410572512929518,3.0086261518539537e-05,5.454507035650512
59,32,0.020999999999958163,0.00034523439800836686,6.681351490877835e-05,5.167134201511796
59,33,0.009999999999990905,0.0001639729535067953,3.0086261518539537e-05,5.450094004060727
59,34,0.02200000000016189,0.00036086730816560074,6.887552454034702e-05,5.239412847653973
59,35,0.010999999999967258,0.000180370248857102,3.296310115896311e-05,5.471883485333324
59,36,0.007000000000061846,0.00011478106745587522,2.0918862320837496e-05,5.486965098553213
59,37,0.02099999999973079,0.000344343202360169,6.428845539855295e-05,5.356221427710949
59,38,0.03700000000003456,0.0006066999279762612,0.00010997509496014156,5.516702924386184
59,39,0.021999999999934516,0.000360740497714204,6.538258295844712e-05,5.51737911522197
59,40,0.06200000000080763,0.0010166323117562985,0.00019123560193866102,5.316124724947315
59,41,0.227999999999156,0.0037385833399444937,0.0007464073898308144,5.00877053319623
59,53,0.2919999999999163,0.004815942640250438,0.0013485389934063592,3.5712298003972034
59,60,0.24000000000023647,0.003963518654801508,0.0014590715351391335,2.716466300210261
59,65,0.19000000000005457,0.0031347444259335806,0.00137312289539223,2.282930709591108
59,66,0.18899999999985084,0.003119598196958318,0.0013575648753849018,2.297936734753717
59,69,0.13899999999966894,0.002285262584364138,0.0006250163996527557,3.6563241950671626
59,70,0.13300000000026557,0.0021858062169279736,0.00057880226167891,3.77642998592937
59,71,0.10799999999971988,0.0017925445612751965,0.00046440973571065276,3.859834158153887
59,72,0.06099999999969441,0.0010110007122626531,0.0002719871422390459,3.717090094553433
59,73,0.01900000000023283,0.0003161953581103502,8.435160394150356e-05,3.748539960539772
59,78,0.021000000000185537,0.00034834069037132493,0.0001433133384055617,2.4306229569892324
60,0,2.0109999999995125,0.03390386059742406,1.8712187042010152e-05,1811.8598601706767
60,1,0.01999999999998181,0.0003348500313719177,0.0,
60,2,0.03099999999994907,0.0005190175486260917,0.0,
60,3,0.021000000000185537,0.0003515925329439397,0.0,
60,4,0.6179999999999382,0.010399098579183474,0.000167406290010031,62.11892383828803
60,5,0.4610000000002401,0.00774608232367828,0.00014582150527918977,53.12030148672265
60,6,1.0679999999993015,0.017887465348606524,0.00029335589634336745,60.97530532561578
60,7,0.03000000000020009,0.0005074531403308845,2.2296121219177235e-05,22.75970494340587
60,8,0.009999999999763531,0.00016915104677183346,7.70501819359713e-06,21.95336111112599
60,9,0.18899999999985084,0.003196954784060727,0.0001603495005362141,19.937416539309467
60,10,0.042000000000371074,0.0007104343964647768,4.160709824677598e-05,17.07483641976466
60,11,4.089999999999236,0.0688342921407157,0.0022211777961854352,30.989996504975444
60,12,0.08800000000019281,0.001488529211630595,0.00010875229584352998,13.687335978380196
60,13,0.041999999999916326,0.0007104343964570846,5.855813827260624e-05,12.132120614043309
60,14,0.04100000000016735,0.0006935192917837474,5.646017189047338e-05,12.283336528431047
60,15,0.016999999999825377,0.00028755677951596296,2.317082423659891e-05,12.410295662325197
60,16,0.021000000000185537,0.0003552171982323884,2.8508567317235394e-05,12.46001576577421
60,17,0.010999999999967258,0.00018606615145286284,1.493305907075644e-05,12.46001576577421
60,18,0.2889999999997599,0.004875875581048843,0.0004613190874320098,10.569420849657472
60,19,0.03900000000021464,0.000652957561179427,6.296100581237187e-05,10.37082481060238
60,20,0.48099999999976717,0.008052646157544295,0.0007882725265774246,10.215561098530001
60,53,0.2869999999998072,0.004820740978198611,0.0013397464669297904,3.598248696446268
60,60,0.22999999999956344,0.0038649436102610774,0.001403939486569995,2.7529274924118226
60,65,0.2300000000000182,0.003873460803711331,0.0016478183733672123,2.350660040157314
60,66,0.11999999999989086,0.0020131497227116324,0.0008697955039503547,2.3145092306967556
60,71,0.04000000000041837,0.0006684768793324986,0.00018345281413952185,3.64386276911566
60,73,0.009999999999763531,0.00016691735947938627,4.503204996726106e-05,3.7066347101839145
60,74,0.03000000000020009,0.0005022750470616833,0.0001427465066488925,3.5186503603699935
60,75,0.021999999999934516,0.00036833503450834807,0.00011139254874402101,3.3066397946848167
60,76,0.016999999999825377,0.0002846225266634652,8.607606039247919e-05,3.3066397946848163
60,77,0.052000000000134605,0.0008706100815700314,0.0002657879047457603,3.2755820186882256
60,78,0.27899999999999636,0.004681293192200814,0.0017248572538530855,2.714017743638479
61,0,1.6339999999995598,0.027927707504736617,0.0,
61,1,0.009000000000014552,0.00015378937007899866,0.0,
61,3,0.010999999999967258,0.0001879647856512461,0.0,
61,4,0.012999999999919964,0.0002221402012234935,0.0,
61,5,0.008000000000265572,0.00013670166229676024,0.0,
61,7,0.007000000000061846,0.00011961395450675126,0.0,
61,9,0.01999999999998181,0.0003417541557302448,0.0,
61,10,0.009999999999763531,0.0001708770778612371,0.0,
61,11,3.017000000000735,0.05154087370788871,0.001632110627198404,31.579277071653582
61,12,1.2770000000004984,0.021823192533825957,0.0007905042612048815,27.606672860388112
61,13,0.169999999999618,0.002904910323703195,0.00010652349523007803,27.270137141378395
61,53,0.22100000000000364,0.0037766118704307353,0.0010637669867911833,3.550224736549454
61,60,0.1790000000000873,0.0030583621422622938,0.0011068679204065852,2.763077767344515
61,65,0.13100000000031287,0.0022384060218511265,0.0009266926280728049,2.415478394930393
61,66,0.1910000000002583,0.0032631605168004308,0.0014111475354912535,2.312416267420577
61,78,0.07899999999972351,0.0013501652121716997,0.0005810853776033178,2.3235229524109617
62,0,2.8360000000011496,0.049228931460645574,6.3298558990123484e-06,7777.259426763064
62,11,0.01999999999998181,0.00034486101169136084,6.604301308947704e-06,52.21763749999305
62,12,0.009999999999763531,0.0001726031089506407,3.30215065439877e-06,52.269907407379314
62,53,0.27899999999999636,0.0048401636418671295,0.001370419178424861,3.5318855121615713
62,60,0.2300000000000182,0.003995291544223581,0.0014073216577052522,2.83893275026991
62,65,0.17899999999963256,0.003106477562056657,0.0012361344141069441,2.5130580676381853
62,66,0.2300000000000182,0.003996534354295405,0.0017058939633478969,2.3427800555973706
62,78,0.08900000000039654,0.0015505490910097633,0.000670850250741344,2.3113192389751376
62,79,0.19099999999980355,0.0032995885006354875,0.001424623331733945,2.31611291710313
63,0,1.578999999998814,0.027816976296927948,2.56000839378742e-05,1086.5970738390413
63,53,0.18100000000004002,0.0031880739868652744,0.0008831374443910439,3.609940906835368
63,60,0.17000000000007276,0.0029936914064569798,0.0010510400641913725,2.848313312166843
63,65,0.17000000000007276,0.0029938139253772155,0.0011518451329300872,2.5991462218201944
63,66,0.23800000000028376,0.004197325153290265,0.0016915460663408496,2.481354328333436
63,78,0.12100000000009459,0.0021318144227495265,0.0009144995490977209,2.3311268166866275
64,0,2.988000000001648,0.05340526390380196,0.00028861314027533595,185.04099935593203
64,53,0.2899999999999636,0.005185704678496919,0.0014564405474159121,3.5605330321911524
64,60,0.44000000000005457,0.007876003783596121,0.002724622376982118,2.890677199942784
64,65,0.1910000000002583,0.00341488992009339,0.00130500406816099,2.616765727715813
64,66,0.3309999999996762,0.005914252193221722,0.0018420459698662024,3.210697392992481
64,78,0.18899999999985084,0.0033709762167551615,0.0014192988404221622,2.3750996765082144
65,0,3.315999999998894,0.06037930770104746,0.0004449847905421528,135.68847516672105
65,1,0.028000000000247383,0.0005122860273827482,8.211198203496228e-06,62.38870560506298
65,2,0.2820000000001528,0.005159576407121712,8.573601801257207e-05,60.179799887197085
65,3,0.09000000000014552,0.0016468173632902213,2.6254269185430995e-05,62.72569812013935
65,53,0.2699999999999818,0.0049162854209197715,0.0014018621090713878,3.506967902981831
65,60,0.2990000000004329,0.005444913984474357,0.0017594296985867296,3.0947039195984987
65,65,0.22899999999981446,0.004164194436291248,0.0015588343537444739,2.6713514661057105
65,66,0.3710000000000946,0.00677523262862282,0.0017133089337146986,3.954472246831252
65,78,0.23099999999976717,0.004200899975204841,0.001765241596199997,2.379787551034397
66,0,2.2390000000000327,0.04134386964994192,0.0007160588272297037,57.738090891070414
66,1,0.010000000000218279,0.00018468532658569794,3.669056282832149e-06,50.33592083333731
66,2,0.588999999999487,0.010873851925998622,0.00017822162344695487,61.013089857949076
66,3,0.3500000000003638,0.006456335645263535,0.0001034032243163259,62.43843640225995
66,5,0.03199999999969805,0.0005909930450557567,1.1740980104695808e-05,50.33592083333732
66,6,0.018000000000029104,0.0003324335878475375,6.60430130896439e-06,50.33592083333731
66,7,0.4010000000002947,0.0074142460130401855,0.0001471291569384658,50.3927716797906
66,51,0.010000000000218279,0.0001857274585643318,5.356822172934937e-05,3.467120105324945
66,52,0.14199999999982538,0.0026237105492571814,0.0007579646540588317,3.461520976218944
66,53,0.07900000000017826,0.001455962457031832,0.0004086976469591664,3.562443943253971
66,60,0.21299999999973807,0.003928169275616752,0.0006925711813888424,5.671863602149063
66,65,0.18100000000004002,0.003342369942028713,0.001233932950388676,2.7087127716104034
66,66,0.17799999999988358,0.00328821838437636,0.0008625061574596374,3.812399895278705
66,78,0.13000000000010914,0.0024011797795141366,0.001009066103482476,2.3796060250435684
67,0,2.657999999998083,0.049783041130021764,0.0023139650683722595,21.514171415319268
67,1,0.041000000000622094,0.0007679112317516008,1.493305907105677e-05,51.423571560094146
67,2,1.4699999999998,0.02756558011929103,0.0006690257184965515,41.202571675775
67,3,1.0479999999997744,0.019594066779753005,0.00037935169870156096,51.65145390628082
67,4,0.3890000000001237,0.007312582711414481,0.00011540347121824886,63.3653618406769
67,5,0.03900000000021464,0.0007270042949213345,1.3292685157804269e-05,54.69205704420848
67,6,0.07099999999991269,0.0013235206394632613,2.3218246789260147e-05,57.00347022219913
67,7,0.31199999999989814,0.005816034359336768,0.00010413592916370872,55.85041019025786
67,9,0.4450000000001637,0.008313629608899968,0.00023220168184078522,35.80348575855886
67,10,0.6920000000000073,0.012984953039014743,0.00037562723170247634,34.56872117647678
67,11,0.20200000000022555,0.0038032924195678876,0.00012045511776289674,31.574353088544314
67,41,0.009000000000014552,0.00016972889196677446,6.988904738135823e-05,2.428547795774462
67,49,0.05099999999993088,0.000960824923748594,0.000294836298154785,3.2588420413695944
67,50,0.11000000000012733,0.002069821961967563,0.0005725107366262639,3.615341738680346
67,51,0.2159999999998945,0.004040076902423971,0.0011523588520047437,3.505919094035249
67,52,0.02699999999958891,0.0005079709496465159,0.00013100761139903092,3.877415550301938
67,53,0.015000000000327418,0.00028220608314741,7.215450978166019e-05,3.9111357557741937
67,54,0.007999999999810825,0.0001505099110051076,3.791645927873317e-05,3.9695138699178742
67,55,0.010999999999967258,0.00020638153737666346,5.1818585477135656e-05,3.982770573074151
67,56,0.021999999999934516,0.000412825211872586,0.0001352414145811786,3.0525058699736376
67,57,0.011999999999716238,0.00022385932818470643,5.6356704501739004e-05,3.972186276041013
67,58,0.015000000000327418,0.0002799484344821145,7.044588063037726e-05,3.9739503854168126
67,59,0.06100000000014916,0.0011371092817965582,0.00030212368341992716,3.7637210990045737
67,60,0.13899999999966894,0.002591117871622273,0.0007391666398758729,3.50545835247299
67,63,0.010000000000218279,0.00018813738876493998,7.998542696574085e-05,2.352145833334396
67,65,0.34799999999995634,0.006533983531343555,0.002222280311480503,2.9402157313766404
67,66,0.22199999999975262,0.004153666741995009,0.0011646768523601643,3.5663684167653833
67,67,0.010999999999967258,0.00020695112763630068,8.798396966013256e-05,2.3521458333343954
67,71,0.007999999999810825,0.0001505099110051076,6.398834156968283e-05,2.352145833334396
67,74,0.010000000000218279,0.00018813738876493998,7.998542696574085e-05,2.352145833334396
67,75,0.010999999999967258,0.00020598243671866466,8.798396966013256e-05,2.3411359764095727
67,76,0.009999999999763531,0.0001876090118922303,7.998542696210353e-05,2.3455399191795023
67,77,0.009000000000014552,0.00016818235585827192,7.085471832902279e-05,2.373622531068376
67,78,0.07000000000016371,0.0013050204041980549,0.0005334448417376423,2.446401768451043
68,0,2.1310000000007676,0.04062011930849758,0.0013940344813002912,29.138532692971122
68,1,0.034999999999399733,0.0006702466392446671,6.914516420399752e-05,9.693326307928817
68,2,0.29700000000002547,0.005644080170388949,0.00019654645299181246,28.7162657197587
68,3,0.032999999999901775,0.0006273799379658827,4.1489688445236815e-05,15.121346085641875
68,4,0.08999999999969077,0.001705864142292365,5.619137233409996e-05,30.35811498159753
68,5,0.04300000000012005,0.000818122693210173,0.0001540636733124279,5.310289412294424
68,6,0.01900000000023283,0.000361349685163295,2.0656786872031326e-05,17.493024805932023
68,7,0.009000000000014552,0.0001708770778655263,1.5520108076066316e-05,11.010044326240049
68,8,0.051000000000385626,0.0009711733909769187,0.00010611545798828451,9.152044474841162
68,9,0.08800000000019281,0.0016723515226666078,0.00028472271883368144,5.8736146153602125
68,10,0.01999999999998181,0.00037972683970021023,6.949265980653722e-05,5.46427264055432
68,11,1.645999999999276,0.031358856613180344,0.0011152402073568777,28.118477442183437
68,12,0.010000000000218279,0.0001898634198544221,4.526147830501739e-05,4.194812608084326
68,13,0.02199999999947977,0.0004194255547501375,9.979833088849616e-05,4.202731158086784
68,14,0.008000000000265572,0.00015175796426303786,6.134662104965096e-05,2.473778696632898
68,15,0.010999999999967258,0.00020884976183468393,5.044952388769068e-05,4.1397766666662585
68,16,0.008000000000265572,0.0001518907358852645,3.6690562828738615e-05,4.139776666666259
68,17,0.01999999999998181,0.00038179807700757304,9.040554680690855e-05,4.223170928029795
68,19,0.010999999999967258,0.00020884976183468393,5.044952388769068e-05,4.1397766666662585
68,21,0.009999999999763531,0.00019158945093519173,4.476248664851666e-05,4.2801342213087405
68,22,0.021000000000185537,0.000398713181689106,0.000132328183894532,3.013063203579426
68,24,0.009000000000014552,0.00017243050584602878,4.028623798468277e-05,4.2801342213087405
68,25,0.03099999999994907,0.0005903026326243763,0.00014436268850082724,4.08902493265075
68,27,0.007999999999810825,0.00015272498423661077,3.580998931881333e-05,4.264870979907675
68,29,0.02300000000059299,0.0004376675458490926,0.0001102331269618282,3.9703812992681335
68,31,0.021999999999934516,0.00041675020657017624,0.00013809447274729794,3.017863048963563
68,32,0.027000000000043656,0.0005128613710752402,0.00013489945853695733,3.801804518990976
68,34,0.009000000000014552,0.0001708770778655263,4.623010916275072e-05,3.6962291666663027
68,35,0.010999999999967258,0.00020884976183468393,5.6503466754213565e-05,3.6962291666663023
68,36,0.04300000000012005,0.0008164127053584739,0.0002213174749762273,3.6888759256184738
68,37,0.005999999999858119,0.00011391805190747287,3.082007277438852e-05,3.6962291666663023
68,38,0.023000000000138243,0.0004362130832295129,0.00014157567334953684,3.08113020343929
68,39,0.03099999999994907,0.0005885766015348941,0.0001623843591504917,3.624589243779467
68,40,0.01599999999962165,0.000303781471753261,8.438535925631647e-05,3.5999310120910835
68,41,0.03000000000020009,0.0005695902595546324,0.00015982409167775578,3.563857323231749
68,42,0.009999999999763531,0.00018986341984578812,5.393512735517991e-05,3.520218253967907
68,43,0.021999999999934516,0.00041769952366936785,0.0001164558464142493,3.5867630224725153
68,44,0.016000000000076398,0.000303781471761895,8.629620377074054e-05,3.520218253967907
68,45,0.03300000000035652,0.0006265492855126858,0.0001746902444288358,3.5866300809254716
68,46,0.023000000000138243,0.00043668586565826363,0.0001236234557770783,3.532386818612394
68,47,0.05799999999953798,0.001101207835122839,0.000316540276852526,3.4788869399892652
68,48,0.03800000000046566,0.000720151951501121,0.00020792541954607567,3.4635108736261917
68,49,0.010999999999967258,0.00020782449936752032,6.053942866522881e-05,3.4328784388889613
68,56,0.011999999999716238,0.00022990734112223005,6.520736679995582e-05,3.5257878427684926
68,57,0.01800000000048385,0.00034486101170077004,9.769423943335921e-05,3.5300035467906197
68,58,0.009000000000014552,0.00017243050584602878,4.854161462088826e-05,3.5522202380929677
68,59,0.009999999999763531,0.00019158945093519173,5.393512735517991e-05,3.552220238092968
68,60,0.010000000000218279,0.0001915894509439042,5.393512735763259e-05,3.552220238092968
68,61,0.021999999999934516,0.0004206661396043034,0.00011865728018384848,3.545219804065289
68,63,0.007999999999810825,0.00015235101083395294,4.314810188414393e-05,3.530885582013027
68,64,0.03099999999994907,0.0005893311869216974,0.00016719889480473673,3.5247313542948233
68,65,0.624000000000251,0.011889090929627283,0.003927932667473884,3.0268061945352405
69,0,0.47000000000025466,0.009073600988254986,0.0008647004365701029,10.493346139902604
69,9,0.018000000000029104,0.0003466276552780605,8.706895195091752e-06,39.81070720518852
69,10,0.021999999999934516,0.00042482377051976324,9.90046166747044e-06,42.90949097006153
69,11,0.3020000000001346,0.00583311481058349,0.00011844122107331849,49.2490262910463
69,14,0.009000000000014552,0.00017485026866203272,4.854161462088826e-05,3.602069482600024
69,18,0.010999999999967258,0.00021337727415428153,5.932864009192424e-05,3.596530677657084
69,24,0.010999999999967258,0.00021264703023175593,5.932864009192424e-05,3.5842222222231794
69,29,0.009000000000014552,0.00017425279636178176,4.854161462088826e-05,3.5897610271661198
69,30,0.009999999999763531,0.00019331548202487314,5.393512735517991e-05,3.58422222222318
69,36,0.010999999999967258,0.00021264703023175593,5.932864009192424e-05,3.5842222222231794
69,40,0.009000000000014552,0.00017398393382678131,4.909637593084127e-05,3.543722536096364
69,44,0.011000000000422006,0.0002126470302405469,6.0442565581863185e-05,3.5181668447302847
69,48,0.009999999999763531,0.00019331548202487314,5.5784331721643216e-05,3.4654082259063896
69,50,0.007999999999810825,0.00015465238561989853,4.434568185480589e-05,3.4874282940614734
69,51,0.010000000000218279,0.0001933154820336641,5.613656112733188e-05,3.443664488018349
69,52,0.010000000000218279,0.0001933154820336641,5.613656112733188e-05,3.443664488018349
69,54,0.041999999999916326,0.0008106233094084867,0.00023577355672917775,3.438143448544624
69,55,0.018999999999778083,0.0003647283487075984,0.00010515440427548507,3.4685028289645166
69,65,0.22000000000025466,0.004244180661626474,0.0011410201590372829,3.7196368775880635
70,0,0.3880000000003747,0.007598715667930658,0.00014993304975106762,50.68072503391835
70,4,0.010999999999967258,0.00021422922539697346,5.815821113772981e-05,3.6835594012621455
70,9,0.010999999999967258,0.00021410751807680712,5.896540351993286e-05,3.6310701749786127
70,11,0.01999999999998181,0.0003896955498704877,6.604301308947704e-06,59.00632506613781
70,12,0.009000000000014552,0.0001755373618072838,4.7947227503081464e-05,3.661053432046773
70,65,0.27700000000004366,0.005426161828451244,0.0009963094854326018,5.44626133524683
71,0,0.27999999999974534,0.005558025242887718,8.754817562837501e-05,63.48533482274325
71,65,0.25999999999976353,0.005155081471353173,0.0013588060735195428,3.793831637799955
72,0,0.22800000000006548,0.004590121819226931,8.5348673729287e-05,53.78082187646054
72,65,0.2919999999999163,0.005874670236691308,0.0016140872264095263,3.6396237703703793
73,0,0.40099999999983993,0.008203336195345199,0.00015496820800447666,52.935607251186795
73,65,0.32700000000022555,0.006691391180484924,0.0019384549861239694,3.4519198167529654
74,0,0.38000000000010914,0.007873657543344651,0.00021553558140052437,36.53066232583302
74,63,0.009000000000014552,0.0001870854867950525,5.415527073350799e-05,3.45461271379621
74,64,0.021999999999934516,0.00045739172540402745,0.00013240376645276645,3.4545220098946112
74,65,0.09999999999990905,0.002068401130245961,0.0006017252303707908,3.4374512249908244
75,0,0.7290000000002692,0.015269527503821182,0.0009914564080975537,15.401108287878197
75,1,0.009000000000014552,0.00018951821363280644,5.547613099530087e-05,3.416211805557595
75,6,0.010999999999967258,0.00023163337221681057,6.618977534065016e-05,3.4995340447175374
75,7,0.010999999999967258,0.00023163337221681057,6.780416010505626e-05,3.416211805557596
75,13,0.009000000000014552,0.00018951821363280644,5.547613099530087e-05,3.416211805557595
75,19,0.010999999999967258,0.00023163337221681057,6.780416010505626e-05,3.416211805557596
75,25,0.010999999999967258,0.00023163337221681057,6.780416010505626e-05,3.416211805557596
75,29,0.009000000000014552,0.00018951821363280644,5.547613099530087e-05,3.416211805557595
75,30,0.009999999999763531,0.00021057579292002056,6.126590180794518e-05,3.4370797899968615
75,35,0.010000000000218279,0.00021057579292959642,6.104575843376129e-05,3.4494745963077054
75,40,0.009000000000014552,0.00018951821363280644,5.474305355000582e-05,3.4619591225339366
75,43,0.009999999999763531,0.00021057579292002056,6.053942866397745e-05,3.478324747476824
75,46,0.010999999999967258,0.00023163337221681057,6.669023461761607e-05,3.473272714437642
75,47,0.010000000000218279,0.00021057579292959642,6.053942866673046e-05,3.4783247474768237
75,49,0.007999999999810825,0.00016846063433601646,4.8431542931181964e-05,3.4783247474768237
75,51,0.012000000000170985,0.0002526909515136005,7.264731439952594e-05,3.478324747476824
75,52,0.009000000000014552,0.0001890004043058056,5.448548579895621e-05,3.4688211279457164
75,53,0.010000000000218279,0.00020928126961234592,6.053942866673046e-05,3.45694160353642
75,54,0.03099999999994907,0.0006484231336670167,0.0001876722288624596,3.455083032781745
75,55,0.009999999999763531,0.00020884976183033915,6.053942866397745e-05,3.44981388888809
75,56,0.01999999999998181,0.0004176995236701757,0.00012107885733070791,3.44981388888809
75,57,0.009000000000014552,0.00018796478565205393,5.448548579895621e-05,3.44981388888809
75,58,0.010999999999967258,0.00022973473801812176,6.65933715317517e-05,3.44981388888809
75,59,0.010999999999967258,0.00022973473801812176,6.65933715317517e-05,3.44981388888809
75,60,0.01900000000023283,0.0003968145474918905,0.00011490016655207037,3.453559375930603
75,61,0.009999999999763531,0.00020884976183033915,6.034129962471353e-05,3.461141260285387
75,62,0.010000000000218279,0.00020884976183983652,6.0267918501800873e-05,3.4653554831762747
76,0,0.03099999999994907,0.0006568012996400604,1.7061111714769052e-05,38.4969813585768
